ticker,trade_date,close_price,Daily_Return (%)
ADANIENT,2023-10-03,2387.25,
ADANIENT,2023-10-04,2464.95,3.25
ADANIENT,2023-10-05,2466.35,0.06
ADANIENT,2023-10-06,2478.1,0.48
ADANIENT,2023-10-09,2442.6,-1.43
ADANIENT,2023-10-10,2498.3,2.28
ADANIENT,2023-10-11,2488.6,-0.39
ADANIENT,2023-10-12,2506.35,0.71
ADANIENT,2023-10-13,2454.55,-2.07
ADANIENT,2023-10-16,2429.35,-1.03
ADANIENT,2023-10-17,2428.4,-0.04
ADANIENT,2023-10-18,2406.35,-0.91
ADANIENT,2023-10-19,2402.2,-0.17
ADANIENT,2023-10-20,2393.75,-0.35
ADANIENT,2023-10-23,2308.65,-3.56
ADANIENT,2023-10-25,2257.0,-2.24
ADANIENT,2023-10-26,2203.2,-2.38
ADANIENT,2023-10-27,2261.7,2.66
ADANIENT,2023-10-30,2299.1,1.65
ADANIENT,2023-10-31,2294.65,-0.19
ADANIENT,2023-11-01,2217.3,-3.37
ADANIENT,2023-11-02,2215.3,-0.09
ADANIENT,2023-11-03,2229.85,0.66
ADANIENT,2023-11-06,2246.0,0.72
ADANIENT,2023-11-07,2233.35,-0.56
ADANIENT,2023-11-08,2259.95,1.19
ADANIENT,2023-11-09,2214.65,-2.0
ADANIENT,2023-11-10,2205.1,-0.43
ADANIENT,2023-11-12,2211.35,0.28
ADANIENT,2023-11-13,2213.65,0.1
ADANIENT,2023-11-15,2225.4,0.53
ADANIENT,2023-11-16,2205.9,-0.88
ADANIENT,2023-11-17,2208.8,0.13
ADANIENT,2023-11-20,2149.85,-2.67
ADANIENT,2023-11-21,2196.65,2.18
ADANIENT,2023-11-22,2172.65,-1.09
ADANIENT,2023-11-23,2175.25,0.12
ADANIENT,2023-11-24,2225.45,2.31
ADANIENT,2023-11-28,2423.5,8.9
ADANIENT,2023-11-29,2396.6,-1.11
ADANIENT,2023-11-30,2358.55,-1.59
ADANIENT,2023-12-01,2362.7,0.18
ADANIENT,2023-12-04,2531.2,7.13
ADANIENT,2023-12-05,2959.35,16.91
ADANIENT,2023-12-06,2883.95,-2.55
ADANIENT,2023-12-07,2887.15,0.11
ADANIENT,2023-12-08,2822.15,-2.25
ADANIENT,2023-12-11,2855.8,1.19
ADANIENT,2023-12-12,2857.65,0.06
ADANIENT,2023-12-13,2875.05,0.61
ADANIENT,2023-12-14,2894.05,0.66
ADANIENT,2023-12-15,2991.8,3.38
ADANIENT,2023-12-18,2980.6,-0.37
ADANIENT,2023-12-19,2941.25,-1.32
ADANIENT,2023-12-20,2783.85,-5.35
ADANIENT,2023-12-21,2799.75,0.57
ADANIENT,2023-12-22,2808.35,0.31
ADANIENT,2023-12-26,2865.45,2.03
ADANIENT,2023-12-27,2843.35,-0.77
ADANIENT,2023-12-28,2809.9,-1.18
ADANIENT,2023-12-29,2848.95,1.39
ADANIENT,2024-01-01,2917.2,2.4
ADANIENT,2024-01-02,2932.4,0.52
ADANIENT,2024-01-03,3003.0,2.41
ADANIENT,2024-01-04,2998.3,-0.16
ADANIENT,2024-01-05,3006.6,0.28
ADANIENT,2024-01-08,2963.5,-1.43
ADANIENT,2024-01-09,3014.6,1.72
ADANIENT,2024-01-10,3098.2,2.77
ADANIENT,2024-01-11,3080.9,-0.56
ADANIENT,2024-01-12,3104.1,0.75
ADANIENT,2024-01-15,3089.5,-0.47
ADANIENT,2024-01-16,3056.5,-1.07
ADANIENT,2024-01-17,2971.05,-2.8
ADANIENT,2024-01-18,2918.9,-1.76
ADANIENT,2024-01-19,2915.65,-0.11
ADANIENT,2024-01-20,2987.9,2.48
ADANIENT,2024-01-23,2896.55,-3.06
ADANIENT,2024-01-24,2903.45,0.24
ADANIENT,2024-01-25,2893.6,-0.34
ADANIENT,2024-01-29,3064.65,5.91
ADANIENT,2024-01-30,3091.1,0.86
ADANIENT,2024-01-31,3142.0,1.65
ADANIENT,2024-02-01,3153.5,0.37
ADANIENT,2024-02-02,3157.45,0.13
ADANIENT,2024-02-05,3173.45,0.51
ADANIENT,2024-02-06,3203.75,0.95
ADANIENT,2024-02-07,3229.85,0.81
ADANIENT,2024-02-08,3168.6,-1.9
ADANIENT,2024-02-09,3215.2,1.47
ADANIENT,2024-02-12,3169.75,-1.41
ADANIENT,2024-02-13,3178.45,0.27
ADANIENT,2024-02-14,3207.2,0.9
ADANIENT,2024-02-15,3193.8,-0.42
ADANIENT,2024-02-16,3223.6,0.93
ADANIENT,2024-02-19,3258.8,1.09
ADANIENT,2024-02-20,3228.6,-0.93
ADANIENT,2024-02-21,3223.2,-0.17
ADANIENT,2024-02-22,3263.05,1.24
ADANIENT,2024-02-23,3273.3,0.31
ADANIENT,2024-02-26,3327.75,1.66
ADANIENT,2024-02-27,3302.3,-0.76
ADANIENT,2024-02-28,3219.0,-2.52
ADANIENT,2024-02-29,3285.4,2.06
ADANIENT,2024-03-01,3318.75,1.02
ADANIENT,2024-03-02,3333.25,0.44
ADANIENT,2024-03-04,3317.15,-0.48
ADANIENT,2024-03-05,3310.2,-0.21
ADANIENT,2024-03-06,3233.95,-2.3
ADANIENT,2024-03-07,3226.55,-0.23
ADANIENT,2024-03-11,3207.35,-0.6
ADANIENT,2024-03-12,3122.5,-2.65
ADANIENT,2024-03-13,2906.2,-6.93
ADANIENT,2024-03-14,3087.45,6.24
ADANIENT,2024-03-15,3132.2,1.45
ADANIENT,2024-03-18,3111.75,-0.65
ADANIENT,2024-03-19,3052.7,-1.9
ADANIENT,2024-03-20,3051.45,-0.04
ADANIENT,2024-03-21,3066.5,0.49
ADANIENT,2024-03-22,3107.7,1.34
ADANIENT,2024-03-26,3109.95,0.07
ADANIENT,2024-03-27,3122.1,0.39
ADANIENT,2024-03-28,3197.1,2.4
ADANIENT,2024-04-01,3252.1,1.72
ADANIENT,2024-04-02,3268.75,0.51
ADANIENT,2024-04-03,3233.45,-1.08
ADANIENT,2024-04-04,3210.8,-0.7
ADANIENT,2024-04-05,3224.8,0.44
ADANIENT,2024-04-08,3224.55,-0.01
ADANIENT,2024-04-09,3198.45,-0.81
ADANIENT,2024-04-10,3242.0,1.36
ADANIENT,2024-04-12,3209.9,-0.99
ADANIENT,2024-04-15,3147.45,-1.95
ADANIENT,2024-04-16,3106.4,-1.3
ADANIENT,2024-04-18,3019.3,-2.8
ADANIENT,2024-04-19,3026.95,0.25
ADANIENT,2024-04-22,3063.35,1.2
ADANIENT,2024-04-23,3065.1,0.06
ADANIENT,2024-04-24,3043.55,-0.7
ADANIENT,2024-04-25,3115.25,2.36
ADANIENT,2024-04-26,3080.4,-1.12
ADANIENT,2024-04-29,3081.2,0.03
ADANIENT,2024-04-30,3054.7,-0.86
ADANIENT,2024-05-02,3039.6,-0.49
ADANIENT,2024-05-03,2993.25,-1.52
ADANIENT,2024-05-06,2874.65,-3.96
ADANIENT,2024-05-07,2835.95,-1.35
ADANIENT,2024-05-08,2860.55,0.87
ADANIENT,2024-05-09,2766.65,-3.28
ADANIENT,2024-05-10,2797.25,1.11
ADANIENT,2024-05-13,2879.6,2.94
ADANIENT,2024-05-14,3037.55,5.49
ADANIENT,2024-05-15,3049.75,0.4
ADANIENT,2024-05-16,3041.65,-0.27
ADANIENT,2024-05-17,3060.5,0.62
ADANIENT,2024-05-18,3059.75,-0.02
ADANIENT,2024-05-21,3117.5,1.89
ADANIENT,2024-05-22,3140.95,0.75
ADANIENT,2024-05-23,3387.3,7.84
ADANIENT,2024-05-24,3384.95,-0.07
ADANIENT,2024-05-27,3289.05,-2.83
ADANIENT,2024-05-28,3244.05,-1.37
ADANIENT,2024-05-29,3258.8,0.45
ADANIENT,2024-05-30,3194.25,-1.98
ADANIENT,2024-05-31,3411.35,6.8
ADANIENT,2024-06-03,3645.25,6.86
ADANIENT,2024-06-04,2941.25,-19.31
ADANIENT,2024-06-05,3115.35,5.92
ADANIENT,2024-06-06,3185.65,2.26
ADANIENT,2024-06-07,3219.55,1.06
ADANIENT,2024-06-10,3220.1,0.02
ADANIENT,2024-06-11,3221.25,0.04
ADANIENT,2024-06-12,3219.05,-0.07
ADANIENT,2024-06-13,3224.8,0.18
ADANIENT,2024-06-14,3261.75,1.15
ADANIENT,2024-06-18,3309.05,1.45
ADANIENT,2024-06-19,3261.9,-1.42
ADANIENT,2024-06-20,3259.45,-0.08
ADANIENT,2024-06-21,3189.3,-2.15
ADANIENT,2024-06-24,3194.6,0.17
ADANIENT,2024-06-25,3171.1,-0.74
ADANIENT,2024-06-26,3170.5,-0.02
ADANIENT,2024-06-27,3175.15,0.15
ADANIENT,2024-06-28,3177.15,0.06
ADANIENT,2024-07-01,3183.8,0.21
ADANIENT,2024-07-02,3153.2,-0.96
ADANIENT,2024-07-03,3190.95,1.2
ADANIENT,2024-07-04,3144.25,-1.46
ADANIENT,2024-07-05,3147.9,0.12
ADANIENT,2024-07-08,3113.6,-1.09
ADANIENT,2024-07-09,3110.75,-0.09
ADANIENT,2024-07-10,3096.0,-0.47
ADANIENT,2024-07-11,3078.3,-0.57
ADANIENT,2024-07-12,3065.45,-0.42
ADANIENT,2024-07-15,3090.4,0.81
ADANIENT,2024-07-16,3109.3,0.61
ADANIENT,2024-07-18,3092.2,-0.55
ADANIENT,2024-07-19,3005.7,-2.8
ADANIENT,2024-07-22,3000.85,-0.16
ADANIENT,2024-07-23,2995.35,-0.18
ADANIENT,2024-07-24,2970.7,-0.82
ADANIENT,2024-07-25,2973.5,0.09
ADANIENT,2024-07-26,3080.5,3.6
ADANIENT,2024-07-29,3089.35,0.29
ADANIENT,2024-07-30,3128.75,1.28
ADANIENT,2024-07-31,3169.4,1.3
ADANIENT,2024-08-01,3217.25,1.51
ADANIENT,2024-08-02,3160.9,-1.75
ADANIENT,2024-08-05,3038.2,-3.88
ADANIENT,2024-08-06,3072.7,1.14
ADANIENT,2024-08-07,3185.95,3.69
ADANIENT,2024-08-08,3167.55,-0.58
ADANIENT,2024-08-09,3187.55,0.63
ADANIENT,2024-08-12,3151.75,-1.12
ADANIENT,2024-08-13,3092.2,-1.89
ADANIENT,2024-08-14,3040.1,-1.68
ADANIENT,2024-08-16,3108.8,2.26
ADANIENT,2024-08-19,3102.55,-0.2
ADANIENT,2024-08-20,3070.65,-1.03
ADANIENT,2024-08-21,3115.7,1.47
ADANIENT,2024-08-22,3099.05,-0.53
ADANIENT,2024-08-23,3076.35,-0.73
ADANIENT,2024-08-26,3069.0,-0.24
ADANIENT,2024-08-27,3067.1,-0.06
ADANIENT,2024-08-28,3028.0,-1.27
ADANIENT,2024-08-29,3020.15,-0.26
ADANIENT,2024-08-30,3019.35,-0.03
ADANIENT,2024-09-02,3042.15,0.76
ADANIENT,2024-09-03,3036.1,-0.2
ADANIENT,2024-09-04,3012.35,-0.78
ADANIENT,2024-09-05,3015.35,0.1
ADANIENT,2024-09-06,2975.45,-1.32
ADANIENT,2024-09-09,2964.15,-0.38
ADANIENT,2024-09-10,2986.4,0.75
ADANIENT,2024-09-11,2937.85,-1.63
ADANIENT,2024-09-12,2991.0,1.81
ADANIENT,2024-09-13,2968.35,-0.76
ADANIENT,2024-09-16,2984.9,0.56
ADANIENT,2024-09-17,2975.2,-0.32
ADANIENT,2024-09-18,2956.3,-0.64
ADANIENT,2024-09-19,2943.15,-0.44
ADANIENT,2024-09-20,3008.5,2.22
ADANIENT,2024-09-23,3043.95,1.18
ADANIENT,2024-09-24,3093.9,1.64
ADANIENT,2024-09-25,3105.1,0.36
ADANIENT,2024-09-26,3122.65,0.57
ADANIENT,2024-09-27,3130.3,0.24
ADANIENT,2024-09-30,3135.85,0.18
ADANIENT,2024-10-01,3186.1,1.6
ADANIENT,2024-10-03,3116.0,-2.2
ADANIENT,2024-10-04,3110.65,-0.17
ADANIENT,2024-10-07,3018.0,-2.98
ADANIENT,2024-10-08,3160.7,4.73
ADANIENT,2024-10-09,3153.75,-0.22
ADANIENT,2024-10-10,3174.2,0.65
ADANIENT,2024-10-11,3137.2,-1.17
ADANIENT,2024-10-14,3101.1,-1.15
ADANIENT,2024-10-15,3104.7,0.12
ADANIENT,2024-10-16,3085.9,-0.61
ADANIENT,2024-10-17,3013.75,-2.34
ADANIENT,2024-10-18,3002.0,-0.39
ADANIENT,2024-10-21,2937.65,-2.14
ADANIENT,2024-10-22,2823.8,-3.88
ADANIENT,2024-10-23,2835.55,0.42
ADANIENT,2024-10-24,2830.2,-0.19
ADANIENT,2024-10-25,2693.45,-4.83
ADANIENT,2024-10-28,2798.65,3.91
ADANIENT,2024-10-29,2848.6,1.78
ADANIENT,2024-10-30,2969.3,4.24
ADANIENT,2024-10-31,2947.25,-0.74
ADANIENT,2024-11-01,2949.5,0.08
ADANIENT,2024-11-04,2897.4,-1.77
ADANIENT,2024-11-05,2915.55,0.63
ADANIENT,2024-11-06,3046.25,4.48
ADANIENT,2024-11-07,2970.1,-2.5
ADANIENT,2024-11-08,2929.1,-1.38
ADANIENT,2024-11-11,2903.65,-0.87
ADANIENT,2024-11-12,2870.0,-1.16
ADANIENT,2024-11-13,2816.7,-1.86
ADANIENT,2024-11-14,2826.8,0.36
ADANIENT,2024-11-18,2818.7,-0.29
ADANIENT,2024-11-19,2821.5,0.1
ADANIENT,2024-11-21,2183.65,-22.61
ADANIENT,2024-11-22,2228.0,2.03
ADANIPORTS,2023-10-03,831.4,
ADANIPORTS,2023-10-04,824.6,-0.82
ADANIPORTS,2023-10-05,825.2,0.07
ADANIPORTS,2023-10-06,830.75,0.67
ADANIPORTS,2023-10-09,790.05,-4.9
ADANIPORTS,2023-10-10,819.5,3.73
ADANIPORTS,2023-10-11,814.85,-0.57
ADANIPORTS,2023-10-12,814.95,0.01
ADANIPORTS,2023-10-13,813.75,-0.15
ADANIPORTS,2023-10-16,805.65,-1.0
ADANIPORTS,2023-10-17,805.1,-0.07
ADANIPORTS,2023-10-18,798.6,-0.81
ADANIPORTS,2023-10-19,792.85,-0.72
ADANIPORTS,2023-10-20,793.65,0.1
ADANIPORTS,2023-10-23,771.45,-2.8
ADANIPORTS,2023-10-25,769.1,-0.3
ADANIPORTS,2023-10-26,770.35,0.16
ADANIPORTS,2023-10-27,782.4,1.56
ADANIPORTS,2023-10-30,785.0,0.33
ADANIPORTS,2023-10-31,784.75,-0.03
ADANIPORTS,2023-11-01,769.1,-1.99
ADANIPORTS,2023-11-02,774.3,0.68
ADANIPORTS,2023-11-03,795.4,2.73
ADANIPORTS,2023-11-06,802.5,0.89
ADANIPORTS,2023-11-07,797.55,-0.62
ADANIPORTS,2023-11-08,818.7,2.65
ADANIPORTS,2023-11-09,806.2,-1.53
ADANIPORTS,2023-11-10,808.6,0.3
ADANIPORTS,2023-11-12,812.25,0.45
ADANIPORTS,2023-11-13,809.85,-0.3
ADANIPORTS,2023-11-15,810.75,0.11
ADANIPORTS,2023-11-16,813.6,0.35
ADANIPORTS,2023-11-17,810.05,-0.44
ADANIPORTS,2023-11-20,803.6,-0.8
ADANIPORTS,2023-11-21,801.35,-0.28
ADANIPORTS,2023-11-22,791.9,-1.18
ADANIPORTS,2023-11-23,793.1,0.15
ADANIPORTS,2023-11-24,795.55,0.31
ADANIPORTS,2023-11-28,837.7,5.3
ADANIPORTS,2023-11-29,835.55,-0.26
ADANIPORTS,2023-11-30,825.5,-1.2
ADANIPORTS,2023-12-01,827.8,0.28
ADANIPORTS,2023-12-04,878.65,6.14
ADANIPORTS,2023-12-05,1013.1,15.3
ADANIPORTS,2023-12-06,1017.95,0.48
ADANIPORTS,2023-12-07,1039.65,2.13
ADANIPORTS,2023-12-08,1022.95,-1.61
ADANIPORTS,2023-12-11,1031.9,0.87
ADANIPORTS,2023-12-12,1041.95,0.97
ADANIPORTS,2023-12-13,1063.5,2.07
ADANIPORTS,2023-12-14,1074.7,1.05
ADANIPORTS,2023-12-15,1078.55,0.36
ADANIPORTS,2023-12-18,1094.3,1.46
ADANIPORTS,2023-12-19,1074.0,-1.86
ADANIPORTS,2023-12-20,1012.15,-5.76
ADANIPORTS,2023-12-21,1018.95,0.67
ADANIPORTS,2023-12-22,1027.5,0.84
ADANIPORTS,2023-12-26,1028.75,0.12
ADANIPORTS,2023-12-27,1024.4,-0.42
ADANIPORTS,2023-12-28,1016.95,-0.73
ADANIPORTS,2023-12-29,1024.35,0.73
ADANIPORTS,2024-01-01,1047.85,2.29
ADANIPORTS,2024-01-02,1078.4,2.92
ADANIPORTS,2024-01-03,1094.25,1.47
ADANIPORTS,2024-01-04,1123.2,2.65
ADANIPORTS,2024-01-05,1154.25,2.76
ADANIPORTS,2024-01-08,1168.85,1.26
ADANIPORTS,2024-01-09,1197.1,2.42
ADANIPORTS,2024-01-10,1214.35,1.44
ADANIPORTS,2024-01-11,1202.95,-0.94
ADANIPORTS,2024-01-12,1207.1,0.34
ADANIPORTS,2024-01-15,1203.1,-0.33
ADANIPORTS,2024-01-16,1193.35,-0.81
ADANIPORTS,2024-01-17,1166.85,-2.22
ADANIPORTS,2024-01-18,1154.05,-1.1
ADANIPORTS,2024-01-19,1152.45,-0.14
ADANIPORTS,2024-01-20,1193.0,3.52
ADANIPORTS,2024-01-23,1137.1,-4.69
ADANIPORTS,2024-01-24,1120.6,-1.45
ADANIPORTS,2024-01-25,1146.3,2.29
ADANIPORTS,2024-01-29,1196.65,4.39
ADANIPORTS,2024-01-30,1187.35,-0.78
ADANIPORTS,2024-01-31,1207.65,1.71
ADANIPORTS,2024-02-01,1218.85,0.93
ADANIPORTS,2024-02-02,1261.45,3.5
ADANIPORTS,2024-02-05,1258.55,-0.23
ADANIPORTS,2024-02-06,1273.1,1.16
ADANIPORTS,2024-02-07,1255.65,-1.37
ADANIPORTS,2024-02-08,1245.2,-0.83
ADANIPORTS,2024-02-09,1271.5,2.11
ADANIPORTS,2024-02-12,1249.35,-1.74
ADANIPORTS,2024-02-13,1264.8,1.24
ADANIPORTS,2024-02-14,1267.85,0.24
ADANIPORTS,2024-02-15,1267.05,-0.06
ADANIPORTS,2024-02-16,1306.85,3.14
ADANIPORTS,2024-02-19,1307.0,0.01
ADANIPORTS,2024-02-20,1300.5,-0.5
ADANIPORTS,2024-02-21,1291.0,-0.73
ADANIPORTS,2024-02-22,1310.95,1.55
ADANIPORTS,2024-02-23,1320.7,0.74
ADANIPORTS,2024-02-26,1338.15,1.32
ADANIPORTS,2024-02-27,1329.45,-0.65
ADANIPORTS,2024-02-28,1299.5,-2.25
ADANIPORTS,2024-02-29,1320.5,1.62
ADANIPORTS,2024-03-01,1322.1,0.12
ADANIPORTS,2024-03-02,1338.3,1.23
ADANIPORTS,2024-03-04,1342.6,0.32
ADANIPORTS,2024-03-05,1338.3,-0.32
ADANIPORTS,2024-03-06,1324.8,-1.01
ADANIPORTS,2024-03-07,1325.45,0.05
ADANIPORTS,2024-03-11,1326.95,0.11
ADANIPORTS,2024-03-12,1301.3,-1.93
ADANIPORTS,2024-03-13,1209.55,-7.05
ADANIPORTS,2024-03-14,1267.85,4.82
ADANIPORTS,2024-03-15,1283.0,1.19
ADANIPORTS,2024-03-18,1266.6,-1.28
ADANIPORTS,2024-03-19,1241.2,-2.01
ADANIPORTS,2024-03-20,1245.4,0.34
ADANIPORTS,2024-03-21,1262.45,1.37
ADANIPORTS,2024-03-22,1281.6,1.52
ADANIPORTS,2024-03-26,1304.2,1.76
ADANIPORTS,2024-03-27,1322.8,1.43
ADANIPORTS,2024-03-28,1341.85,1.44
ADANIPORTS,2024-04-01,1375.9,2.54
ADANIPORTS,2024-04-02,1404.15,2.05
ADANIPORTS,2024-04-03,1397.2,-0.49
ADANIPORTS,2024-04-04,1366.85,-2.17
ADANIPORTS,2024-04-05,1375.55,0.64
ADANIPORTS,2024-04-08,1348.65,-1.96
ADANIPORTS,2024-04-09,1356.5,0.58
ADANIPORTS,2024-04-10,1352.3,-0.31
ADANIPORTS,2024-04-12,1344.2,-0.6
ADANIPORTS,2024-04-15,1315.55,-2.13
ADANIPORTS,2024-04-16,1304.35,-0.85
ADANIPORTS,2024-04-18,1295.55,-0.67
ADANIPORTS,2024-04-19,1310.0,1.12
ADANIPORTS,2024-04-22,1321.1,0.85
ADANIPORTS,2024-04-23,1322.1,0.08
ADANIPORTS,2024-04-24,1320.5,-0.12
ADANIPORTS,2024-04-25,1330.55,0.76
ADANIPORTS,2024-04-26,1324.6,-0.45
ADANIPORTS,2024-04-29,1317.25,-0.55
ADANIPORTS,2024-04-30,1324.9,0.58
ADANIPORTS,2024-05-02,1338.8,1.05
ADANIPORTS,2024-05-03,1320.3,-1.38
ADANIPORTS,2024-05-06,1289.95,-2.3
ADANIPORTS,2024-05-07,1287.65,-0.18
ADANIPORTS,2024-05-08,1277.25,-0.81
ADANIPORTS,2024-05-09,1244.55,-2.56
ADANIPORTS,2024-05-10,1266.75,1.78
ADANIPORTS,2024-05-13,1306.4,3.13
ADANIPORTS,2024-05-14,1331.25,1.9
ADANIPORTS,2024-05-15,1337.85,0.5
ADANIPORTS,2024-05-16,1345.05,0.54
ADANIPORTS,2024-05-17,1335.7,-0.7
ADANIPORTS,2024-05-18,1340.2,0.34
ADANIPORTS,2024-05-21,1385.5,3.38
ADANIPORTS,2024-05-22,1378.2,-0.53
ADANIPORTS,2024-05-23,1443.35,4.73
ADANIPORTS,2024-05-24,1416.1,-1.89
ADANIPORTS,2024-05-27,1431.65,1.1
ADANIPORTS,2024-05-28,1400.5,-2.18
ADANIPORTS,2024-05-29,1410.0,0.68
ADANIPORTS,2024-05-30,1383.5,-1.88
ADANIPORTS,2024-05-31,1437.4,3.9
ADANIPORTS,2024-06-03,1583.95,10.2
ADANIPORTS,2024-06-04,1248.95,-21.15
ADANIPORTS,2024-06-05,1354.6,8.46
ADANIPORTS,2024-06-06,1352.95,-0.12
ADANIPORTS,2024-06-07,1378.85,1.91
ADANIPORTS,2024-06-10,1384.05,0.38
ADANIPORTS,2024-06-11,1403.45,1.4
ADANIPORTS,2024-06-12,1393.95,-0.68
ADANIPORTS,2024-06-13,1404.45,0.75
ADANIPORTS,2024-06-14,1430.7,1.87
ADANIPORTS,2024-06-18,1445.0,1.0
ADANIPORTS,2024-06-19,1448.4,0.24
ADANIPORTS,2024-06-20,1469.4,1.45
ADANIPORTS,2024-06-21,1485.5,1.1
ADANIPORTS,2024-06-24,1460.25,-1.7
ADANIPORTS,2024-06-25,1456.15,-0.28
ADANIPORTS,2024-06-26,1467.8,0.8
ADANIPORTS,2024-06-27,1485.5,1.21
ADANIPORTS,2024-06-28,1478.1,-0.5
ADANIPORTS,2024-07-01,1474.5,-0.24
ADANIPORTS,2024-07-02,1474.85,0.02
ADANIPORTS,2024-07-03,1510.65,2.43
ADANIPORTS,2024-07-04,1503.65,-0.46
ADANIPORTS,2024-07-05,1500.45,-0.21
ADANIPORTS,2024-07-08,1475.3,-1.68
ADANIPORTS,2024-07-09,1478.0,0.18
ADANIPORTS,2024-07-10,1487.8,0.66
ADANIPORTS,2024-07-11,1483.85,-0.27
ADANIPORTS,2024-07-12,1486.7,0.19
ADANIPORTS,2024-07-15,1495.05,0.56
ADANIPORTS,2024-07-16,1499.05,0.27
ADANIPORTS,2024-07-18,1493.9,-0.34
ADANIPORTS,2024-07-19,1469.3,-1.65
ADANIPORTS,2024-07-22,1467.35,-0.13
ADANIPORTS,2024-07-23,1507.35,2.73
ADANIPORTS,2024-07-24,1484.8,-1.5
ADANIPORTS,2024-07-25,1487.0,0.15
ADANIPORTS,2024-07-26,1542.75,3.75
ADANIPORTS,2024-07-29,1548.7,0.39
ADANIPORTS,2024-07-30,1546.25,-0.16
ADANIPORTS,2024-07-31,1569.9,1.53
ADANIPORTS,2024-08-01,1590.15,1.29
ADANIPORTS,2024-08-02,1588.0,-0.14
ADANIPORTS,2024-08-05,1493.85,-5.93
ADANIPORTS,2024-08-06,1494.1,0.02
ADANIPORTS,2024-08-07,1543.8,3.33
ADANIPORTS,2024-08-08,1519.0,-1.61
ADANIPORTS,2024-08-09,1533.8,0.97
ADANIPORTS,2024-08-12,1501.4,-2.11
ADANIPORTS,2024-08-13,1483.45,-1.2
ADANIPORTS,2024-08-14,1461.95,-1.45
ADANIPORTS,2024-08-16,1493.45,2.15
ADANIPORTS,2024-08-19,1496.45,0.2
ADANIPORTS,2024-08-20,1492.55,-0.26
ADANIPORTS,2024-08-21,1503.5,0.73
ADANIPORTS,2024-08-22,1492.3,-0.74
ADANIPORTS,2024-08-23,1491.3,-0.07
ADANIPORTS,2024-08-26,1482.55,-0.59
ADANIPORTS,2024-08-27,1478.35,-0.28
ADANIPORTS,2024-08-28,1469.8,-0.58
ADANIPORTS,2024-08-29,1476.05,0.43
ADANIPORTS,2024-08-30,1481.9,0.4
ADANIPORTS,2024-09-02,1494.5,0.85
ADANIPORTS,2024-09-03,1479.55,-1.0
ADANIPORTS,2024-09-04,1472.1,-0.5
ADANIPORTS,2024-09-05,1465.55,-0.44
ADANIPORTS,2024-09-06,1442.4,-1.58
ADANIPORTS,2024-09-09,1435.9,-0.45
ADANIPORTS,2024-09-10,1453.4,1.22
ADANIPORTS,2024-09-11,1430.6,-1.57
ADANIPORTS,2024-09-12,1472.6,2.94
ADANIPORTS,2024-09-13,1452.1,-1.39
ADANIPORTS,2024-09-16,1440.7,-0.79
ADANIPORTS,2024-09-17,1426.6,-0.98
ADANIPORTS,2024-09-18,1428.8,0.15
ADANIPORTS,2024-09-19,1408.2,-1.44
ADANIPORTS,2024-09-20,1438.7,2.17
ADANIPORTS,2024-09-23,1456.15,1.21
ADANIPORTS,2024-09-24,1456.65,0.03
ADANIPORTS,2024-09-25,1452.55,-0.28
ADANIPORTS,2024-09-26,1472.6,1.38
ADANIPORTS,2024-09-27,1456.7,-1.08
ADANIPORTS,2024-09-30,1448.2,-0.58
ADANIPORTS,2024-10-01,1467.5,1.33
ADANIPORTS,2024-10-03,1425.2,-2.88
ADANIPORTS,2024-10-04,1413.7,-0.81
ADANIPORTS,2024-10-07,1355.2,-4.14
ADANIPORTS,2024-10-08,1418.55,4.67
ADANIPORTS,2024-10-09,1408.15,-0.73
ADANIPORTS,2024-10-10,1417.2,0.64
ADANIPORTS,2024-10-11,1408.25,-0.63
ADANIPORTS,2024-10-14,1410.3,0.15
ADANIPORTS,2024-10-15,1420.3,0.71
ADANIPORTS,2024-10-16,1403.8,-1.16
ADANIPORTS,2024-10-17,1394.7,-0.65
ADANIPORTS,2024-10-18,1405.6,0.78
ADANIPORTS,2024-10-21,1375.5,-2.14
ADANIPORTS,2024-10-22,1362.85,-0.92
ADANIPORTS,2024-10-23,1340.45,-1.64
ADANIPORTS,2024-10-24,1354.4,1.04
ADANIPORTS,2024-10-25,1318.7,-2.64
ADANIPORTS,2024-10-28,1352.2,2.54
ADANIPORTS,2024-10-29,1372.7,1.52
ADANIPORTS,2024-10-30,1396.2,1.71
ADANIPORTS,2024-10-31,1375.95,-1.45
ADANIPORTS,2024-11-01,1394.4,1.34
ADANIPORTS,2024-11-04,1349.25,-3.24
ADANIPORTS,2024-11-05,1329.35,-1.47
ADANIPORTS,2024-11-06,1370.0,3.06
ADANIPORTS,2024-11-07,1353.1,-1.23
ADANIPORTS,2024-11-08,1362.1,0.67
ADANIPORTS,2024-11-11,1347.9,-1.04
ADANIPORTS,2024-11-12,1326.0,-1.62
ADANIPORTS,2024-11-13,1287.9,-2.87
ADANIPORTS,2024-11-14,1264.55,-1.81
ADANIPORTS,2024-11-18,1279.3,1.17
ADANIPORTS,2024-11-19,1289.65,0.81
ADANIPORTS,2024-11-21,1114.65,-13.57
ADANIPORTS,2024-11-22,1136.75,1.98
APOLLOHOSP,2023-10-03,5118.95,
APOLLOHOSP,2023-10-04,5047.4,-1.4
APOLLOHOSP,2023-10-05,5047.05,-0.01
APOLLOHOSP,2023-10-06,5060.25,0.26
APOLLOHOSP,2023-10-09,5047.3,-0.26
APOLLOHOSP,2023-10-10,5066.7,0.38
APOLLOHOSP,2023-10-11,5092.85,0.52
APOLLOHOSP,2023-10-12,4993.85,-1.94
APOLLOHOSP,2023-10-13,5017.3,0.47
APOLLOHOSP,2023-10-16,5021.7,0.09
APOLLOHOSP,2023-10-17,5028.8,0.14
APOLLOHOSP,2023-10-18,4977.25,-1.03
APOLLOHOSP,2023-10-19,4997.05,0.4
APOLLOHOSP,2023-10-20,4977.55,-0.39
APOLLOHOSP,2023-10-23,4969.55,-0.16
APOLLOHOSP,2023-10-25,4859.9,-2.21
APOLLOHOSP,2023-10-26,4760.3,-2.05
APOLLOHOSP,2023-10-27,4830.2,1.47
APOLLOHOSP,2023-10-30,4841.75,0.24
APOLLOHOSP,2023-10-31,4819.9,-0.45
APOLLOHOSP,2023-11-01,4796.55,-0.48
APOLLOHOSP,2023-11-02,4887.0,1.89
APOLLOHOSP,2023-11-03,5153.2,5.45
APOLLOHOSP,2023-11-06,5164.95,0.23
APOLLOHOSP,2023-11-07,5136.85,-0.54
APOLLOHOSP,2023-11-08,5110.95,-0.5
APOLLOHOSP,2023-11-09,5297.6,3.65
APOLLOHOSP,2023-11-10,5278.5,-0.36
APOLLOHOSP,2023-11-12,5275.55,-0.06
APOLLOHOSP,2023-11-13,5220.65,-1.04
APOLLOHOSP,2023-11-15,5224.95,0.08
APOLLOHOSP,2023-11-16,5338.75,2.18
APOLLOHOSP,2023-11-17,5478.95,2.63
APOLLOHOSP,2023-11-20,5473.95,-0.09
APOLLOHOSP,2023-11-21,5466.8,-0.13
APOLLOHOSP,2023-11-22,5532.0,1.19
APOLLOHOSP,2023-11-23,5493.95,-0.69
APOLLOHOSP,2023-11-24,5401.3,-1.69
APOLLOHOSP,2023-11-28,5366.8,-0.64
APOLLOHOSP,2023-11-29,5421.95,1.03
APOLLOHOSP,2023-11-30,5528.95,1.97
APOLLOHOSP,2023-12-01,5591.15,1.12
APOLLOHOSP,2023-12-04,5622.55,0.56
APOLLOHOSP,2023-12-05,5580.2,-0.75
APOLLOHOSP,2023-12-06,5543.1,-0.66
APOLLOHOSP,2023-12-07,5461.4,-1.47
APOLLOHOSP,2023-12-08,5555.35,1.72
APOLLOHOSP,2023-12-11,5547.35,-0.14
APOLLOHOSP,2023-12-12,5428.95,-2.13
APOLLOHOSP,2023-12-13,5426.75,-0.04
APOLLOHOSP,2023-12-14,5515.9,1.64
APOLLOHOSP,2023-12-15,5551.2,0.64
APOLLOHOSP,2023-12-18,5498.65,-0.95
APOLLOHOSP,2023-12-19,5555.5,1.03
APOLLOHOSP,2023-12-20,5402.2,-2.76
APOLLOHOSP,2023-12-21,5475.85,1.36
APOLLOHOSP,2023-12-22,5541.4,1.2
APOLLOHOSP,2023-12-26,5633.15,1.66
APOLLOHOSP,2023-12-27,5687.45,0.96
APOLLOHOSP,2023-12-28,5760.5,1.28
APOLLOHOSP,2023-12-29,5704.1,-0.98
APOLLOHOSP,2024-01-01,5750.05,0.81
APOLLOHOSP,2024-01-02,5746.35,-0.06
APOLLOHOSP,2024-01-03,5768.3,0.38
APOLLOHOSP,2024-01-04,5762.2,-0.11
APOLLOHOSP,2024-01-05,5754.25,-0.14
APOLLOHOSP,2024-01-08,5682.0,-1.26
APOLLOHOSP,2024-01-09,5797.65,2.04
APOLLOHOSP,2024-01-10,5800.9,0.06
APOLLOHOSP,2024-01-11,5869.9,1.19
APOLLOHOSP,2024-01-12,5795.7,-1.26
APOLLOHOSP,2024-01-15,5896.4,1.74
APOLLOHOSP,2024-01-16,5904.55,0.14
APOLLOHOSP,2024-01-17,5925.9,0.36
APOLLOHOSP,2024-01-18,5990.85,1.1
APOLLOHOSP,2024-01-19,6094.65,1.73
APOLLOHOSP,2024-01-20,6122.55,0.46
APOLLOHOSP,2024-01-23,6153.75,0.51
APOLLOHOSP,2024-01-24,6213.35,0.97
APOLLOHOSP,2024-01-25,6168.85,-0.72
APOLLOHOSP,2024-01-29,6329.75,2.61
APOLLOHOSP,2024-01-30,6309.8,-0.32
APOLLOHOSP,2024-01-31,6352.95,0.68
APOLLOHOSP,2024-02-01,6287.95,-1.02
APOLLOHOSP,2024-02-02,6320.55,0.52
APOLLOHOSP,2024-02-05,6234.5,-1.36
APOLLOHOSP,2024-02-06,6197.3,-0.6
APOLLOHOSP,2024-02-07,6177.95,-0.31
APOLLOHOSP,2024-02-08,6231.0,0.86
APOLLOHOSP,2024-02-09,6437.35,3.31
APOLLOHOSP,2024-02-12,6614.45,2.75
APOLLOHOSP,2024-02-13,6718.9,1.58
APOLLOHOSP,2024-02-14,6754.1,0.52
APOLLOHOSP,2024-02-15,6627.6,-1.87
APOLLOHOSP,2024-02-16,6600.55,-0.41
APOLLOHOSP,2024-02-19,6657.15,0.86
APOLLOHOSP,2024-02-20,6759.45,1.54
APOLLOHOSP,2024-02-21,6760.15,0.01
APOLLOHOSP,2024-02-22,6769.2,0.13
APOLLOHOSP,2024-02-23,6774.05,0.07
APOLLOHOSP,2024-02-26,6584.0,-2.81
APOLLOHOSP,2024-02-27,6620.6,0.56
APOLLOHOSP,2024-02-28,6362.35,-3.9
APOLLOHOSP,2024-02-29,6101.6,-4.1
APOLLOHOSP,2024-03-01,6085.4,-0.27
APOLLOHOSP,2024-03-02,6133.3,0.79
APOLLOHOSP,2024-03-04,6033.3,-1.63
APOLLOHOSP,2024-03-05,6061.1,0.46
APOLLOHOSP,2024-03-06,6054.3,-0.11
APOLLOHOSP,2024-03-07,6048.8,-0.09
APOLLOHOSP,2024-03-11,6204.7,2.58
APOLLOHOSP,2024-03-12,6144.8,-0.97
APOLLOHOSP,2024-03-13,6008.4,-2.22
APOLLOHOSP,2024-03-14,6023.15,0.25
APOLLOHOSP,2024-03-15,5983.2,-0.66
APOLLOHOSP,2024-03-18,6136.55,2.56
APOLLOHOSP,2024-03-19,6113.2,-0.38
APOLLOHOSP,2024-03-20,6174.05,1.0
APOLLOHOSP,2024-03-21,6182.5,0.14
APOLLOHOSP,2024-03-22,6375.9,3.13
APOLLOHOSP,2024-03-26,6322.45,-0.84
APOLLOHOSP,2024-03-27,6231.45,-1.44
APOLLOHOSP,2024-03-28,6356.8,2.01
APOLLOHOSP,2024-04-01,6457.25,1.58
APOLLOHOSP,2024-04-02,6419.75,-0.58
APOLLOHOSP,2024-04-03,6375.05,-0.7
APOLLOHOSP,2024-04-04,6440.6,1.03
APOLLOHOSP,2024-04-05,6397.75,-0.67
APOLLOHOSP,2024-04-08,6307.75,-1.41
APOLLOHOSP,2024-04-09,6505.05,3.13
APOLLOHOSP,2024-04-10,6489.85,-0.23
APOLLOHOSP,2024-04-12,6406.55,-1.28
APOLLOHOSP,2024-04-15,6303.15,-1.61
APOLLOHOSP,2024-04-16,6334.75,0.5
APOLLOHOSP,2024-04-18,6074.15,-4.11
APOLLOHOSP,2024-04-19,6169.55,1.57
APOLLOHOSP,2024-04-22,6238.55,1.12
APOLLOHOSP,2024-04-23,6194.9,-0.7
APOLLOHOSP,2024-04-24,6283.35,1.43
APOLLOHOSP,2024-04-25,6384.1,1.6
APOLLOHOSP,2024-04-26,6258.6,-1.97
APOLLOHOSP,2024-04-29,5968.35,-4.64
APOLLOHOSP,2024-04-30,5947.1,-0.36
APOLLOHOSP,2024-05-02,5958.55,0.19
APOLLOHOSP,2024-05-03,6009.6,0.86
APOLLOHOSP,2024-05-06,6056.7,0.78
APOLLOHOSP,2024-05-07,5900.25,-2.58
APOLLOHOSP,2024-05-08,5846.5,-0.91
APOLLOHOSP,2024-05-09,5806.4,-0.69
APOLLOHOSP,2024-05-10,5842.45,0.62
APOLLOHOSP,2024-05-13,5830.15,-0.21
APOLLOHOSP,2024-05-14,5862.8,0.56
APOLLOHOSP,2024-05-15,5848.8,-0.24
APOLLOHOSP,2024-05-16,5931.7,1.42
APOLLOHOSP,2024-05-17,5953.05,0.36
APOLLOHOSP,2024-05-18,5953.95,0.02
APOLLOHOSP,2024-05-21,5948.25,-0.1
APOLLOHOSP,2024-05-22,5868.15,-1.35
APOLLOHOSP,2024-05-23,5970.05,1.74
APOLLOHOSP,2024-05-24,5914.35,-0.93
APOLLOHOSP,2024-05-27,5939.3,0.42
APOLLOHOSP,2024-05-28,5904.5,-0.59
APOLLOHOSP,2024-05-29,5903.45,-0.02
APOLLOHOSP,2024-05-30,5766.45,-2.32
APOLLOHOSP,2024-05-31,5839.2,1.26
APOLLOHOSP,2024-06-03,5851.2,0.21
APOLLOHOSP,2024-06-04,5845.7,-0.09
APOLLOHOSP,2024-06-05,5934.65,1.52
APOLLOHOSP,2024-06-06,5962.0,0.46
APOLLOHOSP,2024-06-07,6014.55,0.88
APOLLOHOSP,2024-06-10,6056.7,0.7
APOLLOHOSP,2024-06-11,6107.95,0.85
APOLLOHOSP,2024-06-12,6168.6,0.99
APOLLOHOSP,2024-06-13,6206.2,0.61
APOLLOHOSP,2024-06-14,6207.6,0.02
APOLLOHOSP,2024-06-18,6236.35,0.46
APOLLOHOSP,2024-06-19,6173.55,-1.01
APOLLOHOSP,2024-06-20,6175.85,0.04
APOLLOHOSP,2024-06-21,6170.0,-0.09
APOLLOHOSP,2024-06-24,6259.55,1.45
APOLLOHOSP,2024-06-25,6295.35,0.57
APOLLOHOSP,2024-06-26,6136.8,-2.52
APOLLOHOSP,2024-06-27,6192.5,0.91
APOLLOHOSP,2024-06-28,6185.7,-0.11
APOLLOHOSP,2024-07-01,6140.5,-0.73
APOLLOHOSP,2024-07-02,6097.6,-0.7
APOLLOHOSP,2024-07-03,6192.7,1.56
APOLLOHOSP,2024-07-04,6225.05,0.52
APOLLOHOSP,2024-07-05,6328.55,1.66
APOLLOHOSP,2024-07-08,6317.45,-0.18
APOLLOHOSP,2024-07-09,6320.3,0.05
APOLLOHOSP,2024-07-10,6375.7,0.88
APOLLOHOSP,2024-07-11,6389.05,0.21
APOLLOHOSP,2024-07-12,6353.9,-0.55
APOLLOHOSP,2024-07-15,6437.25,1.31
APOLLOHOSP,2024-07-16,6453.7,0.26
APOLLOHOSP,2024-07-18,6520.85,1.04
APOLLOHOSP,2024-07-19,6381.95,-2.13
APOLLOHOSP,2024-07-22,6402.15,0.32
APOLLOHOSP,2024-07-23,6403.6,0.02
APOLLOHOSP,2024-07-24,6422.6,0.3
APOLLOHOSP,2024-07-25,6385.8,-0.57
APOLLOHOSP,2024-07-26,6664.55,4.37
APOLLOHOSP,2024-07-29,6681.65,0.26
APOLLOHOSP,2024-07-30,6641.0,-0.61
APOLLOHOSP,2024-07-31,6615.3,-0.39
APOLLOHOSP,2024-08-01,6706.4,1.38
APOLLOHOSP,2024-08-02,6710.15,0.06
APOLLOHOSP,2024-08-05,6687.6,-0.34
APOLLOHOSP,2024-08-06,6657.7,-0.45
APOLLOHOSP,2024-08-07,6720.35,0.94
APOLLOHOSP,2024-08-08,6541.9,-2.66
APOLLOHOSP,2024-08-09,6587.85,0.7
APOLLOHOSP,2024-08-12,6502.4,-1.3
APOLLOHOSP,2024-08-13,6589.4,1.34
APOLLOHOSP,2024-08-14,6515.85,-1.12
APOLLOHOSP,2024-08-16,6686.9,2.63
APOLLOHOSP,2024-08-19,6724.9,0.57
APOLLOHOSP,2024-08-20,6672.9,-0.77
APOLLOHOSP,2024-08-21,6752.45,1.19
APOLLOHOSP,2024-08-22,6830.55,1.16
APOLLOHOSP,2024-08-23,6860.7,0.44
APOLLOHOSP,2024-08-26,6780.0,-1.18
APOLLOHOSP,2024-08-27,6781.45,0.02
APOLLOHOSP,2024-08-28,6776.45,-0.07
APOLLOHOSP,2024-08-29,6857.2,1.19
APOLLOHOSP,2024-08-30,6927.5,1.03
APOLLOHOSP,2024-09-02,6880.05,-0.68
APOLLOHOSP,2024-09-03,6844.85,-0.51
APOLLOHOSP,2024-09-04,6930.9,1.26
APOLLOHOSP,2024-09-05,6934.3,0.05
APOLLOHOSP,2024-09-06,6906.8,-0.4
APOLLOHOSP,2024-09-09,6860.7,-0.67
APOLLOHOSP,2024-09-10,6921.55,0.89
APOLLOHOSP,2024-09-11,6900.25,-0.31
APOLLOHOSP,2024-09-12,7061.8,2.34
APOLLOHOSP,2024-09-13,7019.15,-0.6
APOLLOHOSP,2024-09-16,7031.35,0.17
APOLLOHOSP,2024-09-17,7008.05,-0.33
APOLLOHOSP,2024-09-18,7035.9,0.4
APOLLOHOSP,2024-09-19,7030.25,-0.08
APOLLOHOSP,2024-09-20,7082.65,0.75
APOLLOHOSP,2024-09-23,7152.8,0.99
APOLLOHOSP,2024-09-24,7122.0,-0.43
APOLLOHOSP,2024-09-25,7133.45,0.16
APOLLOHOSP,2024-09-26,7167.85,0.48
APOLLOHOSP,2024-09-27,7234.0,0.92
APOLLOHOSP,2024-09-30,7199.15,-0.48
APOLLOHOSP,2024-10-01,7153.35,-0.64
APOLLOHOSP,2024-10-03,6905.95,-3.46
APOLLOHOSP,2024-10-04,6773.6,-1.92
APOLLOHOSP,2024-10-07,6773.15,-0.01
APOLLOHOSP,2024-10-08,6924.3,2.23
APOLLOHOSP,2024-10-09,7008.9,1.22
APOLLOHOSP,2024-10-10,6955.05,-0.77
APOLLOHOSP,2024-10-11,6983.4,0.41
APOLLOHOSP,2024-10-14,7092.6,1.56
APOLLOHOSP,2024-10-15,7140.15,0.67
APOLLOHOSP,2024-10-16,7071.3,-0.96
APOLLOHOSP,2024-10-17,6989.3,-1.16
APOLLOHOSP,2024-10-18,6982.9,-0.09
APOLLOHOSP,2024-10-21,6986.4,0.05
APOLLOHOSP,2024-10-22,6891.95,-1.35
APOLLOHOSP,2024-10-23,6906.75,0.21
APOLLOHOSP,2024-10-24,6954.15,0.69
APOLLOHOSP,2024-10-25,6944.85,-0.13
APOLLOHOSP,2024-10-28,6926.3,-0.27
APOLLOHOSP,2024-10-29,6987.45,0.88
APOLLOHOSP,2024-10-30,6982.5,-0.07
APOLLOHOSP,2024-10-31,7022.7,0.58
APOLLOHOSP,2024-11-01,7031.95,0.13
APOLLOHOSP,2024-11-04,6958.4,-1.05
APOLLOHOSP,2024-11-05,6966.3,0.11
APOLLOHOSP,2024-11-06,6968.1,0.03
APOLLOHOSP,2024-11-07,7424.85,6.55
APOLLOHOSP,2024-11-08,7421.4,-0.05
APOLLOHOSP,2024-11-11,7155.45,-3.58
APOLLOHOSP,2024-11-12,7019.55,-1.9
APOLLOHOSP,2024-11-13,6858.85,-2.29
APOLLOHOSP,2024-11-14,6860.65,0.03
APOLLOHOSP,2024-11-18,6741.9,-1.73
APOLLOHOSP,2024-11-19,6686.9,-0.82
APOLLOHOSP,2024-11-21,6742.5,0.83
APOLLOHOSP,2024-11-22,6935.1,2.86
ASIANPAINT,2023-10-03,3166.85,
ASIANPAINT,2023-10-04,3169.9,0.1
ASIANPAINT,2023-10-05,3206.25,1.15
ASIANPAINT,2023-10-06,3195.75,-0.33
ASIANPAINT,2023-10-09,3152.8,-1.34
ASIANPAINT,2023-10-10,3151.5,-0.04
ASIANPAINT,2023-10-11,3163.9,0.39
ASIANPAINT,2023-10-12,3159.1,-0.15
ASIANPAINT,2023-10-13,3148.8,-0.33
ASIANPAINT,2023-10-16,3112.05,-1.17
ASIANPAINT,2023-10-17,3113.55,0.05
ASIANPAINT,2023-10-18,3096.45,-0.55
ASIANPAINT,2023-10-19,3101.8,0.17
ASIANPAINT,2023-10-20,3105.85,0.13
ASIANPAINT,2023-10-23,3072.0,-1.09
ASIANPAINT,2023-10-25,3060.8,-0.36
ASIANPAINT,2023-10-26,2960.3,-3.28
ASIANPAINT,2023-10-27,2955.15,-0.17
ASIANPAINT,2023-10-30,2967.1,0.4
ASIANPAINT,2023-10-31,2995.7,0.96
ASIANPAINT,2023-11-01,2934.55,-2.04
ASIANPAINT,2023-11-02,2955.4,0.71
ASIANPAINT,2023-11-03,2977.85,0.76
ASIANPAINT,2023-11-06,3029.3,1.73
ASIANPAINT,2023-11-07,3033.35,0.13
ASIANPAINT,2023-11-08,3095.25,2.04
ASIANPAINT,2023-11-09,3080.2,-0.49
ASIANPAINT,2023-11-10,3076.45,-0.12
ASIANPAINT,2023-11-12,3098.15,0.71
ASIANPAINT,2023-11-13,3085.6,-0.41
ASIANPAINT,2023-11-15,3116.2,0.99
ASIANPAINT,2023-11-16,3130.3,0.45
ASIANPAINT,2023-11-17,3168.9,1.23
ASIANPAINT,2023-11-20,3140.35,-0.9
ASIANPAINT,2023-11-21,3133.25,-0.23
ASIANPAINT,2023-11-22,3133.0,-0.01
ASIANPAINT,2023-11-23,3122.95,-0.32
ASIANPAINT,2023-11-24,3136.15,0.42
ASIANPAINT,2023-11-28,3148.35,0.39
ASIANPAINT,2023-11-29,3148.35,0.0
ASIANPAINT,2023-11-30,3119.9,-0.9
ASIANPAINT,2023-12-01,3173.4,1.71
ASIANPAINT,2023-12-04,3194.55,0.67
ASIANPAINT,2023-12-05,3226.25,0.99
ASIANPAINT,2023-12-06,3252.55,0.82
ASIANPAINT,2023-12-07,3251.8,-0.02
ASIANPAINT,2023-12-08,3232.0,-0.61
ASIANPAINT,2023-12-11,3233.0,0.03
ASIANPAINT,2023-12-12,3224.75,-0.26
ASIANPAINT,2023-12-13,3243.65,0.59
ASIANPAINT,2023-12-14,3241.35,-0.07
ASIANPAINT,2023-12-15,3313.9,2.24
ASIANPAINT,2023-12-18,3332.05,0.55
ASIANPAINT,2023-12-19,3336.05,0.12
ASIANPAINT,2023-12-20,3297.15,-1.17
ASIANPAINT,2023-12-21,3302.95,0.18
ASIANPAINT,2023-12-22,3341.3,1.16
ASIANPAINT,2023-12-26,3383.35,1.26
ASIANPAINT,2023-12-27,3404.45,0.62
ASIANPAINT,2023-12-28,3397.25,-0.21
ASIANPAINT,2023-12-29,3402.4,0.15
ASIANPAINT,2024-01-01,3396.1,-0.19
ASIANPAINT,2024-01-02,3391.35,-0.14
ASIANPAINT,2024-01-03,3373.6,-0.52
ASIANPAINT,2024-01-04,3379.95,0.19
ASIANPAINT,2024-01-05,3355.55,-0.72
ASIANPAINT,2024-01-08,3298.4,-1.7
ASIANPAINT,2024-01-09,3267.5,-0.94
ASIANPAINT,2024-01-10,3286.85,0.59
ASIANPAINT,2024-01-11,3288.2,0.04
ASIANPAINT,2024-01-12,3277.8,-0.32
ASIANPAINT,2024-01-15,3273.9,-0.12
ASIANPAINT,2024-01-16,3296.9,0.7
ASIANPAINT,2024-01-17,3242.3,-1.66
ASIANPAINT,2024-01-18,3163.85,-2.42
ASIANPAINT,2024-01-19,3165.85,0.06
ASIANPAINT,2024-01-20,3138.8,-0.85
ASIANPAINT,2024-01-23,3054.7,-2.68
ASIANPAINT,2024-01-24,2999.45,-1.81
ASIANPAINT,2024-01-25,2949.2,-1.68
ASIANPAINT,2024-01-29,2976.05,0.91
ASIANPAINT,2024-01-30,2954.1,-0.74
ASIANPAINT,2024-01-31,2957.85,0.13
ASIANPAINT,2024-02-01,2929.35,-0.96
ASIANPAINT,2024-02-02,2936.3,0.24
ASIANPAINT,2024-02-05,2917.35,-0.65
ASIANPAINT,2024-02-06,2930.95,0.47
ASIANPAINT,2024-02-07,2981.15,1.71
ASIANPAINT,2024-02-08,2929.6,-1.73
ASIANPAINT,2024-02-09,2951.65,0.75
ASIANPAINT,2024-02-12,2953.8,0.07
ASIANPAINT,2024-02-13,2971.6,0.6
ASIANPAINT,2024-02-14,2976.4,0.16
ASIANPAINT,2024-02-15,3016.55,1.35
ASIANPAINT,2024-02-16,3007.9,-0.29
ASIANPAINT,2024-02-19,2998.1,-0.33
ASIANPAINT,2024-02-20,3011.65,0.45
ASIANPAINT,2024-02-21,3001.8,-0.33
ASIANPAINT,2024-02-22,3017.4,0.52
ASIANPAINT,2024-02-23,2985.95,-1.04
ASIANPAINT,2024-02-26,2868.45,-3.94
ASIANPAINT,2024-02-27,2859.55,-0.31
ASIANPAINT,2024-02-28,2794.35,-2.28
ASIANPAINT,2024-02-29,2821.9,0.99
ASIANPAINT,2024-03-01,2831.75,0.35
ASIANPAINT,2024-03-02,2849.8,0.64
ASIANPAINT,2024-03-04,2831.75,-0.63
ASIANPAINT,2024-03-05,2820.4,-0.4
ASIANPAINT,2024-03-06,2827.3,0.24
ASIANPAINT,2024-03-07,2870.55,1.53
ASIANPAINT,2024-03-11,2876.85,0.22
ASIANPAINT,2024-03-12,2876.15,-0.02
ASIANPAINT,2024-03-13,2860.15,-0.56
ASIANPAINT,2024-03-14,2892.25,1.12
ASIANPAINT,2024-03-15,2867.55,-0.85
ASIANPAINT,2024-03-18,2846.5,-0.73
ASIANPAINT,2024-03-19,2815.1,-1.1
ASIANPAINT,2024-03-20,2824.9,0.35
ASIANPAINT,2024-03-21,2821.15,-0.13
ASIANPAINT,2024-03-22,2841.5,0.72
ASIANPAINT,2024-03-26,2814.65,-0.94
ASIANPAINT,2024-03-27,2830.5,0.56
ASIANPAINT,2024-03-28,2846.75,0.57
ASIANPAINT,2024-04-01,2871.0,0.85
ASIANPAINT,2024-04-02,2874.2,0.11
ASIANPAINT,2024-04-03,2869.35,-0.17
ASIANPAINT,2024-04-04,2918.3,1.71
ASIANPAINT,2024-04-05,2883.45,-1.19
ASIANPAINT,2024-04-08,2892.0,0.3
ASIANPAINT,2024-04-09,2857.15,-1.21
ASIANPAINT,2024-04-10,2896.75,1.39
ASIANPAINT,2024-04-12,2854.5,-1.46
ASIANPAINT,2024-04-15,2844.4,-0.35
ASIANPAINT,2024-04-16,2830.0,-0.51
ASIANPAINT,2024-04-18,2807.7,-0.79
ASIANPAINT,2024-04-19,2808.55,0.03
ASIANPAINT,2024-04-22,2841.85,1.19
ASIANPAINT,2024-04-23,2874.9,1.16
ASIANPAINT,2024-04-24,2867.75,-0.25
ASIANPAINT,2024-04-25,2861.45,-0.22
ASIANPAINT,2024-04-26,2844.15,-0.6
ASIANPAINT,2024-04-29,2868.2,0.85
ASIANPAINT,2024-04-30,2875.9,0.27
ASIANPAINT,2024-05-02,2975.4,3.46
ASIANPAINT,2024-05-03,2929.75,-1.53
ASIANPAINT,2024-05-06,2932.15,0.08
ASIANPAINT,2024-05-07,2913.0,-0.65
ASIANPAINT,2024-05-08,2843.3,-2.39
ASIANPAINT,2024-05-09,2710.1,-4.68
ASIANPAINT,2024-05-10,2771.25,2.26
ASIANPAINT,2024-05-13,2879.25,3.9
ASIANPAINT,2024-05-14,2866.15,-0.45
ASIANPAINT,2024-05-15,2813.7,-1.83
ASIANPAINT,2024-05-16,2814.05,0.01
ASIANPAINT,2024-05-17,2809.9,-0.15
ASIANPAINT,2024-05-18,2816.35,0.23
ASIANPAINT,2024-05-21,2851.8,1.26
ASIANPAINT,2024-05-22,2885.75,1.19
ASIANPAINT,2024-05-23,2903.75,0.62
ASIANPAINT,2024-05-24,2874.75,-1.0
ASIANPAINT,2024-05-27,2872.3,-0.09
ASIANPAINT,2024-05-28,2911.2,1.35
ASIANPAINT,2024-05-29,2900.15,-0.38
ASIANPAINT,2024-05-30,2883.7,-0.57
ASIANPAINT,2024-05-31,2881.2,-0.09
ASIANPAINT,2024-06-03,2866.45,-0.51
ASIANPAINT,2024-06-04,2857.65,-0.31
ASIANPAINT,2024-06-05,2961.75,3.64
ASIANPAINT,2024-06-06,2904.8,-1.92
ASIANPAINT,2024-06-07,2927.7,0.79
ASIANPAINT,2024-06-10,2937.55,0.34
ASIANPAINT,2024-06-11,2902.45,-1.19
ASIANPAINT,2024-06-12,2905.8,0.12
ASIANPAINT,2024-06-13,2910.0,0.14
ASIANPAINT,2024-06-14,2921.6,0.4
ASIANPAINT,2024-06-18,2918.5,-0.11
ASIANPAINT,2024-06-19,2891.7,-0.92
ASIANPAINT,2024-06-20,2915.5,0.82
ASIANPAINT,2024-06-21,2890.85,-0.85
ASIANPAINT,2024-06-24,2896.05,0.18
ASIANPAINT,2024-06-25,2858.45,-1.3
ASIANPAINT,2024-06-26,2863.35,0.17
ASIANPAINT,2024-06-27,2880.85,0.61
ASIANPAINT,2024-06-28,2917.05,1.26
ASIANPAINT,2024-07-01,2927.8,0.37
ASIANPAINT,2024-07-02,2925.6,-0.08
ASIANPAINT,2024-07-03,2925.55,-0.0
ASIANPAINT,2024-07-04,2934.9,0.32
ASIANPAINT,2024-07-05,2935.9,0.03
ASIANPAINT,2024-07-08,2898.15,-1.29
ASIANPAINT,2024-07-09,2905.0,0.24
ASIANPAINT,2024-07-10,2996.45,3.15
ASIANPAINT,2024-07-11,3022.05,0.85
ASIANPAINT,2024-07-12,2999.15,-0.76
ASIANPAINT,2024-07-15,2956.5,-1.42
ASIANPAINT,2024-07-16,2974.45,0.61
ASIANPAINT,2024-07-18,2931.55,-1.44
ASIANPAINT,2024-07-19,2946.05,0.49
ASIANPAINT,2024-07-22,2934.3,-0.4
ASIANPAINT,2024-07-23,2897.1,-1.27
ASIANPAINT,2024-07-24,2912.8,0.54
ASIANPAINT,2024-07-25,2901.4,-0.39
ASIANPAINT,2024-07-26,2950.15,1.68
ASIANPAINT,2024-07-29,2954.7,0.15
ASIANPAINT,2024-07-30,3005.05,1.7
ASIANPAINT,2024-07-31,3084.45,2.64
ASIANPAINT,2024-08-01,3099.35,0.48
ASIANPAINT,2024-08-02,3106.7,0.24
ASIANPAINT,2024-08-05,3093.4,-0.43
ASIANPAINT,2024-08-06,3101.75,0.27
ASIANPAINT,2024-08-07,3101.45,-0.01
ASIANPAINT,2024-08-08,3005.4,-3.1
ASIANPAINT,2024-08-09,3040.6,1.17
ASIANPAINT,2024-08-12,3053.2,0.41
ASIANPAINT,2024-08-13,3023.55,-0.97
ASIANPAINT,2024-08-14,3025.85,0.08
ASIANPAINT,2024-08-16,3048.15,0.74
ASIANPAINT,2024-08-19,3076.3,0.92
ASIANPAINT,2024-08-20,3103.2,0.87
ASIANPAINT,2024-08-21,3151.55,1.56
ASIANPAINT,2024-08-22,3186.6,1.11
ASIANPAINT,2024-08-23,3154.65,-1.0
ASIANPAINT,2024-08-26,3171.35,0.53
ASIANPAINT,2024-08-27,3166.2,-0.16
ASIANPAINT,2024-08-28,3125.5,-1.29
ASIANPAINT,2024-08-29,3115.85,-0.31
ASIANPAINT,2024-08-30,3126.8,0.35
ASIANPAINT,2024-09-02,3150.95,0.77
ASIANPAINT,2024-09-03,3154.85,0.12
ASIANPAINT,2024-09-04,3231.65,2.43
ASIANPAINT,2024-09-05,3238.25,0.2
ASIANPAINT,2024-09-06,3273.7,1.09
ASIANPAINT,2024-09-09,3280.75,0.22
ASIANPAINT,2024-09-10,3295.05,0.44
ASIANPAINT,2024-09-11,3367.45,2.2
ASIANPAINT,2024-09-12,3383.25,0.47
ASIANPAINT,2024-09-13,3358.05,-0.74
ASIANPAINT,2024-09-16,3335.8,-0.66
ASIANPAINT,2024-09-17,3312.8,-0.69
ASIANPAINT,2024-09-18,3274.65,-1.15
ASIANPAINT,2024-09-19,3293.85,0.59
ASIANPAINT,2024-09-20,3306.95,0.4
ASIANPAINT,2024-09-23,3277.45,-0.89
ASIANPAINT,2024-09-24,3248.4,-0.89
ASIANPAINT,2024-09-25,3244.75,-0.11
ASIANPAINT,2024-09-26,3277.05,1.0
ASIANPAINT,2024-09-27,3310.75,1.03
ASIANPAINT,2024-09-30,3329.1,0.55
ASIANPAINT,2024-10-01,3277.35,-1.55
ASIANPAINT,2024-10-03,3149.3,-3.91
ASIANPAINT,2024-10-04,3072.5,-2.44
ASIANPAINT,2024-10-07,3062.25,-0.33
ASIANPAINT,2024-10-08,3088.05,0.84
ASIANPAINT,2024-10-09,3078.85,-0.3
ASIANPAINT,2024-10-10,3059.1,-0.64
ASIANPAINT,2024-10-11,3037.2,-0.72
ASIANPAINT,2024-10-14,3039.15,0.06
ASIANPAINT,2024-10-15,3067.1,0.92
ASIANPAINT,2024-10-16,3082.1,0.49
ASIANPAINT,2024-10-17,3055.85,-0.85
ASIANPAINT,2024-10-18,2992.15,-2.08
ASIANPAINT,2024-10-21,3049.2,1.91
ASIANPAINT,2024-10-22,3006.85,-1.39
ASIANPAINT,2024-10-23,2989.7,-0.57
ASIANPAINT,2024-10-24,2972.0,-0.59
ASIANPAINT,2024-10-25,2958.0,-0.47
ASIANPAINT,2024-10-28,3001.85,1.48
ASIANPAINT,2024-10-29,2992.85,-0.3
ASIANPAINT,2024-10-30,2996.65,0.13
ASIANPAINT,2024-10-31,2935.65,-2.04
ASIANPAINT,2024-11-01,2939.85,0.14
ASIANPAINT,2024-11-04,2915.3,-0.84
ASIANPAINT,2024-11-05,2887.3,-0.96
ASIANPAINT,2024-11-06,2897.3,0.35
ASIANPAINT,2024-11-07,2842.85,-1.88
ASIANPAINT,2024-11-08,2769.45,-2.58
ASIANPAINT,2024-11-11,2543.1,-8.17
ASIANPAINT,2024-11-12,2474.85,-2.68
ASIANPAINT,2024-11-13,2470.5,-0.18
ASIANPAINT,2024-11-14,2483.15,0.51
ASIANPAINT,2024-11-18,2483.7,0.02
ASIANPAINT,2024-11-19,2483.7,0.0
ASIANPAINT,2024-11-21,2428.15,-2.24
ASIANPAINT,2024-11-22,2472.2,1.81
AXISBANK,2023-10-03,1041.05,
AXISBANK,2023-10-04,995.55,-4.37
AXISBANK,2023-10-05,1003.25,0.77
AXISBANK,2023-10-06,1000.95,-0.23
AXISBANK,2023-10-09,996.25,-0.47
AXISBANK,2023-10-10,1012.25,1.61
AXISBANK,2023-10-11,1019.1,0.68
AXISBANK,2023-10-12,1018.45,-0.06
AXISBANK,2023-10-13,994.05,-2.4
AXISBANK,2023-10-16,1004.8,1.08
AXISBANK,2023-10-17,1008.05,0.32
AXISBANK,2023-10-18,992.85,-1.51
AXISBANK,2023-10-19,991.4,-0.15
AXISBANK,2023-10-20,980.35,-1.11
AXISBANK,2023-10-23,964.3,-1.64
AXISBANK,2023-10-25,955.45,-0.92
AXISBANK,2023-10-26,972.05,1.74
AXISBANK,2023-10-27,1002.75,3.16
AXISBANK,2023-10-30,989.2,-1.35
AXISBANK,2023-10-31,981.85,-0.74
AXISBANK,2023-11-01,971.8,-1.02
AXISBANK,2023-11-02,982.95,1.15
AXISBANK,2023-11-03,988.85,0.6
AXISBANK,2023-11-06,1009.4,2.08
AXISBANK,2023-11-07,1020.9,1.14
AXISBANK,2023-11-08,1021.7,0.08
AXISBANK,2023-11-09,1021.9,0.02
AXISBANK,2023-11-10,1029.2,0.71
AXISBANK,2023-11-12,1029.95,0.07
AXISBANK,2023-11-13,1025.35,-0.45
AXISBANK,2023-11-15,1041.35,1.56
AXISBANK,2023-11-16,1026.35,-1.44
AXISBANK,2023-11-17,994.35,-3.12
AXISBANK,2023-11-20,988.7,-0.57
AXISBANK,2023-11-21,991.8,0.31
AXISBANK,2023-11-22,998.1,0.64
AXISBANK,2023-11-23,999.05,0.1
AXISBANK,2023-11-24,1008.5,0.95
AXISBANK,2023-11-28,1021.15,1.25
AXISBANK,2023-11-29,1060.15,3.82
AXISBANK,2023-11-30,1074.25,1.33
AXISBANK,2023-12-01,1104.65,2.83
AXISBANK,2023-12-04,1125.6,1.9
AXISBANK,2023-12-05,1132.45,0.61
AXISBANK,2023-12-06,1120.5,-1.06
AXISBANK,2023-12-07,1117.85,-0.24
AXISBANK,2023-12-08,1131.2,1.19
AXISBANK,2023-12-11,1116.5,-1.3
AXISBANK,2023-12-12,1131.0,1.3
AXISBANK,2023-12-13,1114.85,-1.43
AXISBANK,2023-12-14,1120.45,0.5
AXISBANK,2023-12-15,1120.35,-0.01
AXISBANK,2023-12-18,1111.35,-0.8
AXISBANK,2023-12-19,1120.25,0.8
AXISBANK,2023-12-20,1110.25,-0.89
AXISBANK,2023-12-21,1095.4,-1.34
AXISBANK,2023-12-22,1088.3,-0.65
AXISBANK,2023-12-26,1094.25,0.55
AXISBANK,2023-12-27,1106.35,1.11
AXISBANK,2023-12-28,1107.85,0.14
AXISBANK,2023-12-29,1102.3,-0.5
AXISBANK,2024-01-01,1097.7,-0.42
AXISBANK,2024-01-02,1093.25,-0.41
AXISBANK,2024-01-03,1098.6,0.49
AXISBANK,2024-01-04,1123.4,2.26
AXISBANK,2024-01-05,1136.95,1.21
AXISBANK,2024-01-08,1122.0,-1.31
AXISBANK,2024-01-09,1116.55,-0.49
AXISBANK,2024-01-10,1107.0,-0.86
AXISBANK,2024-01-11,1125.75,1.69
AXISBANK,2024-01-12,1120.35,-0.48
AXISBANK,2024-01-15,1119.5,-0.08
AXISBANK,2024-01-16,1119.1,-0.04
AXISBANK,2024-01-17,1082.3,-3.29
AXISBANK,2024-01-18,1097.5,1.4
AXISBANK,2024-01-19,1116.55,1.74
AXISBANK,2024-01-20,1121.0,0.4
AXISBANK,2024-01-23,1089.25,-2.83
AXISBANK,2024-01-24,1059.15,-2.76
AXISBANK,2024-01-25,1042.25,-1.6
AXISBANK,2024-01-29,1061.25,1.82
AXISBANK,2024-01-30,1054.1,-0.67
AXISBANK,2024-01-31,1067.75,1.29
AXISBANK,2024-02-01,1084.25,1.55
AXISBANK,2024-02-02,1067.05,-1.59
AXISBANK,2024-02-05,1061.5,-0.52
AXISBANK,2024-02-06,1050.05,-1.08
AXISBANK,2024-02-07,1069.1,1.81
AXISBANK,2024-02-08,1035.9,-3.11
AXISBANK,2024-02-09,1051.4,1.5
AXISBANK,2024-02-12,1046.7,-0.45
AXISBANK,2024-02-13,1070.75,2.3
AXISBANK,2024-02-14,1096.85,2.44
AXISBANK,2024-02-15,1072.2,-2.25
AXISBANK,2024-02-16,1068.75,-0.32
AXISBANK,2024-02-19,1062.95,-0.54
AXISBANK,2024-02-20,1088.6,2.41
AXISBANK,2024-02-21,1084.2,-0.4
AXISBANK,2024-02-22,1100.9,1.54
AXISBANK,2024-02-23,1096.8,-0.37
AXISBANK,2024-02-26,1085.2,-1.06
AXISBANK,2024-02-27,1079.05,-0.57
AXISBANK,2024-02-28,1074.2,-0.45
AXISBANK,2024-02-29,1075.1,0.08
AXISBANK,2024-03-01,1099.25,2.25
AXISBANK,2024-03-02,1096.7,-0.23
AXISBANK,2024-03-04,1106.75,0.92
AXISBANK,2024-03-05,1100.8,-0.54
AXISBANK,2024-03-06,1125.0,2.2
AXISBANK,2024-03-07,1111.45,-1.2
AXISBANK,2024-03-11,1105.1,-0.57
AXISBANK,2024-03-12,1097.0,-0.73
AXISBANK,2024-03-13,1080.4,-1.51
AXISBANK,2024-03-14,1058.25,-2.05
AXISBANK,2024-03-15,1046.4,-1.12
AXISBANK,2024-03-18,1061.35,1.43
AXISBANK,2024-03-19,1050.8,-0.99
AXISBANK,2024-03-20,1034.75,-1.53
AXISBANK,2024-03-21,1035.6,0.08
AXISBANK,2024-03-22,1033.3,-0.22
AXISBANK,2024-03-26,1040.55,0.7
AXISBANK,2024-03-27,1052.85,1.18
AXISBANK,2024-03-28,1047.2,-0.54
AXISBANK,2024-04-01,1053.1,0.56
AXISBANK,2024-04-02,1047.2,-0.56
AXISBANK,2024-04-03,1063.25,1.53
AXISBANK,2024-04-04,1062.95,-0.03
AXISBANK,2024-04-05,1059.1,-0.36
AXISBANK,2024-04-08,1076.05,1.6
AXISBANK,2024-04-09,1080.0,0.37
AXISBANK,2024-04-10,1087.8,0.72
AXISBANK,2024-04-12,1073.45,-1.32
AXISBANK,2024-04-15,1057.95,-1.44
AXISBANK,2024-04-16,1051.9,-0.57
AXISBANK,2024-04-18,1024.0,-2.65
AXISBANK,2024-04-19,1029.1,0.5
AXISBANK,2024-04-22,1053.95,2.41
AXISBANK,2024-04-23,1055.75,0.17
AXISBANK,2024-04-24,1063.25,0.71
AXISBANK,2024-04-25,1127.0,6.0
AXISBANK,2024-04-26,1130.3,0.29
AXISBANK,2024-04-29,1159.25,2.56
AXISBANK,2024-04-30,1165.9,0.57
AXISBANK,2024-05-02,1149.85,-1.38
AXISBANK,2024-05-03,1141.5,-0.73
AXISBANK,2024-05-06,1143.65,0.19
AXISBANK,2024-05-07,1127.7,-1.39
AXISBANK,2024-05-08,1128.65,0.08
AXISBANK,2024-05-09,1115.65,-1.15
AXISBANK,2024-05-10,1120.1,0.4
AXISBANK,2024-05-13,1132.0,1.06
AXISBANK,2024-05-14,1122.85,-0.81
AXISBANK,2024-05-15,1128.05,0.46
AXISBANK,2024-05-16,1139.3,1.0
AXISBANK,2024-05-17,1141.35,0.18
AXISBANK,2024-05-18,1143.75,0.21
AXISBANK,2024-05-21,1137.65,-0.53
AXISBANK,2024-05-22,1126.0,-1.02
AXISBANK,2024-05-23,1165.25,3.49
AXISBANK,2024-05-24,1174.0,0.75
AXISBANK,2024-05-27,1187.0,1.11
AXISBANK,2024-05-28,1183.4,-0.3
AXISBANK,2024-05-29,1159.75,-2.0
AXISBANK,2024-05-30,1167.95,0.71
AXISBANK,2024-05-31,1162.15,-0.5
AXISBANK,2024-06-03,1223.9,5.31
AXISBANK,2024-06-04,1131.25,-7.57
AXISBANK,2024-06-05,1184.5,4.71
AXISBANK,2024-06-06,1170.95,-1.14
AXISBANK,2024-06-07,1186.8,1.35
AXISBANK,2024-06-10,1200.0,1.11
AXISBANK,2024-06-11,1194.6,-0.45
AXISBANK,2024-06-12,1187.9,-0.56
AXISBANK,2024-06-13,1174.65,-1.12
AXISBANK,2024-06-14,1181.05,0.54
AXISBANK,2024-06-18,1191.9,0.92
AXISBANK,2024-06-19,1226.65,2.92
AXISBANK,2024-06-20,1239.5,1.05
AXISBANK,2024-06-21,1237.45,-0.17
AXISBANK,2024-06-24,1228.1,-0.76
AXISBANK,2024-06-25,1271.45,3.53
AXISBANK,2024-06-26,1285.4,1.1
AXISBANK,2024-06-27,1288.95,0.28
AXISBANK,2024-06-28,1265.25,-1.84
AXISBANK,2024-07-01,1261.9,-0.26
AXISBANK,2024-07-02,1253.4,-0.67
AXISBANK,2024-07-03,1280.0,2.12
AXISBANK,2024-07-04,1280.9,0.07
AXISBANK,2024-07-05,1287.05,0.48
AXISBANK,2024-07-08,1287.85,0.06
AXISBANK,2024-07-09,1289.4,0.12
AXISBANK,2024-07-10,1291.65,0.17
AXISBANK,2024-07-11,1296.75,0.39
AXISBANK,2024-07-12,1317.3,1.58
AXISBANK,2024-07-15,1307.45,-0.75
AXISBANK,2024-07-16,1304.0,-0.26
AXISBANK,2024-07-18,1309.4,0.41
AXISBANK,2024-07-19,1292.35,-1.3
AXISBANK,2024-07-22,1282.5,-0.76
AXISBANK,2024-07-23,1263.25,-1.5
AXISBANK,2024-07-24,1239.25,-1.9
AXISBANK,2024-07-25,1175.9,-5.11
AXISBANK,2024-07-26,1177.35,0.12
AXISBANK,2024-07-29,1170.05,-0.62
AXISBANK,2024-07-30,1170.0,-0.0
AXISBANK,2024-07-31,1166.1,-0.33
AXISBANK,2024-08-01,1172.3,0.53
AXISBANK,2024-08-02,1160.85,-0.98
AXISBANK,2024-08-05,1133.5,-2.36
AXISBANK,2024-08-06,1126.1,-0.65
AXISBANK,2024-08-07,1136.8,0.95
AXISBANK,2024-08-08,1138.15,0.12
AXISBANK,2024-08-09,1142.75,0.4
AXISBANK,2024-08-12,1164.3,1.89
AXISBANK,2024-08-13,1159.6,-0.4
AXISBANK,2024-08-14,1153.1,-0.56
AXISBANK,2024-08-16,1166.85,1.19
AXISBANK,2024-08-19,1153.25,-1.17
AXISBANK,2024-08-20,1168.0,1.28
AXISBANK,2024-08-21,1174.4,0.55
AXISBANK,2024-08-22,1169.95,-0.38
AXISBANK,2024-08-23,1165.95,-0.34
AXISBANK,2024-08-26,1170.3,0.37
AXISBANK,2024-08-27,1181.25,0.94
AXISBANK,2024-08-28,1170.95,-0.87
AXISBANK,2024-08-29,1175.4,0.38
AXISBANK,2024-08-30,1175.25,-0.01
AXISBANK,2024-09-02,1188.8,1.15
AXISBANK,2024-09-03,1191.6,0.24
AXISBANK,2024-09-04,1177.7,-1.17
AXISBANK,2024-09-05,1180.55,0.24
AXISBANK,2024-09-06,1158.75,-1.85
AXISBANK,2024-09-09,1170.85,1.04
AXISBANK,2024-09-10,1187.2,1.4
AXISBANK,2024-09-11,1186.1,-0.09
AXISBANK,2024-09-12,1203.35,1.45
AXISBANK,2024-09-13,1217.45,1.17
AXISBANK,2024-09-16,1231.05,1.12
AXISBANK,2024-09-17,1232.1,0.09
AXISBANK,2024-09-18,1240.45,0.68
AXISBANK,2024-09-19,1242.7,0.18
AXISBANK,2024-09-20,1245.0,0.19
AXISBANK,2024-09-23,1246.8,0.14
AXISBANK,2024-09-24,1239.55,-0.58
AXISBANK,2024-09-25,1268.1,2.3
AXISBANK,2024-09-26,1277.1,0.71
AXISBANK,2024-09-27,1273.15,-0.31
AXISBANK,2024-09-30,1232.2,-3.22
AXISBANK,2024-10-01,1226.65,-0.45
AXISBANK,2024-10-03,1175.7,-4.15
AXISBANK,2024-10-04,1178.4,0.23
AXISBANK,2024-10-07,1145.7,-2.77
AXISBANK,2024-10-08,1153.3,0.66
AXISBANK,2024-10-09,1170.15,1.46
AXISBANK,2024-10-10,1184.25,1.2
AXISBANK,2024-10-11,1172.45,-1.0
AXISBANK,2024-10-14,1164.35,-0.69
AXISBANK,2024-10-15,1153.85,-0.9
AXISBANK,2024-10-16,1153.2,-0.06
AXISBANK,2024-10-17,1131.85,-1.85
AXISBANK,2024-10-18,1196.85,5.74
AXISBANK,2024-10-21,1190.3,-0.55
AXISBANK,2024-10-22,1175.75,-1.22
AXISBANK,2024-10-23,1160.4,-1.31
AXISBANK,2024-10-24,1167.35,0.6
AXISBANK,2024-10-25,1189.35,1.88
AXISBANK,2024-10-28,1171.6,-1.49
AXISBANK,2024-10-29,1186.85,1.3
AXISBANK,2024-10-30,1170.4,-1.39
AXISBANK,2024-10-31,1159.55,-0.93
AXISBANK,2024-11-01,1169.55,0.86
AXISBANK,2024-11-04,1139.25,-2.59
AXISBANK,2024-11-05,1171.7,2.85
AXISBANK,2024-11-06,1166.5,-0.44
AXISBANK,2024-11-07,1159.9,-0.57
AXISBANK,2024-11-08,1160.95,0.09
AXISBANK,2024-11-11,1171.0,0.87
AXISBANK,2024-11-12,1158.15,-1.1
AXISBANK,2024-11-13,1139.15,-1.64
AXISBANK,2024-11-14,1140.7,0.14
AXISBANK,2024-11-18,1126.2,-1.27
AXISBANK,2024-11-19,1133.95,0.69
AXISBANK,2024-11-21,1139.15,0.46
AXISBANK,2024-11-22,1142.4,0.29
BAJAJ-AUTO,2023-10-03,5016.45,
BAJAJ-AUTO,2023-10-04,4918.6,-1.95
BAJAJ-AUTO,2023-10-05,5011.05,1.88
BAJAJ-AUTO,2023-10-06,5014.6,0.07
BAJAJ-AUTO,2023-10-09,5007.3,-0.15
BAJAJ-AUTO,2023-10-10,5037.5,0.6
BAJAJ-AUTO,2023-10-11,5064.4,0.53
BAJAJ-AUTO,2023-10-12,5106.6,0.83
BAJAJ-AUTO,2023-10-13,5052.4,-1.06
BAJAJ-AUTO,2023-10-16,5076.7,0.48
BAJAJ-AUTO,2023-10-17,5141.25,1.27
BAJAJ-AUTO,2023-10-18,5137.35,-0.08
BAJAJ-AUTO,2023-10-19,5482.6,6.72
BAJAJ-AUTO,2023-10-20,5489.3,0.12
BAJAJ-AUTO,2023-10-23,5405.4,-1.53
BAJAJ-AUTO,2023-10-25,5347.3,-1.07
BAJAJ-AUTO,2023-10-26,5259.35,-1.64
BAJAJ-AUTO,2023-10-27,5373.55,2.17
BAJAJ-AUTO,2023-10-30,5308.9,-1.2
BAJAJ-AUTO,2023-10-31,5314.05,0.1
BAJAJ-AUTO,2023-11-01,5344.35,0.57
BAJAJ-AUTO,2023-11-02,5318.4,-0.49
BAJAJ-AUTO,2023-11-03,5368.95,0.95
BAJAJ-AUTO,2023-11-06,5406.85,0.71
BAJAJ-AUTO,2023-11-07,5419.0,0.22
BAJAJ-AUTO,2023-11-08,5397.6,-0.39
BAJAJ-AUTO,2023-11-09,5418.9,0.39
BAJAJ-AUTO,2023-11-10,5392.05,-0.5
BAJAJ-AUTO,2023-11-12,5442.55,0.94
BAJAJ-AUTO,2023-11-13,5425.2,-0.32
BAJAJ-AUTO,2023-11-15,5536.7,2.06
BAJAJ-AUTO,2023-11-16,5550.9,0.26
BAJAJ-AUTO,2023-11-17,5631.5,1.45
BAJAJ-AUTO,2023-11-20,5650.15,0.33
BAJAJ-AUTO,2023-11-21,5685.95,0.63
BAJAJ-AUTO,2023-11-22,5751.55,1.15
BAJAJ-AUTO,2023-11-23,5925.25,3.02
BAJAJ-AUTO,2023-11-24,5930.3,0.09
BAJAJ-AUTO,2023-11-28,5998.15,1.14
BAJAJ-AUTO,2023-11-29,6069.95,1.2
BAJAJ-AUTO,2023-11-30,6090.55,0.34
BAJAJ-AUTO,2023-12-01,6046.05,-0.73
BAJAJ-AUTO,2023-12-04,6201.7,2.57
BAJAJ-AUTO,2023-12-05,6140.1,-0.99
BAJAJ-AUTO,2023-12-06,6069.95,-1.14
BAJAJ-AUTO,2023-12-07,6093.6,0.39
BAJAJ-AUTO,2023-12-08,6075.7,-0.29
BAJAJ-AUTO,2023-12-11,6138.4,1.03
BAJAJ-AUTO,2023-12-12,6254.2,1.89
BAJAJ-AUTO,2023-12-13,6316.1,0.99
BAJAJ-AUTO,2023-12-14,6334.85,0.3
BAJAJ-AUTO,2023-12-15,6275.2,-0.94
BAJAJ-AUTO,2023-12-18,6465.7,3.04
BAJAJ-AUTO,2023-12-19,6419.0,-0.72
BAJAJ-AUTO,2023-12-20,6364.45,-0.85
BAJAJ-AUTO,2023-12-21,6246.35,-1.86
BAJAJ-AUTO,2023-12-22,6372.1,2.01
BAJAJ-AUTO,2023-12-26,6464.55,1.45
BAJAJ-AUTO,2023-12-27,6709.65,3.79
BAJAJ-AUTO,2023-12-28,6703.3,-0.09
BAJAJ-AUTO,2023-12-29,6797.25,1.4
BAJAJ-AUTO,2024-01-01,6701.1,-1.41
BAJAJ-AUTO,2024-01-02,6665.05,-0.54
BAJAJ-AUTO,2024-01-03,6986.5,4.82
BAJAJ-AUTO,2024-01-04,6922.15,-0.92
BAJAJ-AUTO,2024-01-05,6978.5,0.81
BAJAJ-AUTO,2024-01-08,6983.85,0.08
BAJAJ-AUTO,2024-01-09,7093.9,1.58
BAJAJ-AUTO,2024-01-10,7053.75,-0.57
BAJAJ-AUTO,2024-01-11,7298.85,3.47
BAJAJ-AUTO,2024-01-12,7301.95,0.04
BAJAJ-AUTO,2024-01-15,7332.1,0.41
BAJAJ-AUTO,2024-01-16,7293.95,-0.52
BAJAJ-AUTO,2024-01-17,7165.95,-1.75
BAJAJ-AUTO,2024-01-18,7083.6,-1.15
BAJAJ-AUTO,2024-01-19,7136.55,0.75
BAJAJ-AUTO,2024-01-20,7095.15,-0.58
BAJAJ-AUTO,2024-01-23,7095.9,0.01
BAJAJ-AUTO,2024-01-24,7212.85,1.65
BAJAJ-AUTO,2024-01-25,7597.5,5.33
BAJAJ-AUTO,2024-01-29,7548.8,-0.64
BAJAJ-AUTO,2024-01-30,7566.4,0.23
BAJAJ-AUTO,2024-01-31,7667.55,1.34
BAJAJ-AUTO,2024-02-01,7655.75,-0.15
BAJAJ-AUTO,2024-02-02,7738.2,1.08
BAJAJ-AUTO,2024-02-05,7658.25,-1.03
BAJAJ-AUTO,2024-02-06,7720.4,0.81
BAJAJ-AUTO,2024-02-07,7701.9,-0.24
BAJAJ-AUTO,2024-02-08,7757.25,0.72
BAJAJ-AUTO,2024-02-09,7784.85,0.36
BAJAJ-AUTO,2024-02-12,7829.95,0.58
BAJAJ-AUTO,2024-02-13,7917.4,1.12
BAJAJ-AUTO,2024-02-14,8083.3,2.1
BAJAJ-AUTO,2024-02-15,8123.05,0.49
BAJAJ-AUTO,2024-02-16,8325.05,2.49
BAJAJ-AUTO,2024-02-19,8509.7,2.22
BAJAJ-AUTO,2024-02-20,8295.2,-2.52
BAJAJ-AUTO,2024-02-21,8232.25,-0.76
BAJAJ-AUTO,2024-02-22,8498.45,3.23
BAJAJ-AUTO,2024-02-23,8436.95,-0.72
BAJAJ-AUTO,2024-02-26,8448.0,0.13
BAJAJ-AUTO,2024-02-27,8463.5,0.18
BAJAJ-AUTO,2024-02-28,8188.65,-3.25
BAJAJ-AUTO,2024-02-29,7909.35,-3.41
BAJAJ-AUTO,2024-03-01,8040.05,1.65
BAJAJ-AUTO,2024-03-02,8041.3,0.02
BAJAJ-AUTO,2024-03-04,8207.3,2.06
BAJAJ-AUTO,2024-03-05,8351.75,1.76
BAJAJ-AUTO,2024-03-06,8605.8,3.04
BAJAJ-AUTO,2024-03-07,8879.05,3.18
BAJAJ-AUTO,2024-03-11,8659.4,-2.47
BAJAJ-AUTO,2024-03-12,8527.7,-1.52
BAJAJ-AUTO,2024-03-13,8384.9,-1.67
BAJAJ-AUTO,2024-03-14,8383.55,-0.02
BAJAJ-AUTO,2024-03-15,8350.7,-0.39
BAJAJ-AUTO,2024-03-18,8521.8,2.05
BAJAJ-AUTO,2024-03-19,8640.2,1.39
BAJAJ-AUTO,2024-03-20,8635.6,-0.05
BAJAJ-AUTO,2024-03-21,8750.6,1.33
BAJAJ-AUTO,2024-03-22,8945.25,2.22
BAJAJ-AUTO,2024-03-26,8960.55,0.17
BAJAJ-AUTO,2024-03-27,9162.5,2.25
BAJAJ-AUTO,2024-03-28,9148.15,-0.16
BAJAJ-AUTO,2024-04-01,9042.15,-1.16
BAJAJ-AUTO,2024-04-02,9276.1,2.59
BAJAJ-AUTO,2024-04-03,9080.45,-2.11
BAJAJ-AUTO,2024-04-04,9146.15,0.72
BAJAJ-AUTO,2024-04-05,9009.5,-1.49
BAJAJ-AUTO,2024-04-08,9030.5,0.23
BAJAJ-AUTO,2024-04-09,8978.9,-0.57
BAJAJ-AUTO,2024-04-10,9005.55,0.3
BAJAJ-AUTO,2024-04-12,9064.85,0.66
BAJAJ-AUTO,2024-04-15,8997.05,-0.75
BAJAJ-AUTO,2024-04-16,8919.15,-0.87
BAJAJ-AUTO,2024-04-18,9021.3,1.15
BAJAJ-AUTO,2024-04-19,8804.5,-2.4
BAJAJ-AUTO,2024-04-22,8795.75,-0.1
BAJAJ-AUTO,2024-04-23,8795.8,0.0
BAJAJ-AUTO,2024-04-24,8697.1,-1.12
BAJAJ-AUTO,2024-04-25,8734.9,0.43
BAJAJ-AUTO,2024-04-26,8974.3,2.74
BAJAJ-AUTO,2024-04-29,8760.1,-2.39
BAJAJ-AUTO,2024-04-30,8903.65,1.64
BAJAJ-AUTO,2024-05-02,9110.65,2.32
BAJAJ-AUTO,2024-05-03,9105.6,-0.06
BAJAJ-AUTO,2024-05-06,9052.55,-0.58
BAJAJ-AUTO,2024-05-07,8677.9,-4.14
BAJAJ-AUTO,2024-05-08,8749.4,0.82
BAJAJ-AUTO,2024-05-09,8846.85,1.11
BAJAJ-AUTO,2024-05-10,8981.8,1.53
BAJAJ-AUTO,2024-05-13,8992.3,0.12
BAJAJ-AUTO,2024-05-14,9065.25,0.81
BAJAJ-AUTO,2024-05-15,8903.15,-1.79
BAJAJ-AUTO,2024-05-16,8871.85,-0.35
BAJAJ-AUTO,2024-05-17,8780.7,-1.03
BAJAJ-AUTO,2024-05-18,8813.85,0.38
BAJAJ-AUTO,2024-05-21,8820.7,0.08
BAJAJ-AUTO,2024-05-22,8805.55,-0.17
BAJAJ-AUTO,2024-05-23,8963.45,1.79
BAJAJ-AUTO,2024-05-24,8948.2,-0.17
BAJAJ-AUTO,2024-05-27,8998.7,0.56
BAJAJ-AUTO,2024-05-28,8989.75,-0.1
BAJAJ-AUTO,2024-05-29,9070.2,0.89
BAJAJ-AUTO,2024-05-30,8968.5,-1.12
BAJAJ-AUTO,2024-05-31,9084.75,1.3
BAJAJ-AUTO,2024-06-03,9335.45,2.76
BAJAJ-AUTO,2024-06-04,9246.75,-0.95
BAJAJ-AUTO,2024-06-05,9602.25,3.84
BAJAJ-AUTO,2024-06-06,9701.45,1.03
BAJAJ-AUTO,2024-06-07,9725.55,0.25
BAJAJ-AUTO,2024-06-10,9733.05,0.08
BAJAJ-AUTO,2024-06-11,9812.7,0.82
BAJAJ-AUTO,2024-06-12,9904.25,0.93
BAJAJ-AUTO,2024-06-13,9923.4,0.19
BAJAJ-AUTO,2024-06-14,9961.75,0.39
BAJAJ-AUTO,2024-06-18,9918.2,-0.44
BAJAJ-AUTO,2024-06-19,9685.8,-2.34
BAJAJ-AUTO,2024-06-20,9632.0,-0.56
BAJAJ-AUTO,2024-06-21,9602.25,-0.31
BAJAJ-AUTO,2024-06-24,9745.25,1.49
BAJAJ-AUTO,2024-06-25,9659.95,-0.88
BAJAJ-AUTO,2024-06-26,9474.65,-1.92
BAJAJ-AUTO,2024-06-27,9417.45,-0.6
BAJAJ-AUTO,2024-06-28,9501.65,0.89
BAJAJ-AUTO,2024-07-01,9532.4,0.32
BAJAJ-AUTO,2024-07-02,9401.25,-1.38
BAJAJ-AUTO,2024-07-03,9422.4,0.22
BAJAJ-AUTO,2024-07-04,9460.85,0.41
BAJAJ-AUTO,2024-07-05,9635.8,1.85
BAJAJ-AUTO,2024-07-08,9529.4,-1.1
BAJAJ-AUTO,2024-07-09,9534.1,0.05
BAJAJ-AUTO,2024-07-10,9542.45,0.09
BAJAJ-AUTO,2024-07-11,9466.8,-0.79
BAJAJ-AUTO,2024-07-12,9430.75,-0.38
BAJAJ-AUTO,2024-07-15,9673.35,2.57
BAJAJ-AUTO,2024-07-16,9718.35,0.47
BAJAJ-AUTO,2024-07-18,9626.2,-0.95
BAJAJ-AUTO,2024-07-19,9386.05,-2.49
BAJAJ-AUTO,2024-07-22,9409.7,0.25
BAJAJ-AUTO,2024-07-23,9382.5,-0.29
BAJAJ-AUTO,2024-07-24,9260.2,-1.3
BAJAJ-AUTO,2024-07-25,9278.25,0.19
BAJAJ-AUTO,2024-07-26,9492.9,2.31
BAJAJ-AUTO,2024-07-29,9557.65,0.68
BAJAJ-AUTO,2024-07-30,9564.35,0.07
BAJAJ-AUTO,2024-07-31,9664.2,1.04
BAJAJ-AUTO,2024-08-01,9730.5,0.69
BAJAJ-AUTO,2024-08-02,9616.2,-1.17
BAJAJ-AUTO,2024-08-05,9485.05,-1.36
BAJAJ-AUTO,2024-08-06,9427.4,-0.61
BAJAJ-AUTO,2024-08-07,9708.2,2.98
BAJAJ-AUTO,2024-08-08,9641.3,-0.69
BAJAJ-AUTO,2024-08-09,9765.95,1.29
BAJAJ-AUTO,2024-08-12,9710.85,-0.56
BAJAJ-AUTO,2024-08-13,9671.6,-0.4
BAJAJ-AUTO,2024-08-14,9749.6,0.81
BAJAJ-AUTO,2024-08-16,9888.15,1.42
BAJAJ-AUTO,2024-08-19,9770.65,-1.19
BAJAJ-AUTO,2024-08-20,9779.7,0.09
BAJAJ-AUTO,2024-08-21,9852.0,0.74
BAJAJ-AUTO,2024-08-22,9914.2,0.63
BAJAJ-AUTO,2024-08-23,10406.45,4.97
BAJAJ-AUTO,2024-08-26,10432.55,0.25
BAJAJ-AUTO,2024-08-27,10501.6,0.66
BAJAJ-AUTO,2024-08-28,10656.75,1.48
BAJAJ-AUTO,2024-08-29,10807.85,1.42
BAJAJ-AUTO,2024-08-30,10891.55,0.77
BAJAJ-AUTO,2024-09-02,11126.1,2.15
BAJAJ-AUTO,2024-09-03,11043.65,-0.74
BAJAJ-AUTO,2024-09-04,10963.7,-0.72
BAJAJ-AUTO,2024-09-05,10855.75,-0.98
BAJAJ-AUTO,2024-09-06,10830.1,-0.24
BAJAJ-AUTO,2024-09-09,10847.6,0.16
BAJAJ-AUTO,2024-09-10,10987.75,1.29
BAJAJ-AUTO,2024-09-11,11420.75,3.94
BAJAJ-AUTO,2024-09-12,11723.5,2.65
BAJAJ-AUTO,2024-09-13,11737.15,0.12
BAJAJ-AUTO,2024-09-16,11688.35,-0.42
BAJAJ-AUTO,2024-09-17,11950.3,2.24
BAJAJ-AUTO,2024-09-18,11764.65,-1.55
BAJAJ-AUTO,2024-09-19,11868.0,0.88
BAJAJ-AUTO,2024-09-20,11941.7,0.62
BAJAJ-AUTO,2024-09-23,12338.95,3.33
BAJAJ-AUTO,2024-09-24,12443.65,0.85
BAJAJ-AUTO,2024-09-25,12397.25,-0.37
BAJAJ-AUTO,2024-09-26,12621.65,1.81
BAJAJ-AUTO,2024-09-27,12666.4,0.35
BAJAJ-AUTO,2024-09-30,12345.95,-2.53
BAJAJ-AUTO,2024-10-01,12157.45,-1.53
BAJAJ-AUTO,2024-10-03,11806.45,-2.89
BAJAJ-AUTO,2024-10-04,11774.4,-0.27
BAJAJ-AUTO,2024-10-07,11617.05,-1.34
BAJAJ-AUTO,2024-10-08,11889.1,2.34
BAJAJ-AUTO,2024-10-09,11818.1,-0.6
BAJAJ-AUTO,2024-10-10,11832.0,0.12
BAJAJ-AUTO,2024-10-11,11876.95,0.38
BAJAJ-AUTO,2024-10-14,11899.3,0.19
BAJAJ-AUTO,2024-10-15,11521.5,-3.17
BAJAJ-AUTO,2024-10-16,11616.95,0.83
BAJAJ-AUTO,2024-10-17,10119.45,-12.89
BAJAJ-AUTO,2024-10-18,10063.95,-0.55
BAJAJ-AUTO,2024-10-21,10500.5,4.34
BAJAJ-AUTO,2024-10-22,10368.35,-1.26
BAJAJ-AUTO,2024-10-23,10586.75,2.11
BAJAJ-AUTO,2024-10-24,10302.5,-2.68
BAJAJ-AUTO,2024-10-25,10206.1,-0.94
BAJAJ-AUTO,2024-10-28,10011.25,-1.91
BAJAJ-AUTO,2024-10-29,9850.85,-1.6
BAJAJ-AUTO,2024-10-30,9940.65,0.91
BAJAJ-AUTO,2024-10-31,9836.3,-1.05
BAJAJ-AUTO,2024-11-01,9875.95,0.4
BAJAJ-AUTO,2024-11-04,9525.55,-3.55
BAJAJ-AUTO,2024-11-05,9874.85,3.67
BAJAJ-AUTO,2024-11-06,10020.5,1.47
BAJAJ-AUTO,2024-11-07,9856.65,-1.64
BAJAJ-AUTO,2024-11-08,9910.4,0.55
BAJAJ-AUTO,2024-11-11,9919.35,0.09
BAJAJ-AUTO,2024-11-12,9678.7,-2.43
BAJAJ-AUTO,2024-11-13,9452.15,-2.34
BAJAJ-AUTO,2024-11-14,9482.95,0.33
BAJAJ-AUTO,2024-11-18,9516.5,0.35
BAJAJ-AUTO,2024-11-19,9545.7,0.31
BAJAJ-AUTO,2024-11-21,9505.0,-0.43
BAJAJ-AUTO,2024-11-22,9481.65,-0.25
BAJAJFINSV,2023-10-03,1561.05,
BAJAJFINSV,2023-10-04,1532.55,-1.83
BAJAJFINSV,2023-10-05,1542.55,0.65
BAJAJFINSV,2023-10-06,1634.65,5.97
BAJAJFINSV,2023-10-09,1621.55,-0.8
BAJAJFINSV,2023-10-10,1633.1,0.71
BAJAJFINSV,2023-10-11,1636.55,0.21
BAJAJFINSV,2023-10-12,1634.8,-0.11
BAJAJFINSV,2023-10-13,1646.55,0.72
BAJAJFINSV,2023-10-16,1642.35,-0.26
BAJAJFINSV,2023-10-17,1657.65,0.93
BAJAJFINSV,2023-10-18,1628.2,-1.78
BAJAJFINSV,2023-10-19,1634.75,0.4
BAJAJFINSV,2023-10-20,1635.05,0.02
BAJAJFINSV,2023-10-23,1613.15,-1.34
BAJAJFINSV,2023-10-25,1611.45,-0.11
BAJAJFINSV,2023-10-26,1560.0,-3.19
BAJAJFINSV,2023-10-27,1566.4,0.41
BAJAJFINSV,2023-10-30,1561.1,-0.34
BAJAJFINSV,2023-10-31,1569.55,0.54
BAJAJFINSV,2023-11-01,1572.85,0.21
BAJAJFINSV,2023-11-02,1575.6,0.17
BAJAJFINSV,2023-11-03,1536.15,-2.5
BAJAJFINSV,2023-11-06,1564.4,1.84
BAJAJFINSV,2023-11-07,1569.8,0.35
BAJAJFINSV,2023-11-08,1575.5,0.36
BAJAJFINSV,2023-11-09,1582.25,0.43
BAJAJFINSV,2023-11-10,1596.0,0.87
BAJAJFINSV,2023-11-12,1594.6,-0.09
BAJAJFINSV,2023-11-13,1585.2,-0.59
BAJAJFINSV,2023-11-15,1587.05,0.12
BAJAJFINSV,2023-11-16,1620.65,2.12
BAJAJFINSV,2023-11-17,1615.9,-0.29
BAJAJFINSV,2023-11-20,1593.8,-1.37
BAJAJFINSV,2023-11-21,1610.4,1.04
BAJAJFINSV,2023-11-22,1623.9,0.84
BAJAJFINSV,2023-11-23,1623.95,0.0
BAJAJFINSV,2023-11-24,1617.25,-0.41
BAJAJFINSV,2023-11-28,1654.4,2.3
BAJAJFINSV,2023-11-29,1653.5,-0.05
BAJAJFINSV,2023-11-30,1673.5,1.21
BAJAJFINSV,2023-12-01,1685.95,0.74
BAJAJFINSV,2023-12-04,1696.25,0.61
BAJAJFINSV,2023-12-05,1692.7,-0.21
BAJAJFINSV,2023-12-06,1700.35,0.45
BAJAJFINSV,2023-12-07,1704.05,0.22
BAJAJFINSV,2023-12-08,1710.15,0.36
BAJAJFINSV,2023-12-11,1702.8,-0.43
BAJAJFINSV,2023-12-12,1706.75,0.23
BAJAJFINSV,2023-12-13,1684.55,-1.3
BAJAJFINSV,2023-12-14,1730.95,2.75
BAJAJFINSV,2023-12-15,1733.15,0.13
BAJAJFINSV,2023-12-18,1724.6,-0.49
BAJAJFINSV,2023-12-19,1709.75,-0.86
BAJAJFINSV,2023-12-20,1680.9,-1.69
BAJAJFINSV,2023-12-21,1666.85,-0.84
BAJAJFINSV,2023-12-22,1672.05,0.31
BAJAJFINSV,2023-12-26,1645.3,-1.6
BAJAJFINSV,2023-12-27,1669.45,1.47
BAJAJFINSV,2023-12-28,1681.2,0.7
BAJAJFINSV,2023-12-29,1685.8,0.27
BAJAJFINSV,2024-01-01,1676.4,-0.56
BAJAJFINSV,2024-01-02,1686.2,0.58
BAJAJFINSV,2024-01-03,1677.65,-0.51
BAJAJFINSV,2024-01-04,1701.95,1.45
BAJAJFINSV,2024-01-05,1709.5,0.44
BAJAJFINSV,2024-01-08,1696.35,-0.77
BAJAJFINSV,2024-01-09,1682.45,-0.82
BAJAJFINSV,2024-01-10,1671.85,-0.63
BAJAJFINSV,2024-01-11,1669.25,-0.16
BAJAJFINSV,2024-01-12,1651.9,-1.04
BAJAJFINSV,2024-01-15,1632.4,-1.18
BAJAJFINSV,2024-01-16,1623.5,-0.55
BAJAJFINSV,2024-01-17,1586.15,-2.3
BAJAJFINSV,2024-01-18,1581.15,-0.32
BAJAJFINSV,2024-01-19,1600.5,1.22
BAJAJFINSV,2024-01-20,1581.0,-1.22
BAJAJFINSV,2024-01-23,1582.5,0.09
BAJAJFINSV,2024-01-24,1620.85,2.42
BAJAJFINSV,2024-01-25,1630.15,0.57
BAJAJFINSV,2024-01-29,1636.95,0.42
BAJAJFINSV,2024-01-30,1590.55,-2.83
BAJAJFINSV,2024-01-31,1627.3,2.31
BAJAJFINSV,2024-02-01,1622.25,-0.31
BAJAJFINSV,2024-02-02,1651.5,1.8
BAJAJFINSV,2024-02-05,1614.9,-2.22
BAJAJFINSV,2024-02-06,1597.05,-1.11
BAJAJFINSV,2024-02-07,1596.2,-0.05
BAJAJFINSV,2024-02-08,1570.55,-1.61
BAJAJFINSV,2024-02-09,1570.95,0.03
BAJAJFINSV,2024-02-12,1557.25,-0.87
BAJAJFINSV,2024-02-13,1568.0,0.69
BAJAJFINSV,2024-02-14,1579.7,0.75
BAJAJFINSV,2024-02-15,1569.4,-0.65
BAJAJFINSV,2024-02-16,1575.9,0.41
BAJAJFINSV,2024-02-19,1620.15,2.81
BAJAJFINSV,2024-02-20,1602.85,-1.07
BAJAJFINSV,2024-02-21,1586.95,-0.99
BAJAJFINSV,2024-02-22,1592.55,0.35
BAJAJFINSV,2024-02-23,1616.55,1.51
BAJAJFINSV,2024-02-26,1614.3,-0.14
BAJAJFINSV,2024-02-27,1600.6,-0.85
BAJAJFINSV,2024-02-28,1584.5,-1.01
BAJAJFINSV,2024-02-29,1593.8,0.59
BAJAJFINSV,2024-03-01,1613.4,1.23
BAJAJFINSV,2024-03-02,1610.15,-0.2
BAJAJFINSV,2024-03-04,1619.3,0.57
BAJAJFINSV,2024-03-05,1550.5,-4.25
BAJAJFINSV,2024-03-06,1554.6,0.26
BAJAJFINSV,2024-03-07,1582.8,1.81
BAJAJFINSV,2024-03-11,1598.8,1.01
BAJAJFINSV,2024-03-12,1593.55,-0.33
BAJAJFINSV,2024-03-13,1573.15,-1.28
BAJAJFINSV,2024-03-14,1563.7,-0.6
BAJAJFINSV,2024-03-15,1571.45,0.5
BAJAJFINSV,2024-03-18,1577.05,0.36
BAJAJFINSV,2024-03-19,1581.5,0.28
BAJAJFINSV,2024-03-20,1584.7,0.2
BAJAJFINSV,2024-03-21,1602.6,1.13
BAJAJFINSV,2024-03-22,1587.55,-0.94
BAJAJFINSV,2024-03-26,1593.9,0.4
BAJAJFINSV,2024-03-27,1582.65,-0.71
BAJAJFINSV,2024-03-28,1643.85,3.87
BAJAJFINSV,2024-04-01,1646.0,0.13
BAJAJFINSV,2024-04-02,1656.55,0.64
BAJAJFINSV,2024-04-03,1640.35,-0.98
BAJAJFINSV,2024-04-04,1655.8,0.94
BAJAJFINSV,2024-04-05,1677.95,1.34
BAJAJFINSV,2024-04-08,1689.15,0.67
BAJAJFINSV,2024-04-09,1710.4,1.26
BAJAJFINSV,2024-04-10,1704.1,-0.37
BAJAJFINSV,2024-04-12,1698.65,-0.32
BAJAJFINSV,2024-04-15,1656.85,-2.46
BAJAJFINSV,2024-04-16,1618.5,-2.31
BAJAJFINSV,2024-04-18,1593.9,-1.52
BAJAJFINSV,2024-04-19,1619.0,1.57
BAJAJFINSV,2024-04-22,1629.45,0.65
BAJAJFINSV,2024-04-23,1621.1,-0.51
BAJAJFINSV,2024-04-24,1630.35,0.57
BAJAJFINSV,2024-04-25,1655.55,1.55
BAJAJFINSV,2024-04-26,1597.35,-3.52
BAJAJFINSV,2024-04-29,1595.65,-0.11
BAJAJFINSV,2024-04-30,1615.0,1.21
BAJAJFINSV,2024-05-02,1615.45,0.03
BAJAJFINSV,2024-05-03,1627.3,0.73
BAJAJFINSV,2024-05-06,1611.35,-0.98
BAJAJFINSV,2024-05-07,1615.15,0.24
BAJAJFINSV,2024-05-08,1603.05,-0.75
BAJAJFINSV,2024-05-09,1564.6,-2.4
BAJAJFINSV,2024-05-10,1572.7,0.52
BAJAJFINSV,2024-05-13,1580.55,0.5
BAJAJFINSV,2024-05-14,1576.45,-0.26
BAJAJFINSV,2024-05-15,1569.05,-0.47
BAJAJFINSV,2024-05-16,1596.0,1.72
BAJAJFINSV,2024-05-17,1584.75,-0.7
BAJAJFINSV,2024-05-18,1587.5,0.17
BAJAJFINSV,2024-05-21,1582.55,-0.31
BAJAJFINSV,2024-05-22,1583.95,0.09
BAJAJFINSV,2024-05-23,1608.45,1.55
BAJAJFINSV,2024-05-24,1601.7,-0.42
BAJAJFINSV,2024-05-27,1595.8,-0.37
BAJAJFINSV,2024-05-28,1599.65,0.24
BAJAJFINSV,2024-05-29,1569.9,-1.86
BAJAJFINSV,2024-05-30,1524.1,-2.92
BAJAJFINSV,2024-05-31,1528.6,0.3
BAJAJFINSV,2024-06-03,1575.8,3.09
BAJAJFINSV,2024-06-04,1477.3,-6.25
BAJAJFINSV,2024-06-05,1517.7,2.73
BAJAJFINSV,2024-06-06,1526.45,0.58
BAJAJFINSV,2024-06-07,1567.7,2.7
BAJAJFINSV,2024-06-10,1565.8,-0.12
BAJAJFINSV,2024-06-11,1568.25,0.16
BAJAJFINSV,2024-06-12,1579.1,0.69
BAJAJFINSV,2024-06-13,1590.1,0.7
BAJAJFINSV,2024-06-14,1591.75,0.1
BAJAJFINSV,2024-06-18,1597.95,0.39
BAJAJFINSV,2024-06-19,1594.9,-0.19
BAJAJFINSV,2024-06-20,1586.0,-0.56
BAJAJFINSV,2024-06-21,1578.9,-0.45
BAJAJFINSV,2024-06-24,1587.65,0.55
BAJAJFINSV,2024-06-25,1603.35,0.99
BAJAJFINSV,2024-06-26,1600.25,-0.19
BAJAJFINSV,2024-06-27,1603.1,0.18
BAJAJFINSV,2024-06-28,1588.15,-0.93
BAJAJFINSV,2024-07-01,1580.2,-0.5
BAJAJFINSV,2024-07-02,1579.75,-0.03
BAJAJFINSV,2024-07-03,1594.15,0.91
BAJAJFINSV,2024-07-04,1585.7,-0.53
BAJAJFINSV,2024-07-05,1579.6,-0.38
BAJAJFINSV,2024-07-08,1570.1,-0.6
BAJAJFINSV,2024-07-09,1581.6,0.73
BAJAJFINSV,2024-07-10,1582.55,0.06
BAJAJFINSV,2024-07-11,1587.85,0.33
BAJAJFINSV,2024-07-12,1597.25,0.59
BAJAJFINSV,2024-07-15,1602.2,0.31
BAJAJFINSV,2024-07-16,1609.55,0.46
BAJAJFINSV,2024-07-18,1651.25,2.59
BAJAJFINSV,2024-07-19,1640.25,-0.67
BAJAJFINSV,2024-07-22,1631.15,-0.55
BAJAJFINSV,2024-07-23,1618.85,-0.75
BAJAJFINSV,2024-07-24,1579.25,-2.45
BAJAJFINSV,2024-07-25,1571.95,-0.46
BAJAJFINSV,2024-07-26,1586.45,0.92
BAJAJFINSV,2024-07-29,1617.15,1.94
BAJAJFINSV,2024-07-30,1642.65,1.58
BAJAJFINSV,2024-07-31,1651.65,0.55
BAJAJFINSV,2024-08-01,1634.8,-1.02
BAJAJFINSV,2024-08-02,1623.45,-0.69
BAJAJFINSV,2024-08-05,1567.7,-3.43
BAJAJFINSV,2024-08-06,1564.1,-0.23
BAJAJFINSV,2024-08-07,1571.4,0.47
BAJAJFINSV,2024-08-08,1540.05,-2.0
BAJAJFINSV,2024-08-09,1560.2,1.31
BAJAJFINSV,2024-08-12,1559.0,-0.08
BAJAJFINSV,2024-08-13,1543.35,-1.0
BAJAJFINSV,2024-08-14,1529.15,-0.92
BAJAJFINSV,2024-08-16,1549.9,1.36
BAJAJFINSV,2024-08-19,1551.1,0.08
BAJAJFINSV,2024-08-20,1602.1,3.29
BAJAJFINSV,2024-08-21,1620.95,1.18
BAJAJFINSV,2024-08-22,1625.7,0.29
BAJAJFINSV,2024-08-23,1639.9,0.87
BAJAJFINSV,2024-08-26,1686.2,2.82
BAJAJFINSV,2024-08-27,1719.0,1.95
BAJAJFINSV,2024-08-28,1713.5,-0.32
BAJAJFINSV,2024-08-29,1755.65,2.46
BAJAJFINSV,2024-08-30,1783.05,1.56
BAJAJFINSV,2024-09-02,1840.55,3.22
BAJAJFINSV,2024-09-03,1865.6,1.36
BAJAJFINSV,2024-09-04,1871.9,0.34
BAJAJFINSV,2024-09-05,1864.95,-0.37
BAJAJFINSV,2024-09-06,1857.15,-0.42
BAJAJFINSV,2024-09-09,1860.45,0.18
BAJAJFINSV,2024-09-10,1824.5,-1.93
BAJAJFINSV,2024-09-11,1833.15,0.47
BAJAJFINSV,2024-09-12,1854.85,1.18
BAJAJFINSV,2024-09-13,1894.45,2.13
BAJAJFINSV,2024-09-16,1857.6,-1.95
BAJAJFINSV,2024-09-17,1848.7,-0.48
BAJAJFINSV,2024-09-18,1888.2,2.14
BAJAJFINSV,2024-09-19,1890.4,0.12
BAJAJFINSV,2024-09-20,1916.8,1.4
BAJAJFINSV,2024-09-23,1919.95,0.16
BAJAJFINSV,2024-09-24,1904.65,-0.8
BAJAJFINSV,2024-09-25,1928.5,1.25
BAJAJFINSV,2024-09-26,1982.8,2.82
BAJAJFINSV,2024-09-27,2010.7,1.41
BAJAJFINSV,2024-09-30,1973.4,-1.86
BAJAJFINSV,2024-10-01,1975.25,0.09
BAJAJFINSV,2024-10-03,1913.4,-3.13
BAJAJFINSV,2024-10-04,1884.55,-1.51
BAJAJFINSV,2024-10-07,1879.3,-0.28
BAJAJFINSV,2024-10-08,1838.15,-2.19
BAJAJFINSV,2024-10-09,1866.95,1.57
BAJAJFINSV,2024-10-10,1875.7,0.47
BAJAJFINSV,2024-10-11,1876.4,0.04
BAJAJFINSV,2024-10-14,1867.2,-0.49
BAJAJFINSV,2024-10-15,1853.95,-0.71
BAJAJFINSV,2024-10-16,1862.05,0.44
BAJAJFINSV,2024-10-17,1815.8,-2.48
BAJAJFINSV,2024-10-18,1819.9,0.23
BAJAJFINSV,2024-10-21,1758.4,-3.38
BAJAJFINSV,2024-10-22,1722.6,-2.04
BAJAJFINSV,2024-10-23,1739.7,0.99
BAJAJFINSV,2024-10-24,1742.1,0.14
BAJAJFINSV,2024-10-25,1707.4,-1.99
BAJAJFINSV,2024-10-28,1730.45,1.35
BAJAJFINSV,2024-10-29,1766.7,2.09
BAJAJFINSV,2024-10-30,1752.45,-0.81
BAJAJFINSV,2024-10-31,1750.75,-0.1
BAJAJFINSV,2024-11-01,1754.7,0.23
BAJAJFINSV,2024-11-04,1712.5,-2.4
BAJAJFINSV,2024-11-05,1735.65,1.35
BAJAJFINSV,2024-11-06,1748.7,0.75
BAJAJFINSV,2024-11-07,1729.7,-1.09
BAJAJFINSV,2024-11-08,1739.75,0.58
BAJAJFINSV,2024-11-11,1717.45,-1.28
BAJAJFINSV,2024-11-12,1691.75,-1.5
BAJAJFINSV,2024-11-13,1664.45,-1.61
BAJAJFINSV,2024-11-14,1639.8,-1.48
BAJAJFINSV,2024-11-18,1616.0,-1.45
BAJAJFINSV,2024-11-19,1596.35,-1.22
BAJAJFINSV,2024-11-21,1569.25,-1.7
BAJAJFINSV,2024-11-22,1600.85,2.01
BAJFINANCE,2023-10-03,7967.6,
BAJFINANCE,2023-10-04,7854.05,-1.43
BAJFINANCE,2023-10-05,7850.9,-0.04
BAJFINANCE,2023-10-06,8168.55,4.05
BAJFINANCE,2023-10-09,8027.7,-1.72
BAJFINANCE,2023-10-10,8083.6,0.7
BAJFINANCE,2023-10-11,8101.95,0.23
BAJFINANCE,2023-10-12,8014.3,-1.08
BAJFINANCE,2023-10-13,8051.65,0.47
BAJFINANCE,2023-10-16,8036.0,-0.19
BAJFINANCE,2023-10-17,8093.0,0.71
BAJFINANCE,2023-10-18,7866.55,-2.8
BAJFINANCE,2023-10-19,7841.55,-0.32
BAJFINANCE,2023-10-20,7769.2,-0.92
BAJFINANCE,2023-10-23,7798.9,0.38
BAJFINANCE,2023-10-25,7694.45,-1.34
BAJFINANCE,2023-10-26,7421.8,-3.54
BAJFINANCE,2023-10-27,7507.2,1.15
BAJFINANCE,2023-10-30,7503.05,-0.06
BAJFINANCE,2023-10-31,7492.65,-0.14
BAJFINANCE,2023-11-01,7471.9,-0.28
BAJFINANCE,2023-11-02,7449.1,-0.31
BAJFINANCE,2023-11-03,7411.5,-0.5
BAJFINANCE,2023-11-06,7562.05,2.03
BAJFINANCE,2023-11-07,7495.6,-0.88
BAJFINANCE,2023-11-08,7459.95,-0.48
BAJFINANCE,2023-11-09,7386.7,-0.98
BAJFINANCE,2023-11-10,7444.8,0.79
BAJFINANCE,2023-11-12,7456.9,0.16
BAJFINANCE,2023-11-13,7360.85,-1.29
BAJFINANCE,2023-11-15,7224.3,-1.86
BAJFINANCE,2023-11-16,7362.45,1.91
BAJFINANCE,2023-11-17,7221.0,-1.92
BAJFINANCE,2023-11-20,7068.6,-2.11
BAJFINANCE,2023-11-21,7103.15,0.49
BAJFINANCE,2023-11-22,7128.35,0.35
BAJFINANCE,2023-11-23,7073.65,-0.77
BAJFINANCE,2023-11-24,7020.8,-0.75
BAJFINANCE,2023-11-28,7127.55,1.52
BAJFINANCE,2023-11-29,7130.1,0.04
BAJFINANCE,2023-11-30,7121.9,-0.12
BAJFINANCE,2023-12-01,7259.35,1.93
BAJFINANCE,2023-12-04,7407.65,2.04
BAJFINANCE,2023-12-05,7349.8,-0.78
BAJFINANCE,2023-12-06,7427.1,1.05
BAJFINANCE,2023-12-07,7391.2,-0.48
BAJFINANCE,2023-12-08,7307.6,-1.13
BAJFINANCE,2023-12-11,7292.75,-0.2
BAJFINANCE,2023-12-12,7314.55,0.3
BAJFINANCE,2023-12-13,7258.0,-0.77
BAJFINANCE,2023-12-14,7474.2,2.98
BAJFINANCE,2023-12-15,7515.05,0.55
BAJFINANCE,2023-12-18,7587.6,0.97
BAJFINANCE,2023-12-19,7632.65,0.59
BAJFINANCE,2023-12-20,7493.95,-1.82
BAJFINANCE,2023-12-21,7367.15,-1.69
BAJFINANCE,2023-12-22,7295.3,-0.98
BAJFINANCE,2023-12-26,7162.3,-1.82
BAJFINANCE,2023-12-27,7232.8,0.98
BAJFINANCE,2023-12-28,7258.65,0.36
BAJFINANCE,2023-12-29,7327.75,0.95
BAJFINANCE,2024-01-01,7299.05,-0.39
BAJFINANCE,2024-01-02,7430.05,1.79
BAJFINANCE,2024-01-03,7384.8,-0.61
BAJFINANCE,2024-01-04,7705.55,4.34
BAJFINANCE,2024-01-05,7711.15,0.07
BAJFINANCE,2024-01-08,7736.0,0.32
BAJFINANCE,2024-01-09,7725.45,-0.14
BAJFINANCE,2024-01-10,7680.55,-0.58
BAJFINANCE,2024-01-11,7669.75,-0.14
BAJFINANCE,2024-01-12,7661.05,-0.11
BAJFINANCE,2024-01-15,7478.0,-2.39
BAJFINANCE,2024-01-16,7456.65,-0.29
BAJFINANCE,2024-01-17,7358.85,-1.31
BAJFINANCE,2024-01-18,7265.55,-1.27
BAJFINANCE,2024-01-19,7319.1,0.74
BAJFINANCE,2024-01-20,7301.3,-0.24
BAJFINANCE,2024-01-23,7070.7,-3.16
BAJFINANCE,2024-01-24,7055.3,-0.22
BAJFINANCE,2024-01-25,7085.5,0.43
BAJFINANCE,2024-01-29,7191.65,1.5
BAJFINANCE,2024-01-30,6817.2,-5.21
BAJFINANCE,2024-01-31,6862.9,0.67
BAJFINANCE,2024-02-01,6743.3,-1.74
BAJFINANCE,2024-02-02,6848.3,1.56
BAJFINANCE,2024-02-05,6608.2,-3.51
BAJFINANCE,2024-02-06,6598.15,-0.15
BAJFINANCE,2024-02-07,6709.2,1.68
BAJFINANCE,2024-02-08,6575.65,-1.99
BAJFINANCE,2024-02-09,6654.5,1.2
BAJFINANCE,2024-02-12,6569.15,-1.28
BAJFINANCE,2024-02-13,6603.65,0.53
BAJFINANCE,2024-02-14,6646.5,0.65
BAJFINANCE,2024-02-15,6619.4,-0.41
BAJFINANCE,2024-02-16,6619.2,-0.0
BAJFINANCE,2024-02-19,6712.8,1.41
BAJFINANCE,2024-02-20,6763.6,0.76
BAJFINANCE,2024-02-21,6688.8,-1.11
BAJFINANCE,2024-02-22,6674.95,-0.21
BAJFINANCE,2024-02-23,6697.85,0.34
BAJFINANCE,2024-02-26,6643.25,-0.82
BAJFINANCE,2024-02-27,6556.25,-1.31
BAJFINANCE,2024-02-28,6498.7,-0.88
BAJFINANCE,2024-02-29,6495.35,-0.05
BAJFINANCE,2024-03-01,6571.45,1.17
BAJFINANCE,2024-03-02,6584.35,0.2
BAJFINANCE,2024-03-04,6602.45,0.27
BAJFINANCE,2024-03-05,6324.25,-4.21
BAJFINANCE,2024-03-06,6311.25,-0.21
BAJFINANCE,2024-03-07,6421.05,1.74
BAJFINANCE,2024-03-11,6433.75,0.2
BAJFINANCE,2024-03-12,6436.05,0.04
BAJFINANCE,2024-03-13,6456.15,0.31
BAJFINANCE,2024-03-14,6397.45,-0.91
BAJFINANCE,2024-03-15,6514.35,1.83
BAJFINANCE,2024-03-18,6504.65,-0.15
BAJFINANCE,2024-03-19,6596.25,1.41
BAJFINANCE,2024-03-20,6649.5,0.81
BAJFINANCE,2024-03-21,6715.75,1.0
BAJFINANCE,2024-03-22,6760.9,0.67
BAJFINANCE,2024-03-26,6910.1,2.21
BAJFINANCE,2024-03-27,7022.75,1.63
BAJFINANCE,2024-03-28,7245.25,3.17
BAJFINANCE,2024-04-01,7250.95,0.08
BAJFINANCE,2024-04-02,7207.4,-0.6
BAJFINANCE,2024-04-03,7309.25,1.41
BAJFINANCE,2024-04-04,7283.4,-0.35
BAJFINANCE,2024-04-05,7175.65,-1.48
BAJFINANCE,2024-04-08,7178.55,0.04
BAJFINANCE,2024-04-09,7193.6,0.21
BAJFINANCE,2024-04-10,7230.25,0.51
BAJFINANCE,2024-04-12,7229.55,-0.01
BAJFINANCE,2024-04-15,7076.25,-2.12
BAJFINANCE,2024-04-16,6954.25,-1.72
BAJFINANCE,2024-04-18,6893.2,-0.88
BAJFINANCE,2024-04-19,7119.5,3.28
BAJFINANCE,2024-04-22,7292.2,2.43
BAJFINANCE,2024-04-23,7259.9,-0.44
BAJFINANCE,2024-04-24,7329.15,0.95
BAJFINANCE,2024-04-25,7294.9,-0.47
BAJFINANCE,2024-04-26,6731.2,-7.73
BAJFINANCE,2024-04-29,6826.6,1.42
BAJFINANCE,2024-04-30,6923.55,1.42
BAJFINANCE,2024-05-02,6882.7,-0.59
BAJFINANCE,2024-05-03,6931.5,0.71
BAJFINANCE,2024-05-06,6859.85,-1.03
BAJFINANCE,2024-05-07,6872.55,0.19
BAJFINANCE,2024-05-08,6799.45,-1.06
BAJFINANCE,2024-05-09,6605.15,-2.86
BAJFINANCE,2024-05-10,6684.15,1.2
BAJFINANCE,2024-05-13,6718.75,0.52
BAJFINANCE,2024-05-14,6675.7,-0.64
BAJFINANCE,2024-05-15,6680.0,0.06
BAJFINANCE,2024-05-16,6747.15,1.01
BAJFINANCE,2024-05-17,6727.4,-0.29
BAJFINANCE,2024-05-18,6738.0,0.16
BAJFINANCE,2024-05-21,6742.85,0.07
BAJFINANCE,2024-05-22,6744.55,0.03
BAJFINANCE,2024-05-23,6826.65,1.22
BAJFINANCE,2024-05-24,6836.9,0.15
BAJFINANCE,2024-05-27,6895.5,0.86
BAJFINANCE,2024-05-28,6873.05,-0.33
BAJFINANCE,2024-05-29,6806.7,-0.97
BAJFINANCE,2024-05-30,6616.45,-2.8
BAJFINANCE,2024-05-31,6697.7,1.23
BAJFINANCE,2024-06-03,6915.55,3.25
BAJFINANCE,2024-06-04,6509.55,-5.87
BAJFINANCE,2024-06-05,6836.65,5.02
BAJFINANCE,2024-06-06,6925.8,1.3
BAJFINANCE,2024-06-07,7191.4,3.83
BAJFINANCE,2024-06-10,7088.85,-1.43
BAJFINANCE,2024-06-11,7138.1,0.69
BAJFINANCE,2024-06-12,7217.75,1.12
BAJFINANCE,2024-06-13,7294.95,1.07
BAJFINANCE,2024-06-14,7341.55,0.64
BAJFINANCE,2024-06-18,7334.7,-0.09
BAJFINANCE,2024-06-19,7233.95,-1.37
BAJFINANCE,2024-06-20,7207.1,-0.37
BAJFINANCE,2024-06-21,7134.25,-1.01
BAJFINANCE,2024-06-24,7081.85,-0.73
BAJFINANCE,2024-06-25,7074.45,-0.1
BAJFINANCE,2024-06-26,7158.2,1.18
BAJFINANCE,2024-06-27,7166.75,0.12
BAJFINANCE,2024-06-28,7115.55,-0.71
BAJFINANCE,2024-07-01,7276.75,2.27
BAJFINANCE,2024-07-02,7165.6,-1.53
BAJFINANCE,2024-07-03,7258.8,1.3
BAJFINANCE,2024-07-04,7107.05,-2.09
BAJFINANCE,2024-07-05,7138.0,0.44
BAJFINANCE,2024-07-08,7098.25,-0.56
BAJFINANCE,2024-07-09,7068.05,-0.43
BAJFINANCE,2024-07-10,7054.95,-0.19
BAJFINANCE,2024-07-11,6950.3,-1.48
BAJFINANCE,2024-07-12,7004.3,0.78
BAJFINANCE,2024-07-15,7063.75,0.85
BAJFINANCE,2024-07-16,7059.1,-0.07
BAJFINANCE,2024-07-18,7110.0,0.72
BAJFINANCE,2024-07-19,6932.3,-2.5
BAJFINANCE,2024-07-22,6884.25,-0.69
BAJFINANCE,2024-07-23,6727.1,-2.28
BAJFINANCE,2024-07-24,6607.15,-1.78
BAJFINANCE,2024-07-25,6647.75,0.61
BAJFINANCE,2024-07-26,6789.75,2.14
BAJFINANCE,2024-07-29,6812.45,0.33
BAJFINANCE,2024-07-30,6823.6,0.16
BAJFINANCE,2024-07-31,6806.95,-0.24
BAJFINANCE,2024-08-01,6771.65,-0.52
BAJFINANCE,2024-08-02,6725.0,-0.69
BAJFINANCE,2024-08-05,6596.7,-1.91
BAJFINANCE,2024-08-06,6538.35,-0.88
BAJFINANCE,2024-08-07,6637.15,1.51
BAJFINANCE,2024-08-08,6582.2,-0.83
BAJFINANCE,2024-08-09,6618.2,0.55
BAJFINANCE,2024-08-12,6608.15,-0.15
BAJFINANCE,2024-08-13,6465.05,-2.17
BAJFINANCE,2024-08-14,6458.5,-0.1
BAJFINANCE,2024-08-16,6590.9,2.05
BAJFINANCE,2024-08-19,6616.35,0.39
BAJFINANCE,2024-08-20,6722.2,1.6
BAJFINANCE,2024-08-21,6735.35,0.2
BAJFINANCE,2024-08-22,6743.6,0.12
BAJFINANCE,2024-08-23,6735.85,-0.11
BAJFINANCE,2024-08-26,6778.35,0.63
BAJFINANCE,2024-08-27,6863.6,1.26
BAJFINANCE,2024-08-28,6900.0,0.53
BAJFINANCE,2024-08-29,7063.55,2.37
BAJFINANCE,2024-08-30,7200.15,1.93
BAJFINANCE,2024-09-02,7440.05,3.33
BAJFINANCE,2024-09-03,7353.8,-1.16
BAJFINANCE,2024-09-04,7299.5,-0.74
BAJFINANCE,2024-09-05,7244.9,-0.75
BAJFINANCE,2024-09-06,7317.15,1.0
BAJFINANCE,2024-09-09,7347.45,0.41
BAJFINANCE,2024-09-10,7241.85,-1.44
BAJFINANCE,2024-09-11,7345.55,1.43
BAJFINANCE,2024-09-12,7428.3,1.13
BAJFINANCE,2024-09-13,7598.5,2.29
BAJFINANCE,2024-09-16,7345.75,-3.33
BAJFINANCE,2024-09-17,7365.5,0.27
BAJFINANCE,2024-09-18,7631.1,3.61
BAJFINANCE,2024-09-19,7590.35,-0.53
BAJFINANCE,2024-09-20,7582.45,-0.1
BAJFINANCE,2024-09-23,7595.1,0.17
BAJFINANCE,2024-09-24,7554.2,-0.54
BAJFINANCE,2024-09-25,7623.9,0.92
BAJFINANCE,2024-09-26,7768.4,1.9
BAJFINANCE,2024-09-27,7756.0,-0.16
BAJFINANCE,2024-09-30,7703.0,-0.68
BAJFINANCE,2024-10-01,7703.0,0.0
BAJFINANCE,2024-10-03,7433.85,-3.49
BAJFINANCE,2024-10-04,7211.35,-2.99
BAJFINANCE,2024-10-07,7269.4,0.8
BAJFINANCE,2024-10-08,7186.95,-1.13
BAJFINANCE,2024-10-09,7300.45,1.58
BAJFINANCE,2024-10-10,7319.7,0.26
BAJFINANCE,2024-10-11,7302.0,-0.24
BAJFINANCE,2024-10-14,7208.8,-1.28
BAJFINANCE,2024-10-15,7016.9,-2.66
BAJFINANCE,2024-10-16,6956.35,-0.86
BAJFINANCE,2024-10-17,6899.5,-0.82
BAJFINANCE,2024-10-18,6899.55,0.0
BAJFINANCE,2024-10-21,6780.9,-1.72
BAJFINANCE,2024-10-22,6677.9,-1.52
BAJFINANCE,2024-10-23,6995.8,4.76
BAJFINANCE,2024-10-24,7040.9,0.64
BAJFINANCE,2024-10-25,6910.15,-1.86
BAJFINANCE,2024-10-28,6911.35,0.02
BAJFINANCE,2024-10-29,7022.5,1.61
BAJFINANCE,2024-10-30,6955.0,-0.96
BAJFINANCE,2024-10-31,6889.75,-0.94
BAJFINANCE,2024-11-01,6923.6,0.49
BAJFINANCE,2024-11-04,6843.7,-1.15
BAJFINANCE,2024-11-05,6930.35,1.27
BAJFINANCE,2024-11-06,7006.2,1.09
BAJFINANCE,2024-11-07,6904.5,-1.45
BAJFINANCE,2024-11-08,6895.95,-0.12
BAJFINANCE,2024-11-11,6778.8,-1.7
BAJFINANCE,2024-11-12,6638.2,-2.07
BAJFINANCE,2024-11-13,6566.0,-1.09
BAJFINANCE,2024-11-14,6549.15,-0.26
BAJFINANCE,2024-11-18,6567.95,0.29
BAJFINANCE,2024-11-19,6595.3,0.42
BAJFINANCE,2024-11-21,6465.65,-1.97
BAJFINANCE,2024-11-22,6683.95,3.38
BEL,2023-10-03,139.2,
BEL,2023-10-04,138.85,-0.25
BEL,2023-10-05,138.95,0.07
BEL,2023-10-06,139.0,0.04
BEL,2023-10-09,135.75,-2.34
BEL,2023-10-10,139.95,3.09
BEL,2023-10-11,137.75,-1.57
BEL,2023-10-12,138.2,0.33
BEL,2023-10-13,137.45,-0.54
BEL,2023-10-16,137.4,-0.04
BEL,2023-10-17,138.55,0.84
BEL,2023-10-18,137.05,-1.08
BEL,2023-10-19,137.0,-0.04
BEL,2023-10-20,134.2,-2.04
BEL,2023-10-23,132.7,-1.12
BEL,2023-10-25,131.2,-1.13
BEL,2023-10-26,128.85,-1.79
BEL,2023-10-27,132.2,2.6
BEL,2023-10-30,131.95,-0.19
BEL,2023-10-31,133.25,0.99
BEL,2023-11-01,132.4,-0.64
BEL,2023-11-02,134.75,1.77
BEL,2023-11-03,135.95,0.89
BEL,2023-11-06,137.65,1.25
BEL,2023-11-07,138.05,0.29
BEL,2023-11-08,140.4,1.7
BEL,2023-11-09,137.95,-1.75
BEL,2023-11-10,138.8,0.62
BEL,2023-11-12,139.6,0.58
BEL,2023-11-13,143.4,2.72
BEL,2023-11-15,143.05,-0.24
BEL,2023-11-16,142.6,-0.31
BEL,2023-11-17,146.1,2.45
BEL,2023-11-20,143.85,-1.54
BEL,2023-11-21,142.85,-0.7
BEL,2023-11-22,141.85,-0.7
BEL,2023-11-23,139.35,-1.76
BEL,2023-11-24,140.35,0.72
BEL,2023-11-28,141.3,0.68
BEL,2023-11-29,141.0,-0.21
BEL,2023-11-30,145.9,3.48
BEL,2023-12-01,147.45,1.06
BEL,2023-12-04,153.55,4.14
BEL,2023-12-05,152.0,-1.01
BEL,2023-12-06,156.15,2.73
BEL,2023-12-07,160.35,2.69
BEL,2023-12-08,158.75,-1.0
BEL,2023-12-11,161.25,1.57
BEL,2023-12-12,160.8,-0.28
BEL,2023-12-13,162.85,1.27
BEL,2023-12-14,164.0,0.71
BEL,2023-12-15,169.05,3.08
BEL,2023-12-18,172.7,2.16
BEL,2023-12-19,173.05,0.2
BEL,2023-12-20,167.25,-3.35
BEL,2023-12-21,170.65,2.03
BEL,2023-12-22,174.8,2.43
BEL,2023-12-26,181.95,4.09
BEL,2023-12-27,180.2,-0.96
BEL,2023-12-28,182.7,1.39
BEL,2023-12-29,184.2,0.82
BEL,2024-01-01,184.95,0.41
BEL,2024-01-02,182.15,-1.51
BEL,2024-01-03,182.35,0.11
BEL,2024-01-04,186.9,2.5
BEL,2024-01-05,185.95,-0.51
BEL,2024-01-08,183.6,-1.26
BEL,2024-01-09,184.65,0.57
BEL,2024-01-10,185.6,0.51
BEL,2024-01-11,184.35,-0.67
BEL,2024-01-12,183.5,-0.46
BEL,2024-01-15,188.65,2.81
BEL,2024-01-16,186.8,-0.98
BEL,2024-01-17,185.65,-0.62
BEL,2024-01-18,188.2,1.37
BEL,2024-01-19,191.85,1.94
BEL,2024-01-20,193.4,0.81
BEL,2024-01-23,187.1,-3.26
BEL,2024-01-24,189.25,1.15
BEL,2024-01-25,189.7,0.24
BEL,2024-01-29,190.9,0.63
BEL,2024-01-30,187.9,-1.57
BEL,2024-01-31,185.9,-1.06
BEL,2024-02-01,183.4,-1.34
BEL,2024-02-02,184.6,0.65
BEL,2024-02-05,181.55,-1.65
BEL,2024-02-06,183.1,0.85
BEL,2024-02-07,181.7,-0.76
BEL,2024-02-08,184.8,1.71
BEL,2024-02-09,180.65,-2.25
BEL,2024-02-12,174.65,-3.32
BEL,2024-02-13,176.6,1.12
BEL,2024-02-14,181.6,2.83
BEL,2024-02-15,185.95,2.4
BEL,2024-02-16,188.3,1.26
BEL,2024-02-19,188.75,0.24
BEL,2024-02-20,190.65,1.01
BEL,2024-02-21,188.7,-1.02
BEL,2024-02-22,194.75,3.21
BEL,2024-02-23,205.3,5.42
BEL,2024-02-26,204.25,-0.51
BEL,2024-02-27,205.35,0.54
BEL,2024-02-28,205.65,0.15
BEL,2024-02-29,205.1,-0.27
BEL,2024-03-01,205.6,0.24
BEL,2024-03-02,206.75,0.56
BEL,2024-03-04,209.6,1.38
BEL,2024-03-05,210.75,0.55
BEL,2024-03-06,210.45,-0.14
BEL,2024-03-07,215.2,2.26
BEL,2024-03-11,212.55,-1.23
BEL,2024-03-12,204.25,-3.9
BEL,2024-03-13,190.3,-6.83
BEL,2024-03-14,195.25,2.6
BEL,2024-03-15,188.85,-3.28
BEL,2024-03-18,189.9,0.56
BEL,2024-03-19,185.4,-2.37
BEL,2024-03-20,187.45,1.11
BEL,2024-03-21,196.85,5.01
BEL,2024-03-22,197.5,0.33
BEL,2024-03-26,199.4,0.96
BEL,2024-03-27,199.45,0.03
BEL,2024-03-28,201.5,1.03
BEL,2024-04-01,211.1,4.76
BEL,2024-04-02,221.0,4.69
BEL,2024-04-03,221.5,0.23
BEL,2024-04-04,220.3,-0.54
BEL,2024-04-05,224.5,1.91
BEL,2024-04-08,223.55,-0.42
BEL,2024-04-09,228.15,2.06
BEL,2024-04-10,228.75,0.26
BEL,2024-04-12,233.5,2.08
BEL,2024-04-15,234.45,0.41
BEL,2024-04-16,233.45,-0.43
BEL,2024-04-18,231.15,-0.99
BEL,2024-04-19,233.3,0.93
BEL,2024-04-22,233.3,0.0
BEL,2024-04-23,234.35,0.45
BEL,2024-04-24,236.5,0.92
BEL,2024-04-25,237.6,0.47
BEL,2024-04-26,238.95,0.57
BEL,2024-04-29,235.4,-1.49
BEL,2024-04-30,233.75,-0.7
BEL,2024-05-02,234.75,0.43
BEL,2024-05-03,234.1,-0.28
BEL,2024-05-06,231.85,-0.96
BEL,2024-05-07,227.4,-1.92
BEL,2024-05-08,231.6,1.85
BEL,2024-05-09,226.2,-2.33
BEL,2024-05-10,227.1,0.4
BEL,2024-05-13,224.75,-1.03
BEL,2024-05-14,230.95,2.76
BEL,2024-05-15,232.85,0.82
BEL,2024-05-16,237.9,2.17
BEL,2024-05-17,248.2,4.33
BEL,2024-05-18,258.8,4.27
BEL,2024-05-21,274.15,5.93
BEL,2024-05-22,283.6,3.45
BEL,2024-05-23,288.5,1.73
BEL,2024-05-24,297.2,3.02
BEL,2024-05-27,294.45,-0.93
BEL,2024-05-28,289.1,-1.82
BEL,2024-05-29,292.15,1.05
BEL,2024-05-30,290.65,-0.51
BEL,2024-05-31,295.95,1.82
BEL,2024-06-03,318.65,7.67
BEL,2024-06-04,255.55,-19.8
BEL,2024-06-05,260.35,1.88
BEL,2024-06-06,273.65,5.11
BEL,2024-06-07,283.2,3.49
BEL,2024-06-10,283.4,0.07
BEL,2024-06-11,286.2,0.99
BEL,2024-06-12,290.5,1.5
BEL,2024-06-13,300.9,3.58
BEL,2024-06-14,309.6,2.89
BEL,2024-06-18,318.25,2.79
BEL,2024-06-19,309.3,-2.81
BEL,2024-06-20,311.9,0.84
BEL,2024-06-21,304.95,-2.23
BEL,2024-06-24,309.75,1.57
BEL,2024-06-25,309.7,-0.02
BEL,2024-06-26,306.85,-0.92
BEL,2024-06-27,304.5,-0.77
BEL,2024-06-28,305.9,0.46
BEL,2024-07-01,307.65,0.57
BEL,2024-07-02,306.1,-0.5
BEL,2024-07-03,314.5,2.74
BEL,2024-07-04,317.35,0.91
BEL,2024-07-05,324.05,2.11
BEL,2024-07-08,334.6,3.26
BEL,2024-07-09,334.8,0.06
BEL,2024-07-10,333.85,-0.28
BEL,2024-07-11,335.5,0.49
BEL,2024-07-12,333.1,-0.72
BEL,2024-07-15,331.4,-0.51
BEL,2024-07-16,326.15,-1.58
BEL,2024-07-18,313.55,-3.86
BEL,2024-07-19,306.3,-2.31
BEL,2024-07-22,312.3,1.96
BEL,2024-07-23,301.45,-3.47
BEL,2024-07-24,300.1,-0.45
BEL,2024-07-25,301.45,0.45
BEL,2024-07-26,309.9,2.8
BEL,2024-07-29,321.35,3.69
BEL,2024-07-30,318.1,-1.01
BEL,2024-07-31,316.05,-0.64
BEL,2024-08-01,311.15,-1.55
BEL,2024-08-02,302.95,-2.64
BEL,2024-08-05,290.25,-4.19
BEL,2024-08-06,287.25,-1.03
BEL,2024-08-07,300.2,4.51
BEL,2024-08-08,298.25,-0.65
BEL,2024-08-09,302.2,1.32
BEL,2024-08-12,301.4,-0.26
BEL,2024-08-13,296.15,-1.74
BEL,2024-08-14,293.7,-0.83
BEL,2024-08-16,303.3,3.27
BEL,2024-08-19,302.15,-0.38
BEL,2024-08-20,303.15,0.33
BEL,2024-08-21,305.4,0.74
BEL,2024-08-22,304.5,-0.29
BEL,2024-08-23,306.0,0.49
BEL,2024-08-26,306.7,0.23
BEL,2024-08-27,300.9,-1.89
BEL,2024-08-28,299.95,-0.32
BEL,2024-08-29,296.2,-1.25
BEL,2024-08-30,299.3,1.05
BEL,2024-09-02,296.9,-0.8
BEL,2024-09-03,297.15,0.08
BEL,2024-09-04,298.95,0.61
BEL,2024-09-05,290.6,-2.79
BEL,2024-09-06,283.6,-2.41
BEL,2024-09-09,281.55,-0.72
BEL,2024-09-10,285.75,1.49
BEL,2024-09-11,288.05,0.8
BEL,2024-09-12,291.7,1.27
BEL,2024-09-13,289.95,-0.6
BEL,2024-09-16,290.4,0.16
BEL,2024-09-17,284.3,-2.1
BEL,2024-09-18,282.85,-0.51
BEL,2024-09-19,272.7,-3.59
BEL,2024-09-20,277.35,1.71
BEL,2024-09-23,286.3,3.23
BEL,2024-09-24,291.8,1.92
BEL,2024-09-25,289.85,-0.67
BEL,2024-09-26,290.5,0.22
BEL,2024-09-27,293.45,1.02
BEL,2024-09-30,285.1,-2.85
BEL,2024-10-01,283.95,-0.4
BEL,2024-10-03,278.7,-1.85
BEL,2024-10-04,277.2,-0.54
BEL,2024-10-07,267.35,-3.55
BEL,2024-10-08,280.25,4.83
BEL,2024-10-09,282.4,0.77
BEL,2024-10-10,286.9,1.59
BEL,2024-10-11,285.9,-0.35
BEL,2024-10-14,285.7,-0.07
BEL,2024-10-15,288.85,1.1
BEL,2024-10-16,285.7,-1.09
BEL,2024-10-17,284.55,-0.4
BEL,2024-10-18,287.15,0.91
BEL,2024-10-21,282.3,-1.69
BEL,2024-10-22,271.65,-3.77
BEL,2024-10-23,268.65,-1.1
BEL,2024-10-24,271.35,1.01
BEL,2024-10-25,272.35,0.37
BEL,2024-10-28,270.05,-0.84
BEL,2024-10-29,283.65,5.04
BEL,2024-10-30,288.55,1.73
BEL,2024-10-31,284.9,-1.26
BEL,2024-11-01,288.65,1.32
BEL,2024-11-04,284.15,-1.56
BEL,2024-11-05,286.35,0.77
BEL,2024-11-06,301.85,5.41
BEL,2024-11-07,300.35,-0.5
BEL,2024-11-08,297.75,-0.87
BEL,2024-11-11,299.75,0.67
BEL,2024-11-12,290.15,-3.2
BEL,2024-11-13,281.55,-2.96
BEL,2024-11-14,280.95,-0.21
BEL,2024-11-18,278.05,-1.03
BEL,2024-11-19,279.0,0.34
BEL,2024-11-21,275.45,-1.27
BEL,2024-11-22,280.85,1.96
BHARTIARTL,2023-10-03,925.3,
BHARTIARTL,2023-10-04,924.25,-0.11
BHARTIARTL,2023-10-05,928.85,0.5
BHARTIARTL,2023-10-06,926.05,-0.3
BHARTIARTL,2023-10-09,924.55,-0.16
BHARTIARTL,2023-10-10,948.35,2.57
BHARTIARTL,2023-10-11,955.6,0.76
BHARTIARTL,2023-10-12,950.35,-0.55
BHARTIARTL,2023-10-13,954.2,0.41
BHARTIARTL,2023-10-16,946.55,-0.8
BHARTIARTL,2023-10-17,953.65,0.75
BHARTIARTL,2023-10-18,952.85,-0.08
BHARTIARTL,2023-10-19,942.95,-1.04
BHARTIARTL,2023-10-20,945.2,0.24
BHARTIARTL,2023-10-23,939.3,-0.62
BHARTIARTL,2023-10-25,922.6,-1.78
BHARTIARTL,2023-10-26,905.5,-1.85
BHARTIARTL,2023-10-27,914.6,1.0
BHARTIARTL,2023-10-30,926.25,1.27
BHARTIARTL,2023-10-31,914.4,-1.28
BHARTIARTL,2023-11-01,913.45,-0.1
BHARTIARTL,2023-11-02,923.85,1.14
BHARTIARTL,2023-11-03,930.75,0.75
BHARTIARTL,2023-11-06,939.2,0.91
BHARTIARTL,2023-11-07,937.15,-0.22
BHARTIARTL,2023-11-08,936.75,-0.04
BHARTIARTL,2023-11-09,932.35,-0.47
BHARTIARTL,2023-11-10,935.5,0.34
BHARTIARTL,2023-11-12,938.0,0.27
BHARTIARTL,2023-11-13,935.0,-0.32
BHARTIARTL,2023-11-15,950.0,1.6
BHARTIARTL,2023-11-16,949.55,-0.05
BHARTIARTL,2023-11-17,947.3,-0.24
BHARTIARTL,2023-11-20,961.4,1.49
BHARTIARTL,2023-11-21,970.85,0.98
BHARTIARTL,2023-11-22,969.75,-0.11
BHARTIARTL,2023-11-23,976.65,0.71
BHARTIARTL,2023-11-24,973.15,-0.36
BHARTIARTL,2023-11-28,984.9,1.21
BHARTIARTL,2023-11-29,995.4,1.07
BHARTIARTL,2023-11-30,1014.7,1.94
BHARTIARTL,2023-12-01,1014.7,0.0
BHARTIARTL,2023-12-04,1032.9,1.79
BHARTIARTL,2023-12-05,1031.1,-0.17
BHARTIARTL,2023-12-06,1024.45,-0.64
BHARTIARTL,2023-12-07,1000.0,-2.39
BHARTIARTL,2023-12-08,1000.25,0.03
BHARTIARTL,2023-12-11,1000.85,0.06
BHARTIARTL,2023-12-12,995.25,-0.56
BHARTIARTL,2023-12-13,999.9,0.47
BHARTIARTL,2023-12-14,1005.2,0.53
BHARTIARTL,2023-12-15,992.55,-1.26
BHARTIARTL,2023-12-18,990.25,-0.23
BHARTIARTL,2023-12-19,988.45,-0.18
BHARTIARTL,2023-12-20,971.55,-1.71
BHARTIARTL,2023-12-21,977.9,0.65
BHARTIARTL,2023-12-22,989.55,1.19
BHARTIARTL,2023-12-26,999.85,1.04
BHARTIARTL,2023-12-27,1021.2,2.14
BHARTIARTL,2023-12-28,1036.7,1.52
BHARTIARTL,2023-12-29,1032.2,-0.43
BHARTIARTL,2024-01-01,1013.05,-1.86
BHARTIARTL,2024-01-02,1021.7,0.85
BHARTIARTL,2024-01-03,1035.2,1.32
BHARTIARTL,2024-01-04,1047.9,1.23
BHARTIARTL,2024-01-05,1046.6,-0.12
BHARTIARTL,2024-01-08,1049.05,0.23
BHARTIARTL,2024-01-09,1064.5,1.47
BHARTIARTL,2024-01-10,1062.7,-0.17
BHARTIARTL,2024-01-11,1062.85,0.01
BHARTIARTL,2024-01-12,1076.35,1.27
BHARTIARTL,2024-01-15,1102.4,2.42
BHARTIARTL,2024-01-16,1095.9,-0.59
BHARTIARTL,2024-01-17,1085.25,-0.97
BHARTIARTL,2024-01-18,1087.05,0.17
BHARTIARTL,2024-01-19,1125.0,3.49
BHARTIARTL,2024-01-20,1123.75,-0.11
BHARTIARTL,2024-01-23,1158.0,3.05
BHARTIARTL,2024-01-24,1189.95,2.76
BHARTIARTL,2024-01-25,1160.55,-2.47
BHARTIARTL,2024-01-29,1162.15,0.14
BHARTIARTL,2024-01-30,1158.65,-0.3
BHARTIARTL,2024-01-31,1170.7,1.04
BHARTIARTL,2024-02-01,1151.2,-1.67
BHARTIARTL,2024-02-02,1150.8,-0.03
BHARTIARTL,2024-02-05,1113.55,-3.24
BHARTIARTL,2024-02-06,1134.05,1.84
BHARTIARTL,2024-02-07,1134.3,0.02
BHARTIARTL,2024-02-08,1142.15,0.69
BHARTIARTL,2024-02-09,1120.25,-1.92
BHARTIARTL,2024-02-12,1118.7,-0.14
BHARTIARTL,2024-02-13,1117.85,-0.08
BHARTIARTL,2024-02-14,1115.85,-0.18
BHARTIARTL,2024-02-15,1120.7,0.43
BHARTIARTL,2024-02-16,1120.0,-0.06
BHARTIARTL,2024-02-19,1142.2,1.98
BHARTIARTL,2024-02-20,1143.95,0.15
BHARTIARTL,2024-02-21,1139.9,-0.35
BHARTIARTL,2024-02-22,1135.55,-0.38
BHARTIARTL,2024-02-23,1125.75,-0.86
BHARTIARTL,2024-02-26,1110.05,-1.39
BHARTIARTL,2024-02-27,1127.5,1.57
BHARTIARTL,2024-02-28,1128.75,0.11
BHARTIARTL,2024-02-29,1123.35,-0.48
BHARTIARTL,2024-03-01,1128.7,0.48
BHARTIARTL,2024-03-02,1131.1,0.21
BHARTIARTL,2024-03-04,1133.5,0.21
BHARTIARTL,2024-03-05,1168.9,3.12
BHARTIARTL,2024-03-06,1193.7,2.12
BHARTIARTL,2024-03-07,1199.7,0.5
BHARTIARTL,2024-03-11,1196.6,-0.26
BHARTIARTL,2024-03-12,1204.25,0.64
BHARTIARTL,2024-03-13,1168.75,-2.95
BHARTIARTL,2024-03-14,1194.6,2.21
BHARTIARTL,2024-03-15,1220.0,2.13
BHARTIARTL,2024-03-18,1225.3,0.43
BHARTIARTL,2024-03-19,1228.35,0.25
BHARTIARTL,2024-03-20,1231.8,0.28
BHARTIARTL,2024-03-21,1220.8,-0.89
BHARTIARTL,2024-03-22,1236.1,1.25
BHARTIARTL,2024-03-26,1213.1,-1.86
BHARTIARTL,2024-03-27,1224.8,0.96
BHARTIARTL,2024-03-28,1228.6,0.31
BHARTIARTL,2024-04-01,1217.35,-0.92
BHARTIARTL,2024-04-02,1208.25,-0.75
BHARTIARTL,2024-04-03,1225.7,1.44
BHARTIARTL,2024-04-04,1206.85,-1.54
BHARTIARTL,2024-04-05,1191.0,-1.31
BHARTIARTL,2024-04-08,1204.7,1.15
BHARTIARTL,2024-04-09,1204.45,-0.02
BHARTIARTL,2024-04-10,1229.4,2.07
BHARTIARTL,2024-04-12,1225.55,-0.31
BHARTIARTL,2024-04-15,1224.55,-0.08
BHARTIARTL,2024-04-16,1216.45,-0.66
BHARTIARTL,2024-04-18,1265.75,4.05
BHARTIARTL,2024-04-19,1289.0,1.84
BHARTIARTL,2024-04-22,1297.55,0.66
BHARTIARTL,2024-04-23,1342.35,3.45
BHARTIARTL,2024-04-24,1336.4,-0.44
BHARTIARTL,2024-04-25,1338.7,0.17
BHARTIARTL,2024-04-26,1326.0,-0.95
BHARTIARTL,2024-04-29,1332.45,0.49
BHARTIARTL,2024-04-30,1322.3,-0.76
BHARTIARTL,2024-05-02,1304.05,-1.38
BHARTIARTL,2024-05-03,1277.4,-2.04
BHARTIARTL,2024-05-06,1283.4,0.47
BHARTIARTL,2024-05-07,1286.15,0.21
BHARTIARTL,2024-05-08,1288.6,0.19
BHARTIARTL,2024-05-09,1275.45,-1.02
BHARTIARTL,2024-05-10,1301.15,2.01
BHARTIARTL,2024-05-13,1285.95,-1.17
BHARTIARTL,2024-05-14,1284.3,-0.13
BHARTIARTL,2024-05-15,1309.9,1.99
BHARTIARTL,2024-05-16,1345.1,2.69
BHARTIARTL,2024-05-17,1344.45,-0.05
BHARTIARTL,2024-05-18,1347.75,0.25
BHARTIARTL,2024-05-21,1344.3,-0.26
BHARTIARTL,2024-05-22,1347.9,0.27
BHARTIARTL,2024-05-23,1374.05,1.94
BHARTIARTL,2024-05-24,1388.5,1.05
BHARTIARTL,2024-05-27,1384.35,-0.3
BHARTIARTL,2024-05-28,1371.05,-0.96
BHARTIARTL,2024-05-29,1377.1,0.44
BHARTIARTL,2024-05-30,1377.15,0.0
BHARTIARTL,2024-05-31,1372.75,-0.32
BHARTIARTL,2024-06-03,1391.1,1.34
BHARTIARTL,2024-06-04,1299.7,-6.57
BHARTIARTL,2024-06-05,1344.35,3.44
BHARTIARTL,2024-06-06,1370.6,1.95
BHARTIARTL,2024-06-07,1425.25,3.99
BHARTIARTL,2024-06-10,1426.05,0.06
BHARTIARTL,2024-06-11,1427.25,0.08
BHARTIARTL,2024-06-12,1438.4,0.78
BHARTIARTL,2024-06-13,1425.75,-0.88
BHARTIARTL,2024-06-14,1427.4,0.12
BHARTIARTL,2024-06-18,1428.35,0.07
BHARTIARTL,2024-06-19,1392.35,-2.52
BHARTIARTL,2024-06-20,1381.15,-0.8
BHARTIARTL,2024-06-21,1416.05,2.53
BHARTIARTL,2024-06-24,1419.8,0.26
BHARTIARTL,2024-06-25,1414.95,-0.34
BHARTIARTL,2024-06-26,1459.5,3.15
BHARTIARTL,2024-06-27,1475.8,1.12
BHARTIARTL,2024-06-28,1444.05,-2.15
BHARTIARTL,2024-07-01,1454.0,0.69
BHARTIARTL,2024-07-02,1418.95,-2.41
BHARTIARTL,2024-07-03,1419.85,0.06
BHARTIARTL,2024-07-04,1423.05,0.23
BHARTIARTL,2024-07-05,1429.7,0.47
BHARTIARTL,2024-07-08,1435.15,0.38
BHARTIARTL,2024-07-09,1435.55,0.03
BHARTIARTL,2024-07-10,1445.05,0.66
BHARTIARTL,2024-07-11,1437.95,-0.49
BHARTIARTL,2024-07-12,1433.25,-0.33
BHARTIARTL,2024-07-15,1437.6,0.3
BHARTIARTL,2024-07-16,1466.5,2.01
BHARTIARTL,2024-07-18,1483.65,1.17
BHARTIARTL,2024-07-19,1461.75,-1.48
BHARTIARTL,2024-07-22,1465.4,0.25
BHARTIARTL,2024-07-23,1465.7,0.02
BHARTIARTL,2024-07-24,1455.2,-0.72
BHARTIARTL,2024-07-25,1449.15,-0.42
BHARTIARTL,2024-07-26,1514.4,4.5
BHARTIARTL,2024-07-29,1481.35,-2.18
BHARTIARTL,2024-07-30,1470.35,-0.74
BHARTIARTL,2024-07-31,1491.55,1.44
BHARTIARTL,2024-08-01,1505.5,0.94
BHARTIARTL,2024-08-02,1493.8,-0.78
BHARTIARTL,2024-08-05,1465.7,-1.88
BHARTIARTL,2024-08-06,1443.55,-1.51
BHARTIARTL,2024-08-07,1441.75,-0.12
BHARTIARTL,2024-08-08,1451.8,0.7
BHARTIARTL,2024-08-09,1464.1,0.85
BHARTIARTL,2024-08-12,1458.6,-0.38
BHARTIARTL,2024-08-13,1459.7,0.08
BHARTIARTL,2024-08-14,1471.7,0.82
BHARTIARTL,2024-08-16,1483.55,0.81
BHARTIARTL,2024-08-19,1469.65,-0.94
BHARTIARTL,2024-08-20,1449.15,-1.39
BHARTIARTL,2024-08-21,1463.45,0.99
BHARTIARTL,2024-08-22,1486.35,1.56
BHARTIARTL,2024-08-23,1506.75,1.37
BHARTIARTL,2024-08-26,1513.55,0.45
BHARTIARTL,2024-08-27,1522.75,0.61
BHARTIARTL,2024-08-28,1556.35,2.21
BHARTIARTL,2024-08-29,1565.9,0.61
BHARTIARTL,2024-08-30,1589.05,1.48
BHARTIARTL,2024-09-02,1571.35,-1.11
BHARTIARTL,2024-09-03,1560.6,-0.68
BHARTIARTL,2024-09-04,1561.9,0.08
BHARTIARTL,2024-09-05,1547.2,-0.94
BHARTIARTL,2024-09-06,1539.25,-0.51
BHARTIARTL,2024-09-09,1542.65,0.22
BHARTIARTL,2024-09-10,1577.85,2.28
BHARTIARTL,2024-09-11,1577.8,-0.0
BHARTIARTL,2024-09-12,1646.75,4.37
BHARTIARTL,2024-09-13,1634.45,-0.75
BHARTIARTL,2024-09-16,1635.45,0.06
BHARTIARTL,2024-09-17,1661.75,1.61
BHARTIARTL,2024-09-18,1654.9,-0.41
BHARTIARTL,2024-09-19,1664.85,0.6
BHARTIARTL,2024-09-20,1711.75,2.82
BHARTIARTL,2024-09-23,1750.45,2.26
BHARTIARTL,2024-09-24,1756.65,0.35
BHARTIARTL,2024-09-25,1760.4,0.21
BHARTIARTL,2024-09-26,1771.1,0.61
BHARTIARTL,2024-09-27,1734.6,-2.06
BHARTIARTL,2024-09-30,1709.55,-1.44
BHARTIARTL,2024-10-01,1698.7,-0.63
BHARTIARTL,2024-10-03,1673.45,-1.49
BHARTIARTL,2024-10-04,1640.9,-1.95
BHARTIARTL,2024-10-07,1662.05,1.29
BHARTIARTL,2024-10-08,1657.45,-0.28
BHARTIARTL,2024-10-09,1678.1,1.25
BHARTIARTL,2024-10-10,1678.1,0.0
BHARTIARTL,2024-10-11,1687.4,0.55
BHARTIARTL,2024-10-14,1695.6,0.49
BHARTIARTL,2024-10-15,1717.25,1.28
BHARTIARTL,2024-10-16,1733.95,0.97
BHARTIARTL,2024-10-17,1701.15,-1.89
BHARTIARTL,2024-10-18,1707.85,0.39
BHARTIARTL,2024-10-21,1692.55,-0.9
BHARTIARTL,2024-10-22,1692.25,-0.02
BHARTIARTL,2024-10-23,1685.8,-0.38
BHARTIARTL,2024-10-24,1678.45,-0.44
BHARTIARTL,2024-10-25,1666.0,-0.74
BHARTIARTL,2024-10-28,1663.35,-0.16
BHARTIARTL,2024-10-29,1637.1,-1.58
BHARTIARTL,2024-10-30,1633.35,-0.23
BHARTIARTL,2024-10-31,1612.6,-1.27
BHARTIARTL,2024-11-01,1616.45,0.24
BHARTIARTL,2024-11-04,1591.25,-1.56
BHARTIARTL,2024-11-05,1578.4,-0.81
BHARTIARTL,2024-11-06,1598.8,1.29
BHARTIARTL,2024-11-07,1575.8,-1.44
BHARTIARTL,2024-11-08,1569.9,-0.37
BHARTIARTL,2024-11-11,1560.55,-0.6
BHARTIARTL,2024-11-12,1555.65,-0.31
BHARTIARTL,2024-11-13,1550.45,-0.33
BHARTIARTL,2024-11-14,1550.5,0.0
BHARTIARTL,2024-11-18,1537.0,-0.87
BHARTIARTL,2024-11-19,1525.5,-0.75
BHARTIARTL,2024-11-21,1525.15,-0.02
BHARTIARTL,2024-11-22,1569.3,2.89
BPCL,2023-10-03,170.68,
BPCL,2023-10-04,170.68,0.0
BPCL,2023-10-05,172.23,0.91
BPCL,2023-10-06,173.6,0.8
BPCL,2023-10-09,170.0,-2.07
BPCL,2023-10-10,170.2,0.12
BPCL,2023-10-11,171.28,0.63
BPCL,2023-10-12,174.35,1.79
BPCL,2023-10-13,173.85,-0.29
BPCL,2023-10-16,173.63,-0.13
BPCL,2023-10-17,177.35,2.14
BPCL,2023-10-18,175.1,-1.27
BPCL,2023-10-19,176.85,1.0
BPCL,2023-10-20,173.2,-2.06
BPCL,2023-10-23,171.4,-1.04
BPCL,2023-10-25,169.98,-0.83
BPCL,2023-10-26,167.5,-1.46
BPCL,2023-10-27,167.48,-0.01
BPCL,2023-10-30,173.45,3.56
BPCL,2023-10-31,174.63,0.68
BPCL,2023-11-01,178.45,2.19
BPCL,2023-11-02,180.28,1.03
BPCL,2023-11-03,180.75,0.26
BPCL,2023-11-06,183.13,1.32
BPCL,2023-11-07,186.4,1.79
BPCL,2023-11-08,192.1,3.06
BPCL,2023-11-09,191.78,-0.17
BPCL,2023-11-10,192.03,0.13
BPCL,2023-11-12,192.05,0.01
BPCL,2023-11-13,193.55,0.78
BPCL,2023-11-15,196.28,1.41
BPCL,2023-11-16,199.33,1.55
BPCL,2023-11-17,195.13,-2.11
BPCL,2023-11-20,196.0,0.45
BPCL,2023-11-21,194.0,-1.02
BPCL,2023-11-22,201.05,3.63
BPCL,2023-11-23,205.65,2.29
BPCL,2023-11-24,205.3,-0.17
BPCL,2023-11-28,212.25,3.39
BPCL,2023-11-29,214.33,0.98
BPCL,2023-11-30,217.85,1.64
BPCL,2023-12-01,219.0,0.53
BPCL,2023-12-04,230.75,5.37
BPCL,2023-12-05,236.1,2.32
BPCL,2023-12-06,236.43,0.14
BPCL,2023-12-07,237.35,0.39
BPCL,2023-12-08,235.23,-0.89
BPCL,2023-12-11,232.75,-1.05
BPCL,2023-12-12,223.78,-3.85
BPCL,2023-12-13,223.75,-0.01
BPCL,2023-12-14,222.85,-0.4
BPCL,2023-12-15,224.5,0.74
BPCL,2023-12-18,223.63,-0.39
BPCL,2023-12-19,224.88,0.56
BPCL,2023-12-20,219.73,-2.29
BPCL,2023-12-21,224.78,2.3
BPCL,2023-12-22,223.33,-0.65
BPCL,2023-12-26,225.8,1.11
BPCL,2023-12-27,227.35,0.69
BPCL,2023-12-28,232.9,2.44
BPCL,2023-12-29,225.33,-3.25
BPCL,2024-01-01,226.03,0.31
BPCL,2024-01-02,228.13,0.93
BPCL,2024-01-03,230.53,1.05
BPCL,2024-01-04,226.33,-1.82
BPCL,2024-01-05,226.55,0.1
BPCL,2024-01-08,227.5,0.42
BPCL,2024-01-09,229.98,1.09
BPCL,2024-01-10,225.63,-1.89
BPCL,2024-01-11,229.35,1.65
BPCL,2024-01-12,229.13,-0.1
BPCL,2024-01-15,229.98,0.37
BPCL,2024-01-16,236.43,2.8
BPCL,2024-01-17,235.83,-0.25
BPCL,2024-01-18,236.6,0.33
BPCL,2024-01-19,240.48,1.64
BPCL,2024-01-20,241.55,0.44
BPCL,2024-01-23,231.53,-4.15
BPCL,2024-01-24,238.58,3.04
BPCL,2024-01-25,237.2,-0.58
BPCL,2024-01-29,246.33,3.85
BPCL,2024-01-30,252.1,2.34
BPCL,2024-01-31,251.18,-0.36
BPCL,2024-02-01,254.23,1.21
BPCL,2024-02-02,279.18,9.81
BPCL,2024-02-05,287.38,2.94
BPCL,2024-02-06,304.65,6.01
BPCL,2024-02-07,301.02,-1.19
BPCL,2024-02-08,310.25,3.07
BPCL,2024-02-09,307.15,-1.0
BPCL,2024-02-12,295.23,-3.88
BPCL,2024-02-13,292.15,-1.04
BPCL,2024-02-14,311.83,6.74
BPCL,2024-02-15,326.38,4.67
BPCL,2024-02-16,327.3,0.28
BPCL,2024-02-19,326.27,-0.31
BPCL,2024-02-20,328.8,0.78
BPCL,2024-02-21,316.6,-3.71
BPCL,2024-02-22,312.95,-1.15
BPCL,2024-02-23,308.98,-1.27
BPCL,2024-02-26,313.58,1.49
BPCL,2024-02-27,312.52,-0.34
BPCL,2024-02-28,304.65,-2.52
BPCL,2024-02-29,301.93,-0.89
BPCL,2024-03-01,311.65,3.22
BPCL,2024-03-02,312.6,0.3
BPCL,2024-03-04,320.23,2.44
BPCL,2024-03-05,322.55,0.72
BPCL,2024-03-06,319.18,-1.04
BPCL,2024-03-07,312.35,-2.14
BPCL,2024-03-11,313.2,0.27
BPCL,2024-03-12,312.73,-0.15
BPCL,2024-03-13,298.88,-4.43
BPCL,2024-03-14,304.38,1.84
BPCL,2024-03-15,293.23,-3.66
BPCL,2024-03-18,291.15,-0.71
BPCL,2024-03-19,278.85,-4.22
BPCL,2024-03-20,283.33,1.61
BPCL,2024-03-21,293.9,3.73
BPCL,2024-03-22,296.4,0.85
BPCL,2024-03-26,299.93,1.19
BPCL,2024-03-27,297.6,-0.78
BPCL,2024-03-28,301.2,1.21
BPCL,2024-04-01,300.35,-0.28
BPCL,2024-04-02,307.9,2.51
BPCL,2024-04-03,305.48,-0.79
BPCL,2024-04-04,299.25,-2.04
BPCL,2024-04-05,295.23,-1.34
BPCL,2024-04-08,295.98,0.25
BPCL,2024-04-09,292.88,-1.05
BPCL,2024-04-10,302.38,3.24
BPCL,2024-04-12,300.6,-0.59
BPCL,2024-04-15,294.77,-1.94
BPCL,2024-04-16,296.15,0.47
BPCL,2024-04-18,294.8,-0.46
BPCL,2024-04-19,292.9,-0.64
BPCL,2024-04-22,301.73,3.01
BPCL,2024-04-23,296.5,-1.73
BPCL,2024-04-24,296.68,0.06
BPCL,2024-04-25,301.7,1.69
BPCL,2024-04-26,304.73,1.0
BPCL,2024-04-29,309.4,1.53
BPCL,2024-04-30,303.68,-1.85
BPCL,2024-05-02,317.33,4.49
BPCL,2024-05-03,314.93,-0.76
BPCL,2024-05-06,305.13,-3.11
BPCL,2024-05-07,302.15,-0.98
BPCL,2024-05-08,310.15,2.65
BPCL,2024-05-09,296.08,-4.54
BPCL,2024-05-10,309.33,4.48
BPCL,2024-05-13,303.45,-1.9
BPCL,2024-05-14,302.98,-0.15
BPCL,2024-05-15,312.52,3.15
BPCL,2024-05-16,309.38,-1.0
BPCL,2024-05-17,314.15,1.54
BPCL,2024-05-18,314.5,0.11
BPCL,2024-05-21,322.0,2.38
BPCL,2024-05-22,320.25,-0.54
BPCL,2024-05-23,323.73,1.09
BPCL,2024-05-24,327.05,1.03
BPCL,2024-05-27,328.03,0.3
BPCL,2024-05-28,323.25,-1.46
BPCL,2024-05-29,316.77,-2.0
BPCL,2024-05-30,312.88,-1.23
BPCL,2024-05-31,313.9,0.33
BPCL,2024-06-03,333.08,6.11
BPCL,2024-06-04,290.1,-12.9
BPCL,2024-06-05,290.55,0.16
BPCL,2024-06-06,292.08,0.53
BPCL,2024-06-07,299.9,2.68
BPCL,2024-06-10,301.3,0.47
BPCL,2024-06-11,303.6,0.76
BPCL,2024-06-12,306.68,1.01
BPCL,2024-06-13,309.68,0.98
BPCL,2024-06-14,313.33,1.18
BPCL,2024-06-18,315.45,0.68
BPCL,2024-06-19,307.9,-2.39
BPCL,2024-06-20,313.13,1.7
BPCL,2024-06-21,307.6,-1.77
BPCL,2024-06-24,305.25,-0.76
BPCL,2024-06-25,296.3,-2.93
BPCL,2024-06-26,298.4,0.71
BPCL,2024-06-27,304.85,2.16
BPCL,2024-06-28,303.95,-0.3
BPCL,2024-07-01,304.55,0.2
BPCL,2024-07-02,304.4,-0.05
BPCL,2024-07-03,306.6,0.72
BPCL,2024-07-04,303.0,-1.17
BPCL,2024-07-05,306.65,1.2
BPCL,2024-07-08,299.5,-2.33
BPCL,2024-07-09,300.2,0.23
BPCL,2024-07-10,300.35,0.05
BPCL,2024-07-11,306.6,2.08
BPCL,2024-07-12,304.55,-0.67
BPCL,2024-07-15,307.75,1.05
BPCL,2024-07-16,315.95,2.66
BPCL,2024-07-18,318.15,0.7
BPCL,2024-07-19,303.8,-4.51
BPCL,2024-07-22,308.25,1.46
BPCL,2024-07-23,306.0,-0.73
BPCL,2024-07-24,314.95,2.92
BPCL,2024-07-25,326.15,3.56
BPCL,2024-07-26,328.8,0.81
BPCL,2024-07-29,337.9,2.77
BPCL,2024-07-30,348.2,3.05
BPCL,2024-07-31,350.05,0.53
BPCL,2024-08-01,349.1,-0.27
BPCL,2024-08-02,347.1,-0.57
BPCL,2024-08-05,341.7,-1.56
BPCL,2024-08-06,334.7,-2.05
BPCL,2024-08-07,343.65,2.67
BPCL,2024-08-08,338.3,-1.56
BPCL,2024-08-09,333.4,-1.45
BPCL,2024-08-12,333.4,0.0
BPCL,2024-08-13,321.7,-3.51
BPCL,2024-08-14,325.05,1.04
BPCL,2024-08-16,332.5,2.29
BPCL,2024-08-19,343.8,3.4
BPCL,2024-08-20,349.4,1.63
BPCL,2024-08-21,351.2,0.52
BPCL,2024-08-22,350.1,-0.31
BPCL,2024-08-23,352.2,0.6
BPCL,2024-08-26,351.15,-0.3
BPCL,2024-08-27,349.05,-0.6
BPCL,2024-08-28,348.15,-0.26
BPCL,2024-08-29,356.45,2.38
BPCL,2024-08-30,357.65,0.34
BPCL,2024-09-02,358.45,0.22
BPCL,2024-09-03,355.4,-0.85
BPCL,2024-09-04,357.25,0.52
BPCL,2024-09-05,360.7,0.97
BPCL,2024-09-06,352.15,-2.37
BPCL,2024-09-09,347.8,-1.24
BPCL,2024-09-10,345.95,-0.53
BPCL,2024-09-11,340.25,-1.65
BPCL,2024-09-12,344.3,1.19
BPCL,2024-09-13,342.3,-0.58
BPCL,2024-09-16,340.65,-0.48
BPCL,2024-09-17,338.4,-0.66
BPCL,2024-09-18,336.1,-0.68
BPCL,2024-09-19,324.45,-3.47
BPCL,2024-09-20,331.2,2.08
BPCL,2024-09-23,338.1,2.08
BPCL,2024-09-24,339.15,0.31
BPCL,2024-09-25,339.8,0.19
BPCL,2024-09-26,345.1,1.56
BPCL,2024-09-27,367.3,6.43
BPCL,2024-09-30,369.95,0.72
BPCL,2024-10-01,368.25,-0.46
BPCL,2024-10-03,348.85,-5.27
BPCL,2024-10-04,340.25,-2.47
BPCL,2024-10-07,335.0,-1.54
BPCL,2024-10-08,338.0,0.9
BPCL,2024-10-09,338.85,0.25
BPCL,2024-10-10,335.45,-1.0
BPCL,2024-10-11,337.65,0.66
BPCL,2024-10-14,340.75,0.92
BPCL,2024-10-15,348.75,2.35
BPCL,2024-10-16,350.75,0.57
BPCL,2024-10-17,342.7,-2.3
BPCL,2024-10-18,342.5,-0.06
BPCL,2024-10-21,331.65,-3.17
BPCL,2024-10-22,322.9,-2.64
BPCL,2024-10-23,323.05,0.05
BPCL,2024-10-24,321.45,-0.5
BPCL,2024-10-25,306.3,-4.71
BPCL,2024-10-28,310.4,1.34
BPCL,2024-10-29,311.45,0.34
BPCL,2024-10-30,311.3,-0.05
BPCL,2024-10-31,310.75,-0.18
BPCL,2024-11-01,313.0,0.72
BPCL,2024-11-04,303.45,-3.05
BPCL,2024-11-05,307.95,1.48
BPCL,2024-11-06,317.0,2.94
BPCL,2024-11-07,315.0,-0.63
BPCL,2024-11-08,310.45,-1.44
BPCL,2024-11-11,312.55,0.68
BPCL,2024-11-12,309.8,-0.88
BPCL,2024-11-13,305.85,-1.28
BPCL,2024-11-14,298.2,-2.5
BPCL,2024-11-18,289.2,-3.02
BPCL,2024-11-19,287.5,-0.59
BPCL,2024-11-21,282.4,-1.77
BPCL,2024-11-22,285.85,1.22
BRITANNIA,2023-10-03,4495.45,
BRITANNIA,2023-10-04,4532.5,0.82
BRITANNIA,2023-10-05,4533.9,0.03
BRITANNIA,2023-10-06,4538.45,0.1
BRITANNIA,2023-10-09,4522.5,-0.35
BRITANNIA,2023-10-10,4529.95,0.16
BRITANNIA,2023-10-11,4554.95,0.55
BRITANNIA,2023-10-12,4560.75,0.13
BRITANNIA,2023-10-13,4574.7,0.31
BRITANNIA,2023-10-16,4586.05,0.25
BRITANNIA,2023-10-17,4600.35,0.31
BRITANNIA,2023-10-18,4607.7,0.16
BRITANNIA,2023-10-19,4602.45,-0.11
BRITANNIA,2023-10-20,4580.0,-0.49
BRITANNIA,2023-10-23,4530.6,-1.08
BRITANNIA,2023-10-25,4533.75,0.07
BRITANNIA,2023-10-26,4507.8,-0.57
BRITANNIA,2023-10-27,4514.3,0.14
BRITANNIA,2023-10-30,4461.6,-1.17
BRITANNIA,2023-10-31,4426.5,-0.79
BRITANNIA,2023-11-01,4397.3,-0.66
BRITANNIA,2023-11-02,4527.25,2.96
BRITANNIA,2023-11-03,4539.55,0.27
BRITANNIA,2023-11-06,4623.6,1.85
BRITANNIA,2023-11-07,4655.2,0.68
BRITANNIA,2023-11-08,4670.6,0.33
BRITANNIA,2023-11-09,4652.1,-0.4
BRITANNIA,2023-11-10,4681.95,0.64
BRITANNIA,2023-11-12,4676.6,-0.11
BRITANNIA,2023-11-13,4696.35,0.42
BRITANNIA,2023-11-15,4710.8,0.31
BRITANNIA,2023-11-16,4702.1,-0.18
BRITANNIA,2023-11-17,4718.3,0.34
BRITANNIA,2023-11-20,4712.0,-0.13
BRITANNIA,2023-11-21,4699.75,-0.26
BRITANNIA,2023-11-22,4694.2,-0.12
BRITANNIA,2023-11-23,4705.8,0.25
BRITANNIA,2023-11-24,4644.15,-1.31
BRITANNIA,2023-11-28,4713.45,1.49
BRITANNIA,2023-11-29,4803.65,1.91
BRITANNIA,2023-11-30,4852.65,1.02
BRITANNIA,2023-12-01,4970.75,2.43
BRITANNIA,2023-12-04,4937.75,-0.66
BRITANNIA,2023-12-05,4948.4,0.22
BRITANNIA,2023-12-06,5003.15,1.11
BRITANNIA,2023-12-07,5016.0,0.26
BRITANNIA,2023-12-08,4942.2,-1.47
BRITANNIA,2023-12-11,4944.15,0.04
BRITANNIA,2023-12-12,4903.05,-0.83
BRITANNIA,2023-12-13,4919.3,0.33
BRITANNIA,2023-12-14,4946.65,0.56
BRITANNIA,2023-12-15,4913.9,-0.66
BRITANNIA,2023-12-18,4879.5,-0.7
BRITANNIA,2023-12-19,4911.25,0.65
BRITANNIA,2023-12-20,4954.95,0.89
BRITANNIA,2023-12-21,5059.6,2.11
BRITANNIA,2023-12-22,5161.1,2.01
BRITANNIA,2023-12-26,5235.95,1.45
BRITANNIA,2023-12-27,5216.8,-0.37
BRITANNIA,2023-12-28,5282.0,1.25
BRITANNIA,2023-12-29,5338.45,1.07
BRITANNIA,2024-01-01,5319.8,-0.35
BRITANNIA,2024-01-02,5288.85,-0.58
BRITANNIA,2024-01-03,5253.8,-0.66
BRITANNIA,2024-01-04,5361.3,2.05
BRITANNIA,2024-01-05,5272.35,-1.66
BRITANNIA,2024-01-08,5177.35,-1.8
BRITANNIA,2024-01-09,5122.4,-1.06
BRITANNIA,2024-01-10,5086.65,-0.7
BRITANNIA,2024-01-11,5136.7,0.98
BRITANNIA,2024-01-12,5151.1,0.28
BRITANNIA,2024-01-15,5177.35,0.51
BRITANNIA,2024-01-16,5130.6,-0.9
BRITANNIA,2024-01-17,5061.7,-1.34
BRITANNIA,2024-01-18,5015.15,-0.92
BRITANNIA,2024-01-19,5138.65,2.46
BRITANNIA,2024-01-20,5166.4,0.54
BRITANNIA,2024-01-23,5048.1,-2.29
BRITANNIA,2024-01-24,5142.25,1.87
BRITANNIA,2024-01-25,5141.9,-0.01
BRITANNIA,2024-01-29,5136.9,-0.1
BRITANNIA,2024-01-30,5091.75,-0.88
BRITANNIA,2024-01-31,5198.4,2.09
BRITANNIA,2024-02-01,5148.6,-0.96
BRITANNIA,2024-02-02,5148.85,0.0
BRITANNIA,2024-02-05,5124.5,-0.47
BRITANNIA,2024-02-06,5007.05,-2.29
BRITANNIA,2024-02-07,5078.25,1.42
BRITANNIA,2024-02-08,4875.55,-3.99
BRITANNIA,2024-02-09,4971.5,1.97
BRITANNIA,2024-02-12,4970.2,-0.03
BRITANNIA,2024-02-13,4981.6,0.23
BRITANNIA,2024-02-14,5010.65,0.58
BRITANNIA,2024-02-15,4950.55,-1.2
BRITANNIA,2024-02-16,4913.7,-0.74
BRITANNIA,2024-02-19,4925.25,0.24
BRITANNIA,2024-02-20,4921.15,-0.08
BRITANNIA,2024-02-21,4923.0,0.04
BRITANNIA,2024-02-22,4956.95,0.69
BRITANNIA,2024-02-23,4936.35,-0.42
BRITANNIA,2024-02-26,4901.9,-0.7
BRITANNIA,2024-02-27,4904.35,0.05
BRITANNIA,2024-02-28,4887.8,-0.34
BRITANNIA,2024-02-29,4965.2,1.58
BRITANNIA,2024-03-01,4927.7,-0.76
BRITANNIA,2024-03-02,4922.55,-0.1
BRITANNIA,2024-03-04,4838.9,-1.7
BRITANNIA,2024-03-05,4825.65,-0.27
BRITANNIA,2024-03-06,4880.75,1.14
BRITANNIA,2024-03-07,4889.15,0.17
BRITANNIA,2024-03-11,4937.4,0.99
BRITANNIA,2024-03-12,4869.15,-1.38
BRITANNIA,2024-03-13,4856.65,-0.26
BRITANNIA,2024-03-14,4938.9,1.69
BRITANNIA,2024-03-15,4974.2,0.71
BRITANNIA,2024-03-18,4980.0,0.12
BRITANNIA,2024-03-19,4816.95,-3.27
BRITANNIA,2024-03-20,4802.9,-0.29
BRITANNIA,2024-03-21,4806.7,0.08
BRITANNIA,2024-03-22,4865.0,1.21
BRITANNIA,2024-03-26,4961.45,1.98
BRITANNIA,2024-03-27,4920.2,-0.83
BRITANNIA,2024-03-28,4911.25,-0.18
BRITANNIA,2024-04-01,4895.2,-0.33
BRITANNIA,2024-04-02,4899.95,0.1
BRITANNIA,2024-04-03,4834.6,-1.33
BRITANNIA,2024-04-04,4813.6,-0.43
BRITANNIA,2024-04-05,4813.05,-0.01
BRITANNIA,2024-04-08,4826.8,0.29
BRITANNIA,2024-04-09,4794.7,-0.67
BRITANNIA,2024-04-10,4808.7,0.29
BRITANNIA,2024-04-12,4751.75,-1.18
BRITANNIA,2024-04-15,4761.9,0.21
BRITANNIA,2024-04-16,4740.7,-0.45
BRITANNIA,2024-04-18,4695.0,-0.96
BRITANNIA,2024-04-19,4668.3,-0.57
BRITANNIA,2024-04-22,4753.3,1.82
BRITANNIA,2024-04-23,4797.8,0.94
BRITANNIA,2024-04-24,4828.95,0.65
BRITANNIA,2024-04-25,4844.15,0.31
BRITANNIA,2024-04-26,4800.45,-0.9
BRITANNIA,2024-04-29,4799.85,-0.01
BRITANNIA,2024-04-30,4775.95,-0.5
BRITANNIA,2024-05-02,4759.65,-0.34
BRITANNIA,2024-05-03,4744.6,-0.32
BRITANNIA,2024-05-06,5061.6,6.68
BRITANNIA,2024-05-07,5173.85,2.22
BRITANNIA,2024-05-08,5228.4,1.05
BRITANNIA,2024-05-09,5070.1,-3.03
BRITANNIA,2024-05-10,5066.8,-0.07
BRITANNIA,2024-05-13,5130.55,1.26
BRITANNIA,2024-05-14,5140.8,0.2
BRITANNIA,2024-05-15,5064.0,-1.49
BRITANNIA,2024-05-16,5137.75,1.46
BRITANNIA,2024-05-17,5086.8,-0.99
BRITANNIA,2024-05-18,5096.05,0.18
BRITANNIA,2024-05-21,5178.1,1.61
BRITANNIA,2024-05-22,5267.4,1.72
BRITANNIA,2024-05-23,5281.15,0.26
BRITANNIA,2024-05-24,5240.7,-0.77
BRITANNIA,2024-05-27,5212.25,-0.54
BRITANNIA,2024-05-28,5250.55,0.73
BRITANNIA,2024-05-29,5229.8,-0.4
BRITANNIA,2024-05-30,5198.55,-0.6
BRITANNIA,2024-05-31,5179.8,-0.36
BRITANNIA,2024-06-03,5167.8,-0.23
BRITANNIA,2024-06-04,5325.1,3.04
BRITANNIA,2024-06-05,5486.65,3.03
BRITANNIA,2024-06-06,5440.45,-0.84
BRITANNIA,2024-06-07,5463.55,0.42
BRITANNIA,2024-06-10,5488.4,0.45
BRITANNIA,2024-06-11,5517.75,0.53
BRITANNIA,2024-06-12,5439.3,-1.42
BRITANNIA,2024-06-13,5379.45,-1.1
BRITANNIA,2024-06-14,5393.65,0.26
BRITANNIA,2024-06-18,5395.85,0.04
BRITANNIA,2024-06-19,5360.65,-0.65
BRITANNIA,2024-06-20,5378.45,0.33
BRITANNIA,2024-06-21,5330.3,-0.9
BRITANNIA,2024-06-24,5297.75,-0.61
BRITANNIA,2024-06-25,5352.05,1.02
BRITANNIA,2024-06-26,5421.7,1.3
BRITANNIA,2024-06-27,5430.3,0.16
BRITANNIA,2024-06-28,5475.55,0.83
BRITANNIA,2024-07-01,5476.5,0.02
BRITANNIA,2024-07-02,5401.65,-1.37
BRITANNIA,2024-07-03,5449.1,0.88
BRITANNIA,2024-07-04,5426.25,-0.42
BRITANNIA,2024-07-05,5546.8,2.22
BRITANNIA,2024-07-08,5568.55,0.39
BRITANNIA,2024-07-09,5668.85,1.8
BRITANNIA,2024-07-10,5755.55,1.53
BRITANNIA,2024-07-11,5761.3,0.1
BRITANNIA,2024-07-12,5787.05,0.45
BRITANNIA,2024-07-15,5809.7,0.39
BRITANNIA,2024-07-16,5862.35,0.91
BRITANNIA,2024-07-18,5871.5,0.16
BRITANNIA,2024-07-19,5877.95,0.11
BRITANNIA,2024-07-22,5887.85,0.17
BRITANNIA,2024-07-23,5944.75,0.97
BRITANNIA,2024-07-24,5829.5,-1.94
BRITANNIA,2024-07-25,5829.6,0.0
BRITANNIA,2024-07-26,5872.8,0.74
BRITANNIA,2024-07-29,5897.6,0.42
BRITANNIA,2024-07-30,5842.2,-0.94
BRITANNIA,2024-07-31,5784.45,-0.99
BRITANNIA,2024-08-01,5730.15,-0.94
BRITANNIA,2024-08-02,5720.35,-0.17
BRITANNIA,2024-08-05,5697.9,-0.39
BRITANNIA,2024-08-06,5854.5,2.75
BRITANNIA,2024-08-07,5836.8,-0.3
BRITANNIA,2024-08-08,5744.65,-1.58
BRITANNIA,2024-08-09,5740.3,-0.08
BRITANNIA,2024-08-12,5645.75,-1.65
BRITANNIA,2024-08-13,5666.5,0.37
BRITANNIA,2024-08-14,5659.15,-0.13
BRITANNIA,2024-08-16,5729.65,1.25
BRITANNIA,2024-08-19,5732.5,0.05
BRITANNIA,2024-08-20,5765.8,0.58
BRITANNIA,2024-08-21,5837.35,1.24
BRITANNIA,2024-08-22,5836.8,-0.01
BRITANNIA,2024-08-23,5792.65,-0.76
BRITANNIA,2024-08-26,5796.95,0.07
BRITANNIA,2024-08-27,5764.3,-0.56
BRITANNIA,2024-08-28,5703.35,-1.06
BRITANNIA,2024-08-29,5831.4,2.25
BRITANNIA,2024-08-30,5855.25,0.41
BRITANNIA,2024-09-02,5922.15,1.14
BRITANNIA,2024-09-03,5916.05,-0.1
BRITANNIA,2024-09-04,5926.55,0.18
BRITANNIA,2024-09-05,5850.0,-1.29
BRITANNIA,2024-09-06,5843.55,-0.11
BRITANNIA,2024-09-09,5939.45,1.64
BRITANNIA,2024-09-10,5969.9,0.51
BRITANNIA,2024-09-11,6008.65,0.65
BRITANNIA,2024-09-12,6109.25,1.67
BRITANNIA,2024-09-13,6133.1,0.39
BRITANNIA,2024-09-16,6063.0,-1.14
BRITANNIA,2024-09-17,6111.05,0.79
BRITANNIA,2024-09-18,6123.25,0.2
BRITANNIA,2024-09-19,6134.5,0.18
BRITANNIA,2024-09-20,6210.55,1.24
BRITANNIA,2024-09-23,6211.2,0.01
BRITANNIA,2024-09-24,6203.15,-0.13
BRITANNIA,2024-09-25,6180.3,-0.37
BRITANNIA,2024-09-26,6254.1,1.19
BRITANNIA,2024-09-27,6268.8,0.24
BRITANNIA,2024-09-30,6338.15,1.11
BRITANNIA,2024-10-01,6446.05,1.7
BRITANNIA,2024-10-03,6331.75,-1.77
BRITANNIA,2024-10-04,6206.0,-1.99
BRITANNIA,2024-10-07,6120.3,-1.38
BRITANNIA,2024-10-08,6204.4,1.37
BRITANNIA,2024-10-09,6097.25,-1.73
BRITANNIA,2024-10-10,6002.15,-1.56
BRITANNIA,2024-10-11,5978.5,-0.39
BRITANNIA,2024-10-14,5978.05,-0.01
BRITANNIA,2024-10-15,6068.7,1.52
BRITANNIA,2024-10-16,6090.1,0.35
BRITANNIA,2024-10-17,5988.5,-1.67
BRITANNIA,2024-10-18,5887.2,-1.69
BRITANNIA,2024-10-21,5778.3,-1.85
BRITANNIA,2024-10-22,5727.0,-0.89
BRITANNIA,2024-10-23,5748.85,0.38
BRITANNIA,2024-10-24,5612.4,-2.37
BRITANNIA,2024-10-25,5669.4,1.02
BRITANNIA,2024-10-28,5722.3,0.93
BRITANNIA,2024-10-29,5667.5,-0.96
BRITANNIA,2024-10-30,5782.5,2.03
BRITANNIA,2024-10-31,5726.9,-0.96
BRITANNIA,2024-11-01,5693.05,-0.59
BRITANNIA,2024-11-04,5625.2,-1.19
BRITANNIA,2024-11-05,5605.1,-0.36
BRITANNIA,2024-11-06,5694.9,1.6
BRITANNIA,2024-11-07,5688.9,-0.11
BRITANNIA,2024-11-08,5747.15,1.02
BRITANNIA,2024-11-11,5434.65,-5.44
BRITANNIA,2024-11-12,5027.55,-7.49
BRITANNIA,2024-11-13,5046.5,0.38
BRITANNIA,2024-11-14,4915.6,-2.59
BRITANNIA,2024-11-18,4911.35,-0.09
BRITANNIA,2024-11-19,4892.7,-0.38
BRITANNIA,2024-11-21,4803.35,-1.83
BRITANNIA,2024-11-22,4848.35,0.94
CIPLA,2023-10-03,1182.8,
CIPLA,2023-10-04,1167.05,-1.33
CIPLA,2023-10-05,1161.1,-0.51
CIPLA,2023-10-06,1163.0,0.16
CIPLA,2023-10-09,1159.5,-0.3
CIPLA,2023-10-10,1155.05,-0.38
CIPLA,2023-10-11,1171.95,1.46
CIPLA,2023-10-12,1157.9,-1.2
CIPLA,2023-10-13,1167.75,0.85
CIPLA,2023-10-16,1164.4,-0.29
CIPLA,2023-10-17,1173.5,0.78
CIPLA,2023-10-18,1210.6,3.16
CIPLA,2023-10-19,1223.3,1.05
CIPLA,2023-10-20,1200.2,-1.89
CIPLA,2023-10-23,1183.8,-1.37
CIPLA,2023-10-25,1157.45,-2.23
CIPLA,2023-10-26,1150.85,-0.57
CIPLA,2023-10-27,1174.25,2.03
CIPLA,2023-10-30,1193.45,1.64
CIPLA,2023-10-31,1200.0,0.55
CIPLA,2023-11-01,1201.25,0.1
CIPLA,2023-11-02,1208.5,0.6
CIPLA,2023-11-03,1206.35,-0.18
CIPLA,2023-11-06,1204.1,-0.19
CIPLA,2023-11-07,1216.45,1.03
CIPLA,2023-11-08,1241.0,2.02
CIPLA,2023-11-09,1238.15,-0.23
CIPLA,2023-11-10,1240.1,0.16
CIPLA,2023-11-12,1243.95,0.31
CIPLA,2023-11-13,1240.55,-0.27
CIPLA,2023-11-15,1241.75,0.1
CIPLA,2023-11-16,1234.8,-0.56
CIPLA,2023-11-17,1249.4,1.18
CIPLA,2023-11-20,1247.1,-0.18
CIPLA,2023-11-21,1253.25,0.49
CIPLA,2023-11-22,1271.5,1.46
CIPLA,2023-11-23,1170.65,-7.93
CIPLA,2023-11-24,1198.65,2.39
CIPLA,2023-11-28,1192.3,-0.53
CIPLA,2023-11-29,1201.55,0.78
CIPLA,2023-11-30,1212.3,0.89
CIPLA,2023-12-01,1205.7,-0.54
CIPLA,2023-12-04,1216.5,0.9
CIPLA,2023-12-05,1224.45,0.65
CIPLA,2023-12-06,1205.2,-1.57
CIPLA,2023-12-07,1222.8,1.46
CIPLA,2023-12-08,1219.1,-0.3
CIPLA,2023-12-11,1202.3,-1.38
CIPLA,2023-12-12,1198.65,-0.3
CIPLA,2023-12-13,1216.5,1.49
CIPLA,2023-12-14,1204.65,-0.97
CIPLA,2023-12-15,1207.1,0.2
CIPLA,2023-12-18,1216.8,0.8
CIPLA,2023-12-19,1237.1,1.67
CIPLA,2023-12-20,1236.2,-0.07
CIPLA,2023-12-21,1221.85,-1.16
CIPLA,2023-12-22,1235.6,1.13
CIPLA,2023-12-26,1244.95,0.76
CIPLA,2023-12-27,1239.75,-0.42
CIPLA,2023-12-28,1260.8,1.7
CIPLA,2023-12-29,1246.3,-1.15
CIPLA,2024-01-01,1251.0,0.38
CIPLA,2024-01-02,1281.55,2.44
CIPLA,2024-01-03,1300.15,1.45
CIPLA,2024-01-04,1296.65,-0.27
CIPLA,2024-01-05,1286.9,-0.75
CIPLA,2024-01-08,1271.75,-1.18
CIPLA,2024-01-09,1289.35,1.38
CIPLA,2024-01-10,1329.2,3.09
CIPLA,2024-01-11,1325.65,-0.27
CIPLA,2024-01-12,1308.0,-1.33
CIPLA,2024-01-15,1313.15,0.39
CIPLA,2024-01-16,1302.35,-0.82
CIPLA,2024-01-17,1294.0,-0.64
CIPLA,2024-01-18,1322.95,2.24
CIPLA,2024-01-19,1327.95,0.38
CIPLA,2024-01-20,1316.25,-0.88
CIPLA,2024-01-23,1409.0,7.05
CIPLA,2024-01-24,1417.35,0.59
CIPLA,2024-01-25,1369.65,-3.37
CIPLA,2024-01-29,1336.85,-2.39
CIPLA,2024-01-30,1317.1,-1.48
CIPLA,2024-01-31,1351.0,2.57
CIPLA,2024-02-01,1387.65,2.71
CIPLA,2024-02-02,1392.65,0.36
CIPLA,2024-02-05,1433.9,2.96
CIPLA,2024-02-06,1425.45,-0.59
CIPLA,2024-02-07,1438.75,0.93
CIPLA,2024-02-08,1420.2,-1.29
CIPLA,2024-02-09,1439.75,1.38
CIPLA,2024-02-12,1434.75,-0.35
CIPLA,2024-02-13,1457.75,1.6
CIPLA,2024-02-14,1425.35,-2.22
CIPLA,2024-02-15,1422.35,-0.21
CIPLA,2024-02-16,1440.7,1.29
CIPLA,2024-02-19,1470.35,2.06
CIPLA,2024-02-20,1451.65,-1.27
CIPLA,2024-02-21,1447.3,-0.3
CIPLA,2024-02-22,1453.3,0.41
CIPLA,2024-02-23,1466.4,0.9
CIPLA,2024-02-26,1469.85,0.24
CIPLA,2024-02-27,1487.45,1.2
CIPLA,2024-02-28,1477.0,-0.7
CIPLA,2024-02-29,1480.35,0.23
CIPLA,2024-03-01,1470.9,-0.64
CIPLA,2024-03-02,1482.3,0.78
CIPLA,2024-03-04,1471.5,-0.73
CIPLA,2024-03-05,1473.45,0.13
CIPLA,2024-03-06,1485.25,0.8
CIPLA,2024-03-07,1483.15,-0.14
CIPLA,2024-03-11,1504.1,1.41
CIPLA,2024-03-12,1465.75,-2.55
CIPLA,2024-03-13,1471.25,0.38
CIPLA,2024-03-14,1496.65,1.73
CIPLA,2024-03-15,1488.05,-0.57
CIPLA,2024-03-18,1488.45,0.03
CIPLA,2024-03-19,1435.7,-3.54
CIPLA,2024-03-20,1417.4,-1.27
CIPLA,2024-03-21,1448.7,2.21
CIPLA,2024-03-22,1481.25,2.25
CIPLA,2024-03-26,1472.25,-0.61
CIPLA,2024-03-27,1463.35,-0.6
CIPLA,2024-03-28,1496.95,2.3
CIPLA,2024-04-01,1498.65,0.11
CIPLA,2024-04-02,1489.4,-0.62
CIPLA,2024-04-03,1471.5,-1.2
CIPLA,2024-04-04,1459.55,-0.81
CIPLA,2024-04-05,1449.4,-0.7
CIPLA,2024-04-08,1462.45,0.9
CIPLA,2024-04-09,1450.3,-0.83
CIPLA,2024-04-10,1422.95,-1.89
CIPLA,2024-04-12,1396.8,-1.84
CIPLA,2024-04-15,1381.4,-1.1
CIPLA,2024-04-16,1375.2,-0.45
CIPLA,2024-04-18,1347.3,-2.03
CIPLA,2024-04-19,1345.75,-0.12
CIPLA,2024-04-22,1354.85,0.68
CIPLA,2024-04-23,1346.7,-0.6
CIPLA,2024-04-24,1398.2,3.82
CIPLA,2024-04-25,1406.2,0.57
CIPLA,2024-04-26,1409.15,0.21
CIPLA,2024-04-29,1408.0,-0.08
CIPLA,2024-04-30,1400.0,-0.57
CIPLA,2024-05-02,1420.05,1.43
CIPLA,2024-05-03,1424.75,0.33
CIPLA,2024-05-06,1423.4,-0.09
CIPLA,2024-05-07,1387.2,-2.54
CIPLA,2024-05-08,1384.75,-0.18
CIPLA,2024-05-09,1358.8,-1.87
CIPLA,2024-05-10,1339.55,-1.42
CIPLA,2024-05-13,1414.65,5.61
CIPLA,2024-05-14,1357.35,-4.05
CIPLA,2024-05-15,1406.7,3.64
CIPLA,2024-05-16,1421.1,1.02
CIPLA,2024-05-17,1399.05,-1.55
CIPLA,2024-05-18,1404.05,0.36
CIPLA,2024-05-21,1442.3,2.72
CIPLA,2024-05-22,1482.3,2.77
CIPLA,2024-05-23,1489.15,0.46
CIPLA,2024-05-24,1486.45,-0.18
CIPLA,2024-05-27,1478.65,-0.52
CIPLA,2024-05-28,1479.45,0.05
CIPLA,2024-05-29,1493.55,0.95
CIPLA,2024-05-30,1466.6,-1.8
CIPLA,2024-05-31,1447.2,-1.32
CIPLA,2024-06-03,1452.35,0.36
CIPLA,2024-06-04,1462.55,0.7
CIPLA,2024-06-05,1496.95,2.35
CIPLA,2024-06-06,1477.0,-1.33
CIPLA,2024-06-07,1497.25,1.37
CIPLA,2024-06-10,1534.25,2.47
CIPLA,2024-06-11,1530.25,-0.26
CIPLA,2024-06-12,1540.95,0.7
CIPLA,2024-06-13,1544.55,0.23
CIPLA,2024-06-14,1564.75,1.31
CIPLA,2024-06-18,1574.8,0.64
CIPLA,2024-06-19,1559.8,-0.95
CIPLA,2024-06-20,1544.85,-0.96
CIPLA,2024-06-21,1541.55,-0.21
CIPLA,2024-06-24,1504.4,-2.41
CIPLA,2024-06-25,1499.7,-0.31
CIPLA,2024-06-26,1479.1,-1.37
CIPLA,2024-06-27,1480.9,0.12
CIPLA,2024-06-28,1480.8,-0.01
CIPLA,2024-07-01,1479.1,-0.11
CIPLA,2024-07-02,1488.65,0.65
CIPLA,2024-07-03,1483.75,-0.33
CIPLA,2024-07-04,1480.75,-0.2
CIPLA,2024-07-05,1509.9,1.97
CIPLA,2024-07-08,1487.05,-1.51
CIPLA,2024-07-09,1512.05,1.68
CIPLA,2024-07-10,1513.2,0.08
CIPLA,2024-07-11,1506.0,-0.48
CIPLA,2024-07-12,1512.05,0.4
CIPLA,2024-07-15,1517.2,0.34
CIPLA,2024-07-16,1510.4,-0.45
CIPLA,2024-07-18,1506.65,-0.25
CIPLA,2024-07-19,1485.5,-1.4
CIPLA,2024-07-22,1490.0,0.3
CIPLA,2024-07-23,1497.9,0.53
CIPLA,2024-07-24,1503.5,0.37
CIPLA,2024-07-25,1500.05,-0.23
CIPLA,2024-07-26,1575.0,5.0
CIPLA,2024-07-29,1553.95,-1.34
CIPLA,2024-07-30,1528.9,-1.61
CIPLA,2024-07-31,1544.3,1.01
CIPLA,2024-08-01,1546.2,0.12
CIPLA,2024-08-02,1528.8,-1.13
CIPLA,2024-08-05,1515.05,-0.9
CIPLA,2024-08-06,1531.9,1.11
CIPLA,2024-08-07,1553.55,1.41
CIPLA,2024-08-08,1569.95,1.06
CIPLA,2024-08-09,1574.75,0.31
CIPLA,2024-08-12,1586.25,0.73
CIPLA,2024-08-13,1583.45,-0.18
CIPLA,2024-08-14,1563.8,-1.24
CIPLA,2024-08-16,1576.1,0.79
CIPLA,2024-08-19,1575.5,-0.04
CIPLA,2024-08-20,1562.85,-0.8
CIPLA,2024-08-21,1594.6,2.03
CIPLA,2024-08-22,1585.8,-0.55
CIPLA,2024-08-23,1574.55,-0.71
CIPLA,2024-08-26,1593.95,1.23
CIPLA,2024-08-27,1598.05,0.26
CIPLA,2024-08-28,1618.2,1.26
CIPLA,2024-08-29,1618.55,0.02
CIPLA,2024-08-30,1654.9,2.25
CIPLA,2024-09-02,1646.65,-0.5
CIPLA,2024-09-03,1653.2,0.4
CIPLA,2024-09-04,1651.9,-0.08
CIPLA,2024-09-05,1627.75,-1.46
CIPLA,2024-09-06,1611.05,-1.03
CIPLA,2024-09-09,1620.15,0.56
CIPLA,2024-09-10,1632.0,0.73
CIPLA,2024-09-11,1628.35,-0.22
CIPLA,2024-09-12,1657.25,1.77
CIPLA,2024-09-13,1659.7,0.15
CIPLA,2024-09-16,1659.4,-0.02
CIPLA,2024-09-17,1671.8,0.75
CIPLA,2024-09-18,1651.6,-1.21
CIPLA,2024-09-19,1637.7,-0.84
CIPLA,2024-09-20,1638.65,0.06
CIPLA,2024-09-23,1658.15,1.19
CIPLA,2024-09-24,1637.55,-1.24
CIPLA,2024-09-25,1643.2,0.35
CIPLA,2024-09-26,1621.8,-1.3
CIPLA,2024-09-27,1672.5,3.13
CIPLA,2024-09-30,1654.1,-1.1
CIPLA,2024-10-01,1664.85,0.65
CIPLA,2024-10-03,1656.55,-0.5
CIPLA,2024-10-04,1623.3,-2.01
CIPLA,2024-10-07,1624.65,0.08
CIPLA,2024-10-08,1640.7,0.99
CIPLA,2024-10-09,1680.5,2.43
CIPLA,2024-10-10,1618.9,-3.67
CIPLA,2024-10-11,1595.75,-1.43
CIPLA,2024-10-14,1598.45,0.17
CIPLA,2024-10-15,1571.75,-1.67
CIPLA,2024-10-16,1562.2,-0.61
CIPLA,2024-10-17,1558.7,-0.22
CIPLA,2024-10-18,1551.7,-0.45
CIPLA,2024-10-21,1523.75,-1.8
CIPLA,2024-10-22,1510.35,-0.88
CIPLA,2024-10-23,1485.6,-1.64
CIPLA,2024-10-24,1492.3,0.45
CIPLA,2024-10-25,1488.9,-0.23
CIPLA,2024-10-28,1503.15,0.96
CIPLA,2024-10-29,1477.55,-1.7
CIPLA,2024-10-30,1418.25,-4.01
CIPLA,2024-10-31,1551.75,9.41
CIPLA,2024-11-01,1559.55,0.5
CIPLA,2024-11-04,1584.6,1.61
CIPLA,2024-11-05,1601.2,1.05
CIPLA,2024-11-06,1594.05,-0.45
CIPLA,2024-11-07,1576.15,-1.12
CIPLA,2024-11-08,1592.6,1.04
CIPLA,2024-11-11,1552.8,-2.5
CIPLA,2024-11-12,1525.15,-1.78
CIPLA,2024-11-13,1505.6,-1.28
CIPLA,2024-11-14,1499.75,-0.39
CIPLA,2024-11-18,1465.25,-2.3
CIPLA,2024-11-19,1471.55,0.43
CIPLA,2024-11-21,1465.5,-0.41
CIPLA,2024-11-22,1486.5,1.43
COALINDIA,2023-10-03,291.9,
COALINDIA,2023-10-04,287.95,-1.35
COALINDIA,2023-10-05,289.35,0.49
COALINDIA,2023-10-06,287.8,-0.54
COALINDIA,2023-10-09,287.8,0.0
COALINDIA,2023-10-10,303.25,5.37
COALINDIA,2023-10-11,301.85,-0.46
COALINDIA,2023-10-12,307.2,1.77
COALINDIA,2023-10-13,307.95,0.24
COALINDIA,2023-10-16,312.0,1.32
COALINDIA,2023-10-17,317.4,1.73
COALINDIA,2023-10-18,316.95,-0.14
COALINDIA,2023-10-19,314.8,-0.68
COALINDIA,2023-10-20,312.4,-0.76
COALINDIA,2023-10-23,306.1,-2.02
COALINDIA,2023-10-25,310.3,1.37
COALINDIA,2023-10-26,305.25,-1.63
COALINDIA,2023-10-27,313.95,2.85
COALINDIA,2023-10-30,314.55,0.19
COALINDIA,2023-10-31,314.25,-0.1
COALINDIA,2023-11-01,306.65,-2.42
COALINDIA,2023-11-02,308.85,0.72
COALINDIA,2023-11-03,312.0,1.02
COALINDIA,2023-11-06,316.55,1.46
COALINDIA,2023-11-07,314.25,-0.73
COALINDIA,2023-11-08,317.4,1.0
COALINDIA,2023-11-09,323.55,1.94
COALINDIA,2023-11-10,323.4,-0.05
COALINDIA,2023-11-12,331.8,2.6
COALINDIA,2023-11-13,349.35,5.29
COALINDIA,2023-11-15,350.6,0.36
COALINDIA,2023-11-16,345.8,-1.37
COALINDIA,2023-11-17,345.25,-0.16
COALINDIA,2023-11-20,347.75,0.72
COALINDIA,2023-11-21,334.2,-3.9
COALINDIA,2023-11-22,332.15,-0.61
COALINDIA,2023-11-23,334.45,0.69
COALINDIA,2023-11-24,332.8,-0.49
COALINDIA,2023-11-28,341.95,2.75
COALINDIA,2023-11-29,342.35,0.12
COALINDIA,2023-11-30,342.15,-0.06
COALINDIA,2023-12-01,346.65,1.32
COALINDIA,2023-12-04,354.7,2.32
COALINDIA,2023-12-05,355.55,0.24
COALINDIA,2023-12-06,352.15,-0.96
COALINDIA,2023-12-07,351.95,-0.06
COALINDIA,2023-12-08,351.0,-0.27
COALINDIA,2023-12-11,353.65,0.75
COALINDIA,2023-12-12,347.5,-1.74
COALINDIA,2023-12-13,345.2,-0.66
COALINDIA,2023-12-14,347.6,0.7
COALINDIA,2023-12-15,350.0,0.69
COALINDIA,2023-12-18,347.65,-0.67
COALINDIA,2023-12-19,366.95,5.55
COALINDIA,2023-12-20,352.15,-4.03
COALINDIA,2023-12-21,355.5,0.95
COALINDIA,2023-12-22,363.25,2.18
COALINDIA,2023-12-26,366.05,0.77
COALINDIA,2023-12-27,365.6,-0.12
COALINDIA,2023-12-28,380.95,4.2
COALINDIA,2023-12-29,376.0,-1.3
COALINDIA,2024-01-01,381.8,1.54
COALINDIA,2024-01-02,392.65,2.84
COALINDIA,2024-01-03,384.55,-2.06
COALINDIA,2024-01-04,384.75,0.05
COALINDIA,2024-01-05,384.25,-0.13
COALINDIA,2024-01-08,380.4,-1.0
COALINDIA,2024-01-09,385.35,1.3
COALINDIA,2024-01-10,382.05,-0.86
COALINDIA,2024-01-11,384.35,0.6
COALINDIA,2024-01-12,381.1,-0.85
COALINDIA,2024-01-15,384.65,0.93
COALINDIA,2024-01-16,381.9,-0.71
COALINDIA,2024-01-17,379.65,-0.59
COALINDIA,2024-01-18,375.65,-1.05
COALINDIA,2024-01-19,383.25,2.02
COALINDIA,2024-01-20,398.8,4.06
COALINDIA,2024-01-23,375.3,-5.89
COALINDIA,2024-01-24,382.6,1.95
COALINDIA,2024-01-25,389.4,1.78
COALINDIA,2024-01-29,412.8,6.01
COALINDIA,2024-01-30,402.55,-2.48
COALINDIA,2024-01-31,406.15,0.89
COALINDIA,2024-02-01,406.7,0.14
COALINDIA,2024-02-02,419.8,3.22
COALINDIA,2024-02-05,440.25,4.87
COALINDIA,2024-02-06,448.65,1.91
COALINDIA,2024-02-07,452.65,0.89
COALINDIA,2024-02-08,459.2,1.45
COALINDIA,2024-02-09,456.2,-0.65
COALINDIA,2024-02-12,432.8,-5.13
COALINDIA,2024-02-13,452.35,4.52
COALINDIA,2024-02-14,466.35,3.09
COALINDIA,2024-02-15,476.85,2.25
COALINDIA,2024-02-16,480.0,0.66
COALINDIA,2024-02-19,461.0,-3.96
COALINDIA,2024-02-20,446.5,-3.15
COALINDIA,2024-02-21,432.95,-3.03
COALINDIA,2024-02-22,445.15,2.82
COALINDIA,2024-02-23,443.9,-0.28
COALINDIA,2024-02-26,442.3,-0.36
COALINDIA,2024-02-27,441.4,-0.2
COALINDIA,2024-02-28,434.2,-1.63
COALINDIA,2024-02-29,436.7,0.58
COALINDIA,2024-03-01,446.35,2.21
COALINDIA,2024-03-02,448.5,0.48
COALINDIA,2024-03-04,455.4,1.54
COALINDIA,2024-03-05,460.65,1.15
COALINDIA,2024-03-06,461.6,0.21
COALINDIA,2024-03-07,458.6,-0.65
COALINDIA,2024-03-11,453.9,-1.02
COALINDIA,2024-03-12,449.3,-1.01
COALINDIA,2024-03-13,417.05,-7.18
COALINDIA,2024-03-14,427.7,2.55
COALINDIA,2024-03-15,415.25,-2.91
COALINDIA,2024-03-18,421.85,1.59
COALINDIA,2024-03-19,419.05,-0.66
COALINDIA,2024-03-20,419.5,0.11
COALINDIA,2024-03-21,432.05,2.99
COALINDIA,2024-03-22,431.95,-0.02
COALINDIA,2024-03-26,435.95,0.93
COALINDIA,2024-03-27,429.45,-1.49
COALINDIA,2024-03-28,434.1,1.08
COALINDIA,2024-04-01,442.05,1.83
COALINDIA,2024-04-02,443.2,0.26
COALINDIA,2024-04-03,445.5,0.52
COALINDIA,2024-04-04,448.85,0.75
COALINDIA,2024-04-05,446.95,-0.42
COALINDIA,2024-04-08,447.4,0.1
COALINDIA,2024-04-09,439.85,-1.69
COALINDIA,2024-04-10,456.35,3.75
COALINDIA,2024-04-12,455.6,-0.16
COALINDIA,2024-04-15,451.0,-1.01
COALINDIA,2024-04-16,453.2,0.49
COALINDIA,2024-04-18,438.6,-3.22
COALINDIA,2024-04-19,435.3,-0.75
COALINDIA,2024-04-22,442.95,1.76
COALINDIA,2024-04-23,440.95,-0.45
COALINDIA,2024-04-24,443.85,0.66
COALINDIA,2024-04-25,452.45,1.94
COALINDIA,2024-04-26,455.8,0.74
COALINDIA,2024-04-29,453.25,-0.56
COALINDIA,2024-04-30,454.3,0.23
COALINDIA,2024-05-02,453.9,-0.09
COALINDIA,2024-05-03,474.6,4.56
COALINDIA,2024-05-06,460.6,-2.95
COALINDIA,2024-05-07,456.0,-1.0
COALINDIA,2024-05-08,464.45,1.85
COALINDIA,2024-05-09,443.5,-4.51
COALINDIA,2024-05-10,449.4,1.33
COALINDIA,2024-05-13,444.0,-1.2
COALINDIA,2024-05-14,448.7,1.06
COALINDIA,2024-05-15,467.85,4.27
COALINDIA,2024-05-16,468.3,0.1
COALINDIA,2024-05-17,470.25,0.42
COALINDIA,2024-05-18,469.7,-0.12
COALINDIA,2024-05-21,490.65,4.46
COALINDIA,2024-05-22,501.7,2.25
COALINDIA,2024-05-23,497.3,-0.88
COALINDIA,2024-05-24,501.0,0.74
COALINDIA,2024-05-27,494.45,-1.31
COALINDIA,2024-05-28,487.65,-1.38
COALINDIA,2024-05-29,486.45,-0.25
COALINDIA,2024-05-30,482.15,-0.88
COALINDIA,2024-05-31,491.2,1.88
COALINDIA,2024-06-03,512.35,4.31
COALINDIA,2024-06-04,441.9,-13.75
COALINDIA,2024-06-05,460.55,4.22
COALINDIA,2024-06-06,472.95,2.69
COALINDIA,2024-06-07,479.15,1.31
COALINDIA,2024-06-10,477.7,-0.3
COALINDIA,2024-06-11,476.35,-0.28
COALINDIA,2024-06-12,488.7,2.59
COALINDIA,2024-06-13,487.9,-0.16
COALINDIA,2024-06-14,486.95,-0.19
COALINDIA,2024-06-18,489.05,0.43
COALINDIA,2024-06-19,477.95,-2.27
COALINDIA,2024-06-20,483.15,1.09
COALINDIA,2024-06-21,480.2,-0.61
COALINDIA,2024-06-24,473.7,-1.35
COALINDIA,2024-06-25,469.25,-0.94
COALINDIA,2024-06-26,468.75,-0.11
COALINDIA,2024-06-27,467.05,-0.36
COALINDIA,2024-06-28,473.15,1.31
COALINDIA,2024-07-01,474.8,0.35
COALINDIA,2024-07-02,479.1,0.91
COALINDIA,2024-07-03,484.95,1.22
COALINDIA,2024-07-04,489.55,0.95
COALINDIA,2024-07-05,491.5,0.4
COALINDIA,2024-07-08,493.3,0.37
COALINDIA,2024-07-09,493.8,0.1
COALINDIA,2024-07-10,490.75,-0.62
COALINDIA,2024-07-11,500.05,1.9
COALINDIA,2024-07-12,496.2,-0.77
COALINDIA,2024-07-15,497.75,0.31
COALINDIA,2024-07-16,512.45,2.95
COALINDIA,2024-07-18,505.25,-1.41
COALINDIA,2024-07-19,488.0,-3.41
COALINDIA,2024-07-22,491.2,0.66
COALINDIA,2024-07-23,487.0,-0.86
COALINDIA,2024-07-24,493.8,1.4
COALINDIA,2024-07-25,494.0,0.04
COALINDIA,2024-07-26,509.85,3.21
COALINDIA,2024-07-29,512.15,0.45
COALINDIA,2024-07-30,519.35,1.41
COALINDIA,2024-07-31,522.2,0.55
COALINDIA,2024-08-01,540.4,3.49
COALINDIA,2024-08-02,524.5,-2.94
COALINDIA,2024-08-05,506.8,-3.37
COALINDIA,2024-08-06,499.6,-1.42
COALINDIA,2024-08-07,531.5,6.39
COALINDIA,2024-08-08,523.45,-1.51
COALINDIA,2024-08-09,529.8,1.21
COALINDIA,2024-08-12,523.95,-1.1
COALINDIA,2024-08-13,521.75,-0.42
COALINDIA,2024-08-14,504.7,-3.27
COALINDIA,2024-08-16,512.3,1.51
COALINDIA,2024-08-19,522.0,1.89
COALINDIA,2024-08-20,524.6,0.5
COALINDIA,2024-08-21,532.2,1.45
COALINDIA,2024-08-22,528.85,-0.63
COALINDIA,2024-08-23,538.85,1.89
COALINDIA,2024-08-26,538.1,-0.14
COALINDIA,2024-08-27,531.4,-1.25
COALINDIA,2024-08-28,526.35,-0.95
COALINDIA,2024-08-29,527.55,0.23
COALINDIA,2024-08-30,524.95,-0.49
COALINDIA,2024-09-02,520.85,-0.78
COALINDIA,2024-09-03,519.6,-0.24
COALINDIA,2024-09-04,503.65,-3.07
COALINDIA,2024-09-05,497.0,-1.32
COALINDIA,2024-09-06,488.55,-1.7
COALINDIA,2024-09-09,484.45,-0.84
COALINDIA,2024-09-10,491.1,1.37
COALINDIA,2024-09-11,483.95,-1.46
COALINDIA,2024-09-12,495.65,2.42
COALINDIA,2024-09-13,490.25,-1.09
COALINDIA,2024-09-16,493.25,0.61
COALINDIA,2024-09-17,488.5,-0.96
COALINDIA,2024-09-18,487.1,-0.29
COALINDIA,2024-09-19,477.95,-1.88
COALINDIA,2024-09-20,490.95,2.72
COALINDIA,2024-09-23,500.6,1.97
COALINDIA,2024-09-24,504.3,0.74
COALINDIA,2024-09-25,505.3,0.2
COALINDIA,2024-09-26,506.55,0.25
COALINDIA,2024-09-27,516.1,1.89
COALINDIA,2024-09-30,510.15,-1.15
COALINDIA,2024-10-01,508.5,-0.32
COALINDIA,2024-10-03,502.35,-1.21
COALINDIA,2024-10-04,497.2,-1.03
COALINDIA,2024-10-07,480.45,-3.37
COALINDIA,2024-10-08,491.85,2.37
COALINDIA,2024-10-09,486.95,-1.0
COALINDIA,2024-10-10,488.1,0.24
COALINDIA,2024-10-11,492.95,0.99
COALINDIA,2024-10-14,498.3,1.09
COALINDIA,2024-10-15,494.45,-0.77
COALINDIA,2024-10-16,495.75,0.26
COALINDIA,2024-10-17,489.9,-1.18
COALINDIA,2024-10-18,492.2,0.47
COALINDIA,2024-10-21,485.4,-1.38
COALINDIA,2024-10-22,468.35,-3.51
COALINDIA,2024-10-23,474.1,1.23
COALINDIA,2024-10-24,477.25,0.66
COALINDIA,2024-10-25,461.1,-3.38
COALINDIA,2024-10-28,441.65,-4.22
COALINDIA,2024-10-29,445.55,0.88
COALINDIA,2024-10-30,449.15,0.81
COALINDIA,2024-10-31,452.05,0.65
COALINDIA,2024-11-01,454.15,0.46
COALINDIA,2024-11-04,443.3,-2.39
COALINDIA,2024-11-05,434.9,-1.89
COALINDIA,2024-11-06,435.8,0.21
COALINDIA,2024-11-07,435.35,-0.1
COALINDIA,2024-11-08,424.05,-2.6
COALINDIA,2024-11-11,421.55,-0.59
COALINDIA,2024-11-12,414.05,-1.78
COALINDIA,2024-11-13,406.9,-1.73
COALINDIA,2024-11-14,409.75,0.7
COALINDIA,2024-11-18,413.35,0.88
COALINDIA,2024-11-19,412.25,-0.27
COALINDIA,2024-11-21,406.0,-1.52
COALINDIA,2024-11-22,414.05,1.98
DRREDDY,2023-10-03,1092.34,
DRREDDY,2023-10-04,1083.56,-0.8
DRREDDY,2023-10-05,1081.45,-0.19
DRREDDY,2023-10-06,1084.98,0.33
DRREDDY,2023-10-09,1098.97,1.29
DRREDDY,2023-10-10,1095.71,-0.3
DRREDDY,2023-10-11,1113.52,1.63
DRREDDY,2023-10-12,1106.04,-0.67
DRREDDY,2023-10-13,1092.04,-1.27
DRREDDY,2023-10-16,1098.62,0.6
DRREDDY,2023-10-17,1108.82,0.93
DRREDDY,2023-10-18,1135.49,2.41
DRREDDY,2023-10-19,1126.18,-0.82
DRREDDY,2023-10-20,1113.86,-1.09
DRREDDY,2023-10-23,1110.39,-0.31
DRREDDY,2023-10-25,1102.77,-0.69
DRREDDY,2023-10-26,1084.39,-1.67
DRREDDY,2023-10-27,1079.46,-0.45
DRREDDY,2023-10-30,1069.07,-0.96
DRREDDY,2023-10-31,1073.51,0.42
DRREDDY,2023-11-01,1069.29,-0.39
DRREDDY,2023-11-02,1067.7,-0.15
DRREDDY,2023-11-03,1052.61,-1.41
DRREDDY,2023-11-06,1067.62,1.43
DRREDDY,2023-11-07,1080.87,1.24
DRREDDY,2023-11-08,1090.71,0.91
DRREDDY,2023-11-09,1091.59,0.08
DRREDDY,2023-11-10,1084.98,-0.61
DRREDDY,2023-11-12,1089.95,0.46
DRREDDY,2023-11-13,1083.97,-0.55
DRREDDY,2023-11-15,1083.99,0.0
DRREDDY,2023-11-16,1108.85,2.29
DRREDDY,2023-11-17,1122.31,1.21
DRREDDY,2023-11-20,1120.83,-0.13
DRREDDY,2023-11-21,1129.29,0.75
DRREDDY,2023-11-22,1132.91,0.32
DRREDDY,2023-11-23,1128.93,-0.35
DRREDDY,2023-11-24,1129.23,0.03
DRREDDY,2023-11-28,1135.16,0.53
DRREDDY,2023-11-29,1143.07,0.7
DRREDDY,2023-11-30,1157.63,1.27
DRREDDY,2023-12-01,1149.88,-0.67
DRREDDY,2023-12-04,1151.2,0.11
DRREDDY,2023-12-05,1155.29,0.36
DRREDDY,2023-12-06,1146.07,-0.8
DRREDDY,2023-12-07,1157.02,0.96
DRREDDY,2023-12-08,1152.78,-0.37
DRREDDY,2023-12-11,1094.7,-5.04
DRREDDY,2023-12-12,1108.07,1.22
DRREDDY,2023-12-13,1119.73,1.05
DRREDDY,2023-12-14,1114.67,-0.45
DRREDDY,2023-12-15,1117.89,0.29
DRREDDY,2023-12-18,1118.21,0.03
DRREDDY,2023-12-19,1127.49,0.83
DRREDDY,2023-12-20,1115.83,-1.03
DRREDDY,2023-12-21,1110.9,-0.44
DRREDDY,2023-12-22,1125.54,1.32
DRREDDY,2023-12-26,1126.43,0.08
DRREDDY,2023-12-27,1142.9,1.46
DRREDDY,2023-12-28,1171.71,2.52
DRREDDY,2023-12-29,1159.58,-1.04
DRREDDY,2024-01-01,1164.33,0.41
DRREDDY,2024-01-02,1185.36,1.81
DRREDDY,2024-01-03,1186.38,0.09
DRREDDY,2024-01-04,1168.44,-1.51
DRREDDY,2024-01-05,1167.13,-0.11
DRREDDY,2024-01-08,1152.27,-1.27
DRREDDY,2024-01-09,1149.96,-0.2
DRREDDY,2024-01-10,1157.44,0.65
DRREDDY,2024-01-11,1138.49,-1.64
DRREDDY,2024-01-12,1137.77,-0.06
DRREDDY,2024-01-15,1156.65,1.66
DRREDDY,2024-01-16,1151.63,-0.43
DRREDDY,2024-01-17,1129.99,-1.88
DRREDDY,2024-01-18,1129.99,0.0
DRREDDY,2024-01-19,1133.64,0.32
DRREDDY,2024-01-20,1127.08,-0.58
DRREDDY,2024-01-23,1134.88,0.69
DRREDDY,2024-01-24,1180.42,4.01
DRREDDY,2024-01-25,1171.1,-0.79
DRREDDY,2024-01-29,1168.74,-0.2
DRREDDY,2024-01-30,1168.19,-0.05
DRREDDY,2024-01-31,1224.23,4.8
DRREDDY,2024-02-01,1198.63,-2.09
DRREDDY,2024-02-02,1207.9,0.77
DRREDDY,2024-02-05,1218.89,0.91
DRREDDY,2024-02-06,1233.32,1.18
DRREDDY,2024-02-07,1235.95,0.21
DRREDDY,2024-02-08,1232.01,-0.32
DRREDDY,2024-02-09,1231.17,-0.07
DRREDDY,2024-02-12,1266.7,2.89
DRREDDY,2024-02-13,1267.07,0.03
DRREDDY,2024-02-14,1251.67,-1.22
DRREDDY,2024-02-15,1250.53,-0.09
DRREDDY,2024-02-16,1263.43,1.03
DRREDDY,2024-02-19,1283.43,1.58
DRREDDY,2024-02-20,1275.2,-0.64
DRREDDY,2024-02-21,1269.83,-0.42
DRREDDY,2024-02-22,1272.79,0.23
DRREDDY,2024-02-23,1288.43,1.23
DRREDDY,2024-02-26,1288.15,-0.02
DRREDDY,2024-02-27,1289.92,0.14
DRREDDY,2024-02-28,1285.61,-0.33
DRREDDY,2024-02-29,1284.85,-0.06
DRREDDY,2024-03-01,1238.71,-3.59
DRREDDY,2024-03-02,1247.78,0.73
DRREDDY,2024-03-04,1267.02,1.54
DRREDDY,2024-03-05,1260.66,-0.5
DRREDDY,2024-03-06,1262.93,0.18
DRREDDY,2024-03-07,1264.83,0.15
DRREDDY,2024-03-11,1277.49,1.0
DRREDDY,2024-03-12,1260.43,-1.34
DRREDDY,2024-03-13,1260.76,0.03
DRREDDY,2024-03-14,1258.92,-0.15
DRREDDY,2024-03-15,1256.98,-0.15
DRREDDY,2024-03-18,1268.21,0.89
DRREDDY,2024-03-19,1226.98,-3.25
DRREDDY,2024-03-20,1220.66,-0.52
DRREDDY,2024-03-21,1225.64,0.41
DRREDDY,2024-03-22,1240.64,1.22
DRREDDY,2024-03-26,1226.97,-1.1
DRREDDY,2024-03-27,1208.82,-1.48
DRREDDY,2024-03-28,1231.58,1.88
DRREDDY,2024-04-01,1250.07,1.5
DRREDDY,2024-04-02,1247.51,-0.2
DRREDDY,2024-04-03,1224.88,-1.81
DRREDDY,2024-04-04,1228.5,0.3
DRREDDY,2024-04-05,1235.86,0.6
DRREDDY,2024-04-08,1234.91,-0.08
DRREDDY,2024-04-09,1233.58,-0.11
DRREDDY,2024-04-10,1231.58,-0.16
DRREDDY,2024-04-12,1216.77,-1.2
DRREDDY,2024-04-15,1202.17,-1.2
DRREDDY,2024-04-16,1210.07,0.66
DRREDDY,2024-04-18,1191.43,-1.54
DRREDDY,2024-04-19,1188.57,-0.24
DRREDDY,2024-04-22,1203.22,1.23
DRREDDY,2024-04-23,1190.42,-1.06
DRREDDY,2024-04-24,1190.16,-0.02
DRREDDY,2024-04-25,1243.75,4.5
DRREDDY,2024-04-26,1250.42,0.54
DRREDDY,2024-04-29,1259.42,0.72
DRREDDY,2024-04-30,1240.86,-1.47
DRREDDY,2024-05-02,1257.5,1.34
DRREDDY,2024-05-03,1269.91,0.99
DRREDDY,2024-05-06,1258.69,-0.88
DRREDDY,2024-05-07,1251.52,-0.57
DRREDDY,2024-05-08,1211.27,-3.22
DRREDDY,2024-05-09,1175.47,-2.96
DRREDDY,2024-05-10,1184.2,0.74
DRREDDY,2024-05-13,1181.71,-0.21
DRREDDY,2024-05-14,1173.76,-0.67
DRREDDY,2024-05-15,1175.0,0.11
DRREDDY,2024-05-16,1170.08,-0.42
DRREDDY,2024-05-17,1159.91,-0.87
DRREDDY,2024-05-18,1162.32,0.21
DRREDDY,2024-05-21,1155.96,-0.55
DRREDDY,2024-05-22,1174.55,1.61
DRREDDY,2024-05-23,1179.54,0.42
DRREDDY,2024-05-24,1173.15,-0.54
DRREDDY,2024-05-27,1174.54,0.12
DRREDDY,2024-05-28,1193.06,1.58
DRREDDY,2024-05-29,1200.15,0.59
DRREDDY,2024-05-30,1174.75,-2.12
DRREDDY,2024-05-31,1158.37,-1.39
DRREDDY,2024-06-03,1156.66,-0.15
DRREDDY,2024-06-04,1146.16,-0.91
DRREDDY,2024-06-05,1164.83,1.63
DRREDDY,2024-06-06,1178.19,1.15
DRREDDY,2024-06-07,1212.26,2.89
DRREDDY,2024-06-10,1221.23,0.74
DRREDDY,2024-06-11,1207.85,-1.1
DRREDDY,2024-06-12,1212.01,0.34
DRREDDY,2024-06-13,1219.17,0.59
DRREDDY,2024-06-14,1217.05,-0.17
DRREDDY,2024-06-18,1198.25,-1.54
DRREDDY,2024-06-19,1191.24,-0.59
DRREDDY,2024-06-20,1194.16,0.25
DRREDDY,2024-06-21,1202.29,0.68
DRREDDY,2024-06-24,1210.99,0.72
DRREDDY,2024-06-25,1215.68,0.39
DRREDDY,2024-06-26,1214.01,-0.14
DRREDDY,2024-06-27,1247.18,2.73
DRREDDY,2024-06-28,1280.47,2.67
DRREDDY,2024-07-01,1270.74,-0.76
DRREDDY,2024-07-02,1274.05,0.26
DRREDDY,2024-07-03,1285.18,0.87
DRREDDY,2024-07-04,1295.87,0.83
DRREDDY,2024-07-05,1304.0,0.63
DRREDDY,2024-07-08,1306.83,0.22
DRREDDY,2024-07-09,1316.57,0.75
DRREDDY,2024-07-10,1318.51,0.15
DRREDDY,2024-07-11,1318.95,0.03
DRREDDY,2024-07-12,1343.89,1.89
DRREDDY,2024-07-15,1358.95,1.12
DRREDDY,2024-07-16,1329.21,-2.19
DRREDDY,2024-07-18,1333.5,0.32
DRREDDY,2024-07-19,1327.2,-0.47
DRREDDY,2024-07-22,1354.18,2.03
DRREDDY,2024-07-23,1373.0,1.39
DRREDDY,2024-07-24,1364.03,-0.65
DRREDDY,2024-07-25,1370.64,0.48
DRREDDY,2024-07-26,1375.73,0.37
DRREDDY,2024-07-29,1368.01,-0.56
DRREDDY,2024-07-30,1360.83,-0.52
DRREDDY,2024-07-31,1350.1,-0.79
DRREDDY,2024-08-01,1377.59,2.04
DRREDDY,2024-08-02,1392.83,1.11
DRREDDY,2024-08-05,1362.41,-2.18
DRREDDY,2024-08-06,1361.48,-0.07
DRREDDY,2024-08-07,1385.27,1.75
DRREDDY,2024-08-08,1387.66,0.17
DRREDDY,2024-08-09,1402.7,1.08
DRREDDY,2024-08-12,1377.31,-1.81
DRREDDY,2024-08-13,1389.68,0.9
DRREDDY,2024-08-14,1360.21,-2.12
DRREDDY,2024-08-16,1358.72,-0.11
DRREDDY,2024-08-19,1382.27,1.73
DRREDDY,2024-08-20,1393.07,0.78
DRREDDY,2024-08-21,1412.49,1.39
DRREDDY,2024-08-22,1393.81,-1.32
DRREDDY,2024-08-23,1390.9,-0.21
DRREDDY,2024-08-26,1388.66,-0.16
DRREDDY,2024-08-27,1392.59,0.28
DRREDDY,2024-08-28,1399.86,0.52
DRREDDY,2024-08-29,1386.23,-0.97
DRREDDY,2024-08-30,1406.27,1.45
DRREDDY,2024-09-02,1374.43,-2.26
DRREDDY,2024-09-03,1370.77,-0.27
DRREDDY,2024-09-04,1357.44,-0.97
DRREDDY,2024-09-05,1339.15,-1.35
DRREDDY,2024-09-06,1333.43,-0.43
DRREDDY,2024-09-09,1331.18,-0.17
DRREDDY,2024-09-10,1330.08,-0.08
DRREDDY,2024-09-11,1322.5,-0.57
DRREDDY,2024-09-12,1336.77,1.08
DRREDDY,2024-09-13,1332.14,-0.35
DRREDDY,2024-09-16,1329.42,-0.2
DRREDDY,2024-09-17,1326.33,-0.23
DRREDDY,2024-09-18,1313.56,-0.96
DRREDDY,2024-09-19,1300.51,-0.99
DRREDDY,2024-09-20,1310.23,0.75
DRREDDY,2024-09-23,1330.89,1.58
DRREDDY,2024-09-24,1330.07,-0.06
DRREDDY,2024-09-25,1338.29,0.62
DRREDDY,2024-09-26,1348.88,0.79
DRREDDY,2024-09-27,1349.98,0.08
DRREDDY,2024-09-30,1350.32,0.03
DRREDDY,2024-10-01,1349.82,-0.04
DRREDDY,2024-10-03,1347.13,-0.2
DRREDDY,2024-10-04,1326.65,-1.52
DRREDDY,2024-10-07,1321.98,-0.35
DRREDDY,2024-10-08,1331.21,0.7
DRREDDY,2024-10-09,1332.97,0.13
DRREDDY,2024-10-10,1316.62,-1.23
DRREDDY,2024-10-11,1319.84,0.24
DRREDDY,2024-10-14,1331.98,0.92
DRREDDY,2024-10-15,1322.33,-0.72
DRREDDY,2024-10-16,1342.18,1.5
DRREDDY,2024-10-17,1340.81,-0.1
DRREDDY,2024-10-18,1348.22,0.55
DRREDDY,2024-10-21,1339.48,-0.65
DRREDDY,2024-10-22,1332.48,-0.52
DRREDDY,2024-10-23,1321.58,-0.82
DRREDDY,2024-10-24,1316.54,-0.38
DRREDDY,2024-10-25,1302.94,-1.03
DRREDDY,2024-10-28,1311.5,0.66
DRREDDY,2024-10-29,1274.7,-2.81
DRREDDY,2024-10-30,1249.85,-1.95
DRREDDY,2024-10-31,1274.2,1.95
DRREDDY,2024-11-01,1259.6,-1.15
DRREDDY,2024-11-04,1268.3,0.69
DRREDDY,2024-11-05,1272.2,0.31
DRREDDY,2024-11-06,1302.1,2.35
DRREDDY,2024-11-07,1287.35,-1.13
DRREDDY,2024-11-08,1283.65,-0.29
DRREDDY,2024-11-11,1287.9,0.33
DRREDDY,2024-11-12,1263.9,-1.86
DRREDDY,2024-11-13,1245.0,-1.5
DRREDDY,2024-11-14,1226.7,-1.47
DRREDDY,2024-11-18,1193.55,-2.7
DRREDDY,2024-11-19,1213.45,1.67
DRREDDY,2024-11-21,1195.35,-1.49
DRREDDY,2024-11-22,1214.45,1.6
EICHERMOT,2023-10-03,3351.4,
EICHERMOT,2023-10-04,3400.9,1.48
EICHERMOT,2023-10-05,3443.6,1.26
EICHERMOT,2023-10-06,3450.4,0.2
EICHERMOT,2023-10-09,3445.6,-0.14
EICHERMOT,2023-10-10,3458.75,0.38
EICHERMOT,2023-10-11,3486.6,0.81
EICHERMOT,2023-10-12,3494.2,0.22
EICHERMOT,2023-10-13,3476.4,-0.51
EICHERMOT,2023-10-16,3486.6,0.29
EICHERMOT,2023-10-17,3500.85,0.41
EICHERMOT,2023-10-18,3496.1,-0.14
EICHERMOT,2023-10-19,3501.2,0.15
EICHERMOT,2023-10-20,3480.9,-0.58
EICHERMOT,2023-10-23,3446.35,-0.99
EICHERMOT,2023-10-25,3384.4,-1.8
EICHERMOT,2023-10-26,3326.8,-1.7
EICHERMOT,2023-10-27,3394.85,2.05
EICHERMOT,2023-10-30,3357.65,-1.1
EICHERMOT,2023-10-31,3295.55,-1.85
EICHERMOT,2023-11-01,3282.25,-0.4
EICHERMOT,2023-11-02,3338.3,1.71
EICHERMOT,2023-11-03,3428.0,2.69
EICHERMOT,2023-11-06,3510.95,2.42
EICHERMOT,2023-11-07,3509.05,-0.05
EICHERMOT,2023-11-08,3550.3,1.18
EICHERMOT,2023-11-09,3541.9,-0.24
EICHERMOT,2023-11-10,3540.75,-0.03
EICHERMOT,2023-11-12,3579.3,1.09
EICHERMOT,2023-11-13,3645.4,1.85
EICHERMOT,2023-11-15,3848.3,5.57
EICHERMOT,2023-11-16,3836.75,-0.3
EICHERMOT,2023-11-17,3865.3,0.74
EICHERMOT,2023-11-20,3846.45,-0.49
EICHERMOT,2023-11-21,3844.2,-0.06
EICHERMOT,2023-11-22,3833.8,-0.27
EICHERMOT,2023-11-23,3883.8,1.3
EICHERMOT,2023-11-24,3849.05,-0.89
EICHERMOT,2023-11-28,3826.7,-0.58
EICHERMOT,2023-11-29,3812.25,-0.38
EICHERMOT,2023-11-30,3896.9,2.22
EICHERMOT,2023-12-01,3891.2,-0.15
EICHERMOT,2023-12-04,4180.35,7.43
EICHERMOT,2023-12-05,4136.5,-1.05
EICHERMOT,2023-12-06,4047.0,-2.16
EICHERMOT,2023-12-07,4091.0,1.09
EICHERMOT,2023-12-08,4055.0,-0.88
EICHERMOT,2023-12-11,4025.65,-0.72
EICHERMOT,2023-12-12,3951.75,-1.84
EICHERMOT,2023-12-13,4032.75,2.05
EICHERMOT,2023-12-14,4086.15,1.32
EICHERMOT,2023-12-15,4059.9,-0.64
EICHERMOT,2023-12-18,4085.5,0.63
EICHERMOT,2023-12-19,4039.65,-1.12
EICHERMOT,2023-12-20,3912.4,-3.15
EICHERMOT,2023-12-21,3957.95,1.16
EICHERMOT,2023-12-22,4006.05,1.22
EICHERMOT,2023-12-26,4040.4,0.86
EICHERMOT,2023-12-27,4120.0,1.97
EICHERMOT,2023-12-28,4091.9,-0.68
EICHERMOT,2023-12-29,4143.5,1.26
EICHERMOT,2024-01-01,4038.35,-2.54
EICHERMOT,2024-01-02,3892.5,-3.61
EICHERMOT,2024-01-03,3887.6,-0.13
EICHERMOT,2024-01-04,3861.0,-0.68
EICHERMOT,2024-01-05,3877.05,0.42
EICHERMOT,2024-01-08,3884.25,0.19
EICHERMOT,2024-01-09,3870.45,-0.36
EICHERMOT,2024-01-10,3842.55,-0.72
EICHERMOT,2024-01-11,3888.8,1.2
EICHERMOT,2024-01-12,3870.85,-0.46
EICHERMOT,2024-01-15,3832.1,-1.0
EICHERMOT,2024-01-16,3792.3,-1.04
EICHERMOT,2024-01-17,3751.1,-1.09
EICHERMOT,2024-01-18,3691.15,-1.6
EICHERMOT,2024-01-19,3699.45,0.22
EICHERMOT,2024-01-20,3697.6,-0.05
EICHERMOT,2024-01-23,3616.7,-2.19
EICHERMOT,2024-01-24,3635.0,0.51
EICHERMOT,2024-01-25,3616.45,-0.51
EICHERMOT,2024-01-29,3669.05,1.45
EICHERMOT,2024-01-30,3704.75,0.97
EICHERMOT,2024-01-31,3839.6,3.64
EICHERMOT,2024-02-01,3933.2,2.44
EICHERMOT,2024-02-02,3825.55,-2.74
EICHERMOT,2024-02-05,3889.95,1.68
EICHERMOT,2024-02-06,3944.6,1.4
EICHERMOT,2024-02-07,3927.65,-0.43
EICHERMOT,2024-02-08,3807.3,-3.06
EICHERMOT,2024-02-09,3840.95,0.88
EICHERMOT,2024-02-12,3871.85,0.8
EICHERMOT,2024-02-13,3854.2,-0.46
EICHERMOT,2024-02-14,3901.55,1.23
EICHERMOT,2024-02-15,3916.55,0.38
EICHERMOT,2024-02-16,3928.65,0.31
EICHERMOT,2024-02-19,3902.85,-0.66
EICHERMOT,2024-02-20,3828.1,-1.92
EICHERMOT,2024-02-21,3836.35,0.22
EICHERMOT,2024-02-22,3951.4,3.0
EICHERMOT,2024-02-23,3927.05,-0.62
EICHERMOT,2024-02-26,3952.95,0.66
EICHERMOT,2024-02-27,4002.75,1.26
EICHERMOT,2024-02-28,3863.75,-3.47
EICHERMOT,2024-02-29,3792.4,-1.85
EICHERMOT,2024-03-01,3843.55,1.35
EICHERMOT,2024-03-02,3860.35,0.44
EICHERMOT,2024-03-04,3751.45,-2.82
EICHERMOT,2024-03-05,3791.9,1.08
EICHERMOT,2024-03-06,3793.2,0.03
EICHERMOT,2024-03-07,3785.25,-0.21
EICHERMOT,2024-03-11,3783.9,-0.04
EICHERMOT,2024-03-12,3810.75,0.71
EICHERMOT,2024-03-13,3735.55,-1.97
EICHERMOT,2024-03-14,3772.65,0.99
EICHERMOT,2024-03-15,3745.65,-0.72
EICHERMOT,2024-03-18,3699.7,-1.23
EICHERMOT,2024-03-19,3716.85,0.46
EICHERMOT,2024-03-20,3873.6,4.22
EICHERMOT,2024-03-21,3918.95,1.17
EICHERMOT,2024-03-22,3988.4,1.77
EICHERMOT,2024-03-26,3911.1,-1.94
EICHERMOT,2024-03-27,3913.8,0.07
EICHERMOT,2024-03-28,4019.3,2.7
EICHERMOT,2024-04-01,3946.65,-1.81
EICHERMOT,2024-04-02,3922.2,-0.62
EICHERMOT,2024-04-03,3934.2,0.31
EICHERMOT,2024-04-04,4014.3,2.04
EICHERMOT,2024-04-05,4031.25,0.42
EICHERMOT,2024-04-08,4205.75,4.33
EICHERMOT,2024-04-09,4248.65,1.02
EICHERMOT,2024-04-10,4315.1,1.56
EICHERMOT,2024-04-12,4302.25,-0.3
EICHERMOT,2024-04-15,4219.35,-1.93
EICHERMOT,2024-04-16,4355.7,3.23
EICHERMOT,2024-04-18,4351.2,-0.1
EICHERMOT,2024-04-19,4344.15,-0.16
EICHERMOT,2024-04-22,4466.95,2.83
EICHERMOT,2024-04-23,4520.15,1.19
EICHERMOT,2024-04-24,4530.7,0.23
EICHERMOT,2024-04-25,4615.2,1.87
EICHERMOT,2024-04-26,4601.0,-0.31
EICHERMOT,2024-04-29,4571.85,-0.63
EICHERMOT,2024-04-30,4597.4,0.56
EICHERMOT,2024-05-02,4602.4,0.11
EICHERMOT,2024-05-03,4599.25,-0.07
EICHERMOT,2024-05-06,4599.0,-0.01
EICHERMOT,2024-05-07,4622.4,0.51
EICHERMOT,2024-05-08,4600.1,-0.48
EICHERMOT,2024-05-09,4568.05,-0.7
EICHERMOT,2024-05-10,4657.85,1.97
EICHERMOT,2024-05-13,4657.45,-0.01
EICHERMOT,2024-05-14,4730.55,1.57
EICHERMOT,2024-05-15,4649.35,-1.72
EICHERMOT,2024-05-16,4681.75,0.7
EICHERMOT,2024-05-17,4693.9,0.26
EICHERMOT,2024-05-18,4684.4,-0.2
EICHERMOT,2024-05-21,4672.95,-0.24
EICHERMOT,2024-05-22,4695.45,0.48
EICHERMOT,2024-05-23,4852.85,3.35
EICHERMOT,2024-05-24,4880.95,0.58
EICHERMOT,2024-05-27,4793.3,-1.8
EICHERMOT,2024-05-28,4770.95,-0.47
EICHERMOT,2024-05-29,4745.4,-0.54
EICHERMOT,2024-05-30,4742.95,-0.05
EICHERMOT,2024-05-31,4733.45,-0.2
EICHERMOT,2024-06-03,4670.85,-1.32
EICHERMOT,2024-06-04,4495.4,-3.76
EICHERMOT,2024-06-05,4579.0,1.86
EICHERMOT,2024-06-06,4719.75,3.07
EICHERMOT,2024-06-07,4762.0,0.9
EICHERMOT,2024-06-10,4782.75,0.44
EICHERMOT,2024-06-11,4758.65,-0.5
EICHERMOT,2024-06-12,4850.65,1.93
EICHERMOT,2024-06-13,4801.5,-1.01
EICHERMOT,2024-06-14,4935.1,2.78
EICHERMOT,2024-06-18,4936.1,0.02
EICHERMOT,2024-06-19,4880.75,-1.12
EICHERMOT,2024-06-20,4876.9,-0.08
EICHERMOT,2024-06-21,4845.5,-0.64
EICHERMOT,2024-06-24,4870.9,0.52
EICHERMOT,2024-06-25,4775.05,-1.97
EICHERMOT,2024-06-26,4739.7,-0.74
EICHERMOT,2024-06-27,4713.8,-0.55
EICHERMOT,2024-06-28,4672.95,-0.87
EICHERMOT,2024-07-01,4635.55,-0.8
EICHERMOT,2024-07-02,4625.75,-0.21
EICHERMOT,2024-07-03,4692.3,1.44
EICHERMOT,2024-07-04,4689.5,-0.06
EICHERMOT,2024-07-05,4737.3,1.02
EICHERMOT,2024-07-08,4754.45,0.36
EICHERMOT,2024-07-09,4828.7,1.56
EICHERMOT,2024-07-10,4849.15,0.42
EICHERMOT,2024-07-11,4828.65,-0.42
EICHERMOT,2024-07-12,4860.7,0.66
EICHERMOT,2024-07-15,4881.35,0.42
EICHERMOT,2024-07-16,4916.1,0.71
EICHERMOT,2024-07-18,4941.1,0.51
EICHERMOT,2024-07-19,4850.7,-1.83
EICHERMOT,2024-07-22,4857.35,0.14
EICHERMOT,2024-07-23,4919.55,1.28
EICHERMOT,2024-07-24,4915.35,-0.09
EICHERMOT,2024-07-25,4900.65,-0.3
EICHERMOT,2024-07-26,5012.5,2.28
EICHERMOT,2024-07-29,4962.25,-1.0
EICHERMOT,2024-07-30,4951.85,-0.21
EICHERMOT,2024-07-31,4962.7,0.22
EICHERMOT,2024-08-01,4968.8,0.12
EICHERMOT,2024-08-02,4726.7,-4.87
EICHERMOT,2024-08-05,4675.75,-1.08
EICHERMOT,2024-08-06,4653.9,-0.47
EICHERMOT,2024-08-07,4597.15,-1.22
EICHERMOT,2024-08-08,4576.9,-0.44
EICHERMOT,2024-08-09,4830.6,5.54
EICHERMOT,2024-08-12,4808.8,-0.45
EICHERMOT,2024-08-13,4802.25,-0.14
EICHERMOT,2024-08-14,4733.25,-1.44
EICHERMOT,2024-08-16,4818.0,1.79
EICHERMOT,2024-08-19,4813.3,-0.1
EICHERMOT,2024-08-20,4883.25,1.45
EICHERMOT,2024-08-21,4913.55,0.62
EICHERMOT,2024-08-22,4933.55,0.41
EICHERMOT,2024-08-23,4898.1,-0.72
EICHERMOT,2024-08-26,4875.2,-0.47
EICHERMOT,2024-08-27,4868.85,-0.13
EICHERMOT,2024-08-28,4946.85,1.6
EICHERMOT,2024-08-29,4915.9,-0.63
EICHERMOT,2024-08-30,4960.5,0.91
EICHERMOT,2024-09-02,4911.95,-0.98
EICHERMOT,2024-09-03,4865.8,-0.94
EICHERMOT,2024-09-04,4833.55,-0.66
EICHERMOT,2024-09-05,4800.1,-0.69
EICHERMOT,2024-09-06,4752.5,-0.99
EICHERMOT,2024-09-09,4747.35,-0.11
EICHERMOT,2024-09-10,4737.2,-0.21
EICHERMOT,2024-09-11,4726.65,-0.22
EICHERMOT,2024-09-12,4875.0,3.14
EICHERMOT,2024-09-13,4858.3,-0.34
EICHERMOT,2024-09-16,4899.2,0.84
EICHERMOT,2024-09-17,4850.2,-1.0
EICHERMOT,2024-09-18,4850.35,0.0
EICHERMOT,2024-09-19,4864.9,0.3
EICHERMOT,2024-09-20,4963.15,2.02
EICHERMOT,2024-09-23,4879.55,-1.68
EICHERMOT,2024-09-24,4876.9,-0.05
EICHERMOT,2024-09-25,4895.25,0.38
EICHERMOT,2024-09-26,4994.25,2.02
EICHERMOT,2024-09-27,5062.6,1.37
EICHERMOT,2024-09-30,5026.25,-0.72
EICHERMOT,2024-10-01,4972.65,-1.07
EICHERMOT,2024-10-03,4782.5,-3.82
EICHERMOT,2024-10-04,4706.8,-1.58
EICHERMOT,2024-10-07,4667.95,-0.83
EICHERMOT,2024-10-08,4693.45,0.55
EICHERMOT,2024-10-09,4708.9,0.33
EICHERMOT,2024-10-10,4697.9,-0.23
EICHERMOT,2024-10-11,4728.05,0.64
EICHERMOT,2024-10-14,4779.8,1.09
EICHERMOT,2024-10-15,4722.1,-1.21
EICHERMOT,2024-10-16,4678.25,-0.93
EICHERMOT,2024-10-17,4623.85,-1.16
EICHERMOT,2024-10-18,4765.65,3.07
EICHERMOT,2024-10-21,4810.45,0.94
EICHERMOT,2024-10-22,4759.05,-1.07
EICHERMOT,2024-10-23,4677.75,-1.71
EICHERMOT,2024-10-24,4668.5,-0.2
EICHERMOT,2024-10-25,4591.6,-1.65
EICHERMOT,2024-10-28,4720.65,2.81
EICHERMOT,2024-10-29,4898.15,3.76
EICHERMOT,2024-10-30,4869.25,-0.59
EICHERMOT,2024-10-31,4894.65,0.52
EICHERMOT,2024-11-01,4953.6,1.2
EICHERMOT,2024-11-04,4831.85,-2.46
EICHERMOT,2024-11-05,4899.8,1.41
EICHERMOT,2024-11-06,4917.15,0.35
EICHERMOT,2024-11-07,4878.0,-0.8
EICHERMOT,2024-11-08,4785.25,-1.9
EICHERMOT,2024-11-11,4793.45,0.17
EICHERMOT,2024-11-12,4738.2,-1.15
EICHERMOT,2024-11-13,4588.7,-3.16
EICHERMOT,2024-11-14,4883.7,6.43
EICHERMOT,2024-11-18,4875.65,-0.16
EICHERMOT,2024-11-19,4965.45,1.84
EICHERMOT,2024-11-21,4882.1,-1.68
EICHERMOT,2024-11-22,4986.2,2.13
GRASIM,2023-10-03,1913.84,
GRASIM,2023-10-04,1888.34,-1.33
GRASIM,2023-10-05,1882.67,-0.3
GRASIM,2023-10-06,1895.76,0.7
GRASIM,2023-10-09,1881.52,-0.75
GRASIM,2023-10-10,1911.3,1.58
GRASIM,2023-10-11,1972.26,3.19
GRASIM,2023-10-12,1993.87,1.1
GRASIM,2023-10-13,1974.75,-0.96
GRASIM,2023-10-16,1965.88,-0.45
GRASIM,2023-10-17,1966.63,0.04
GRASIM,2023-10-18,1947.96,-0.95
GRASIM,2023-10-19,1967.88,1.02
GRASIM,2023-10-20,1938.64,-1.49
GRASIM,2023-10-23,1895.22,-2.24
GRASIM,2023-10-25,1870.02,-1.33
GRASIM,2023-10-26,1842.23,-1.49
GRASIM,2023-10-27,1848.65,0.35
GRASIM,2023-10-30,1871.36,1.23
GRASIM,2023-10-31,1879.23,0.42
GRASIM,2023-11-01,1861.15,-0.96
GRASIM,2023-11-02,1890.23,1.56
GRASIM,2023-11-03,1888.69,-0.08
GRASIM,2023-11-06,1911.1,1.19
GRASIM,2023-11-07,1913.94,0.15
GRASIM,2023-11-08,1926.19,0.64
GRASIM,2023-11-09,1927.34,0.06
GRASIM,2023-11-10,1935.31,0.41
GRASIM,2023-11-12,1938.39,0.16
GRASIM,2023-11-13,1921.21,-0.89
GRASIM,2023-11-15,1936.25,0.78
GRASIM,2023-11-16,1934.91,-0.07
GRASIM,2023-11-17,1962.75,1.44
GRASIM,2023-11-20,1964.49,0.09
GRASIM,2023-11-21,1969.62,0.26
GRASIM,2023-11-22,1966.28,-0.17
GRASIM,2023-11-23,1949.15,-0.87
GRASIM,2023-11-24,1941.68,-0.38
GRASIM,2023-11-28,1968.08,1.36
GRASIM,2023-11-29,1995.32,1.38
GRASIM,2023-11-30,1997.51,0.11
GRASIM,2023-12-01,2008.07,0.53
GRASIM,2023-12-04,2044.82,1.83
GRASIM,2023-12-05,2064.14,0.94
GRASIM,2023-12-06,2049.6,-0.7
GRASIM,2023-12-07,2073.51,1.17
GRASIM,2023-12-08,2061.85,-0.56
GRASIM,2023-12-11,2075.8,0.68
GRASIM,2023-12-12,2072.51,-0.16
GRASIM,2023-12-13,2075.7,0.15
GRASIM,2023-12-14,2095.57,0.96
GRASIM,2023-12-15,2119.27,1.13
GRASIM,2023-12-18,2101.4,-0.84
GRASIM,2023-12-19,2109.86,0.4
GRASIM,2023-12-20,2055.38,-2.58
GRASIM,2023-12-21,2077.34,1.07
GRASIM,2023-12-22,2038.1,-1.89
GRASIM,2023-12-26,2061.35,1.14
GRASIM,2023-12-27,2116.39,2.67
GRASIM,2023-12-28,2131.48,0.71
GRASIM,2023-12-29,2126.35,-0.24
GRASIM,2024-01-01,2118.88,-0.35
GRASIM,2024-01-02,2093.13,-1.22
GRASIM,2024-01-03,2063.99,-1.39
GRASIM,2024-01-04,2062.0,-0.1
GRASIM,2024-01-05,2071.27,0.45
GRASIM,2024-01-08,2059.51,-0.57
GRASIM,2024-01-09,2055.88,-0.18
GRASIM,2024-01-10,2068.55,0.62
GRASIM,2024-01-11,2083.7,0.73
GRASIM,2024-01-12,2111.55,1.34
GRASIM,2024-01-15,2101.0,-0.5
GRASIM,2024-01-16,2115.2,0.68
GRASIM,2024-01-17,2067.85,-2.24
GRASIM,2024-01-18,2053.65,-0.69
GRASIM,2024-01-19,2081.2,1.34
GRASIM,2024-01-20,2081.2,0.0
GRASIM,2024-01-23,2049.6,-1.52
GRASIM,2024-01-24,2071.3,1.06
GRASIM,2024-01-25,2076.5,0.25
GRASIM,2024-01-29,2104.5,1.35
GRASIM,2024-01-30,2126.15,1.03
GRASIM,2024-01-31,2175.0,2.3
GRASIM,2024-02-01,2128.6,-2.13
GRASIM,2024-02-02,2139.45,0.51
GRASIM,2024-02-05,2089.75,-2.32
GRASIM,2024-02-06,2066.0,-1.14
GRASIM,2024-02-07,2111.5,2.2
GRASIM,2024-02-08,2057.3,-2.57
GRASIM,2024-02-09,2168.5,5.41
GRASIM,2024-02-12,2147.35,-0.98
GRASIM,2024-02-13,2064.15,-3.87
GRASIM,2024-02-14,2079.8,0.76
GRASIM,2024-02-15,2084.8,0.24
GRASIM,2024-02-16,2105.65,1.0
GRASIM,2024-02-19,2168.6,2.99
GRASIM,2024-02-20,2192.25,1.09
GRASIM,2024-02-21,2194.0,0.08
GRASIM,2024-02-22,2201.2,0.33
GRASIM,2024-02-23,2194.4,-0.31
GRASIM,2024-02-26,2186.9,-0.34
GRASIM,2024-02-27,2204.8,0.82
GRASIM,2024-02-28,2186.0,-0.85
GRASIM,2024-02-29,2191.4,0.25
GRASIM,2024-03-01,2254.9,2.9
GRASIM,2024-03-02,2245.75,-0.41
GRASIM,2024-03-04,2234.15,-0.52
GRASIM,2024-03-05,2231.5,-0.12
GRASIM,2024-03-06,2236.5,0.22
GRASIM,2024-03-07,2228.1,-0.38
GRASIM,2024-03-11,2236.8,0.39
GRASIM,2024-03-12,2184.0,-2.36
GRASIM,2024-03-13,2149.1,-1.6
GRASIM,2024-03-14,2196.5,2.21
GRASIM,2024-03-15,2197.1,0.03
GRASIM,2024-03-18,2203.1,0.27
GRASIM,2024-03-19,2173.8,-1.33
GRASIM,2024-03-20,2167.5,-0.29
GRASIM,2024-03-21,2205.55,1.76
GRASIM,2024-03-22,2223.55,0.82
GRASIM,2024-03-26,2240.05,0.74
GRASIM,2024-03-27,2207.35,-1.46
GRASIM,2024-03-28,2287.3,3.62
GRASIM,2024-04-01,2292.55,0.23
GRASIM,2024-04-02,2306.3,0.6
GRASIM,2024-04-03,2305.45,-0.04
GRASIM,2024-04-04,2277.85,-1.2
GRASIM,2024-04-05,2237.55,-1.77
GRASIM,2024-04-08,2280.8,1.93
GRASIM,2024-04-09,2301.3,0.9
GRASIM,2024-04-10,2306.35,0.22
GRASIM,2024-04-12,2254.05,-2.27
GRASIM,2024-04-15,2237.4,-0.74
GRASIM,2024-04-16,2242.95,0.25
GRASIM,2024-04-18,2226.05,-0.75
GRASIM,2024-04-19,2273.15,2.12
GRASIM,2024-04-22,2280.55,0.33
GRASIM,2024-04-23,2370.15,3.93
GRASIM,2024-04-24,2337.75,-1.37
GRASIM,2024-04-25,2367.45,1.27
GRASIM,2024-04-26,2342.45,-1.06
GRASIM,2024-04-29,2386.6,1.88
GRASIM,2024-04-30,2411.65,1.05
GRASIM,2024-05-02,2437.35,1.07
GRASIM,2024-05-03,2481.35,1.81
GRASIM,2024-05-06,2453.3,-1.13
GRASIM,2024-05-07,2421.0,-1.32
GRASIM,2024-05-08,2377.35,-1.8
GRASIM,2024-05-09,2353.7,-0.99
GRASIM,2024-05-10,2377.15,1.0
GRASIM,2024-05-13,2385.2,0.34
GRASIM,2024-05-14,2372.05,-0.55
GRASIM,2024-05-15,2369.7,-0.1
GRASIM,2024-05-16,2372.6,0.12
GRASIM,2024-05-17,2423.65,2.15
GRASIM,2024-05-18,2434.35,0.44
GRASIM,2024-05-21,2446.65,0.51
GRASIM,2024-05-22,2436.65,-0.41
GRASIM,2024-05-23,2453.8,0.7
GRASIM,2024-05-24,2441.0,-0.52
GRASIM,2024-05-27,2390.65,-2.06
GRASIM,2024-05-28,2440.35,2.08
GRASIM,2024-05-29,2400.6,-1.63
GRASIM,2024-05-30,2345.2,-2.31
GRASIM,2024-05-31,2316.25,-1.23
GRASIM,2024-06-03,2368.8,2.27
GRASIM,2024-06-04,2256.4,-4.75
GRASIM,2024-06-05,2304.85,2.15
GRASIM,2024-06-06,2334.75,1.3
GRASIM,2024-06-07,2379.85,1.93
GRASIM,2024-06-10,2446.8,2.81
GRASIM,2024-06-11,2456.9,0.41
GRASIM,2024-06-12,2450.15,-0.27
GRASIM,2024-06-13,2458.05,0.32
GRASIM,2024-06-14,2471.2,0.53
GRASIM,2024-06-18,2457.55,-0.55
GRASIM,2024-06-19,2447.15,-0.42
GRASIM,2024-06-20,2498.8,2.11
GRASIM,2024-06-21,2466.15,-1.31
GRASIM,2024-06-24,2515.1,1.98
GRASIM,2024-06-25,2516.95,0.07
GRASIM,2024-06-26,2552.25,1.4
GRASIM,2024-06-27,2637.6,3.34
GRASIM,2024-06-28,2670.45,1.25
GRASIM,2024-07-01,2726.4,2.1
GRASIM,2024-07-02,2742.95,0.61
GRASIM,2024-07-03,2742.35,-0.02
GRASIM,2024-07-04,2734.85,-0.27
GRASIM,2024-07-05,2748.0,0.48
GRASIM,2024-07-08,2742.15,-0.21
GRASIM,2024-07-09,2761.8,0.72
GRASIM,2024-07-10,2802.15,1.46
GRASIM,2024-07-11,2801.6,-0.02
GRASIM,2024-07-12,2843.75,1.5
GRASIM,2024-07-15,2803.75,-1.41
GRASIM,2024-07-16,2827.35,0.84
GRASIM,2024-07-18,2791.8,-1.26
GRASIM,2024-07-19,2743.0,-1.75
GRASIM,2024-07-22,2811.55,2.5
GRASIM,2024-07-23,2823.05,0.41
GRASIM,2024-07-24,2806.9,-0.57
GRASIM,2024-07-25,2797.55,-0.33
GRASIM,2024-07-26,2843.3,1.64
GRASIM,2024-07-29,2828.2,-0.53
GRASIM,2024-07-30,2790.9,-1.32
GRASIM,2024-07-31,2776.75,-0.51
GRASIM,2024-08-01,2767.0,-0.35
GRASIM,2024-08-02,2706.8,-2.18
GRASIM,2024-08-05,2612.25,-3.49
GRASIM,2024-08-06,2620.5,0.32
GRASIM,2024-08-07,2637.05,0.63
GRASIM,2024-08-08,2544.65,-3.5
GRASIM,2024-08-09,2572.75,1.1
GRASIM,2024-08-12,2571.1,-0.06
GRASIM,2024-08-13,2519.25,-2.02
GRASIM,2024-08-14,2512.4,-0.27
GRASIM,2024-08-16,2600.35,3.5
GRASIM,2024-08-19,2598.4,-0.07
GRASIM,2024-08-20,2636.7,1.47
GRASIM,2024-08-21,2684.85,1.83
GRASIM,2024-08-22,2755.15,2.62
GRASIM,2024-08-23,2748.55,-0.24
GRASIM,2024-08-26,2736.6,-0.43
GRASIM,2024-08-27,2699.9,-1.34
GRASIM,2024-08-28,2715.55,0.58
GRASIM,2024-08-29,2676.2,-1.45
GRASIM,2024-08-30,2698.85,0.85
GRASIM,2024-09-02,2690.8,-0.3
GRASIM,2024-09-03,2706.85,0.6
GRASIM,2024-09-04,2757.65,1.88
GRASIM,2024-09-05,2741.6,-0.58
GRASIM,2024-09-06,2692.85,-1.78
GRASIM,2024-09-09,2710.35,0.65
GRASIM,2024-09-10,2702.55,-0.29
GRASIM,2024-09-11,2681.15,-0.79
GRASIM,2024-09-12,2757.1,2.83
GRASIM,2024-09-13,2784.35,0.99
GRASIM,2024-09-16,2765.3,-0.68
GRASIM,2024-09-17,2754.85,-0.38
GRASIM,2024-09-18,2722.7,-1.17
GRASIM,2024-09-19,2738.95,0.6
GRASIM,2024-09-20,2678.25,-2.22
GRASIM,2024-09-23,2666.9,-0.42
GRASIM,2024-09-24,2619.3,-1.78
GRASIM,2024-09-25,2662.0,1.63
GRASIM,2024-09-26,2745.85,3.15
GRASIM,2024-09-27,2783.15,1.36
GRASIM,2024-09-30,2795.55,0.45
GRASIM,2024-10-01,2801.15,0.2
GRASIM,2024-10-03,2766.15,-1.25
GRASIM,2024-10-04,2745.1,-0.76
GRASIM,2024-10-07,2720.5,-0.9
GRASIM,2024-10-08,2738.2,0.65
GRASIM,2024-10-09,2715.75,-0.82
GRASIM,2024-10-10,2722.45,0.25
GRASIM,2024-10-11,2725.55,0.11
GRASIM,2024-10-14,2726.9,0.05
GRASIM,2024-10-15,2735.8,0.33
GRASIM,2024-10-16,2764.1,1.03
GRASIM,2024-10-17,2705.85,-2.11
GRASIM,2024-10-18,2760.95,2.04
GRASIM,2024-10-21,2718.25,-1.55
GRASIM,2024-10-22,2655.35,-2.31
GRASIM,2024-10-23,2633.2,-0.83
GRASIM,2024-10-24,2666.7,1.27
GRASIM,2024-10-25,2615.2,-1.93
GRASIM,2024-10-28,2646.95,1.21
GRASIM,2024-10-29,2686.0,1.48
GRASIM,2024-10-30,2672.55,-0.5
GRASIM,2024-10-31,2695.85,0.87
GRASIM,2024-11-01,2698.9,0.11
GRASIM,2024-11-04,2590.6,-4.01
GRASIM,2024-11-05,2650.95,2.33
GRASIM,2024-11-06,2645.95,-0.19
GRASIM,2024-11-07,2562.7,-3.15
GRASIM,2024-11-08,2544.85,-0.7
GRASIM,2024-11-11,2519.5,-1.0
GRASIM,2024-11-12,2521.2,0.07
GRASIM,2024-11-13,2502.9,-0.73
GRASIM,2024-11-14,2523.95,0.84
GRASIM,2024-11-18,2517.15,-0.27
GRASIM,2024-11-19,2508.15,-0.36
GRASIM,2024-11-21,2534.85,1.06
GRASIM,2024-11-22,2598.65,2.52
HCLTECH,2023-10-03,1238.7,
HCLTECH,2023-10-04,1239.55,0.07
HCLTECH,2023-10-05,1235.45,-0.33
HCLTECH,2023-10-06,1237.7,0.18
HCLTECH,2023-10-09,1249.6,0.96
HCLTECH,2023-10-10,1261.8,0.98
HCLTECH,2023-10-11,1245.6,-1.28
HCLTECH,2023-10-12,1223.75,-1.75
HCLTECH,2023-10-13,1255.9,2.63
HCLTECH,2023-10-16,1270.65,1.17
HCLTECH,2023-10-17,1277.15,0.51
HCLTECH,2023-10-18,1269.45,-0.6
HCLTECH,2023-10-19,1267.35,-0.17
HCLTECH,2023-10-20,1258.6,-0.69
HCLTECH,2023-10-23,1236.65,-1.74
HCLTECH,2023-10-25,1229.0,-0.62
HCLTECH,2023-10-26,1231.8,0.23
HCLTECH,2023-10-27,1268.7,3.0
HCLTECH,2023-10-30,1264.75,-0.31
HCLTECH,2023-10-31,1276.0,0.89
HCLTECH,2023-11-01,1258.95,-1.34
HCLTECH,2023-11-02,1273.4,1.15
HCLTECH,2023-11-03,1266.25,-0.56
HCLTECH,2023-11-06,1269.7,0.27
HCLTECH,2023-11-07,1273.95,0.33
HCLTECH,2023-11-08,1267.65,-0.49
HCLTECH,2023-11-09,1267.5,-0.01
HCLTECH,2023-11-10,1255.45,-0.95
HCLTECH,2023-11-12,1260.2,0.38
HCLTECH,2023-11-13,1261.0,0.06
HCLTECH,2023-11-15,1276.65,1.24
HCLTECH,2023-11-16,1311.05,2.69
HCLTECH,2023-11-17,1309.15,-0.14
HCLTECH,2023-11-20,1325.4,1.24
HCLTECH,2023-11-21,1326.6,0.09
HCLTECH,2023-11-22,1329.7,0.23
HCLTECH,2023-11-23,1329.0,-0.05
HCLTECH,2023-11-24,1309.15,-1.49
HCLTECH,2023-11-28,1316.65,0.57
HCLTECH,2023-11-29,1333.95,1.31
HCLTECH,2023-11-30,1340.9,0.52
HCLTECH,2023-12-01,1336.7,-0.31
HCLTECH,2023-12-04,1337.95,0.09
HCLTECH,2023-12-05,1317.55,-1.52
HCLTECH,2023-12-06,1329.55,0.91
HCLTECH,2023-12-07,1328.0,-0.12
HCLTECH,2023-12-08,1364.1,2.72
HCLTECH,2023-12-11,1375.3,0.82
HCLTECH,2023-12-12,1375.3,0.0
HCLTECH,2023-12-13,1369.2,-0.44
HCLTECH,2023-12-14,1414.6,3.32
HCLTECH,2023-12-15,1491.3,5.42
HCLTECH,2023-12-18,1504.3,0.87
HCLTECH,2023-12-19,1488.3,-1.06
HCLTECH,2023-12-20,1439.95,-3.25
HCLTECH,2023-12-21,1422.05,-1.24
HCLTECH,2023-12-22,1462.7,2.86
HCLTECH,2023-12-26,1458.15,-0.31
HCLTECH,2023-12-27,1472.05,0.95
HCLTECH,2023-12-28,1472.45,0.03
HCLTECH,2023-12-29,1466.1,-0.43
HCLTECH,2024-01-01,1483.75,1.2
HCLTECH,2024-01-02,1469.55,-0.96
HCLTECH,2024-01-03,1437.75,-2.16
HCLTECH,2024-01-04,1419.95,-1.24
HCLTECH,2024-01-05,1432.8,0.9
HCLTECH,2024-01-08,1447.9,1.05
HCLTECH,2024-01-09,1460.4,0.86
HCLTECH,2024-01-10,1492.1,2.17
HCLTECH,2024-01-11,1484.8,-0.49
HCLTECH,2024-01-12,1540.8,3.77
HCLTECH,2024-01-15,1588.2,3.08
HCLTECH,2024-01-16,1555.45,-2.06
HCLTECH,2024-01-17,1575.9,1.31
HCLTECH,2024-01-18,1567.55,-0.53
HCLTECH,2024-01-19,1567.95,0.03
HCLTECH,2024-01-20,1544.0,-1.53
HCLTECH,2024-01-23,1523.65,-1.32
HCLTECH,2024-01-24,1576.4,3.46
HCLTECH,2024-01-25,1550.25,-1.66
HCLTECH,2024-01-29,1574.55,1.57
HCLTECH,2024-01-30,1559.3,-0.97
HCLTECH,2024-01-31,1576.0,1.07
HCLTECH,2024-02-01,1577.4,0.09
HCLTECH,2024-02-02,1583.75,0.4
HCLTECH,2024-02-05,1555.35,-1.79
HCLTECH,2024-02-06,1623.75,4.4
HCLTECH,2024-02-07,1615.35,-0.52
HCLTECH,2024-02-08,1633.8,1.14
HCLTECH,2024-02-09,1630.6,-0.2
HCLTECH,2024-02-12,1666.95,2.23
HCLTECH,2024-02-13,1665.6,-0.08
HCLTECH,2024-02-14,1671.5,0.35
HCLTECH,2024-02-15,1662.55,-0.54
HCLTECH,2024-02-16,1667.45,0.29
HCLTECH,2024-02-19,1675.25,0.47
HCLTECH,2024-02-20,1663.05,-0.73
HCLTECH,2024-02-21,1636.3,-1.61
HCLTECH,2024-02-22,1686.4,3.06
HCLTECH,2024-02-23,1665.75,-1.22
HCLTECH,2024-02-26,1649.8,-0.96
HCLTECH,2024-02-27,1658.8,0.55
HCLTECH,2024-02-28,1651.9,-0.42
HCLTECH,2024-02-29,1663.85,0.72
HCLTECH,2024-03-01,1644.1,-1.19
HCLTECH,2024-03-02,1646.3,0.13
HCLTECH,2024-03-04,1637.95,-0.51
HCLTECH,2024-03-05,1619.35,-1.14
HCLTECH,2024-03-06,1644.2,1.53
HCLTECH,2024-03-07,1637.65,-0.4
HCLTECH,2024-03-11,1638.65,0.06
HCLTECH,2024-03-12,1635.6,-0.19
HCLTECH,2024-03-13,1631.5,-0.25
HCLTECH,2024-03-14,1679.25,2.93
HCLTECH,2024-03-15,1647.3,-1.9
HCLTECH,2024-03-18,1643.4,-0.24
HCLTECH,2024-03-19,1599.15,-2.69
HCLTECH,2024-03-20,1587.1,-0.75
HCLTECH,2024-03-21,1595.8,0.55
HCLTECH,2024-03-22,1557.85,-2.38
HCLTECH,2024-03-26,1562.25,0.28
HCLTECH,2024-03-27,1546.2,-1.03
HCLTECH,2024-03-28,1543.55,-0.17
HCLTECH,2024-04-01,1556.7,0.85
HCLTECH,2024-04-02,1528.3,-1.82
HCLTECH,2024-04-03,1535.85,0.49
HCLTECH,2024-04-04,1539.65,0.25
HCLTECH,2024-04-05,1545.25,0.36
HCLTECH,2024-04-08,1540.05,-0.34
HCLTECH,2024-04-09,1540.5,0.03
HCLTECH,2024-04-10,1539.15,-0.09
HCLTECH,2024-04-12,1521.5,-1.15
HCLTECH,2024-04-15,1505.05,-1.08
HCLTECH,2024-04-16,1477.3,-1.84
HCLTECH,2024-04-18,1466.85,-0.71
HCLTECH,2024-04-19,1447.5,-1.32
HCLTECH,2024-04-22,1465.9,1.27
HCLTECH,2024-04-23,1486.65,1.42
HCLTECH,2024-04-24,1479.25,-0.5
HCLTECH,2024-04-25,1504.15,1.68
HCLTECH,2024-04-26,1473.85,-2.01
HCLTECH,2024-04-29,1387.4,-5.87
HCLTECH,2024-04-30,1366.6,-1.5
HCLTECH,2024-05-02,1360.7,-0.43
HCLTECH,2024-05-03,1348.05,-0.93
HCLTECH,2024-05-06,1358.8,0.8
HCLTECH,2024-05-07,1330.95,-2.05
HCLTECH,2024-05-08,1313.65,-1.3
HCLTECH,2024-05-09,1320.05,0.49
HCLTECH,2024-05-10,1316.2,-0.29
HCLTECH,2024-05-13,1312.9,-0.25
HCLTECH,2024-05-14,1321.05,0.62
HCLTECH,2024-05-15,1332.9,0.9
HCLTECH,2024-05-16,1348.15,1.14
HCLTECH,2024-05-17,1333.2,-1.11
HCLTECH,2024-05-18,1338.9,0.43
HCLTECH,2024-05-21,1341.9,0.22
HCLTECH,2024-05-22,1343.05,0.09
HCLTECH,2024-05-23,1353.55,0.78
HCLTECH,2024-05-24,1345.2,-0.62
HCLTECH,2024-05-27,1353.3,0.6
HCLTECH,2024-05-28,1358.4,0.38
HCLTECH,2024-05-29,1353.1,-0.39
HCLTECH,2024-05-30,1331.85,-1.57
HCLTECH,2024-05-31,1324.1,-0.58
HCLTECH,2024-06-03,1314.45,-0.73
HCLTECH,2024-06-04,1303.55,-0.83
HCLTECH,2024-06-05,1343.7,3.08
HCLTECH,2024-06-06,1397.5,4.0
HCLTECH,2024-06-07,1431.5,2.43
HCLTECH,2024-06-10,1418.75,-0.89
HCLTECH,2024-06-11,1428.8,0.71
HCLTECH,2024-06-12,1438.75,0.7
HCLTECH,2024-06-13,1444.15,0.38
HCLTECH,2024-06-14,1431.05,-0.91
HCLTECH,2024-06-18,1437.2,0.43
HCLTECH,2024-06-19,1445.85,0.6
HCLTECH,2024-06-20,1443.45,-0.17
HCLTECH,2024-06-21,1447.85,0.3
HCLTECH,2024-06-24,1440.85,-0.48
HCLTECH,2024-06-25,1447.95,0.49
HCLTECH,2024-06-26,1443.7,-0.29
HCLTECH,2024-06-27,1454.9,0.78
HCLTECH,2024-06-28,1459.6,0.32
HCLTECH,2024-07-01,1468.85,0.63
HCLTECH,2024-07-02,1480.8,0.81
HCLTECH,2024-07-03,1481.0,0.01
HCLTECH,2024-07-04,1522.35,2.79
HCLTECH,2024-07-05,1519.4,-0.19
HCLTECH,2024-07-08,1533.4,0.92
HCLTECH,2024-07-09,1531.1,-0.15
HCLTECH,2024-07-10,1509.95,-1.38
HCLTECH,2024-07-11,1511.9,0.13
HCLTECH,2024-07-12,1560.2,3.19
HCLTECH,2024-07-15,1569.6,0.6
HCLTECH,2024-07-16,1569.55,-0.0
HCLTECH,2024-07-18,1594.55,1.59
HCLTECH,2024-07-19,1594.55,0.0
HCLTECH,2024-07-22,1577.1,-1.09
HCLTECH,2024-07-23,1598.35,1.35
HCLTECH,2024-07-24,1583.7,-0.92
HCLTECH,2024-07-25,1587.6,0.25
HCLTECH,2024-07-26,1635.35,3.01
HCLTECH,2024-07-29,1632.35,-0.18
HCLTECH,2024-07-30,1630.25,-0.13
HCLTECH,2024-07-31,1642.6,0.76
HCLTECH,2024-08-01,1640.55,-0.12
HCLTECH,2024-08-02,1609.3,-1.9
HCLTECH,2024-08-05,1562.4,-2.91
HCLTECH,2024-08-06,1582.75,1.3
HCLTECH,2024-08-07,1594.6,0.75
HCLTECH,2024-08-08,1557.85,-2.3
HCLTECH,2024-08-09,1589.95,2.06
HCLTECH,2024-08-12,1585.25,-0.3
HCLTECH,2024-08-13,1592.65,0.47
HCLTECH,2024-08-14,1626.15,2.1
HCLTECH,2024-08-16,1668.25,2.59
HCLTECH,2024-08-19,1678.5,0.61
HCLTECH,2024-08-20,1686.75,0.49
HCLTECH,2024-08-21,1677.25,-0.56
HCLTECH,2024-08-22,1676.15,-0.07
HCLTECH,2024-08-23,1661.45,-0.88
HCLTECH,2024-08-26,1719.45,3.49
HCLTECH,2024-08-27,1711.6,-0.46
HCLTECH,2024-08-28,1719.45,0.46
HCLTECH,2024-08-29,1751.85,1.88
HCLTECH,2024-08-30,1753.25,0.08
HCLTECH,2024-09-02,1806.65,3.05
HCLTECH,2024-09-03,1790.45,-0.9
HCLTECH,2024-09-04,1785.25,-0.29
HCLTECH,2024-09-05,1790.55,0.3
HCLTECH,2024-09-06,1756.1,-1.92
HCLTECH,2024-09-09,1746.75,-0.53
HCLTECH,2024-09-10,1779.1,1.85
HCLTECH,2024-09-11,1778.75,-0.02
HCLTECH,2024-09-12,1807.6,1.62
HCLTECH,2024-09-13,1812.8,0.29
HCLTECH,2024-09-16,1811.85,-0.05
HCLTECH,2024-09-17,1813.75,0.1
HCLTECH,2024-09-18,1756.5,-3.16
HCLTECH,2024-09-19,1736.5,-1.14
HCLTECH,2024-09-20,1760.05,1.36
HCLTECH,2024-09-23,1752.8,-0.41
HCLTECH,2024-09-24,1775.6,1.3
HCLTECH,2024-09-25,1782.4,0.38
HCLTECH,2024-09-26,1783.85,0.08
HCLTECH,2024-09-27,1808.4,1.38
HCLTECH,2024-09-30,1796.1,-0.68
HCLTECH,2024-10-01,1816.5,1.14
HCLTECH,2024-10-03,1778.55,-2.09
HCLTECH,2024-10-04,1776.6,-0.11
HCLTECH,2024-10-07,1776.95,0.02
HCLTECH,2024-10-08,1789.45,0.7
HCLTECH,2024-10-09,1809.7,1.13
HCLTECH,2024-10-10,1808.65,-0.06
HCLTECH,2024-10-11,1839.65,1.71
HCLTECH,2024-10-14,1855.9,0.88
HCLTECH,2024-10-15,1870.1,0.77
HCLTECH,2024-10-16,1865.25,-0.26
HCLTECH,2024-10-17,1867.8,0.14
HCLTECH,2024-10-18,1857.7,-0.54
HCLTECH,2024-10-21,1843.6,-0.76
HCLTECH,2024-10-22,1822.75,-1.13
HCLTECH,2024-10-23,1845.75,1.26
HCLTECH,2024-10-24,1844.9,-0.05
HCLTECH,2024-10-25,1852.35,0.4
HCLTECH,2024-10-28,1871.75,1.05
HCLTECH,2024-10-29,1871.75,0.0
HCLTECH,2024-10-30,1838.8,-1.76
HCLTECH,2024-10-31,1766.05,-3.96
HCLTECH,2024-11-01,1757.4,-0.49
HCLTECH,2024-11-04,1762.95,0.32
HCLTECH,2024-11-05,1773.55,0.6
HCLTECH,2024-11-06,1838.4,3.66
HCLTECH,2024-11-07,1831.95,-0.35
HCLTECH,2024-11-08,1837.5,0.3
HCLTECH,2024-11-11,1867.3,1.62
HCLTECH,2024-11-12,1872.85,0.3
HCLTECH,2024-11-13,1864.75,-0.43
HCLTECH,2024-11-14,1858.95,-0.31
HCLTECH,2024-11-18,1835.0,-1.29
HCLTECH,2024-11-19,1820.55,-0.79
HCLTECH,2024-11-21,1836.35,0.87
HCLTECH,2024-11-22,1898.4,3.38
HDFCBANK,2023-10-03,1508.05,
HDFCBANK,2023-10-04,1529.55,1.43
HDFCBANK,2023-10-05,1535.75,0.41
HDFCBANK,2023-10-06,1534.05,-0.11
HDFCBANK,2023-10-09,1516.25,-1.16
HDFCBANK,2023-10-10,1524.85,0.57
HDFCBANK,2023-10-11,1539.6,0.97
HDFCBANK,2023-10-12,1549.85,0.67
HDFCBANK,2023-10-13,1535.75,-0.91
HDFCBANK,2023-10-16,1529.6,-0.4
HDFCBANK,2023-10-17,1541.2,0.76
HDFCBANK,2023-10-18,1519.75,-1.39
HDFCBANK,2023-10-19,1514.95,-0.32
HDFCBANK,2023-10-20,1522.8,0.52
HDFCBANK,2023-10-23,1506.05,-1.1
HDFCBANK,2023-10-25,1496.5,-0.63
HDFCBANK,2023-10-26,1463.4,-2.21
HDFCBANK,2023-10-27,1469.15,0.39
HDFCBANK,2023-10-30,1485.1,1.09
HDFCBANK,2023-10-31,1476.5,-0.58
HDFCBANK,2023-11-01,1474.5,-0.14
HDFCBANK,2023-11-02,1476.75,0.15
HDFCBANK,2023-11-03,1483.75,0.47
HDFCBANK,2023-11-06,1494.5,0.72
HDFCBANK,2023-11-07,1487.25,-0.49
HDFCBANK,2023-11-08,1491.55,0.29
HDFCBANK,2023-11-09,1485.65,-0.4
HDFCBANK,2023-11-10,1491.5,0.39
HDFCBANK,2023-11-12,1500.0,0.57
HDFCBANK,2023-11-13,1488.8,-0.75
HDFCBANK,2023-11-15,1504.4,1.05
HDFCBANK,2023-11-16,1508.35,0.26
HDFCBANK,2023-11-17,1505.1,-0.22
HDFCBANK,2023-11-20,1505.2,0.01
HDFCBANK,2023-11-21,1517.95,0.85
HDFCBANK,2023-11-22,1512.55,-0.36
HDFCBANK,2023-11-23,1521.3,0.58
HDFCBANK,2023-11-24,1532.1,0.71
HDFCBANK,2023-11-28,1528.65,-0.23
HDFCBANK,2023-11-29,1559.15,2.0
HDFCBANK,2023-11-30,1558.8,-0.02
HDFCBANK,2023-12-01,1555.4,-0.22
HDFCBANK,2023-12-04,1609.4,3.47
HDFCBANK,2023-12-05,1623.7,0.89
HDFCBANK,2023-12-06,1627.8,0.25
HDFCBANK,2023-12-07,1630.45,0.16
HDFCBANK,2023-12-08,1653.2,1.4
HDFCBANK,2023-12-11,1651.0,-0.13
HDFCBANK,2023-12-12,1634.6,-0.99
HDFCBANK,2023-12-13,1630.9,-0.23
HDFCBANK,2023-12-14,1650.15,1.18
HDFCBANK,2023-12-15,1656.55,0.39
HDFCBANK,2023-12-18,1655.7,-0.05
HDFCBANK,2023-12-19,1652.9,-0.17
HDFCBANK,2023-12-20,1657.0,0.25
HDFCBANK,2023-12-21,1686.7,1.79
HDFCBANK,2023-12-22,1670.85,-0.94
HDFCBANK,2023-12-26,1682.45,0.69
HDFCBANK,2023-12-27,1703.3,1.24
HDFCBANK,2023-12-28,1705.25,0.11
HDFCBANK,2023-12-29,1709.25,0.23
HDFCBANK,2024-01-01,1698.1,-0.65
HDFCBANK,2024-01-02,1699.1,0.06
HDFCBANK,2024-01-03,1672.9,-1.54
HDFCBANK,2024-01-04,1690.85,1.07
HDFCBANK,2024-01-05,1682.2,-0.51
HDFCBANK,2024-01-08,1663.45,-1.11
HDFCBANK,2024-01-09,1650.5,-0.78
HDFCBANK,2024-01-10,1655.95,0.33
HDFCBANK,2024-01-11,1649.0,-0.42
HDFCBANK,2024-01-12,1641.2,-0.47
HDFCBANK,2024-01-15,1672.8,1.93
HDFCBANK,2024-01-16,1679.15,0.38
HDFCBANK,2024-01-17,1537.5,-8.44
HDFCBANK,2024-01-18,1486.15,-3.34
HDFCBANK,2024-01-19,1470.65,-1.04
HDFCBANK,2024-01-20,1478.85,0.56
HDFCBANK,2024-01-23,1427.35,-3.48
HDFCBANK,2024-01-24,1455.9,2.0
HDFCBANK,2024-01-25,1434.9,-1.44
HDFCBANK,2024-01-29,1454.65,1.38
HDFCBANK,2024-01-30,1444.3,-0.71
HDFCBANK,2024-01-31,1462.55,1.26
HDFCBANK,2024-02-01,1466.35,0.26
HDFCBANK,2024-02-02,1446.15,-1.38
HDFCBANK,2024-02-05,1444.85,-0.09
HDFCBANK,2024-02-06,1444.1,-0.05
HDFCBANK,2024-02-07,1429.95,-0.98
HDFCBANK,2024-02-08,1403.05,-1.88
HDFCBANK,2024-02-09,1403.6,0.04
HDFCBANK,2024-02-12,1390.0,-0.97
HDFCBANK,2024-02-13,1394.45,0.32
HDFCBANK,2024-02-14,1384.05,-0.75
HDFCBANK,2024-02-15,1414.05,2.17
HDFCBANK,2024-02-16,1419.9,0.41
HDFCBANK,2024-02-19,1417.1,-0.2
HDFCBANK,2024-02-20,1454.3,2.63
HDFCBANK,2024-02-21,1439.15,-1.04
HDFCBANK,2024-02-22,1419.55,-1.36
HDFCBANK,2024-02-23,1420.6,0.07
HDFCBANK,2024-02-26,1422.3,0.12
HDFCBANK,2024-02-27,1420.15,-0.15
HDFCBANK,2024-02-28,1409.4,-0.76
HDFCBANK,2024-02-29,1403.4,-0.43
HDFCBANK,2024-03-01,1430.75,1.95
HDFCBANK,2024-03-02,1430.75,0.0
HDFCBANK,2024-03-04,1432.7,0.14
HDFCBANK,2024-03-05,1440.85,0.57
HDFCBANK,2024-03-06,1442.6,0.12
HDFCBANK,2024-03-07,1446.1,0.24
HDFCBANK,2024-03-11,1427.8,-1.27
HDFCBANK,2024-03-12,1459.55,2.22
HDFCBANK,2024-03-13,1460.4,0.06
HDFCBANK,2024-03-14,1455.45,-0.34
HDFCBANK,2024-03-15,1452.65,-0.19
HDFCBANK,2024-03-18,1446.05,-0.45
HDFCBANK,2024-03-19,1449.35,0.23
HDFCBANK,2024-03-20,1431.05,-1.26
HDFCBANK,2024-03-21,1445.75,1.03
HDFCBANK,2024-03-22,1442.85,-0.2
HDFCBANK,2024-03-26,1425.4,-1.21
HDFCBANK,2024-03-27,1440.7,1.07
HDFCBANK,2024-03-28,1447.9,0.5
HDFCBANK,2024-04-01,1470.5,1.56
HDFCBANK,2024-04-02,1480.15,0.66
HDFCBANK,2024-04-03,1482.3,0.15
HDFCBANK,2024-04-04,1527.6,3.06
HDFCBANK,2024-04-05,1549.55,1.44
HDFCBANK,2024-04-08,1546.6,-0.19
HDFCBANK,2024-04-09,1548.55,0.13
HDFCBANK,2024-04-10,1536.35,-0.79
HDFCBANK,2024-04-12,1518.95,-1.13
HDFCBANK,2024-04-15,1494.7,-1.6
HDFCBANK,2024-04-16,1509.25,0.97
HDFCBANK,2024-04-18,1494.7,-0.96
HDFCBANK,2024-04-19,1531.3,2.45
HDFCBANK,2024-04-22,1512.2,-1.25
HDFCBANK,2024-04-23,1507.6,-0.3
HDFCBANK,2024-04-24,1511.7,0.27
HDFCBANK,2024-04-25,1510.75,-0.06
HDFCBANK,2024-04-26,1509.8,-0.06
HDFCBANK,2024-04-29,1529.5,1.3
HDFCBANK,2024-04-30,1520.1,-0.61
HDFCBANK,2024-05-02,1532.25,0.8
HDFCBANK,2024-05-03,1519.6,-0.83
HDFCBANK,2024-05-06,1522.65,0.2
HDFCBANK,2024-05-07,1506.15,-1.08
HDFCBANK,2024-05-08,1482.65,-1.56
HDFCBANK,2024-05-09,1447.5,-2.37
HDFCBANK,2024-05-10,1437.9,-0.66
HDFCBANK,2024-05-13,1455.25,1.21
HDFCBANK,2024-05-14,1460.95,0.39
HDFCBANK,2024-05-15,1438.5,-1.54
HDFCBANK,2024-05-16,1460.25,1.51
HDFCBANK,2024-05-17,1464.1,0.26
HDFCBANK,2024-05-18,1466.05,0.13
HDFCBANK,2024-05-21,1458.8,-0.49
HDFCBANK,2024-05-22,1459.2,0.03
HDFCBANK,2024-05-23,1492.6,2.29
HDFCBANK,2024-05-24,1517.2,1.65
HDFCBANK,2024-05-27,1527.7,0.69
HDFCBANK,2024-05-28,1530.5,0.18
HDFCBANK,2024-05-29,1508.3,-1.45
HDFCBANK,2024-05-30,1514.85,0.43
HDFCBANK,2024-05-31,1531.55,1.1
HDFCBANK,2024-06-03,1572.2,2.65
HDFCBANK,2024-06-04,1483.15,-5.66
HDFCBANK,2024-06-05,1551.8,4.63
HDFCBANK,2024-06-06,1559.7,0.51
HDFCBANK,2024-06-07,1573.35,0.88
HDFCBANK,2024-06-10,1561.3,-0.77
HDFCBANK,2024-06-11,1564.8,0.22
HDFCBANK,2024-06-12,1574.15,0.6
HDFCBANK,2024-06-13,1580.75,0.42
HDFCBANK,2024-06-14,1596.9,1.02
HDFCBANK,2024-06-18,1607.8,0.68
HDFCBANK,2024-06-19,1657.85,3.11
HDFCBANK,2024-06-20,1669.35,0.69
HDFCBANK,2024-06-21,1665.75,-0.22
HDFCBANK,2024-06-24,1672.4,0.4
HDFCBANK,2024-06-25,1711.35,2.33
HDFCBANK,2024-06-26,1701.5,-0.58
HDFCBANK,2024-06-27,1696.15,-0.31
HDFCBANK,2024-06-28,1683.8,-0.73
HDFCBANK,2024-07-01,1705.2,1.27
HDFCBANK,2024-07-02,1730.6,1.49
HDFCBANK,2024-07-03,1768.65,2.2
HDFCBANK,2024-07-04,1727.15,-2.35
HDFCBANK,2024-07-05,1648.1,-4.58
HDFCBANK,2024-07-08,1635.35,-0.77
HDFCBANK,2024-07-09,1636.5,0.07
HDFCBANK,2024-07-10,1626.1,-0.64
HDFCBANK,2024-07-11,1621.9,-0.26
HDFCBANK,2024-07-12,1622.7,0.05
HDFCBANK,2024-07-15,1622.1,-0.04
HDFCBANK,2024-07-16,1619.75,-0.14
HDFCBANK,2024-07-18,1614.8,-0.31
HDFCBANK,2024-07-19,1607.3,-0.46
HDFCBANK,2024-07-22,1642.55,2.19
HDFCBANK,2024-07-23,1618.4,-1.47
HDFCBANK,2024-07-24,1604.05,-0.89
HDFCBANK,2024-07-25,1616.6,0.78
HDFCBANK,2024-07-26,1618.15,0.1
HDFCBANK,2024-07-29,1605.05,-0.81
HDFCBANK,2024-07-30,1615.55,0.65
HDFCBANK,2024-07-31,1615.75,0.01
HDFCBANK,2024-08-01,1638.8,1.43
HDFCBANK,2024-08-02,1659.15,1.24
HDFCBANK,2024-08-05,1615.75,-2.62
HDFCBANK,2024-08-06,1601.2,-0.9
HDFCBANK,2024-08-07,1623.5,1.39
HDFCBANK,2024-08-08,1642.7,1.18
HDFCBANK,2024-08-09,1650.2,0.46
HDFCBANK,2024-08-12,1660.1,0.6
HDFCBANK,2024-08-13,1603.2,-3.43
HDFCBANK,2024-08-14,1607.8,0.29
HDFCBANK,2024-08-16,1632.1,1.51
HDFCBANK,2024-08-19,1631.55,-0.03
HDFCBANK,2024-08-20,1637.7,0.38
HDFCBANK,2024-08-21,1625.8,-0.73
HDFCBANK,2024-08-22,1631.3,0.34
HDFCBANK,2024-08-23,1625.05,-0.38
HDFCBANK,2024-08-26,1639.95,0.92
HDFCBANK,2024-08-27,1637.75,-0.13
HDFCBANK,2024-08-28,1637.1,-0.04
HDFCBANK,2024-08-29,1638.55,0.09
HDFCBANK,2024-08-30,1636.9,-0.1
HDFCBANK,2024-09-02,1626.95,-0.61
HDFCBANK,2024-09-03,1637.35,0.64
HDFCBANK,2024-09-04,1641.8,0.27
HDFCBANK,2024-09-05,1645.45,0.22
HDFCBANK,2024-09-06,1636.95,-0.52
HDFCBANK,2024-09-09,1646.5,0.58
HDFCBANK,2024-09-10,1650.35,0.23
HDFCBANK,2024-09-11,1643.9,-0.39
HDFCBANK,2024-09-12,1666.6,1.38
HDFCBANK,2024-09-13,1665.95,-0.04
HDFCBANK,2024-09-16,1670.95,0.3
HDFCBANK,2024-09-17,1668.8,-0.13
HDFCBANK,2024-09-18,1694.8,1.56
HDFCBANK,2024-09-19,1708.5,0.81
HDFCBANK,2024-09-20,1741.2,1.91
HDFCBANK,2024-09-23,1759.8,1.07
HDFCBANK,2024-09-24,1768.05,0.47
HDFCBANK,2024-09-25,1779.1,0.62
HDFCBANK,2024-09-26,1783.45,0.24
HDFCBANK,2024-09-27,1752.65,-1.73
HDFCBANK,2024-09-30,1732.05,-1.18
HDFCBANK,2024-10-01,1726.2,-0.34
HDFCBANK,2024-10-03,1682.0,-2.56
HDFCBANK,2024-10-04,1657.65,-1.45
HDFCBANK,2024-10-07,1617.8,-2.4
HDFCBANK,2024-10-08,1651.05,2.06
HDFCBANK,2024-10-09,1633.15,-1.08
HDFCBANK,2024-10-10,1662.4,1.79
HDFCBANK,2024-10-11,1651.0,-0.69
HDFCBANK,2024-10-14,1688.1,2.25
HDFCBANK,2024-10-15,1684.1,-0.24
HDFCBANK,2024-10-16,1699.8,0.93
HDFCBANK,2024-10-17,1673.15,-1.57
HDFCBANK,2024-10-18,1681.85,0.52
HDFCBANK,2024-10-21,1728.7,2.79
HDFCBANK,2024-10-22,1714.55,-0.82
HDFCBANK,2024-10-23,1735.8,1.24
HDFCBANK,2024-10-24,1749.65,0.8
HDFCBANK,2024-10-25,1743.4,-0.36
HDFCBANK,2024-10-28,1734.2,-0.53
HDFCBANK,2024-10-29,1751.85,1.02
HDFCBANK,2024-10-30,1734.6,-0.98
HDFCBANK,2024-10-31,1735.7,0.06
HDFCBANK,2024-11-01,1737.3,0.09
HDFCBANK,2024-11-04,1714.1,-1.34
HDFCBANK,2024-11-05,1757.85,2.55
HDFCBANK,2024-11-06,1755.25,-0.15
HDFCBANK,2024-11-07,1746.55,-0.5
HDFCBANK,2024-11-08,1754.45,0.45
HDFCBANK,2024-11-11,1766.3,0.68
HDFCBANK,2024-11-12,1718.2,-2.72
HDFCBANK,2024-11-13,1681.35,-2.14
HDFCBANK,2024-11-14,1692.75,0.68
HDFCBANK,2024-11-18,1705.1,0.73
HDFCBANK,2024-11-19,1742.25,2.18
HDFCBANK,2024-11-21,1741.2,-0.06
HDFCBANK,2024-11-22,1745.6,0.25
HDFCLIFE,2023-10-03,633.55,
HDFCLIFE,2023-10-04,625.5,-1.27
HDFCLIFE,2023-10-05,624.35,-0.18
HDFCLIFE,2023-10-06,630.9,1.05
HDFCLIFE,2023-10-09,615.15,-2.5
HDFCLIFE,2023-10-10,621.25,0.99
HDFCLIFE,2023-10-11,621.5,0.04
HDFCLIFE,2023-10-12,624.65,0.51
HDFCLIFE,2023-10-13,625.25,0.1
HDFCLIFE,2023-10-16,630.05,0.77
HDFCLIFE,2023-10-17,641.8,1.86
HDFCLIFE,2023-10-18,645.0,0.5
HDFCLIFE,2023-10-19,639.0,-0.93
HDFCLIFE,2023-10-20,639.95,0.15
HDFCLIFE,2023-10-23,625.25,-2.3
HDFCLIFE,2023-10-25,616.45,-1.41
HDFCLIFE,2023-10-26,605.85,-1.72
HDFCLIFE,2023-10-27,608.65,0.46
HDFCLIFE,2023-10-30,607.6,-0.17
HDFCLIFE,2023-10-31,618.35,1.77
HDFCLIFE,2023-11-01,620.05,0.27
HDFCLIFE,2023-11-02,619.3,-0.12
HDFCLIFE,2023-11-03,622.1,0.45
HDFCLIFE,2023-11-06,621.8,-0.05
HDFCLIFE,2023-11-07,622.45,0.1
HDFCLIFE,2023-11-08,618.75,-0.59
HDFCLIFE,2023-11-09,621.35,0.42
HDFCLIFE,2023-11-10,626.75,0.87
HDFCLIFE,2023-11-12,626.9,0.02
HDFCLIFE,2023-11-13,621.05,-0.93
HDFCLIFE,2023-11-15,636.15,2.43
HDFCLIFE,2023-11-16,634.95,-0.19
HDFCLIFE,2023-11-17,651.8,2.65
HDFCLIFE,2023-11-20,652.4,0.09
HDFCLIFE,2023-11-21,667.9,2.38
HDFCLIFE,2023-11-22,668.5,0.09
HDFCLIFE,2023-11-23,665.0,-0.52
HDFCLIFE,2023-11-24,668.0,0.45
HDFCLIFE,2023-11-28,673.3,0.79
HDFCLIFE,2023-11-29,675.65,0.35
HDFCLIFE,2023-11-30,690.75,2.23
HDFCLIFE,2023-12-01,682.15,-1.25
HDFCLIFE,2023-12-04,674.95,-1.06
HDFCLIFE,2023-12-05,672.75,-0.33
HDFCLIFE,2023-12-06,677.35,0.68
HDFCLIFE,2023-12-07,678.3,0.14
HDFCLIFE,2023-12-08,671.25,-1.04
HDFCLIFE,2023-12-11,672.5,0.19
HDFCLIFE,2023-12-12,707.35,5.18
HDFCLIFE,2023-12-13,698.2,-1.29
HDFCLIFE,2023-12-14,684.55,-1.96
HDFCLIFE,2023-12-15,673.1,-1.67
HDFCLIFE,2023-12-18,672.25,-0.13
HDFCLIFE,2023-12-19,666.05,-0.92
HDFCLIFE,2023-12-20,644.1,-3.3
HDFCLIFE,2023-12-21,644.2,0.02
HDFCLIFE,2023-12-22,639.85,-0.68
HDFCLIFE,2023-12-26,638.0,-0.29
HDFCLIFE,2023-12-27,643.8,0.91
HDFCLIFE,2023-12-28,648.1,0.67
HDFCLIFE,2023-12-29,646.7,-0.22
HDFCLIFE,2024-01-01,648.7,0.31
HDFCLIFE,2024-01-02,645.5,-0.49
HDFCLIFE,2024-01-03,637.2,-1.29
HDFCLIFE,2024-01-04,647.95,1.69
HDFCLIFE,2024-01-05,646.75,-0.19
HDFCLIFE,2024-01-08,645.85,-0.14
HDFCLIFE,2024-01-09,640.9,-0.77
HDFCLIFE,2024-01-10,644.95,0.63
HDFCLIFE,2024-01-11,644.0,-0.15
HDFCLIFE,2024-01-12,637.6,-0.99
HDFCLIFE,2024-01-15,614.45,-3.63
HDFCLIFE,2024-01-16,611.25,-0.52
HDFCLIFE,2024-01-17,606.6,-0.76
HDFCLIFE,2024-01-18,607.8,0.2
HDFCLIFE,2024-01-19,615.9,1.33
HDFCLIFE,2024-01-20,608.0,-1.28
HDFCLIFE,2024-01-23,586.15,-3.59
HDFCLIFE,2024-01-24,581.65,-0.77
HDFCLIFE,2024-01-25,579.0,-0.46
HDFCLIFE,2024-01-29,578.55,-0.08
HDFCLIFE,2024-01-30,575.0,-0.61
HDFCLIFE,2024-01-31,576.6,0.28
HDFCLIFE,2024-02-01,587.1,1.82
HDFCLIFE,2024-02-02,578.8,-1.41
HDFCLIFE,2024-02-05,563.35,-2.67
HDFCLIFE,2024-02-06,592.75,5.22
HDFCLIFE,2024-02-07,605.15,2.09
HDFCLIFE,2024-02-08,591.7,-2.22
HDFCLIFE,2024-02-09,584.0,-1.3
HDFCLIFE,2024-02-12,577.2,-1.16
HDFCLIFE,2024-02-13,589.55,2.14
HDFCLIFE,2024-02-14,585.35,-0.71
HDFCLIFE,2024-02-15,585.1,-0.04
HDFCLIFE,2024-02-16,592.45,1.26
HDFCLIFE,2024-02-19,585.2,-1.22
HDFCLIFE,2024-02-20,587.95,0.47
HDFCLIFE,2024-02-21,577.45,-1.79
HDFCLIFE,2024-02-22,574.65,-0.48
HDFCLIFE,2024-02-23,580.7,1.05
HDFCLIFE,2024-02-26,576.35,-0.75
HDFCLIFE,2024-02-27,581.6,0.91
HDFCLIFE,2024-02-28,580.6,-0.17
HDFCLIFE,2024-02-29,582.0,0.24
HDFCLIFE,2024-03-01,589.95,1.37
HDFCLIFE,2024-03-02,592.3,0.4
HDFCLIFE,2024-03-04,610.3,3.04
HDFCLIFE,2024-03-05,607.7,-0.43
HDFCLIFE,2024-03-06,613.95,1.03
HDFCLIFE,2024-03-07,621.95,1.3
HDFCLIFE,2024-03-11,620.85,-0.18
HDFCLIFE,2024-03-12,621.55,0.11
HDFCLIFE,2024-03-13,610.05,-1.85
HDFCLIFE,2024-03-14,622.25,2.0
HDFCLIFE,2024-03-15,632.35,1.62
HDFCLIFE,2024-03-18,634.1,0.28
HDFCLIFE,2024-03-19,632.5,-0.25
HDFCLIFE,2024-03-20,626.4,-0.96
HDFCLIFE,2024-03-21,622.25,-0.66
HDFCLIFE,2024-03-22,623.85,0.26
HDFCLIFE,2024-03-26,626.9,0.49
HDFCLIFE,2024-03-27,626.35,-0.09
HDFCLIFE,2024-03-28,633.35,1.12
HDFCLIFE,2024-04-01,634.75,0.22
HDFCLIFE,2024-04-02,631.9,-0.45
HDFCLIFE,2024-04-03,624.1,-1.23
HDFCLIFE,2024-04-04,622.4,-0.27
HDFCLIFE,2024-04-05,629.4,1.12
HDFCLIFE,2024-04-08,634.6,0.83
HDFCLIFE,2024-04-09,633.95,-0.1
HDFCLIFE,2024-04-10,621.5,-1.96
HDFCLIFE,2024-04-12,618.5,-0.48
HDFCLIFE,2024-04-15,612.95,-0.9
HDFCLIFE,2024-04-16,604.6,-1.36
HDFCLIFE,2024-04-18,605.65,0.17
HDFCLIFE,2024-04-19,601.55,-0.68
HDFCLIFE,2024-04-22,605.95,0.73
HDFCLIFE,2024-04-23,601.15,-0.79
HDFCLIFE,2024-04-24,594.2,-1.16
HDFCLIFE,2024-04-25,594.7,0.08
HDFCLIFE,2024-04-26,587.85,-1.15
HDFCLIFE,2024-04-29,575.1,-2.17
HDFCLIFE,2024-04-30,583.65,1.49
HDFCLIFE,2024-05-02,576.35,-1.25
HDFCLIFE,2024-05-03,565.9,-1.81
HDFCLIFE,2024-05-06,555.05,-1.92
HDFCLIFE,2024-05-07,552.35,-0.49
HDFCLIFE,2024-05-08,550.45,-0.34
HDFCLIFE,2024-05-09,539.55,-1.98
HDFCLIFE,2024-05-10,548.55,1.67
HDFCLIFE,2024-05-13,559.65,2.02
HDFCLIFE,2024-05-14,561.55,0.34
HDFCLIFE,2024-05-15,555.95,-1.0
HDFCLIFE,2024-05-16,567.05,2.0
HDFCLIFE,2024-05-17,570.2,0.56
HDFCLIFE,2024-05-18,569.4,-0.14
HDFCLIFE,2024-05-21,565.6,-0.67
HDFCLIFE,2024-05-22,560.4,-0.92
HDFCLIFE,2024-05-23,565.65,0.94
HDFCLIFE,2024-05-24,565.1,-0.1
HDFCLIFE,2024-05-27,564.25,-0.15
HDFCLIFE,2024-05-28,578.45,2.52
HDFCLIFE,2024-05-29,561.85,-2.87
HDFCLIFE,2024-05-30,550.75,-1.98
HDFCLIFE,2024-05-31,549.85,-0.16
HDFCLIFE,2024-06-03,550.1,0.05
HDFCLIFE,2024-06-04,534.45,-2.84
HDFCLIFE,2024-06-05,551.95,3.27
HDFCLIFE,2024-06-06,555.25,0.6
HDFCLIFE,2024-06-07,562.95,1.39
HDFCLIFE,2024-06-10,569.2,1.11
HDFCLIFE,2024-06-11,571.7,0.44
HDFCLIFE,2024-06-12,572.7,0.17
HDFCLIFE,2024-06-13,593.5,3.63
HDFCLIFE,2024-06-14,598.35,0.82
HDFCLIFE,2024-06-18,601.2,0.48
HDFCLIFE,2024-06-19,596.2,-0.83
HDFCLIFE,2024-06-20,590.1,-1.02
HDFCLIFE,2024-06-21,580.95,-1.55
HDFCLIFE,2024-06-24,579.5,-0.25
HDFCLIFE,2024-06-25,590.95,1.98
HDFCLIFE,2024-06-26,589.05,-0.32
HDFCLIFE,2024-06-27,593.25,0.71
HDFCLIFE,2024-06-28,595.05,0.3
HDFCLIFE,2024-07-01,600.75,0.96
HDFCLIFE,2024-07-02,589.8,-1.82
HDFCLIFE,2024-07-03,596.15,1.08
HDFCLIFE,2024-07-04,603.95,1.31
HDFCLIFE,2024-07-05,607.35,0.56
HDFCLIFE,2024-07-08,620.9,2.23
HDFCLIFE,2024-07-09,623.65,0.44
HDFCLIFE,2024-07-10,632.75,1.46
HDFCLIFE,2024-07-11,634.25,0.24
HDFCLIFE,2024-07-12,635.55,0.2
HDFCLIFE,2024-07-15,638.05,0.39
HDFCLIFE,2024-07-16,646.75,1.36
HDFCLIFE,2024-07-18,648.9,0.33
HDFCLIFE,2024-07-19,635.9,-2.0
HDFCLIFE,2024-07-22,637.4,0.24
HDFCLIFE,2024-07-23,643.95,1.03
HDFCLIFE,2024-07-24,672.8,4.48
HDFCLIFE,2024-07-25,683.15,1.54
HDFCLIFE,2024-07-26,703.35,2.96
HDFCLIFE,2024-07-29,696.85,-0.92
HDFCLIFE,2024-07-30,697.2,0.05
HDFCLIFE,2024-07-31,715.5,2.62
HDFCLIFE,2024-08-01,713.6,-0.27
HDFCLIFE,2024-08-02,707.4,-0.87
HDFCLIFE,2024-08-05,710.9,0.49
HDFCLIFE,2024-08-06,679.6,-4.4
HDFCLIFE,2024-08-07,696.25,2.45
HDFCLIFE,2024-08-08,710.35,2.03
HDFCLIFE,2024-08-09,702.4,-1.12
HDFCLIFE,2024-08-12,702.45,0.01
HDFCLIFE,2024-08-13,685.0,-2.48
HDFCLIFE,2024-08-14,686.35,0.2
HDFCLIFE,2024-08-16,689.4,0.44
HDFCLIFE,2024-08-19,685.7,-0.54
HDFCLIFE,2024-08-20,710.6,3.63
HDFCLIFE,2024-08-21,724.55,1.96
HDFCLIFE,2024-08-22,726.0,0.2
HDFCLIFE,2024-08-23,729.0,0.41
HDFCLIFE,2024-08-26,725.65,-0.46
HDFCLIFE,2024-08-27,739.55,1.92
HDFCLIFE,2024-08-28,742.1,0.34
HDFCLIFE,2024-08-29,736.9,-0.7
HDFCLIFE,2024-08-30,738.7,0.24
HDFCLIFE,2024-09-02,745.3,0.89
HDFCLIFE,2024-09-03,758.75,1.8
HDFCLIFE,2024-09-04,758.8,0.01
HDFCLIFE,2024-09-05,751.85,-0.92
HDFCLIFE,2024-09-06,738.4,-1.79
HDFCLIFE,2024-09-09,735.8,-0.35
HDFCLIFE,2024-09-10,702.9,-4.47
HDFCLIFE,2024-09-11,700.15,-0.39
HDFCLIFE,2024-09-12,714.55,2.06
HDFCLIFE,2024-09-13,705.4,-1.28
HDFCLIFE,2024-09-16,701.35,-0.57
HDFCLIFE,2024-09-17,698.9,-0.35
HDFCLIFE,2024-09-18,698.8,-0.01
HDFCLIFE,2024-09-19,701.5,0.39
HDFCLIFE,2024-09-20,711.1,1.37
HDFCLIFE,2024-09-23,727.5,2.31
HDFCLIFE,2024-09-24,720.7,-0.93
HDFCLIFE,2024-09-25,716.55,-0.58
HDFCLIFE,2024-09-26,729.55,1.81
HDFCLIFE,2024-09-27,730.2,0.09
HDFCLIFE,2024-09-30,718.0,-1.67
HDFCLIFE,2024-10-01,710.2,-1.09
HDFCLIFE,2024-10-03,702.25,-1.12
HDFCLIFE,2024-10-04,708.8,0.93
HDFCLIFE,2024-10-07,705.85,-0.42
HDFCLIFE,2024-10-08,710.1,0.6
HDFCLIFE,2024-10-09,717.3,1.01
HDFCLIFE,2024-10-10,723.65,0.89
HDFCLIFE,2024-10-11,723.85,0.03
HDFCLIFE,2024-10-14,740.6,2.31
HDFCLIFE,2024-10-15,714.25,-3.56
HDFCLIFE,2024-10-16,726.8,1.76
HDFCLIFE,2024-10-17,726.1,-0.1
HDFCLIFE,2024-10-18,742.45,2.25
HDFCLIFE,2024-10-21,745.85,0.46
HDFCLIFE,2024-10-22,728.2,-2.37
HDFCLIFE,2024-10-23,723.75,-0.61
HDFCLIFE,2024-10-24,714.85,-1.23
HDFCLIFE,2024-10-25,709.45,-0.76
HDFCLIFE,2024-10-28,718.25,1.24
HDFCLIFE,2024-10-29,742.4,3.36
HDFCLIFE,2024-10-30,727.05,-2.07
HDFCLIFE,2024-10-31,720.15,-0.95
HDFCLIFE,2024-11-01,723.7,0.49
HDFCLIFE,2024-11-04,710.85,-1.78
HDFCLIFE,2024-11-05,717.25,0.9
HDFCLIFE,2024-11-06,708.7,-1.19
HDFCLIFE,2024-11-07,711.7,0.42
HDFCLIFE,2024-11-08,708.5,-0.45
HDFCLIFE,2024-11-11,705.35,-0.44
HDFCLIFE,2024-11-12,700.0,-0.76
HDFCLIFE,2024-11-13,685.05,-2.14
HDFCLIFE,2024-11-14,694.0,1.31
HDFCLIFE,2024-11-18,690.5,-0.5
HDFCLIFE,2024-11-19,680.4,-1.46
HDFCLIFE,2024-11-21,674.4,-0.88
HDFCLIFE,2024-11-22,688.2,2.05
HEROMOTOCO,2023-10-03,3015.6,
HEROMOTOCO,2023-10-04,2989.05,-0.88
HEROMOTOCO,2023-10-05,3016.65,0.92
HEROMOTOCO,2023-10-06,3038.0,0.71
HEROMOTOCO,2023-10-09,2955.1,-2.73
HEROMOTOCO,2023-10-10,2976.8,0.73
HEROMOTOCO,2023-10-11,3100.85,4.17
HEROMOTOCO,2023-10-12,3088.25,-0.41
HEROMOTOCO,2023-10-13,3098.45,0.33
HEROMOTOCO,2023-10-16,3161.0,2.02
HEROMOTOCO,2023-10-17,3172.95,0.38
HEROMOTOCO,2023-10-18,3153.15,-0.62
HEROMOTOCO,2023-10-19,3265.85,3.57
HEROMOTOCO,2023-10-20,3211.25,-1.67
HEROMOTOCO,2023-10-23,3149.85,-1.91
HEROMOTOCO,2023-10-25,3140.85,-0.29
HEROMOTOCO,2023-10-26,3111.95,-0.92
HEROMOTOCO,2023-10-27,3112.2,0.01
HEROMOTOCO,2023-10-30,3110.35,-0.06
HEROMOTOCO,2023-10-31,3088.35,-0.71
HEROMOTOCO,2023-11-01,3092.45,0.13
HEROMOTOCO,2023-11-02,3052.1,-1.3
HEROMOTOCO,2023-11-03,3089.4,1.22
HEROMOTOCO,2023-11-06,3166.9,2.51
HEROMOTOCO,2023-11-07,3130.25,-1.16
HEROMOTOCO,2023-11-08,3132.1,0.06
HEROMOTOCO,2023-11-09,3173.9,1.33
HEROMOTOCO,2023-11-10,3105.2,-2.16
HEROMOTOCO,2023-11-12,3115.2,0.32
HEROMOTOCO,2023-11-13,3118.8,0.12
HEROMOTOCO,2023-11-15,3177.85,1.89
HEROMOTOCO,2023-11-16,3280.05,3.22
HEROMOTOCO,2023-11-17,3334.75,1.67
HEROMOTOCO,2023-11-20,3346.35,0.35
HEROMOTOCO,2023-11-21,3376.5,0.9
HEROMOTOCO,2023-11-22,3413.6,1.1
HEROMOTOCO,2023-11-23,3568.0,4.52
HEROMOTOCO,2023-11-24,3548.6,-0.54
HEROMOTOCO,2023-11-28,3622.0,2.07
HEROMOTOCO,2023-11-29,3746.9,3.45
HEROMOTOCO,2023-11-30,3819.05,1.93
HEROMOTOCO,2023-12-01,3760.0,-1.55
HEROMOTOCO,2023-12-04,3797.1,0.99
HEROMOTOCO,2023-12-05,3806.75,0.25
HEROMOTOCO,2023-12-06,3761.05,-1.2
HEROMOTOCO,2023-12-07,3772.65,0.31
HEROMOTOCO,2023-12-08,3715.75,-1.51
HEROMOTOCO,2023-12-11,3704.65,-0.3
HEROMOTOCO,2023-12-12,3747.15,1.15
HEROMOTOCO,2023-12-13,3863.3,3.1
HEROMOTOCO,2023-12-14,3883.65,0.53
HEROMOTOCO,2023-12-15,3896.55,0.33
HEROMOTOCO,2023-12-18,3889.75,-0.17
HEROMOTOCO,2023-12-19,3821.85,-1.75
HEROMOTOCO,2023-12-20,3815.5,-0.17
HEROMOTOCO,2023-12-21,3850.15,0.91
HEROMOTOCO,2023-12-22,3935.7,2.22
HEROMOTOCO,2023-12-26,4067.45,3.35
HEROMOTOCO,2023-12-27,4064.3,-0.08
HEROMOTOCO,2023-12-28,4173.25,2.68
HEROMOTOCO,2023-12-29,4139.55,-0.81
HEROMOTOCO,2024-01-01,4118.55,-0.51
HEROMOTOCO,2024-01-02,4088.2,-0.74
HEROMOTOCO,2024-01-03,3989.85,-2.41
HEROMOTOCO,2024-01-04,3946.95,-1.08
HEROMOTOCO,2024-01-05,3990.3,1.1
HEROMOTOCO,2024-01-08,4009.5,0.48
HEROMOTOCO,2024-01-09,4112.5,2.57
HEROMOTOCO,2024-01-10,4138.05,0.62
HEROMOTOCO,2024-01-11,4342.2,4.93
HEROMOTOCO,2024-01-12,4383.15,0.94
HEROMOTOCO,2024-01-15,4372.4,-0.25
HEROMOTOCO,2024-01-16,4384.65,0.28
HEROMOTOCO,2024-01-17,4370.85,-0.31
HEROMOTOCO,2024-01-18,4394.0,0.53
HEROMOTOCO,2024-01-19,4399.75,0.13
HEROMOTOCO,2024-01-20,4401.65,0.04
HEROMOTOCO,2024-01-23,4444.2,0.97
HEROMOTOCO,2024-01-24,4433.65,-0.24
HEROMOTOCO,2024-01-25,4442.15,0.19
HEROMOTOCO,2024-01-29,4593.5,3.41
HEROMOTOCO,2024-01-30,4588.35,-0.11
HEROMOTOCO,2024-01-31,4621.55,0.72
HEROMOTOCO,2024-02-01,4586.7,-0.75
HEROMOTOCO,2024-02-02,4717.3,2.85
HEROMOTOCO,2024-02-05,4746.65,0.62
HEROMOTOCO,2024-02-06,4783.45,0.78
HEROMOTOCO,2024-02-07,4793.35,0.21
HEROMOTOCO,2024-02-08,4807.9,0.3
HEROMOTOCO,2024-02-09,4908.85,2.1
HEROMOTOCO,2024-02-12,4687.5,-4.51
HEROMOTOCO,2024-02-13,4744.8,1.22
HEROMOTOCO,2024-02-14,4814.05,1.46
HEROMOTOCO,2024-02-15,4816.95,0.06
HEROMOTOCO,2024-02-16,4894.3,1.61
HEROMOTOCO,2024-02-19,4852.6,-0.85
HEROMOTOCO,2024-02-20,4663.35,-3.9
HEROMOTOCO,2024-02-21,4534.85,-2.76
HEROMOTOCO,2024-02-22,4495.15,-0.88
HEROMOTOCO,2024-02-23,4519.25,0.54
HEROMOTOCO,2024-02-26,4496.1,-0.51
HEROMOTOCO,2024-02-27,4430.05,-1.47
HEROMOTOCO,2024-02-28,4375.05,-1.24
HEROMOTOCO,2024-02-29,4426.5,1.18
HEROMOTOCO,2024-03-01,4507.1,1.82
HEROMOTOCO,2024-03-02,4581.45,1.65
HEROMOTOCO,2024-03-04,4611.7,0.66
HEROMOTOCO,2024-03-05,4590.0,-0.47
HEROMOTOCO,2024-03-06,4635.3,0.99
HEROMOTOCO,2024-03-07,4652.9,0.38
HEROMOTOCO,2024-03-11,4671.7,0.4
HEROMOTOCO,2024-03-12,4658.9,-0.27
HEROMOTOCO,2024-03-13,4512.1,-3.15
HEROMOTOCO,2024-03-14,4675.3,3.62
HEROMOTOCO,2024-03-15,4585.3,-1.93
HEROMOTOCO,2024-03-18,4554.2,-0.68
HEROMOTOCO,2024-03-19,4541.75,-0.27
HEROMOTOCO,2024-03-20,4510.45,-0.69
HEROMOTOCO,2024-03-21,4519.9,0.21
HEROMOTOCO,2024-03-22,4684.0,3.63
HEROMOTOCO,2024-03-26,4671.15,-0.27
HEROMOTOCO,2024-03-27,4572.55,-2.11
HEROMOTOCO,2024-03-28,4722.3,3.27
HEROMOTOCO,2024-04-01,4680.75,-0.88
HEROMOTOCO,2024-04-02,4560.8,-2.56
HEROMOTOCO,2024-04-03,4557.2,-0.08
HEROMOTOCO,2024-04-04,4522.95,-0.75
HEROMOTOCO,2024-04-05,4524.9,0.04
HEROMOTOCO,2024-04-08,4595.1,1.55
HEROMOTOCO,2024-04-09,4521.7,-1.6
HEROMOTOCO,2024-04-10,4494.9,-0.59
HEROMOTOCO,2024-04-12,4440.8,-1.2
HEROMOTOCO,2024-04-15,4381.2,-1.34
HEROMOTOCO,2024-04-16,4322.9,-1.33
HEROMOTOCO,2024-04-18,4251.3,-1.66
HEROMOTOCO,2024-04-19,4213.7,-0.88
HEROMOTOCO,2024-04-22,4311.9,2.33
HEROMOTOCO,2024-04-23,4345.05,0.77
HEROMOTOCO,2024-04-24,4393.35,1.11
HEROMOTOCO,2024-04-25,4498.3,2.39
HEROMOTOCO,2024-04-26,4491.6,-0.15
HEROMOTOCO,2024-04-29,4457.7,-0.75
HEROMOTOCO,2024-04-30,4543.05,1.91
HEROMOTOCO,2024-05-02,4561.5,0.41
HEROMOTOCO,2024-05-03,4552.75,-0.19
HEROMOTOCO,2024-05-06,4509.75,-0.94
HEROMOTOCO,2024-05-07,4476.75,-0.73
HEROMOTOCO,2024-05-08,4613.9,3.06
HEROMOTOCO,2024-05-09,4764.9,3.27
HEROMOTOCO,2024-05-10,4877.4,2.36
HEROMOTOCO,2024-05-13,4885.55,0.17
HEROMOTOCO,2024-05-14,5043.45,3.23
HEROMOTOCO,2024-05-15,5057.3,0.27
HEROMOTOCO,2024-05-16,5141.35,1.66
HEROMOTOCO,2024-05-17,5089.2,-1.01
HEROMOTOCO,2024-05-18,5109.85,0.41
HEROMOTOCO,2024-05-21,5053.85,-1.1
HEROMOTOCO,2024-05-22,4995.95,-1.15
HEROMOTOCO,2024-05-23,5145.2,2.99
HEROMOTOCO,2024-05-24,5118.3,-0.52
HEROMOTOCO,2024-05-27,5083.9,-0.67
HEROMOTOCO,2024-05-28,5183.95,1.97
HEROMOTOCO,2024-05-29,5143.75,-0.78
HEROMOTOCO,2024-05-30,5136.0,-0.15
HEROMOTOCO,2024-05-31,5119.6,-0.32
HEROMOTOCO,2024-06-03,5160.6,0.8
HEROMOTOCO,2024-06-04,5310.7,2.91
HEROMOTOCO,2024-06-05,5658.5,6.55
HEROMOTOCO,2024-06-06,5534.25,-2.2
HEROMOTOCO,2024-06-07,5581.85,0.86
HEROMOTOCO,2024-06-10,5722.2,2.51
HEROMOTOCO,2024-06-11,5786.6,1.13
HEROMOTOCO,2024-06-12,5790.2,0.06
HEROMOTOCO,2024-06-13,5816.0,0.45
HEROMOTOCO,2024-06-14,5804.2,-0.2
HEROMOTOCO,2024-06-18,5754.85,-0.85
HEROMOTOCO,2024-06-19,5647.7,-1.86
HEROMOTOCO,2024-06-20,5504.6,-2.53
HEROMOTOCO,2024-06-21,5452.0,-0.96
HEROMOTOCO,2024-06-24,5524.45,1.33
HEROMOTOCO,2024-06-25,5510.0,-0.26
HEROMOTOCO,2024-06-26,5453.0,-1.03
HEROMOTOCO,2024-06-27,5485.2,0.59
HEROMOTOCO,2024-06-28,5579.6,1.72
HEROMOTOCO,2024-07-01,5603.1,0.42
HEROMOTOCO,2024-07-02,5567.1,-0.64
HEROMOTOCO,2024-07-03,5579.75,0.23
HEROMOTOCO,2024-07-04,5558.35,-0.38
HEROMOTOCO,2024-07-05,5558.05,-0.01
HEROMOTOCO,2024-07-08,5501.9,-1.01
HEROMOTOCO,2024-07-09,5589.15,1.59
HEROMOTOCO,2024-07-10,5508.75,-1.44
HEROMOTOCO,2024-07-11,5526.25,0.32
HEROMOTOCO,2024-07-12,5546.9,0.37
HEROMOTOCO,2024-07-15,5606.35,1.07
HEROMOTOCO,2024-07-16,5578.1,-0.5
HEROMOTOCO,2024-07-18,5502.2,-1.36
HEROMOTOCO,2024-07-19,5427.7,-1.35
HEROMOTOCO,2024-07-22,5463.15,0.65
HEROMOTOCO,2024-07-23,5513.55,0.92
HEROMOTOCO,2024-07-24,5417.75,-1.74
HEROMOTOCO,2024-07-25,5403.2,-0.27
HEROMOTOCO,2024-07-26,5478.9,1.4
HEROMOTOCO,2024-07-29,5424.35,-1.0
HEROMOTOCO,2024-07-30,5444.3,0.37
HEROMOTOCO,2024-07-31,5488.45,0.81
HEROMOTOCO,2024-08-01,5371.85,-2.12
HEROMOTOCO,2024-08-02,5274.2,-1.82
HEROMOTOCO,2024-08-05,5183.9,-1.71
HEROMOTOCO,2024-08-06,5173.8,-0.19
HEROMOTOCO,2024-08-07,5241.15,1.3
HEROMOTOCO,2024-08-08,5158.9,-1.57
HEROMOTOCO,2024-08-09,5207.2,0.94
HEROMOTOCO,2024-08-12,5311.85,2.01
HEROMOTOCO,2024-08-13,5245.5,-1.25
HEROMOTOCO,2024-08-14,5072.45,-3.3
HEROMOTOCO,2024-08-16,5128.1,1.1
HEROMOTOCO,2024-08-19,5188.9,1.19
HEROMOTOCO,2024-08-20,5244.4,1.07
HEROMOTOCO,2024-08-21,5284.7,0.77
HEROMOTOCO,2024-08-22,5329.95,0.86
HEROMOTOCO,2024-08-23,5384.9,1.03
HEROMOTOCO,2024-08-26,5343.75,-0.76
HEROMOTOCO,2024-08-27,5356.55,0.24
HEROMOTOCO,2024-08-28,5311.4,-0.84
HEROMOTOCO,2024-08-29,5374.5,1.19
HEROMOTOCO,2024-08-30,5455.4,1.51
HEROMOTOCO,2024-09-02,5578.2,2.25
HEROMOTOCO,2024-09-03,5646.5,1.22
HEROMOTOCO,2024-09-04,5683.75,0.66
HEROMOTOCO,2024-09-05,5734.2,0.89
HEROMOTOCO,2024-09-06,5743.75,0.17
HEROMOTOCO,2024-09-09,5745.3,0.03
HEROMOTOCO,2024-09-10,5669.7,-1.32
HEROMOTOCO,2024-09-11,5654.45,-0.27
HEROMOTOCO,2024-09-12,5803.15,2.63
HEROMOTOCO,2024-09-13,5795.8,-0.13
HEROMOTOCO,2024-09-16,5779.45,-0.28
HEROMOTOCO,2024-09-17,5961.2,3.14
HEROMOTOCO,2024-09-18,5964.75,0.06
HEROMOTOCO,2024-09-19,6006.05,0.69
HEROMOTOCO,2024-09-20,6013.25,0.12
HEROMOTOCO,2024-09-23,6190.55,2.95
HEROMOTOCO,2024-09-24,6126.3,-1.04
HEROMOTOCO,2024-09-25,6088.3,-0.62
HEROMOTOCO,2024-09-26,6051.45,-0.61
HEROMOTOCO,2024-09-27,5957.35,-1.55
HEROMOTOCO,2024-09-30,5712.4,-4.11
HEROMOTOCO,2024-10-01,5750.1,0.66
HEROMOTOCO,2024-10-03,5662.75,-1.52
HEROMOTOCO,2024-10-04,5520.85,-2.51
HEROMOTOCO,2024-10-07,5501.55,-0.35
HEROMOTOCO,2024-10-08,5529.85,0.51
HEROMOTOCO,2024-10-09,5554.6,0.45
HEROMOTOCO,2024-10-10,5456.1,-1.77
HEROMOTOCO,2024-10-11,5476.3,0.37
HEROMOTOCO,2024-10-14,5555.35,1.44
HEROMOTOCO,2024-10-15,5505.65,-0.89
HEROMOTOCO,2024-10-16,5398.2,-1.95
HEROMOTOCO,2024-10-17,5217.45,-3.35
HEROMOTOCO,2024-10-18,5216.2,-0.02
HEROMOTOCO,2024-10-21,5242.25,0.5
HEROMOTOCO,2024-10-22,5175.8,-1.27
HEROMOTOCO,2024-10-23,5145.7,-0.58
HEROMOTOCO,2024-10-24,5113.6,-0.62
HEROMOTOCO,2024-10-25,4973.3,-2.74
HEROMOTOCO,2024-10-28,4927.8,-0.91
HEROMOTOCO,2024-10-29,4787.45,-2.85
HEROMOTOCO,2024-10-30,4909.3,2.55
HEROMOTOCO,2024-10-31,4989.55,1.63
HEROMOTOCO,2024-11-01,5020.5,0.62
HEROMOTOCO,2024-11-04,4806.05,-4.27
HEROMOTOCO,2024-11-05,4820.7,0.3
HEROMOTOCO,2024-11-06,4892.8,1.5
HEROMOTOCO,2024-11-07,4816.0,-1.57
HEROMOTOCO,2024-11-08,4768.9,-0.98
HEROMOTOCO,2024-11-11,4757.5,-0.24
HEROMOTOCO,2024-11-12,4724.2,-0.7
HEROMOTOCO,2024-11-13,4519.6,-4.33
HEROMOTOCO,2024-11-14,4604.0,1.87
HEROMOTOCO,2024-11-18,4733.0,2.8
HEROMOTOCO,2024-11-19,4775.8,0.9
HEROMOTOCO,2024-11-21,4767.85,-0.17
HEROMOTOCO,2024-11-22,4794.1,0.55
HINDALCO,2023-10-03,479.95,
HINDALCO,2023-10-04,473.4,-1.36
HINDALCO,2023-10-05,470.55,-0.6
HINDALCO,2023-10-06,472.6,0.44
HINDALCO,2023-10-09,469.8,-0.59
HINDALCO,2023-10-10,480.65,2.31
HINDALCO,2023-10-11,483.9,0.68
HINDALCO,2023-10-12,484.4,0.1
HINDALCO,2023-10-13,480.6,-0.78
HINDALCO,2023-10-16,483.4,0.58
HINDALCO,2023-10-17,484.35,0.2
HINDALCO,2023-10-18,485.05,0.14
HINDALCO,2023-10-19,479.95,-1.05
HINDALCO,2023-10-20,471.75,-1.71
HINDALCO,2023-10-23,456.7,-3.19
HINDALCO,2023-10-25,461.2,0.99
HINDALCO,2023-10-26,456.65,-0.99
HINDALCO,2023-10-27,456.15,-0.11
HINDALCO,2023-10-30,456.65,0.11
HINDALCO,2023-10-31,459.5,0.62
HINDALCO,2023-11-01,462.7,0.7
HINDALCO,2023-11-02,474.2,2.49
HINDALCO,2023-11-03,475.2,0.21
HINDALCO,2023-11-06,481.95,1.42
HINDALCO,2023-11-07,484.55,0.54
HINDALCO,2023-11-08,488.05,0.72
HINDALCO,2023-11-09,484.45,-0.74
HINDALCO,2023-11-10,481.3,-0.65
HINDALCO,2023-11-12,482.45,0.24
HINDALCO,2023-11-13,487.5,1.05
HINDALCO,2023-11-15,505.4,3.67
HINDALCO,2023-11-16,504.3,-0.22
HINDALCO,2023-11-17,497.75,-1.3
HINDALCO,2023-11-20,497.3,-0.09
HINDALCO,2023-11-21,506.85,1.92
HINDALCO,2023-11-22,500.25,-1.3
HINDALCO,2023-11-23,501.95,0.34
HINDALCO,2023-11-24,507.8,1.17
HINDALCO,2023-11-28,515.6,1.54
HINDALCO,2023-11-29,517.45,0.36
HINDALCO,2023-11-30,515.65,-0.35
HINDALCO,2023-12-01,517.2,0.3
HINDALCO,2023-12-04,519.25,0.4
HINDALCO,2023-12-05,520.65,0.27
HINDALCO,2023-12-06,523.0,0.45
HINDALCO,2023-12-07,516.05,-1.33
HINDALCO,2023-12-08,520.35,0.83
HINDALCO,2023-12-11,522.4,0.39
HINDALCO,2023-12-12,527.45,0.97
HINDALCO,2023-12-13,532.85,1.02
HINDALCO,2023-12-14,543.1,1.92
HINDALCO,2023-12-15,557.25,2.61
HINDALCO,2023-12-18,566.4,1.64
HINDALCO,2023-12-19,564.85,-0.27
HINDALCO,2023-12-20,548.2,-2.95
HINDALCO,2023-12-21,556.25,1.47
HINDALCO,2023-12-22,570.45,2.55
HINDALCO,2023-12-26,579.85,1.65
HINDALCO,2023-12-27,605.6,4.44
HINDALCO,2023-12-28,614.3,1.44
HINDALCO,2023-12-29,614.85,0.09
HINDALCO,2024-01-01,610.4,-0.72
HINDALCO,2024-01-02,617.0,1.08
HINDALCO,2024-01-03,593.05,-3.88
HINDALCO,2024-01-04,590.5,-0.43
HINDALCO,2024-01-05,587.0,-0.59
HINDALCO,2024-01-08,577.65,-1.59
HINDALCO,2024-01-09,575.95,-0.29
HINDALCO,2024-01-10,580.05,0.71
HINDALCO,2024-01-11,576.95,-0.53
HINDALCO,2024-01-12,582.05,0.88
HINDALCO,2024-01-15,574.65,-1.27
HINDALCO,2024-01-16,579.55,0.85
HINDALCO,2024-01-17,560.25,-3.33
HINDALCO,2024-01-18,554.9,-0.95
HINDALCO,2024-01-19,557.1,0.4
HINDALCO,2024-01-20,561.05,0.71
HINDALCO,2024-01-23,541.4,-3.5
HINDALCO,2024-01-24,565.15,4.39
HINDALCO,2024-01-25,567.2,0.36
HINDALCO,2024-01-29,567.9,0.12
HINDALCO,2024-01-30,569.25,0.24
HINDALCO,2024-01-31,579.35,1.77
HINDALCO,2024-02-01,571.25,-1.4
HINDALCO,2024-02-02,583.5,2.14
HINDALCO,2024-02-05,579.9,-0.62
HINDALCO,2024-02-06,584.9,0.86
HINDALCO,2024-02-07,592.25,1.26
HINDALCO,2024-02-08,601.3,1.53
HINDALCO,2024-02-09,591.3,-1.66
HINDALCO,2024-02-12,582.45,-1.5
HINDALCO,2024-02-13,510.1,-12.42
HINDALCO,2024-02-14,507.8,-0.45
HINDALCO,2024-02-15,513.2,1.06
HINDALCO,2024-02-16,515.7,0.49
HINDALCO,2024-02-19,512.3,-0.66
HINDALCO,2024-02-20,511.6,-0.14
HINDALCO,2024-02-21,511.8,0.04
HINDALCO,2024-02-22,521.15,1.83
HINDALCO,2024-02-23,518.35,-0.54
HINDALCO,2024-02-26,505.05,-2.57
HINDALCO,2024-02-27,509.65,0.91
HINDALCO,2024-02-28,504.4,-1.03
HINDALCO,2024-02-29,503.85,-0.11
HINDALCO,2024-03-01,519.1,3.03
HINDALCO,2024-03-02,522.85,0.72
HINDALCO,2024-03-04,524.95,0.4
HINDALCO,2024-03-05,522.1,-0.54
HINDALCO,2024-03-06,526.95,0.93
HINDALCO,2024-03-07,536.7,1.85
HINDALCO,2024-03-11,533.7,-0.56
HINDALCO,2024-03-12,528.95,-0.89
HINDALCO,2024-03-13,507.0,-4.15
HINDALCO,2024-03-14,525.25,3.6
HINDALCO,2024-03-15,532.55,1.39
HINDALCO,2024-03-18,531.15,-0.26
HINDALCO,2024-03-19,533.65,0.47
HINDALCO,2024-03-20,527.85,-1.09
HINDALCO,2024-03-21,539.7,2.24
HINDALCO,2024-03-22,547.75,1.49
HINDALCO,2024-03-26,558.65,1.99
HINDALCO,2024-03-27,557.65,-0.18
HINDALCO,2024-03-28,560.25,0.47
HINDALCO,2024-04-01,568.6,1.49
HINDALCO,2024-04-02,571.2,0.46
HINDALCO,2024-04-03,576.6,0.95
HINDALCO,2024-04-04,577.75,0.2
HINDALCO,2024-04-05,570.05,-1.33
HINDALCO,2024-04-08,576.8,1.18
HINDALCO,2024-04-09,588.6,2.05
HINDALCO,2024-04-10,603.05,2.45
HINDALCO,2024-04-12,598.65,-0.73
HINDALCO,2024-04-15,612.7,2.35
HINDALCO,2024-04-16,608.85,-0.63
HINDALCO,2024-04-18,612.8,0.65
HINDALCO,2024-04-19,614.75,0.32
HINDALCO,2024-04-22,618.55,0.62
HINDALCO,2024-04-23,611.8,-1.09
HINDALCO,2024-04-24,636.1,3.97
HINDALCO,2024-04-25,646.8,1.68
HINDALCO,2024-04-26,649.3,0.39
HINDALCO,2024-04-29,650.05,0.12
HINDALCO,2024-04-30,644.4,-0.87
HINDALCO,2024-05-02,641.45,-0.46
HINDALCO,2024-05-03,647.1,0.88
HINDALCO,2024-05-06,638.8,-1.28
HINDALCO,2024-05-07,620.2,-2.91
HINDALCO,2024-05-08,633.5,2.14
HINDALCO,2024-05-09,619.4,-2.23
HINDALCO,2024-05-10,625.6,1.0
HINDALCO,2024-05-13,633.5,1.26
HINDALCO,2024-05-14,646.65,2.08
HINDALCO,2024-05-15,653.7,1.09
HINDALCO,2024-05-16,653.35,-0.05
HINDALCO,2024-05-17,655.45,0.32
HINDALCO,2024-05-18,660.35,0.75
HINDALCO,2024-05-21,693.6,5.04
HINDALCO,2024-05-22,684.55,-1.3
HINDALCO,2024-05-23,676.8,-1.13
HINDALCO,2024-05-24,673.25,-0.52
HINDALCO,2024-05-27,677.85,0.68
HINDALCO,2024-05-28,681.3,0.51
HINDALCO,2024-05-29,705.3,3.52
HINDALCO,2024-05-30,695.15,-1.44
HINDALCO,2024-05-31,689.35,-0.83
HINDALCO,2024-06-03,695.95,0.96
HINDALCO,2024-06-04,649.05,-6.74
HINDALCO,2024-06-05,695.25,7.12
HINDALCO,2024-06-06,677.5,-2.55
HINDALCO,2024-06-07,680.35,0.42
HINDALCO,2024-06-10,676.4,-0.58
HINDALCO,2024-06-11,672.95,-0.51
HINDALCO,2024-06-12,673.9,0.14
HINDALCO,2024-06-13,680.7,1.01
HINDALCO,2024-06-14,683.6,0.43
HINDALCO,2024-06-18,678.75,-0.71
HINDALCO,2024-06-19,662.4,-2.41
HINDALCO,2024-06-20,676.5,2.13
HINDALCO,2024-06-21,684.5,1.18
HINDALCO,2024-06-24,685.25,0.11
HINDALCO,2024-06-25,685.5,0.04
HINDALCO,2024-06-26,674.7,-1.58
HINDALCO,2024-06-27,685.25,1.56
HINDALCO,2024-06-28,693.55,1.21
HINDALCO,2024-07-01,689.85,-0.53
HINDALCO,2024-07-02,694.75,0.71
HINDALCO,2024-07-03,691.65,-0.45
HINDALCO,2024-07-04,691.85,0.03
HINDALCO,2024-07-05,699.15,1.06
HINDALCO,2024-07-08,697.2,-0.28
HINDALCO,2024-07-09,707.0,1.41
HINDALCO,2024-07-10,693.3,-1.94
HINDALCO,2024-07-11,696.3,0.43
HINDALCO,2024-07-12,692.05,-0.61
HINDALCO,2024-07-15,700.1,1.16
HINDALCO,2024-07-16,690.8,-1.33
HINDALCO,2024-07-18,689.95,-0.12
HINDALCO,2024-07-19,663.0,-3.91
HINDALCO,2024-07-22,672.3,1.4
HINDALCO,2024-07-23,653.5,-2.8
HINDALCO,2024-07-24,651.6,-0.29
HINDALCO,2024-07-25,646.55,-0.78
HINDALCO,2024-07-26,667.6,3.26
HINDALCO,2024-07-29,666.85,-0.11
HINDALCO,2024-07-30,660.5,-0.95
HINDALCO,2024-07-31,669.6,1.38
HINDALCO,2024-08-01,673.5,0.58
HINDALCO,2024-08-02,648.05,-3.78
HINDALCO,2024-08-05,614.3,-5.21
HINDALCO,2024-08-06,610.3,-0.65
HINDALCO,2024-08-07,623.7,2.2
HINDALCO,2024-08-08,614.05,-1.55
HINDALCO,2024-08-09,622.9,1.44
HINDALCO,2024-08-12,629.35,1.04
HINDALCO,2024-08-13,621.4,-1.26
HINDALCO,2024-08-14,621.45,0.01
HINDALCO,2024-08-16,634.15,2.04
HINDALCO,2024-08-19,658.85,3.89
HINDALCO,2024-08-20,672.9,2.13
HINDALCO,2024-08-21,685.6,1.89
HINDALCO,2024-08-22,685.55,-0.01
HINDALCO,2024-08-23,685.1,-0.07
HINDALCO,2024-08-26,711.85,3.9
HINDALCO,2024-08-27,703.5,-1.17
HINDALCO,2024-08-28,705.05,0.22
HINDALCO,2024-08-29,700.5,-0.65
HINDALCO,2024-08-30,701.35,0.12
HINDALCO,2024-09-02,683.9,-2.49
HINDALCO,2024-09-03,678.9,-0.73
HINDALCO,2024-09-04,666.8,-1.78
HINDALCO,2024-09-05,669.95,0.47
HINDALCO,2024-09-06,667.1,-0.43
HINDALCO,2024-09-09,658.55,-1.28
HINDALCO,2024-09-10,659.5,0.14
HINDALCO,2024-09-11,647.7,-1.79
HINDALCO,2024-09-12,676.2,4.4
HINDALCO,2024-09-13,673.25,-0.44
HINDALCO,2024-09-16,685.15,1.77
HINDALCO,2024-09-17,683.0,-0.31
HINDALCO,2024-09-18,685.25,0.33
HINDALCO,2024-09-19,684.2,-0.15
HINDALCO,2024-09-20,694.4,1.49
HINDALCO,2024-09-23,690.55,-0.55
HINDALCO,2024-09-24,717.85,3.95
HINDALCO,2024-09-25,718.45,0.08
HINDALCO,2024-09-26,734.65,2.25
HINDALCO,2024-09-27,747.15,1.7
HINDALCO,2024-09-30,756.2,1.21
HINDALCO,2024-10-01,761.55,0.71
HINDALCO,2024-10-03,747.1,-1.9
HINDALCO,2024-10-04,747.9,0.11
HINDALCO,2024-10-07,731.3,-2.22
HINDALCO,2024-10-08,721.8,-1.3
HINDALCO,2024-10-09,727.55,0.8
HINDALCO,2024-10-10,730.15,0.36
HINDALCO,2024-10-11,747.35,2.36
HINDALCO,2024-10-14,743.0,-0.58
HINDALCO,2024-10-15,726.95,-2.16
HINDALCO,2024-10-16,733.1,0.85
HINDALCO,2024-10-17,734.8,0.23
HINDALCO,2024-10-18,753.5,2.54
HINDALCO,2024-10-21,739.6,-1.84
HINDALCO,2024-10-22,720.25,-2.62
HINDALCO,2024-10-23,717.1,-0.44
HINDALCO,2024-10-24,690.7,-3.68
HINDALCO,2024-10-25,678.75,-1.73
HINDALCO,2024-10-28,692.9,2.08
HINDALCO,2024-10-29,693.6,0.1
HINDALCO,2024-10-30,688.4,-0.75
HINDALCO,2024-10-31,686.05,-0.34
HINDALCO,2024-11-01,690.9,0.71
HINDALCO,2024-11-04,674.3,-2.4
HINDALCO,2024-11-05,697.55,3.45
HINDALCO,2024-11-06,708.2,1.53
HINDALCO,2024-11-07,648.1,-8.49
HINDALCO,2024-11-08,650.45,0.36
HINDALCO,2024-11-11,655.35,0.75
HINDALCO,2024-11-12,651.65,-0.56
HINDALCO,2024-11-13,626.6,-3.84
HINDALCO,2024-11-14,627.35,0.12
HINDALCO,2024-11-18,651.05,3.78
HINDALCO,2024-11-19,640.0,-1.7
HINDALCO,2024-11-21,648.05,1.26
HINDALCO,2024-11-22,652.1,0.62
HINDUNILVR,2023-10-03,2468.9,
HINDUNILVR,2023-10-04,2507.85,1.58
HINDUNILVR,2023-10-05,2519.55,0.47
HINDUNILVR,2023-10-06,2499.4,-0.8
HINDUNILVR,2023-10-09,2511.3,0.48
HINDUNILVR,2023-10-10,2516.2,0.2
HINDUNILVR,2023-10-11,2556.4,1.6
HINDUNILVR,2023-10-12,2557.0,0.02
HINDUNILVR,2023-10-13,2569.45,0.49
HINDUNILVR,2023-10-16,2558.3,-0.43
HINDUNILVR,2023-10-17,2556.15,-0.08
HINDUNILVR,2023-10-18,2548.25,-0.31
HINDUNILVR,2023-10-19,2548.1,-0.01
HINDUNILVR,2023-10-20,2495.15,-2.08
HINDUNILVR,2023-10-23,2483.5,-0.47
HINDUNILVR,2023-10-25,2477.3,-0.25
HINDUNILVR,2023-10-26,2476.4,-0.04
HINDUNILVR,2023-10-27,2482.05,0.23
HINDUNILVR,2023-10-30,2478.9,-0.13
HINDUNILVR,2023-10-31,2484.0,0.21
HINDUNILVR,2023-11-01,2472.25,-0.47
HINDUNILVR,2023-11-02,2486.8,0.59
HINDUNILVR,2023-11-03,2509.25,0.9
HINDUNILVR,2023-11-06,2497.4,-0.47
HINDUNILVR,2023-11-07,2496.45,-0.04
HINDUNILVR,2023-11-08,2519.35,0.92
HINDUNILVR,2023-11-09,2476.7,-1.69
HINDUNILVR,2023-11-10,2486.55,0.4
HINDUNILVR,2023-11-12,2491.55,0.2
HINDUNILVR,2023-11-13,2478.15,-0.54
HINDUNILVR,2023-11-15,2486.4,0.33
HINDUNILVR,2023-11-16,2491.2,0.19
HINDUNILVR,2023-11-17,2528.8,1.51
HINDUNILVR,2023-11-20,2506.45,-0.88
HINDUNILVR,2023-11-21,2505.25,-0.05
HINDUNILVR,2023-11-22,2521.9,0.66
HINDUNILVR,2023-11-23,2519.9,-0.08
HINDUNILVR,2023-11-24,2515.2,-0.19
HINDUNILVR,2023-11-28,2510.55,-0.18
HINDUNILVR,2023-11-29,2525.05,0.58
HINDUNILVR,2023-11-30,2545.55,0.81
HINDUNILVR,2023-12-01,2563.65,0.71
HINDUNILVR,2023-12-04,2602.3,1.51
HINDUNILVR,2023-12-05,2563.25,-1.5
HINDUNILVR,2023-12-06,2567.65,0.17
HINDUNILVR,2023-12-07,2518.25,-1.92
HINDUNILVR,2023-12-08,2522.3,0.16
HINDUNILVR,2023-12-11,2503.65,-0.74
HINDUNILVR,2023-12-12,2502.75,-0.04
HINDUNILVR,2023-12-13,2511.9,0.37
HINDUNILVR,2023-12-14,2516.35,0.18
HINDUNILVR,2023-12-15,2522.9,0.26
HINDUNILVR,2023-12-18,2535.5,0.5
HINDUNILVR,2023-12-19,2560.7,0.99
HINDUNILVR,2023-12-20,2557.5,-0.12
HINDUNILVR,2023-12-21,2553.2,-0.17
HINDUNILVR,2023-12-22,2575.6,0.88
HINDUNILVR,2023-12-26,2584.75,0.36
HINDUNILVR,2023-12-27,2608.3,0.91
HINDUNILVR,2023-12-28,2633.8,0.98
HINDUNILVR,2023-12-29,2663.95,1.14
HINDUNILVR,2024-01-01,2654.75,-0.35
HINDUNILVR,2024-01-02,2613.8,-1.54
HINDUNILVR,2024-01-03,2606.55,-0.28
HINDUNILVR,2024-01-04,2592.55,-0.54
HINDUNILVR,2024-01-05,2620.05,1.06
HINDUNILVR,2024-01-08,2578.25,-1.6
HINDUNILVR,2024-01-09,2579.75,0.06
HINDUNILVR,2024-01-10,2577.4,-0.09
HINDUNILVR,2024-01-11,2536.2,-1.6
HINDUNILVR,2024-01-12,2544.0,0.31
HINDUNILVR,2024-01-15,2573.2,1.15
HINDUNILVR,2024-01-16,2569.1,-0.16
HINDUNILVR,2024-01-17,2562.9,-0.24
HINDUNILVR,2024-01-18,2548.0,-0.58
HINDUNILVR,2024-01-19,2565.4,0.68
HINDUNILVR,2024-01-20,2468.9,-3.76
HINDUNILVR,2024-01-23,2375.55,-3.78
HINDUNILVR,2024-01-24,2441.65,2.78
HINDUNILVR,2024-01-25,2428.3,-0.55
HINDUNILVR,2024-01-29,2444.4,0.66
HINDUNILVR,2024-01-30,2458.65,0.58
HINDUNILVR,2024-01-31,2481.55,0.93
HINDUNILVR,2024-02-01,2473.6,-0.32
HINDUNILVR,2024-02-02,2452.6,-0.85
HINDUNILVR,2024-02-05,2419.5,-1.35
HINDUNILVR,2024-02-06,2426.35,0.28
HINDUNILVR,2024-02-07,2425.45,-0.04
HINDUNILVR,2024-02-08,2417.05,-0.35
HINDUNILVR,2024-02-09,2424.15,0.29
HINDUNILVR,2024-02-12,2385.65,-1.59
HINDUNILVR,2024-02-13,2394.0,0.35
HINDUNILVR,2024-02-14,2387.95,-0.25
HINDUNILVR,2024-02-15,2350.85,-1.55
HINDUNILVR,2024-02-16,2375.25,1.04
HINDUNILVR,2024-02-19,2387.15,0.5
HINDUNILVR,2024-02-20,2404.1,0.71
HINDUNILVR,2024-02-21,2407.1,0.12
HINDUNILVR,2024-02-22,2388.1,-0.79
HINDUNILVR,2024-02-23,2394.1,0.25
HINDUNILVR,2024-02-26,2404.25,0.42
HINDUNILVR,2024-02-27,2405.3,0.04
HINDUNILVR,2024-02-28,2421.55,0.68
HINDUNILVR,2024-02-29,2412.3,-0.38
HINDUNILVR,2024-03-01,2409.7,-0.11
HINDUNILVR,2024-03-02,2416.2,0.27
HINDUNILVR,2024-03-04,2422.0,0.24
HINDUNILVR,2024-03-05,2399.85,-0.91
HINDUNILVR,2024-03-06,2400.8,0.04
HINDUNILVR,2024-03-07,2419.55,0.78
HINDUNILVR,2024-03-11,2389.85,-1.23
HINDUNILVR,2024-03-12,2378.15,-0.49
HINDUNILVR,2024-03-13,2312.6,-2.76
HINDUNILVR,2024-03-14,2334.6,0.95
HINDUNILVR,2024-03-15,2327.7,-0.3
HINDUNILVR,2024-03-18,2299.95,-1.19
HINDUNILVR,2024-03-19,2266.95,-1.43
HINDUNILVR,2024-03-20,2241.95,-1.1
HINDUNILVR,2024-03-21,2242.35,0.02
HINDUNILVR,2024-03-22,2256.55,0.63
HINDUNILVR,2024-03-26,2240.0,-0.73
HINDUNILVR,2024-03-27,2239.7,-0.01
HINDUNILVR,2024-03-28,2264.35,1.1
HINDUNILVR,2024-04-01,2285.9,0.95
HINDUNILVR,2024-04-02,2286.7,0.03
HINDUNILVR,2024-04-03,2265.2,-0.94
HINDUNILVR,2024-04-04,2264.95,-0.01
HINDUNILVR,2024-04-05,2266.95,0.09
HINDUNILVR,2024-04-08,2268.95,0.09
HINDUNILVR,2024-04-09,2264.15,-0.21
HINDUNILVR,2024-04-10,2260.9,-0.14
HINDUNILVR,2024-04-12,2232.3,-1.26
HINDUNILVR,2024-04-15,2194.05,-1.71
HINDUNILVR,2024-04-16,2220.8,1.22
HINDUNILVR,2024-04-18,2214.8,-0.27
HINDUNILVR,2024-04-19,2231.6,0.76
HINDUNILVR,2024-04-22,2241.5,0.44
HINDUNILVR,2024-04-23,2262.75,0.95
HINDUNILVR,2024-04-24,2260.25,-0.11
HINDUNILVR,2024-04-25,2230.85,-1.3
HINDUNILVR,2024-04-26,2222.65,-0.37
HINDUNILVR,2024-04-29,2226.1,0.16
HINDUNILVR,2024-04-30,2230.45,0.2
HINDUNILVR,2024-05-02,2226.3,-0.19
HINDUNILVR,2024-05-03,2217.05,-0.42
HINDUNILVR,2024-05-06,2256.2,1.77
HINDUNILVR,2024-05-07,2379.4,5.46
HINDUNILVR,2024-05-08,2341.05,-1.61
HINDUNILVR,2024-05-09,2325.65,-0.66
HINDUNILVR,2024-05-10,2362.55,1.59
HINDUNILVR,2024-05-13,2360.65,-0.08
HINDUNILVR,2024-05-14,2349.6,-0.47
HINDUNILVR,2024-05-15,2323.3,-1.12
HINDUNILVR,2024-05-16,2343.15,0.85
HINDUNILVR,2024-05-17,2320.35,-0.97
HINDUNILVR,2024-05-18,2327.15,0.29
HINDUNILVR,2024-05-21,2310.7,-0.71
HINDUNILVR,2024-05-22,2366.9,2.43
HINDUNILVR,2024-05-23,2382.5,0.66
HINDUNILVR,2024-05-24,2369.05,-0.56
HINDUNILVR,2024-05-27,2384.5,0.65
HINDUNILVR,2024-05-28,2395.95,0.48
HINDUNILVR,2024-05-29,2373.4,-0.94
HINDUNILVR,2024-05-30,2351.4,-0.93
HINDUNILVR,2024-05-31,2329.05,-0.95
HINDUNILVR,2024-06-03,2355.9,1.15
HINDUNILVR,2024-06-04,2496.3,5.96
HINDUNILVR,2024-06-05,2602.75,4.26
HINDUNILVR,2024-06-06,2549.6,-2.04
HINDUNILVR,2024-06-07,2577.8,1.11
HINDUNILVR,2024-06-10,2565.35,-0.48
HINDUNILVR,2024-06-11,2556.35,-0.35
HINDUNILVR,2024-06-12,2528.7,-1.08
HINDUNILVR,2024-06-13,2487.4,-1.63
HINDUNILVR,2024-06-14,2479.75,-0.31
HINDUNILVR,2024-06-18,2486.25,0.26
HINDUNILVR,2024-06-19,2457.0,-1.18
HINDUNILVR,2024-06-20,2482.2,1.03
HINDUNILVR,2024-06-21,2441.3,-1.65
HINDUNILVR,2024-06-24,2442.2,0.04
HINDUNILVR,2024-06-25,2432.2,-0.41
HINDUNILVR,2024-06-26,2445.6,0.55
HINDUNILVR,2024-06-27,2462.15,0.68
HINDUNILVR,2024-06-28,2473.05,0.44
HINDUNILVR,2024-07-01,2505.1,1.3
HINDUNILVR,2024-07-02,2485.15,-0.8
HINDUNILVR,2024-07-03,2510.35,1.01
HINDUNILVR,2024-07-04,2495.95,-0.57
HINDUNILVR,2024-07-05,2547.0,2.05
HINDUNILVR,2024-07-08,2587.15,1.58
HINDUNILVR,2024-07-09,2590.15,0.12
HINDUNILVR,2024-07-10,2610.45,0.78
HINDUNILVR,2024-07-11,2608.85,-0.06
HINDUNILVR,2024-07-12,2622.25,0.51
HINDUNILVR,2024-07-15,2620.3,-0.07
HINDUNILVR,2024-07-16,2688.45,2.6
HINDUNILVR,2024-07-18,2738.4,1.86
HINDUNILVR,2024-07-19,2727.0,-0.42
HINDUNILVR,2024-07-22,2735.3,0.3
HINDUNILVR,2024-07-23,2766.35,1.14
HINDUNILVR,2024-07-24,2717.05,-1.78
HINDUNILVR,2024-07-25,2707.2,-0.36
HINDUNILVR,2024-07-26,2711.05,0.14
HINDUNILVR,2024-07-29,2711.6,0.02
HINDUNILVR,2024-07-30,2691.4,-0.74
HINDUNILVR,2024-07-31,2705.65,0.53
HINDUNILVR,2024-08-01,2715.55,0.37
HINDUNILVR,2024-08-02,2692.55,-0.85
HINDUNILVR,2024-08-05,2715.9,0.87
HINDUNILVR,2024-08-06,2750.05,1.26
HINDUNILVR,2024-08-07,2744.05,-0.22
HINDUNILVR,2024-08-08,2733.2,-0.4
HINDUNILVR,2024-08-09,2747.2,0.51
HINDUNILVR,2024-08-12,2748.7,0.05
HINDUNILVR,2024-08-13,2741.4,-0.27
HINDUNILVR,2024-08-14,2722.05,-0.71
HINDUNILVR,2024-08-16,2748.25,0.96
HINDUNILVR,2024-08-19,2742.55,-0.21
HINDUNILVR,2024-08-20,2751.05,0.31
HINDUNILVR,2024-08-21,2791.2,1.46
HINDUNILVR,2024-08-22,2792.8,0.06
HINDUNILVR,2024-08-23,2815.6,0.82
HINDUNILVR,2024-08-26,2821.15,0.2
HINDUNILVR,2024-08-27,2766.9,-1.92
HINDUNILVR,2024-08-28,2764.35,-0.09
HINDUNILVR,2024-08-29,2785.25,0.76
HINDUNILVR,2024-08-30,2778.0,-0.26
HINDUNILVR,2024-09-02,2789.05,0.4
HINDUNILVR,2024-09-03,2794.3,0.19
HINDUNILVR,2024-09-04,2841.25,1.68
HINDUNILVR,2024-09-05,2838.45,-0.1
HINDUNILVR,2024-09-06,2838.95,0.02
HINDUNILVR,2024-09-09,2921.8,2.92
HINDUNILVR,2024-09-10,2898.6,-0.79
HINDUNILVR,2024-09-11,2904.15,0.19
HINDUNILVR,2024-09-12,2956.4,1.8
HINDUNILVR,2024-09-13,2932.95,-0.79
HINDUNILVR,2024-09-16,2867.1,-2.25
HINDUNILVR,2024-09-17,2873.5,0.22
HINDUNILVR,2024-09-18,2875.85,0.08
HINDUNILVR,2024-09-19,2911.75,1.25
HINDUNILVR,2024-09-20,2977.6,2.26
HINDUNILVR,2024-09-23,3028.55,1.71
HINDUNILVR,2024-09-24,2950.55,-2.58
HINDUNILVR,2024-09-25,2948.95,-0.05
HINDUNILVR,2024-09-26,2986.1,1.26
HINDUNILVR,2024-09-27,2966.25,-0.66
HINDUNILVR,2024-09-30,2958.3,-0.27
HINDUNILVR,2024-10-01,2923.75,-1.17
HINDUNILVR,2024-10-03,2893.35,-1.04
HINDUNILVR,2024-10-04,2848.75,-1.54
HINDUNILVR,2024-10-07,2833.4,-0.54
HINDUNILVR,2024-10-08,2818.8,-0.52
HINDUNILVR,2024-10-09,2768.95,-1.77
HINDUNILVR,2024-10-10,2754.7,-0.51
HINDUNILVR,2024-10-11,2783.2,1.03
HINDUNILVR,2024-10-14,2789.1,0.21
HINDUNILVR,2024-10-15,2781.45,-0.27
HINDUNILVR,2024-10-16,2781.25,-0.01
HINDUNILVR,2024-10-17,2738.65,-1.53
HINDUNILVR,2024-10-18,2717.1,-0.79
HINDUNILVR,2024-10-21,2693.55,-0.87
HINDUNILVR,2024-10-22,2681.7,-0.44
HINDUNILVR,2024-10-23,2659.3,-0.84
HINDUNILVR,2024-10-24,2505.1,-5.8
HINDUNILVR,2024-10-25,2528.05,0.92
HINDUNILVR,2024-10-28,2575.8,1.89
HINDUNILVR,2024-10-29,2547.65,-1.09
HINDUNILVR,2024-10-30,2554.95,0.29
HINDUNILVR,2024-10-31,2528.25,-1.05
HINDUNILVR,2024-11-01,2537.5,0.37
HINDUNILVR,2024-11-04,2524.8,-0.5
HINDUNILVR,2024-11-05,2521.35,-0.14
HINDUNILVR,2024-11-06,2500.7,-0.82
HINDUNILVR,2024-11-07,2475.5,-1.01
HINDUNILVR,2024-11-08,2507.7,1.3
HINDUNILVR,2024-11-11,2491.05,-0.66
HINDUNILVR,2024-11-12,2461.5,-1.19
HINDUNILVR,2024-11-13,2464.95,0.14
HINDUNILVR,2024-11-14,2389.2,-3.07
HINDUNILVR,2024-11-18,2422.9,1.41
HINDUNILVR,2024-11-19,2410.35,-0.52
HINDUNILVR,2024-11-21,2382.8,-1.14
HINDUNILVR,2024-11-22,2445.25,2.62
ICICIBANK,2023-10-03,940.3,
ICICIBANK,2023-10-04,930.05,-1.09
ICICIBANK,2023-10-05,940.85,1.16
ICICIBANK,2023-10-06,945.2,0.46
ICICIBANK,2023-10-09,938.6,-0.7
ICICIBANK,2023-10-10,951.2,1.34
ICICIBANK,2023-10-11,953.1,0.2
ICICIBANK,2023-10-12,954.25,0.12
ICICIBANK,2023-10-13,951.3,-0.31
ICICIBANK,2023-10-16,951.4,0.01
ICICIBANK,2023-10-17,953.9,0.26
ICICIBANK,2023-10-18,943.75,-1.06
ICICIBANK,2023-10-19,935.75,-0.85
ICICIBANK,2023-10-20,932.75,-0.32
ICICIBANK,2023-10-23,929.95,-0.3
ICICIBANK,2023-10-25,916.1,-1.49
ICICIBANK,2023-10-26,908.65,-0.81
ICICIBANK,2023-10-27,912.75,0.45
ICICIBANK,2023-10-30,924.9,1.33
ICICIBANK,2023-10-31,915.35,-1.03
ICICIBANK,2023-11-01,914.05,-0.14
ICICIBANK,2023-11-02,919.95,0.65
ICICIBANK,2023-11-03,933.8,1.51
ICICIBANK,2023-11-06,945.45,1.25
ICICIBANK,2023-11-07,948.1,0.28
ICICIBANK,2023-11-08,935.75,-1.3
ICICIBANK,2023-11-09,937.35,0.17
ICICIBANK,2023-11-10,938.6,0.13
ICICIBANK,2023-11-12,942.35,0.4
ICICIBANK,2023-11-13,934.45,-0.84
ICICIBANK,2023-11-15,941.1,0.71
ICICIBANK,2023-11-16,936.0,-0.54
ICICIBANK,2023-11-17,921.85,-1.51
ICICIBANK,2023-11-20,921.45,-0.04
ICICIBANK,2023-11-21,926.1,0.5
ICICIBANK,2023-11-22,922.75,-0.36
ICICIBANK,2023-11-23,923.0,0.03
ICICIBANK,2023-11-24,929.4,0.69
ICICIBANK,2023-11-28,925.5,-0.42
ICICIBANK,2023-11-29,939.6,1.52
ICICIBANK,2023-11-30,934.95,-0.49
ICICIBANK,2023-12-01,946.7,1.26
ICICIBANK,2023-12-04,991.2,4.7
ICICIBANK,2023-12-05,1013.45,2.24
ICICIBANK,2023-12-06,1003.25,-1.01
ICICIBANK,2023-12-07,999.0,-0.42
ICICIBANK,2023-12-08,1010.85,1.19
ICICIBANK,2023-12-11,1017.1,0.62
ICICIBANK,2023-12-12,1015.7,-0.14
ICICIBANK,2023-12-13,1013.9,-0.18
ICICIBANK,2023-12-14,1033.65,1.95
ICICIBANK,2023-12-15,1037.4,0.36
ICICIBANK,2023-12-18,1021.45,-1.54
ICICIBANK,2023-12-19,1015.45,-0.59
ICICIBANK,2023-12-20,1006.65,-0.87
ICICIBANK,2023-12-21,1004.4,-0.22
ICICIBANK,2023-12-22,994.3,-1.01
ICICIBANK,2023-12-26,995.1,0.08
ICICIBANK,2023-12-27,1002.25,0.72
ICICIBANK,2023-12-28,1005.9,0.36
ICICIBANK,2023-12-29,996.6,-0.92
ICICIBANK,2024-01-01,999.4,0.28
ICICIBANK,2024-01-02,982.25,-1.72
ICICIBANK,2024-01-03,984.05,0.18
ICICIBANK,2024-01-04,987.15,0.32
ICICIBANK,2024-01-05,993.7,0.66
ICICIBANK,2024-01-08,982.0,-1.18
ICICIBANK,2024-01-09,979.75,-0.23
ICICIBANK,2024-01-10,993.05,1.36
ICICIBANK,2024-01-11,991.15,-0.19
ICICIBANK,2024-01-12,1003.5,1.25
ICICIBANK,2024-01-15,1009.85,0.63
ICICIBANK,2024-01-16,1009.05,-0.08
ICICIBANK,2024-01-17,981.75,-2.71
ICICIBANK,2024-01-18,986.35,0.47
ICICIBANK,2024-01-19,999.2,1.3
ICICIBANK,2024-01-20,1008.7,0.95
ICICIBANK,2024-01-23,1029.05,2.02
ICICIBANK,2024-01-24,999.2,-2.9
ICICIBANK,2024-01-25,1009.95,1.08
ICICIBANK,2024-01-29,1016.4,0.64
ICICIBANK,2024-01-30,1016.9,0.05
ICICIBANK,2024-01-31,1028.15,1.11
ICICIBANK,2024-02-01,1025.15,-0.29
ICICIBANK,2024-02-02,1024.0,-0.11
ICICIBANK,2024-02-05,1023.5,-0.05
ICICIBANK,2024-02-06,1026.4,0.28
ICICIBANK,2024-02-07,1022.15,-0.41
ICICIBANK,2024-02-08,989.3,-3.21
ICICIBANK,2024-02-09,1010.7,2.16
ICICIBANK,2024-02-12,996.1,-1.44
ICICIBANK,2024-02-13,1019.8,2.38
ICICIBANK,2024-02-14,1022.7,0.28
ICICIBANK,2024-02-15,1016.65,-0.59
ICICIBANK,2024-02-16,1023.25,0.65
ICICIBANK,2024-02-19,1043.75,2.0
ICICIBANK,2024-02-20,1048.75,0.48
ICICIBANK,2024-02-21,1051.95,0.31
ICICIBANK,2024-02-22,1062.7,1.02
ICICIBANK,2024-02-23,1061.3,-0.13
ICICIBANK,2024-02-26,1054.2,-0.67
ICICIBANK,2024-02-27,1060.2,0.57
ICICIBANK,2024-02-28,1046.2,-1.32
ICICIBANK,2024-02-29,1052.2,0.57
ICICIBANK,2024-03-01,1086.9,3.3
ICICIBANK,2024-03-02,1084.65,-0.21
ICICIBANK,2024-03-04,1092.35,0.71
ICICIBANK,2024-03-05,1088.05,-0.39
ICICIBANK,2024-03-06,1097.1,0.83
ICICIBANK,2024-03-07,1087.95,-0.83
ICICIBANK,2024-03-11,1078.7,-0.85
ICICIBANK,2024-03-12,1076.85,-0.17
ICICIBANK,2024-03-13,1083.95,0.66
ICICIBANK,2024-03-14,1083.6,-0.03
ICICIBANK,2024-03-15,1080.35,-0.3
ICICIBANK,2024-03-18,1081.2,0.08
ICICIBANK,2024-03-19,1083.95,0.25
ICICIBANK,2024-03-20,1084.5,0.05
ICICIBANK,2024-03-21,1081.8,-0.25
ICICIBANK,2024-03-22,1090.3,0.79
ICICIBANK,2024-03-26,1083.7,-0.61
ICICIBANK,2024-03-27,1083.75,0.0
ICICIBANK,2024-03-28,1093.3,0.88
ICICIBANK,2024-04-01,1099.65,0.58
ICICIBANK,2024-04-02,1081.2,-1.68
ICICIBANK,2024-04-03,1077.2,-0.37
ICICIBANK,2024-04-04,1078.85,0.15
ICICIBANK,2024-04-05,1083.4,0.42
ICICIBANK,2024-04-08,1087.15,0.35
ICICIBANK,2024-04-09,1107.05,1.83
ICICIBANK,2024-04-10,1109.4,0.21
ICICIBANK,2024-04-12,1104.4,-0.45
ICICIBANK,2024-04-15,1078.35,-2.36
ICICIBANK,2024-04-16,1067.05,-1.05
ICICIBANK,2024-04-18,1055.45,-1.09
ICICIBANK,2024-04-19,1067.25,1.12
ICICIBANK,2024-04-22,1086.65,1.82
ICICIBANK,2024-04-23,1090.25,0.33
ICICIBANK,2024-04-24,1096.75,0.6
ICICIBANK,2024-04-25,1113.75,1.55
ICICIBANK,2024-04-26,1107.9,-0.53
ICICIBANK,2024-04-29,1160.15,4.72
ICICIBANK,2024-04-30,1150.4,-0.84
ICICIBANK,2024-05-02,1139.45,-0.95
ICICIBANK,2024-05-03,1142.05,0.23
ICICIBANK,2024-05-06,1146.3,0.37
ICICIBANK,2024-05-07,1131.9,-1.26
ICICIBANK,2024-05-08,1123.0,-0.79
ICICIBANK,2024-05-09,1115.7,-0.65
ICICIBANK,2024-05-10,1117.05,0.12
ICICIBANK,2024-05-13,1128.0,0.98
ICICIBANK,2024-05-14,1120.55,-0.66
ICICIBANK,2024-05-15,1124.35,0.34
ICICIBANK,2024-05-16,1131.05,0.6
ICICIBANK,2024-05-17,1130.5,-0.05
ICICIBANK,2024-05-18,1130.75,0.02
ICICIBANK,2024-05-21,1120.95,-0.87
ICICIBANK,2024-05-22,1111.1,-0.88
ICICIBANK,2024-05-23,1134.5,2.11
ICICIBANK,2024-05-24,1131.95,-0.22
ICICIBANK,2024-05-27,1129.8,-0.19
ICICIBANK,2024-05-28,1126.95,-0.25
ICICIBANK,2024-05-29,1102.0,-2.21
ICICIBANK,2024-05-30,1113.7,1.06
ICICIBANK,2024-05-31,1121.05,0.66
ICICIBANK,2024-06-03,1160.0,3.47
ICICIBANK,2024-06-04,1071.45,-7.63
ICICIBANK,2024-06-05,1108.65,3.47
ICICIBANK,2024-06-06,1110.4,0.16
ICICIBANK,2024-06-07,1121.7,1.02
ICICIBANK,2024-06-10,1123.8,0.19
ICICIBANK,2024-06-11,1118.2,-0.5
ICICIBANK,2024-06-12,1119.55,0.12
ICICIBANK,2024-06-13,1107.35,-1.09
ICICIBANK,2024-06-14,1105.65,-0.15
ICICIBANK,2024-06-18,1122.85,1.56
ICICIBANK,2024-06-19,1144.45,1.92
ICICIBANK,2024-06-20,1156.8,1.08
ICICIBANK,2024-06-21,1158.65,0.16
ICICIBANK,2024-06-24,1170.1,0.99
ICICIBANK,2024-06-25,1197.95,2.38
ICICIBANK,2024-06-26,1218.0,1.67
ICICIBANK,2024-06-27,1219.9,0.16
ICICIBANK,2024-06-28,1199.6,-1.66
ICICIBANK,2024-07-01,1211.85,1.02
ICICIBANK,2024-07-02,1190.6,-1.75
ICICIBANK,2024-07-03,1201.6,0.92
ICICIBANK,2024-07-04,1233.0,2.61
ICICIBANK,2024-07-05,1233.4,0.03
ICICIBANK,2024-07-08,1235.05,0.13
ICICIBANK,2024-07-09,1248.25,1.07
ICICIBANK,2024-07-10,1243.2,-0.4
ICICIBANK,2024-07-11,1238.45,-0.38
ICICIBANK,2024-07-12,1232.9,-0.45
ICICIBANK,2024-07-15,1229.95,-0.24
ICICIBANK,2024-07-16,1239.9,0.81
ICICIBANK,2024-07-18,1250.3,0.84
ICICIBANK,2024-07-19,1248.65,-0.13
ICICIBANK,2024-07-22,1241.15,-0.6
ICICIBANK,2024-07-23,1226.75,-1.16
ICICIBANK,2024-07-24,1223.0,-0.31
ICICIBANK,2024-07-25,1197.9,-2.05
ICICIBANK,2024-07-26,1207.2,0.78
ICICIBANK,2024-07-29,1212.7,0.46
ICICIBANK,2024-07-30,1209.45,-0.27
ICICIBANK,2024-07-31,1214.9,0.45
ICICIBANK,2024-08-01,1210.1,-0.4
ICICIBANK,2024-08-02,1196.55,-1.12
ICICIBANK,2024-08-05,1172.6,-2.0
ICICIBANK,2024-08-06,1166.85,-0.49
ICICIBANK,2024-08-07,1172.45,0.48
ICICIBANK,2024-08-08,1164.6,-0.67
ICICIBANK,2024-08-09,1171.6,0.6
ICICIBANK,2024-08-12,1172.8,0.1
ICICIBANK,2024-08-13,1168.35,-0.38
ICICIBANK,2024-08-14,1161.65,-0.57
ICICIBANK,2024-08-16,1187.25,2.2
ICICIBANK,2024-08-19,1175.9,-0.96
ICICIBANK,2024-08-20,1179.45,0.3
ICICIBANK,2024-08-21,1174.85,-0.39
ICICIBANK,2024-08-22,1191.1,1.38
ICICIBANK,2024-08-23,1203.5,1.04
ICICIBANK,2024-08-26,1213.3,0.81
ICICIBANK,2024-08-27,1226.35,1.08
ICICIBANK,2024-08-28,1223.85,-0.2
ICICIBANK,2024-08-29,1221.9,-0.16
ICICIBANK,2024-08-30,1229.2,0.6
ICICIBANK,2024-09-02,1229.95,0.06
ICICIBANK,2024-09-03,1247.7,1.44
ICICIBANK,2024-09-04,1236.35,-0.91
ICICIBANK,2024-09-05,1235.95,-0.03
ICICIBANK,2024-09-06,1208.15,-2.25
ICICIBANK,2024-09-09,1235.0,2.22
ICICIBANK,2024-09-10,1237.3,0.19
ICICIBANK,2024-09-11,1236.35,-0.08
ICICIBANK,2024-09-12,1252.15,1.28
ICICIBANK,2024-09-13,1250.35,-0.14
ICICIBANK,2024-09-16,1262.85,1.0
ICICIBANK,2024-09-17,1268.1,0.42
ICICIBANK,2024-09-18,1288.35,1.6
ICICIBANK,2024-09-19,1292.0,0.28
ICICIBANK,2024-09-20,1338.45,3.6
ICICIBANK,2024-09-23,1321.9,-1.24
ICICIBANK,2024-09-24,1318.6,-0.25
ICICIBANK,2024-09-25,1323.85,0.4
ICICIBANK,2024-09-26,1329.05,0.39
ICICIBANK,2024-09-27,1306.6,-1.69
ICICIBANK,2024-09-30,1273.0,-2.57
ICICIBANK,2024-10-01,1274.4,0.11
ICICIBANK,2024-10-03,1256.35,-1.42
ICICIBANK,2024-10-04,1239.75,-1.32
ICICIBANK,2024-10-07,1233.9,-0.47
ICICIBANK,2024-10-08,1236.6,0.22
ICICIBANK,2024-10-09,1244.15,0.61
ICICIBANK,2024-10-10,1243.5,-0.05
ICICIBANK,2024-10-11,1223.0,-1.65
ICICIBANK,2024-10-14,1231.75,0.72
ICICIBANK,2024-10-15,1255.5,1.93
ICICIBANK,2024-10-16,1243.15,-0.98
ICICIBANK,2024-10-17,1231.25,-0.96
ICICIBANK,2024-10-18,1264.5,2.7
ICICIBANK,2024-10-21,1259.05,-0.43
ICICIBANK,2024-10-22,1267.5,0.67
ICICIBANK,2024-10-23,1251.6,-1.25
ICICIBANK,2024-10-24,1252.75,0.09
ICICIBANK,2024-10-25,1255.45,0.22
ICICIBANK,2024-10-28,1292.85,2.98
ICICIBANK,2024-10-29,1331.85,3.02
ICICIBANK,2024-10-30,1312.15,-1.48
ICICIBANK,2024-10-31,1292.25,-1.52
ICICIBANK,2024-11-01,1291.8,-0.03
ICICIBANK,2024-11-04,1277.2,-1.13
ICICIBANK,2024-11-05,1296.7,1.53
ICICIBANK,2024-11-06,1302.35,0.44
ICICIBANK,2024-11-07,1278.7,-1.82
ICICIBANK,2024-11-08,1258.85,-1.55
ICICIBANK,2024-11-11,1269.3,0.83
ICICIBANK,2024-11-12,1270.6,0.1
ICICIBANK,2024-11-13,1253.7,-1.33
ICICIBANK,2024-11-14,1256.95,0.26
ICICIBANK,2024-11-18,1253.45,-0.28
ICICIBANK,2024-11-19,1249.1,-0.35
ICICIBANK,2024-11-21,1250.55,0.12
ICICIBANK,2024-11-22,1278.05,2.2
INDUSINDBK,2023-10-03,1435.4,
INDUSINDBK,2023-10-04,1401.3,-2.38
INDUSINDBK,2023-10-05,1401.85,0.04
INDUSINDBK,2023-10-06,1434.8,2.35
INDUSINDBK,2023-10-09,1428.55,-0.44
INDUSINDBK,2023-10-10,1420.55,-0.56
INDUSINDBK,2023-10-11,1421.2,0.05
INDUSINDBK,2023-10-12,1424.25,0.21
INDUSINDBK,2023-10-13,1463.7,2.77
INDUSINDBK,2023-10-16,1446.4,-1.18
INDUSINDBK,2023-10-17,1436.0,-0.72
INDUSINDBK,2023-10-18,1420.35,-1.09
INDUSINDBK,2023-10-19,1450.35,2.11
INDUSINDBK,2023-10-20,1469.1,1.29
INDUSINDBK,2023-10-23,1435.0,-2.32
INDUSINDBK,2023-10-25,1412.7,-1.55
INDUSINDBK,2023-10-26,1414.65,0.14
INDUSINDBK,2023-10-27,1441.3,1.88
INDUSINDBK,2023-10-30,1454.65,0.93
INDUSINDBK,2023-10-31,1441.3,-0.92
INDUSINDBK,2023-11-01,1432.6,-0.6
INDUSINDBK,2023-11-02,1461.2,2.0
INDUSINDBK,2023-11-03,1450.25,-0.75
INDUSINDBK,2023-11-06,1470.25,1.38
INDUSINDBK,2023-11-07,1486.4,1.1
INDUSINDBK,2023-11-08,1488.95,0.17
INDUSINDBK,2023-11-09,1507.35,1.24
INDUSINDBK,2023-11-10,1498.8,-0.57
INDUSINDBK,2023-11-12,1502.1,0.22
INDUSINDBK,2023-11-13,1509.6,0.5
INDUSINDBK,2023-11-15,1493.95,-1.04
INDUSINDBK,2023-11-16,1498.65,0.31
INDUSINDBK,2023-11-17,1498.45,-0.01
INDUSINDBK,2023-11-20,1504.8,0.42
INDUSINDBK,2023-11-21,1502.05,-0.18
INDUSINDBK,2023-11-22,1470.4,-2.11
INDUSINDBK,2023-11-23,1486.1,1.07
INDUSINDBK,2023-11-24,1476.2,-0.67
INDUSINDBK,2023-11-28,1477.55,0.09
INDUSINDBK,2023-11-29,1483.55,0.41
INDUSINDBK,2023-11-30,1466.1,-1.18
INDUSINDBK,2023-12-01,1461.05,-0.34
INDUSINDBK,2023-12-04,1514.65,3.67
INDUSINDBK,2023-12-05,1506.6,-0.53
INDUSINDBK,2023-12-06,1501.6,-0.33
INDUSINDBK,2023-12-07,1504.75,0.21
INDUSINDBK,2023-12-08,1508.95,0.28
INDUSINDBK,2023-12-11,1521.85,0.85
INDUSINDBK,2023-12-12,1497.0,-1.63
INDUSINDBK,2023-12-13,1506.9,0.66
INDUSINDBK,2023-12-14,1551.7,2.97
INDUSINDBK,2023-12-15,1570.8,1.23
INDUSINDBK,2023-12-18,1556.35,-0.92
INDUSINDBK,2023-12-19,1566.55,0.66
INDUSINDBK,2023-12-20,1556.15,-0.66
INDUSINDBK,2023-12-21,1570.0,0.89
INDUSINDBK,2023-12-22,1562.35,-0.49
INDUSINDBK,2023-12-26,1570.8,0.54
INDUSINDBK,2023-12-27,1597.45,1.7
INDUSINDBK,2023-12-28,1610.55,0.82
INDUSINDBK,2023-12-29,1598.95,-0.72
INDUSINDBK,2024-01-01,1598.85,-0.01
INDUSINDBK,2024-01-02,1575.6,-1.45
INDUSINDBK,2024-01-03,1601.15,1.62
INDUSINDBK,2024-01-04,1648.55,2.96
INDUSINDBK,2024-01-05,1643.2,-0.32
INDUSINDBK,2024-01-08,1627.1,-0.98
INDUSINDBK,2024-01-09,1625.1,-0.12
INDUSINDBK,2024-01-10,1640.15,0.93
INDUSINDBK,2024-01-11,1657.85,1.08
INDUSINDBK,2024-01-12,1674.0,0.97
INDUSINDBK,2024-01-15,1688.85,0.89
INDUSINDBK,2024-01-16,1667.05,-1.29
INDUSINDBK,2024-01-17,1643.9,-1.39
INDUSINDBK,2024-01-18,1612.9,-1.89
INDUSINDBK,2024-01-19,1561.1,-3.21
INDUSINDBK,2024-01-20,1535.35,-1.65
INDUSINDBK,2024-01-23,1441.7,-6.1
INDUSINDBK,2024-01-24,1490.85,3.41
INDUSINDBK,2024-01-25,1512.0,1.42
INDUSINDBK,2024-01-29,1526.8,0.98
INDUSINDBK,2024-01-30,1519.9,-0.45
INDUSINDBK,2024-01-31,1534.05,0.93
INDUSINDBK,2024-02-01,1541.15,0.46
INDUSINDBK,2024-02-02,1533.75,-0.48
INDUSINDBK,2024-02-05,1537.8,0.26
INDUSINDBK,2024-02-06,1511.4,-1.72
INDUSINDBK,2024-02-07,1515.35,0.26
INDUSINDBK,2024-02-08,1477.3,-2.51
INDUSINDBK,2024-02-09,1486.25,0.61
INDUSINDBK,2024-02-12,1447.15,-2.63
INDUSINDBK,2024-02-13,1463.9,1.16
INDUSINDBK,2024-02-14,1481.5,1.2
INDUSINDBK,2024-02-15,1476.95,-0.31
INDUSINDBK,2024-02-16,1493.65,1.13
INDUSINDBK,2024-02-19,1483.6,-0.67
INDUSINDBK,2024-02-20,1504.2,1.39
INDUSINDBK,2024-02-21,1517.25,0.87
INDUSINDBK,2024-02-22,1489.15,-1.85
INDUSINDBK,2024-02-23,1480.3,-0.59
INDUSINDBK,2024-02-26,1466.5,-0.93
INDUSINDBK,2024-02-27,1493.05,1.81
INDUSINDBK,2024-02-28,1449.2,-2.94
INDUSINDBK,2024-02-29,1474.9,1.77
INDUSINDBK,2024-03-01,1526.65,3.51
INDUSINDBK,2024-03-02,1526.0,-0.04
INDUSINDBK,2024-03-04,1531.3,0.35
INDUSINDBK,2024-03-05,1542.45,0.73
INDUSINDBK,2024-03-06,1554.55,0.78
INDUSINDBK,2024-03-07,1563.75,0.59
INDUSINDBK,2024-03-11,1541.05,-1.45
INDUSINDBK,2024-03-12,1533.05,-0.52
INDUSINDBK,2024-03-13,1502.65,-1.98
INDUSINDBK,2024-03-14,1476.75,-1.72
INDUSINDBK,2024-03-15,1484.35,0.51
INDUSINDBK,2024-03-18,1480.7,-0.25
INDUSINDBK,2024-03-19,1434.1,-3.15
INDUSINDBK,2024-03-20,1441.55,0.52
INDUSINDBK,2024-03-21,1484.1,2.95
INDUSINDBK,2024-03-22,1512.1,1.89
INDUSINDBK,2024-03-26,1518.7,0.44
INDUSINDBK,2024-03-27,1533.55,0.98
INDUSINDBK,2024-03-28,1553.0,1.27
INDUSINDBK,2024-04-01,1542.4,-0.68
INDUSINDBK,2024-04-02,1559.4,1.1
INDUSINDBK,2024-04-03,1542.65,-1.07
INDUSINDBK,2024-04-04,1544.45,0.12
INDUSINDBK,2024-04-05,1552.4,0.51
INDUSINDBK,2024-04-08,1568.35,1.03
INDUSINDBK,2024-04-09,1554.95,-0.85
INDUSINDBK,2024-04-10,1552.85,-0.14
INDUSINDBK,2024-04-12,1555.65,0.18
INDUSINDBK,2024-04-15,1539.9,-1.01
INDUSINDBK,2024-04-16,1490.95,-3.18
INDUSINDBK,2024-04-18,1474.4,-1.11
INDUSINDBK,2024-04-19,1482.05,0.52
INDUSINDBK,2024-04-22,1477.5,-0.31
INDUSINDBK,2024-04-23,1474.5,-0.2
INDUSINDBK,2024-04-24,1474.65,0.01
INDUSINDBK,2024-04-25,1496.1,1.45
INDUSINDBK,2024-04-26,1446.4,-3.32
INDUSINDBK,2024-04-29,1487.25,2.82
INDUSINDBK,2024-04-30,1515.7,1.91
INDUSINDBK,2024-05-02,1505.2,-0.69
INDUSINDBK,2024-05-03,1483.7,-1.43
INDUSINDBK,2024-05-06,1497.5,0.93
INDUSINDBK,2024-05-07,1452.55,-3.0
INDUSINDBK,2024-05-08,1442.5,-0.69
INDUSINDBK,2024-05-09,1401.45,-2.85
INDUSINDBK,2024-05-10,1410.15,0.62
INDUSINDBK,2024-05-13,1404.55,-0.4
INDUSINDBK,2024-05-14,1421.0,1.17
INDUSINDBK,2024-05-15,1417.1,-0.27
INDUSINDBK,2024-05-16,1408.75,-0.59
INDUSINDBK,2024-05-17,1412.35,0.26
INDUSINDBK,2024-05-18,1417.3,0.35
INDUSINDBK,2024-05-21,1406.5,-0.76
INDUSINDBK,2024-05-22,1404.95,-0.11
INDUSINDBK,2024-05-23,1440.85,2.56
INDUSINDBK,2024-05-24,1441.8,0.07
INDUSINDBK,2024-05-27,1465.1,1.62
INDUSINDBK,2024-05-28,1459.35,-0.39
INDUSINDBK,2024-05-29,1460.25,0.06
INDUSINDBK,2024-05-30,1446.8,-0.92
INDUSINDBK,2024-05-31,1461.85,1.04
INDUSINDBK,2024-06-03,1529.7,4.64
INDUSINDBK,2024-06-04,1391.5,-9.03
INDUSINDBK,2024-06-05,1500.95,7.87
INDUSINDBK,2024-06-06,1481.1,-1.32
INDUSINDBK,2024-06-07,1492.1,0.74
INDUSINDBK,2024-06-10,1485.85,-0.42
INDUSINDBK,2024-06-11,1481.05,-0.32
INDUSINDBK,2024-06-12,1484.25,0.22
INDUSINDBK,2024-06-13,1507.25,1.55
INDUSINDBK,2024-06-14,1502.35,-0.33
INDUSINDBK,2024-06-18,1507.9,0.37
INDUSINDBK,2024-06-19,1528.2,1.35
INDUSINDBK,2024-06-20,1527.85,-0.02
INDUSINDBK,2024-06-21,1527.15,-0.05
INDUSINDBK,2024-06-24,1490.4,-2.41
INDUSINDBK,2024-06-25,1495.55,0.35
INDUSINDBK,2024-06-26,1497.9,0.16
INDUSINDBK,2024-06-27,1502.75,0.32
INDUSINDBK,2024-06-28,1464.5,-2.55
INDUSINDBK,2024-07-01,1456.9,-0.52
INDUSINDBK,2024-07-02,1429.45,-1.88
INDUSINDBK,2024-07-03,1455.5,1.82
INDUSINDBK,2024-07-04,1442.85,-0.87
INDUSINDBK,2024-07-05,1434.25,-0.6
INDUSINDBK,2024-07-08,1438.05,0.26
INDUSINDBK,2024-07-09,1434.25,-0.26
INDUSINDBK,2024-07-10,1425.95,-0.58
INDUSINDBK,2024-07-11,1429.75,0.27
INDUSINDBK,2024-07-12,1434.55,0.34
INDUSINDBK,2024-07-15,1444.05,0.66
INDUSINDBK,2024-07-16,1445.9,0.13
INDUSINDBK,2024-07-18,1456.9,0.76
INDUSINDBK,2024-07-19,1432.45,-1.68
INDUSINDBK,2024-07-22,1423.4,-0.63
INDUSINDBK,2024-07-23,1413.2,-0.72
INDUSINDBK,2024-07-24,1396.65,-1.17
INDUSINDBK,2024-07-25,1379.1,-1.26
INDUSINDBK,2024-07-26,1403.9,1.8
INDUSINDBK,2024-07-29,1411.5,0.54
INDUSINDBK,2024-07-30,1429.7,1.29
INDUSINDBK,2024-07-31,1427.8,-0.13
INDUSINDBK,2024-08-01,1419.85,-0.56
INDUSINDBK,2024-08-02,1404.3,-1.1
INDUSINDBK,2024-08-05,1389.45,-1.06
INDUSINDBK,2024-08-06,1381.0,-0.61
INDUSINDBK,2024-08-07,1345.15,-2.6
INDUSINDBK,2024-08-08,1347.3,0.16
INDUSINDBK,2024-08-09,1349.8,0.19
INDUSINDBK,2024-08-12,1350.85,0.08
INDUSINDBK,2024-08-13,1350.6,-0.02
INDUSINDBK,2024-08-14,1338.1,-0.93
INDUSINDBK,2024-08-16,1364.15,1.95
INDUSINDBK,2024-08-19,1347.6,-1.21
INDUSINDBK,2024-08-20,1381.3,2.5
INDUSINDBK,2024-08-21,1384.0,0.2
INDUSINDBK,2024-08-22,1381.9,-0.15
INDUSINDBK,2024-08-23,1388.55,0.48
INDUSINDBK,2024-08-26,1384.5,-0.29
INDUSINDBK,2024-08-27,1383.2,-0.09
INDUSINDBK,2024-08-28,1415.75,2.35
INDUSINDBK,2024-08-29,1417.45,0.12
INDUSINDBK,2024-08-30,1425.25,0.55
INDUSINDBK,2024-09-02,1449.05,1.67
INDUSINDBK,2024-09-03,1436.7,-0.85
INDUSINDBK,2024-09-04,1434.4,-0.16
INDUSINDBK,2024-09-05,1422.9,-0.8
INDUSINDBK,2024-09-06,1409.35,-0.95
INDUSINDBK,2024-09-09,1428.1,1.33
INDUSINDBK,2024-09-10,1435.55,0.52
INDUSINDBK,2024-09-11,1421.2,-1.0
INDUSINDBK,2024-09-12,1443.35,1.56
INDUSINDBK,2024-09-13,1464.05,1.43
INDUSINDBK,2024-09-16,1470.2,0.42
INDUSINDBK,2024-09-17,1466.35,-0.26
INDUSINDBK,2024-09-18,1480.25,0.95
INDUSINDBK,2024-09-19,1484.75,0.3
INDUSINDBK,2024-09-20,1480.2,-0.31
INDUSINDBK,2024-09-23,1465.1,-1.02
INDUSINDBK,2024-09-24,1448.3,-1.15
INDUSINDBK,2024-09-25,1439.5,-0.61
INDUSINDBK,2024-09-26,1452.7,0.92
INDUSINDBK,2024-09-27,1462.7,0.69
INDUSINDBK,2024-09-30,1447.6,-1.03
INDUSINDBK,2024-10-01,1409.7,-2.62
INDUSINDBK,2024-10-03,1387.75,-1.56
INDUSINDBK,2024-10-04,1382.85,-0.35
INDUSINDBK,2024-10-07,1350.85,-2.31
INDUSINDBK,2024-10-08,1359.55,0.64
INDUSINDBK,2024-10-09,1341.55,-1.32
INDUSINDBK,2024-10-10,1356.4,1.11
INDUSINDBK,2024-10-11,1347.6,-0.65
INDUSINDBK,2024-10-14,1370.45,1.7
INDUSINDBK,2024-10-15,1360.9,-0.7
INDUSINDBK,2024-10-16,1346.3,-1.07
INDUSINDBK,2024-10-17,1347.35,0.08
INDUSINDBK,2024-10-18,1347.25,-0.01
INDUSINDBK,2024-10-21,1308.25,-2.89
INDUSINDBK,2024-10-22,1274.35,-2.59
INDUSINDBK,2024-10-23,1274.3,-0.0
INDUSINDBK,2024-10-24,1280.05,0.45
INDUSINDBK,2024-10-25,1041.6,-18.63
INDUSINDBK,2024-10-28,1054.8,1.27
INDUSINDBK,2024-10-29,1038.15,-1.58
INDUSINDBK,2024-10-30,1056.4,1.76
INDUSINDBK,2024-10-31,1055.6,-0.08
INDUSINDBK,2024-11-01,1062.5,0.65
INDUSINDBK,2024-11-04,1063.8,0.12
INDUSINDBK,2024-11-05,1090.1,2.47
INDUSINDBK,2024-11-06,1077.65,-1.14
INDUSINDBK,2024-11-07,1056.8,-1.93
INDUSINDBK,2024-11-08,1053.8,-0.28
INDUSINDBK,2024-11-11,1060.8,0.66
INDUSINDBK,2024-11-12,1059.55,-0.12
INDUSINDBK,2024-11-13,1036.7,-2.16
INDUSINDBK,2024-11-14,1017.15,-1.89
INDUSINDBK,2024-11-18,1004.6,-1.23
INDUSINDBK,2024-11-19,1000.2,-0.44
INDUSINDBK,2024-11-21,981.45,-1.87
INDUSINDBK,2024-11-22,998.2,1.71
INFY,2023-10-03,1434.0,
INFY,2023-10-04,1444.35,0.72
INFY,2023-10-05,1463.45,1.32
INFY,2023-10-06,1478.7,1.04
INFY,2023-10-09,1475.45,-0.22
INFY,2023-10-10,1495.15,1.34
INFY,2023-10-11,1494.4,-0.05
INFY,2023-10-12,1465.5,-1.93
INFY,2023-10-13,1431.15,-2.34
INFY,2023-10-16,1434.15,0.21
INFY,2023-10-17,1442.45,0.58
INFY,2023-10-18,1440.55,-0.13
INFY,2023-10-19,1433.65,-0.48
INFY,2023-10-20,1427.25,-0.45
INFY,2023-10-23,1408.65,-1.3
INFY,2023-10-25,1370.05,-2.74
INFY,2023-10-26,1359.45,-0.77
INFY,2023-10-27,1380.35,1.54
INFY,2023-10-30,1377.05,-0.24
INFY,2023-10-31,1368.4,-0.63
INFY,2023-11-01,1354.15,-1.04
INFY,2023-11-02,1370.15,1.18
INFY,2023-11-03,1389.05,1.38
INFY,2023-11-06,1403.3,1.03
INFY,2023-11-07,1404.3,0.07
INFY,2023-11-08,1391.0,-0.95
INFY,2023-11-09,1374.8,-1.16
INFY,2023-11-10,1368.85,-0.43
INFY,2023-11-12,1388.2,1.41
INFY,2023-11-13,1373.55,-1.06
INFY,2023-11-15,1410.5,2.69
INFY,2023-11-16,1444.9,2.44
INFY,2023-11-17,1437.55,-0.51
INFY,2023-11-20,1436.6,-0.07
INFY,2023-11-21,1439.0,0.17
INFY,2023-11-22,1457.8,1.31
INFY,2023-11-23,1449.25,-0.59
INFY,2023-11-24,1437.4,-0.82
INFY,2023-11-28,1442.7,0.37
INFY,2023-11-29,1459.6,1.17
INFY,2023-11-30,1455.15,-0.3
INFY,2023-12-01,1452.3,-0.2
INFY,2023-12-04,1464.35,0.83
INFY,2023-12-05,1453.95,-0.71
INFY,2023-12-06,1474.3,1.4
INFY,2023-12-07,1465.9,-0.57
INFY,2023-12-08,1491.15,1.72
INFY,2023-12-11,1488.5,-0.18
INFY,2023-12-12,1476.05,-0.84
INFY,2023-12-13,1449.0,-1.83
INFY,2023-12-14,1501.45,3.62
INFY,2023-12-15,1578.4,5.13
INFY,2023-12-18,1564.35,-0.89
INFY,2023-12-19,1558.3,-0.39
INFY,2023-12-20,1536.4,-1.41
INFY,2023-12-21,1536.0,-0.03
INFY,2023-12-22,1562.9,1.75
INFY,2023-12-26,1543.95,-1.21
INFY,2023-12-27,1567.1,1.5
INFY,2023-12-28,1562.65,-0.28
INFY,2023-12-29,1542.9,-1.26
INFY,2024-01-01,1551.35,0.55
INFY,2024-01-02,1534.4,-1.09
INFY,2024-01-03,1490.0,-2.89
INFY,2024-01-04,1512.7,1.52
INFY,2024-01-05,1532.55,1.31
INFY,2024-01-08,1522.8,-0.64
INFY,2024-01-09,1529.3,0.43
INFY,2024-01-10,1519.9,-0.61
INFY,2024-01-11,1494.2,-1.69
INFY,2024-01-12,1612.75,7.93
INFY,2024-01-15,1652.1,2.44
INFY,2024-01-16,1631.55,-1.24
INFY,2024-01-17,1640.2,0.53
INFY,2024-01-18,1642.6,0.15
INFY,2024-01-19,1659.2,1.01
INFY,2024-01-20,1648.85,-0.62
INFY,2024-01-23,1642.15,-0.41
INFY,2024-01-24,1675.4,2.02
INFY,2024-01-25,1669.1,-0.38
INFY,2024-01-29,1656.6,-0.75
INFY,2024-01-30,1651.45,-0.31
INFY,2024-01-31,1660.9,0.57
INFY,2024-02-01,1657.05,-0.23
INFY,2024-02-02,1693.35,2.19
INFY,2024-02-05,1687.2,-0.36
INFY,2024-02-06,1729.45,2.5
INFY,2024-02-07,1693.75,-2.06
INFY,2024-02-08,1692.1,-0.1
INFY,2024-02-09,1669.35,-1.34
INFY,2024-02-12,1680.1,0.64
INFY,2024-02-13,1684.55,0.26
INFY,2024-02-14,1666.2,-1.09
INFY,2024-02-15,1676.35,0.61
INFY,2024-02-16,1701.65,1.51
INFY,2024-02-19,1699.75,-0.11
INFY,2024-02-20,1685.25,-0.85
INFY,2024-02-21,1655.55,-1.76
INFY,2024-02-22,1681.35,1.56
INFY,2024-02-23,1676.85,-0.27
INFY,2024-02-26,1660.15,-1.0
INFY,2024-02-27,1663.6,0.21
INFY,2024-02-28,1671.25,0.46
INFY,2024-02-29,1673.9,0.16
INFY,2024-03-01,1654.7,-1.15
INFY,2024-03-02,1656.3,0.1
INFY,2024-03-04,1637.2,-1.15
INFY,2024-03-05,1606.5,-1.88
INFY,2024-03-06,1617.55,0.69
INFY,2024-03-07,1616.45,-0.07
INFY,2024-03-11,1600.6,-0.98
INFY,2024-03-12,1612.95,0.77
INFY,2024-03-13,1611.4,-0.1
INFY,2024-03-14,1653.3,2.6
INFY,2024-03-15,1634.0,-1.17
INFY,2024-03-18,1602.65,-1.92
INFY,2024-03-19,1561.45,-2.57
INFY,2024-03-20,1554.95,-0.42
INFY,2024-03-21,1554.7,-0.02
INFY,2024-03-22,1508.85,-2.95
INFY,2024-03-26,1492.65,-1.07
INFY,2024-03-27,1483.85,-0.59
INFY,2024-03-28,1498.05,0.96
INFY,2024-04-01,1495.45,-0.17
INFY,2024-04-02,1482.85,-0.84
INFY,2024-04-03,1480.65,-0.15
INFY,2024-04-04,1486.7,0.41
INFY,2024-04-05,1479.1,-0.51
INFY,2024-04-08,1476.7,-0.16
INFY,2024-04-09,1494.85,1.23
INFY,2024-04-10,1506.8,0.8
INFY,2024-04-12,1484.75,-1.46
INFY,2024-04-15,1468.15,-1.12
INFY,2024-04-16,1414.45,-3.66
INFY,2024-04-18,1419.25,0.34
INFY,2024-04-19,1411.25,-0.56
INFY,2024-04-22,1432.75,1.52
INFY,2024-04-23,1442.4,0.67
INFY,2024-04-24,1430.75,-0.81
INFY,2024-04-25,1438.45,0.54
INFY,2024-04-26,1430.25,-0.57
INFY,2024-04-29,1434.75,0.31
INFY,2024-04-30,1420.55,-0.99
INFY,2024-05-02,1414.45,-0.43
INFY,2024-05-03,1416.3,0.13
INFY,2024-05-06,1425.9,0.68
INFY,2024-05-07,1440.95,1.06
INFY,2024-05-08,1427.3,-0.95
INFY,2024-05-09,1439.55,0.86
INFY,2024-05-10,1424.9,-1.02
INFY,2024-05-13,1423.45,-0.1
INFY,2024-05-14,1424.7,0.09
INFY,2024-05-15,1419.95,-0.33
INFY,2024-05-16,1453.35,2.35
INFY,2024-05-17,1444.3,-0.62
INFY,2024-05-18,1443.65,-0.05
INFY,2024-05-21,1434.15,-0.66
INFY,2024-05-22,1454.8,1.44
INFY,2024-05-23,1472.4,1.21
INFY,2024-05-24,1465.1,-0.5
INFY,2024-05-27,1471.35,0.43
INFY,2024-05-28,1467.05,-0.29
INFY,2024-05-29,1450.95,-1.1
INFY,2024-05-30,1427.45,-1.62
INFY,2024-05-31,1406.9,-1.44
INFY,2024-06-03,1405.9,-0.07
INFY,2024-06-04,1393.65,-0.87
INFY,2024-06-05,1430.1,2.62
INFY,2024-06-06,1472.25,2.95
INFY,2024-06-07,1533.6,4.17
INFY,2024-06-10,1499.75,-2.21
INFY,2024-06-11,1495.75,-0.27
INFY,2024-06-12,1485.2,-0.71
INFY,2024-06-13,1493.95,0.59
INFY,2024-06-14,1488.9,-0.34
INFY,2024-06-18,1498.2,0.62
INFY,2024-06-19,1511.35,0.88
INFY,2024-06-20,1515.4,0.27
INFY,2024-06-21,1532.7,1.14
INFY,2024-06-24,1527.15,-0.36
INFY,2024-06-25,1541.95,0.97
INFY,2024-06-26,1540.7,-0.08
INFY,2024-06-27,1573.35,2.12
INFY,2024-06-28,1566.75,-0.42
INFY,2024-07-01,1590.8,1.54
INFY,2024-07-02,1621.05,1.9
INFY,2024-07-03,1627.4,0.39
INFY,2024-07-04,1650.65,1.43
INFY,2024-07-05,1647.45,-0.19
INFY,2024-07-08,1661.65,0.86
INFY,2024-07-09,1657.15,-0.27
INFY,2024-07-10,1648.25,-0.54
INFY,2024-07-11,1652.7,0.27
INFY,2024-07-12,1711.75,3.57
INFY,2024-07-15,1707.05,-0.27
INFY,2024-07-16,1726.05,1.11
INFY,2024-07-18,1758.05,1.85
INFY,2024-07-19,1792.95,1.99
INFY,2024-07-22,1810.85,1.0
INFY,2024-07-23,1836.9,1.44
INFY,2024-07-24,1833.95,-0.16
INFY,2024-07-25,1824.85,-0.5
INFY,2024-07-26,1878.9,2.96
INFY,2024-07-29,1871.1,-0.42
INFY,2024-07-30,1877.15,0.32
INFY,2024-07-31,1868.25,-0.47
INFY,2024-08-01,1852.6,-0.84
INFY,2024-08-02,1821.2,-1.69
INFY,2024-08-05,1751.9,-3.81
INFY,2024-08-06,1751.1,-0.05
INFY,2024-08-07,1791.65,2.32
INFY,2024-08-08,1743.15,-2.71
INFY,2024-08-09,1770.75,1.58
INFY,2024-08-12,1797.4,1.51
INFY,2024-08-13,1797.45,0.0
INFY,2024-08-14,1823.25,1.44
INFY,2024-08-16,1858.95,1.96
INFY,2024-08-19,1864.8,0.31
INFY,2024-08-20,1872.2,0.4
INFY,2024-08-21,1872.7,0.03
INFY,2024-08-22,1880.25,0.4
INFY,2024-08-23,1862.1,-0.97
INFY,2024-08-26,1876.15,0.75
INFY,2024-08-27,1900.1,1.28
INFY,2024-08-28,1939.1,2.05
INFY,2024-08-29,1933.35,-0.3
INFY,2024-08-30,1943.7,0.54
INFY,2024-09-02,1964.5,1.07
INFY,2024-09-03,1941.25,-1.18
INFY,2024-09-04,1922.45,-0.97
INFY,2024-09-05,1933.15,0.56
INFY,2024-09-06,1901.85,-1.62
INFY,2024-09-09,1894.65,-0.38
INFY,2024-09-10,1912.3,0.93
INFY,2024-09-11,1910.15,-0.11
INFY,2024-09-12,1950.45,2.11
INFY,2024-09-13,1944.1,-0.33
INFY,2024-09-16,1950.25,0.32
INFY,2024-09-17,1952.55,0.12
INFY,2024-09-18,1892.15,-3.09
INFY,2024-09-19,1894.2,0.11
INFY,2024-09-20,1905.75,0.61
INFY,2024-09-23,1896.45,-0.49
INFY,2024-09-24,1898.6,0.11
INFY,2024-09-25,1895.3,-0.17
INFY,2024-09-26,1900.25,0.26
INFY,2024-09-27,1906.75,0.34
INFY,2024-09-30,1875.6,-1.63
INFY,2024-10-01,1904.35,1.53
INFY,2024-10-03,1893.4,-0.57
INFY,2024-10-04,1918.15,1.31
INFY,2024-10-07,1934.3,0.84
INFY,2024-10-08,1948.55,0.74
INFY,2024-10-09,1952.75,0.22
INFY,2024-10-10,1919.0,-1.73
INFY,2024-10-11,1935.1,0.84
INFY,2024-10-14,1958.9,1.23
INFY,2024-10-15,1959.3,0.02
INFY,2024-10-16,1920.1,-2.0
INFY,2024-10-17,1968.1,2.5
INFY,2024-10-18,1879.6,-4.5
INFY,2024-10-21,1852.75,-1.43
INFY,2024-10-22,1851.6,-0.06
INFY,2024-10-23,1873.4,1.18
INFY,2024-10-24,1863.35,-0.54
INFY,2024-10-25,1862.05,-0.07
INFY,2024-10-28,1865.35,0.18
INFY,2024-10-29,1839.3,-1.4
INFY,2024-10-30,1802.1,-2.02
INFY,2024-10-31,1757.25,-2.49
INFY,2024-11-01,1760.85,0.2
INFY,2024-11-04,1763.65,0.16
INFY,2024-11-05,1754.2,-0.54
INFY,2024-11-06,1823.7,3.96
INFY,2024-11-07,1803.05,-1.13
INFY,2024-11-08,1829.95,1.49
INFY,2024-11-11,1860.1,1.65
INFY,2024-11-12,1868.8,0.47
INFY,2024-11-13,1868.4,-0.02
INFY,2024-11-14,1864.55,-0.21
INFY,2024-11-18,1811.45,-2.85
INFY,2024-11-19,1824.75,0.73
INFY,2024-11-21,1834.05,0.51
INFY,2024-11-22,1902.25,3.72
ITC,2023-10-03,439.75,
ITC,2023-10-04,436.1,-0.83
ITC,2023-10-05,436.05,-0.01
ITC,2023-10-06,442.15,1.4
ITC,2023-10-09,440.45,-0.38
ITC,2023-10-10,444.4,0.9
ITC,2023-10-11,448.25,0.87
ITC,2023-10-12,450.7,0.55
ITC,2023-10-13,448.35,-0.52
ITC,2023-10-16,448.95,0.13
ITC,2023-10-17,453.45,1.0
ITC,2023-10-18,451.65,-0.4
ITC,2023-10-19,450.4,-0.28
ITC,2023-10-20,438.3,-2.69
ITC,2023-10-23,435.9,-0.55
ITC,2023-10-25,432.7,-0.73
ITC,2023-10-26,434.35,0.38
ITC,2023-10-27,433.75,-0.14
ITC,2023-10-30,430.45,-0.76
ITC,2023-10-31,428.4,-0.48
ITC,2023-11-01,428.1,-0.07
ITC,2023-11-02,431.15,0.71
ITC,2023-11-03,433.25,0.49
ITC,2023-11-06,435.35,0.48
ITC,2023-11-07,432.7,-0.61
ITC,2023-11-08,436.95,0.98
ITC,2023-11-09,434.4,-0.58
ITC,2023-11-10,436.55,0.49
ITC,2023-11-12,438.45,0.44
ITC,2023-11-13,436.0,-0.56
ITC,2023-11-15,441.95,1.36
ITC,2023-11-16,438.65,-0.75
ITC,2023-11-17,439.25,0.14
ITC,2023-11-20,436.8,-0.56
ITC,2023-11-21,436.25,-0.13
ITC,2023-11-22,439.7,0.79
ITC,2023-11-23,440.35,0.15
ITC,2023-11-24,437.8,-0.58
ITC,2023-11-28,435.25,-0.58
ITC,2023-11-29,437.2,0.45
ITC,2023-11-30,435.8,-0.32
ITC,2023-12-01,449.8,3.21
ITC,2023-12-04,454.05,0.94
ITC,2023-12-05,451.75,-0.51
ITC,2023-12-06,463.25,2.55
ITC,2023-12-07,458.1,-1.11
ITC,2023-12-08,449.15,-1.95
ITC,2023-12-11,452.45,0.73
ITC,2023-12-12,453.1,0.14
ITC,2023-12-13,455.65,0.56
ITC,2023-12-14,460.1,0.98
ITC,2023-12-15,458.2,-0.41
ITC,2023-12-18,451.65,-1.43
ITC,2023-12-19,456.1,0.99
ITC,2023-12-20,451.0,-1.12
ITC,2023-12-21,451.45,0.1
ITC,2023-12-22,455.2,0.83
ITC,2023-12-26,456.45,0.27
ITC,2023-12-27,457.1,0.14
ITC,2023-12-28,464.1,1.53
ITC,2023-12-29,462.1,-0.43
ITC,2024-01-01,468.05,1.29
ITC,2024-01-02,470.35,0.49
ITC,2024-01-03,477.25,1.47
ITC,2024-01-04,476.4,-0.18
ITC,2024-01-05,473.95,-0.51
ITC,2024-01-08,465.5,-1.78
ITC,2024-01-09,464.55,-0.2
ITC,2024-01-10,463.3,-0.27
ITC,2024-01-11,462.65,-0.14
ITC,2024-01-12,466.7,0.88
ITC,2024-01-15,467.6,0.19
ITC,2024-01-16,472.3,1.01
ITC,2024-01-17,466.6,-1.21
ITC,2024-01-18,465.5,-0.24
ITC,2024-01-19,471.5,1.29
ITC,2024-01-20,468.4,-0.66
ITC,2024-01-23,459.3,-1.94
ITC,2024-01-24,463.6,0.94
ITC,2024-01-25,455.65,-1.71
ITC,2024-01-29,449.8,-1.28
ITC,2024-01-30,438.05,-2.61
ITC,2024-01-31,441.55,0.8
ITC,2024-02-01,442.9,0.31
ITC,2024-02-02,440.1,-0.63
ITC,2024-02-05,438.05,-0.47
ITC,2024-02-06,431.4,-1.52
ITC,2024-02-07,431.8,0.09
ITC,2024-02-08,414.55,-3.99
ITC,2024-02-09,415.5,0.23
ITC,2024-02-12,406.85,-2.08
ITC,2024-02-13,406.75,-0.02
ITC,2024-02-14,411.55,1.18
ITC,2024-02-15,403.9,-1.86
ITC,2024-02-16,404.6,0.17
ITC,2024-02-19,409.25,1.15
ITC,2024-02-20,406.1,-0.77
ITC,2024-02-21,403.35,-0.68
ITC,2024-02-22,414.45,2.75
ITC,2024-02-23,411.4,-0.74
ITC,2024-02-26,409.2,-0.53
ITC,2024-02-27,411.15,0.48
ITC,2024-02-28,408.3,-0.69
ITC,2024-02-29,406.3,-0.49
ITC,2024-03-01,409.5,0.79
ITC,2024-03-02,412.05,0.62
ITC,2024-03-04,409.1,-0.72
ITC,2024-03-05,406.15,-0.72
ITC,2024-03-06,407.85,0.42
ITC,2024-03-07,413.55,1.4
ITC,2024-03-11,409.4,-1.0
ITC,2024-03-12,404.45,-1.21
ITC,2024-03-13,422.45,4.45
ITC,2024-03-14,419.65,-0.66
ITC,2024-03-15,419.1,-0.13
ITC,2024-03-18,417.45,-0.39
ITC,2024-03-19,409.55,-1.89
ITC,2024-03-20,415.7,1.5
ITC,2024-03-21,421.25,1.34
ITC,2024-03-22,428.6,1.74
ITC,2024-03-26,427.65,-0.22
ITC,2024-03-27,428.0,0.08
ITC,2024-03-28,428.35,0.08
ITC,2024-04-01,426.7,-0.39
ITC,2024-04-02,425.85,-0.2
ITC,2024-04-03,425.2,-0.15
ITC,2024-04-04,422.75,-0.58
ITC,2024-04-05,427.55,1.14
ITC,2024-04-08,429.1,0.36
ITC,2024-04-09,426.35,-0.64
ITC,2024-04-10,436.95,2.49
ITC,2024-04-12,430.1,-1.57
ITC,2024-04-15,425.9,-0.98
ITC,2024-04-16,425.9,0.0
ITC,2024-04-18,418.85,-1.66
ITC,2024-04-19,424.75,1.41
ITC,2024-04-22,425.3,0.13
ITC,2024-04-23,429.2,0.92
ITC,2024-04-24,428.9,-0.07
ITC,2024-04-25,437.55,2.02
ITC,2024-04-26,440.0,0.56
ITC,2024-04-29,438.2,-0.41
ITC,2024-04-30,435.65,-0.58
ITC,2024-05-02,439.0,0.77
ITC,2024-05-03,436.45,-0.58
ITC,2024-05-06,434.75,-0.39
ITC,2024-05-07,440.35,1.29
ITC,2024-05-08,441.0,0.15
ITC,2024-05-09,425.1,-3.61
ITC,2024-05-10,433.35,1.94
ITC,2024-05-13,431.85,-0.35
ITC,2024-05-14,429.7,-0.5
ITC,2024-05-15,427.8,-0.44
ITC,2024-05-16,431.45,0.85
ITC,2024-05-17,436.3,1.12
ITC,2024-05-18,436.65,0.08
ITC,2024-05-21,434.8,-0.42
ITC,2024-05-22,439.9,1.17
ITC,2024-05-23,441.35,0.33
ITC,2024-05-24,436.2,-1.17
ITC,2024-05-27,431.5,-1.08
ITC,2024-05-28,429.0,-0.58
ITC,2024-05-29,430.95,0.45
ITC,2024-05-30,423.85,-1.65
ITC,2024-05-31,426.45,0.61
ITC,2024-06-03,430.35,0.91
ITC,2024-06-04,415.2,-3.52
ITC,2024-06-05,430.3,3.64
ITC,2024-06-06,435.4,1.19
ITC,2024-06-07,439.15,0.86
ITC,2024-06-10,436.9,-0.51
ITC,2024-06-11,433.0,-0.89
ITC,2024-06-12,432.3,-0.16
ITC,2024-06-13,430.3,-0.46
ITC,2024-06-14,431.15,0.2
ITC,2024-06-18,428.75,-0.56
ITC,2024-06-19,423.65,-1.19
ITC,2024-06-20,423.3,-0.08
ITC,2024-06-21,419.6,-0.87
ITC,2024-06-24,423.3,0.88
ITC,2024-06-25,423.3,0.0
ITC,2024-06-26,423.95,0.15
ITC,2024-06-27,425.6,0.39
ITC,2024-06-28,424.9,-0.16
ITC,2024-07-01,429.05,0.98
ITC,2024-07-02,425.5,-0.83
ITC,2024-07-03,428.3,0.66
ITC,2024-07-04,429.05,0.18
ITC,2024-07-05,433.65,1.07
ITC,2024-07-08,443.6,2.29
ITC,2024-07-09,452.6,2.03
ITC,2024-07-10,451.45,-0.25
ITC,2024-07-11,458.65,1.59
ITC,2024-07-12,459.05,0.09
ITC,2024-07-15,463.4,0.95
ITC,2024-07-16,465.55,0.46
ITC,2024-07-18,470.25,1.01
ITC,2024-07-19,474.55,0.91
ITC,2024-07-22,466.55,-1.69
ITC,2024-07-23,492.2,5.5
ITC,2024-07-24,494.05,0.38
ITC,2024-07-25,489.95,-0.83
ITC,2024-07-26,502.2,2.5
ITC,2024-07-29,496.05,-1.22
ITC,2024-07-30,489.9,-1.24
ITC,2024-07-31,495.35,1.11
ITC,2024-08-01,493.7,-0.33
ITC,2024-08-02,489.1,-0.93
ITC,2024-08-05,486.0,-0.63
ITC,2024-08-06,486.3,0.06
ITC,2024-08-07,492.65,1.31
ITC,2024-08-08,494.75,0.43
ITC,2024-08-09,495.9,0.23
ITC,2024-08-12,494.6,-0.26
ITC,2024-08-13,490.0,-0.93
ITC,2024-08-14,492.2,0.45
ITC,2024-08-16,502.65,2.12
ITC,2024-08-19,501.45,-0.24
ITC,2024-08-20,498.8,-0.53
ITC,2024-08-21,505.4,1.32
ITC,2024-08-22,504.55,-0.17
ITC,2024-08-23,505.8,0.25
ITC,2024-08-26,505.7,-0.02
ITC,2024-08-27,500.6,-1.01
ITC,2024-08-28,497.3,-0.66
ITC,2024-08-29,505.1,1.57
ITC,2024-08-30,501.9,-0.63
ITC,2024-09-02,510.05,1.62
ITC,2024-09-03,509.4,-0.13
ITC,2024-09-04,506.35,-0.6
ITC,2024-09-05,511.2,0.96
ITC,2024-09-06,501.7,-1.86
ITC,2024-09-09,511.75,2.0
ITC,2024-09-10,513.6,0.36
ITC,2024-09-11,514.35,0.15
ITC,2024-09-12,519.5,1.0
ITC,2024-09-13,513.85,-1.09
ITC,2024-09-16,511.1,-0.54
ITC,2024-09-17,507.75,-0.66
ITC,2024-09-18,507.35,-0.08
ITC,2024-09-19,508.25,0.18
ITC,2024-09-20,514.4,1.21
ITC,2024-09-23,516.95,0.5
ITC,2024-09-24,515.25,-0.33
ITC,2024-09-25,517.55,0.45
ITC,2024-09-26,522.75,1.0
ITC,2024-09-27,522.7,-0.01
ITC,2024-09-30,518.15,-0.87
ITC,2024-10-01,516.2,-0.38
ITC,2024-10-03,512.75,-0.67
ITC,2024-10-04,503.55,-1.79
ITC,2024-10-07,510.2,1.32
ITC,2024-10-08,507.95,-0.44
ITC,2024-10-09,491.7,-3.2
ITC,2024-10-10,492.05,0.07
ITC,2024-10-11,488.2,-0.78
ITC,2024-10-14,496.95,1.79
ITC,2024-10-15,498.55,0.32
ITC,2024-10-16,493.2,-1.07
ITC,2024-10-17,488.9,-0.87
ITC,2024-10-18,486.7,-0.45
ITC,2024-10-21,483.65,-0.63
ITC,2024-10-22,481.8,-0.38
ITC,2024-10-23,480.35,-0.3
ITC,2024-10-24,471.7,-1.8
ITC,2024-10-25,482.3,2.25
ITC,2024-10-28,484.15,0.38
ITC,2024-10-29,487.95,0.78
ITC,2024-10-30,491.55,0.74
ITC,2024-10-31,488.8,-0.56
ITC,2024-11-01,490.3,0.31
ITC,2024-11-04,484.6,-1.16
ITC,2024-11-05,480.2,-0.91
ITC,2024-11-06,481.1,0.19
ITC,2024-11-07,477.9,-0.67
ITC,2024-11-08,478.05,0.03
ITC,2024-11-11,476.95,-0.23
ITC,2024-11-12,472.85,-0.86
ITC,2024-11-13,472.2,-0.14
ITC,2024-11-14,465.95,-1.32
ITC,2024-11-18,466.55,0.13
ITC,2024-11-19,467.35,0.17
ITC,2024-11-21,457.15,-2.18
ITC,2024-11-22,474.65,3.83
JSWSTEEL,2023-10-03,770.25,
JSWSTEEL,2023-10-04,756.6,-1.77
JSWSTEEL,2023-10-05,755.5,-0.15
JSWSTEEL,2023-10-06,765.2,1.28
JSWSTEEL,2023-10-09,757.55,-1.0
JSWSTEEL,2023-10-10,771.9,1.89
JSWSTEEL,2023-10-11,777.25,0.69
JSWSTEEL,2023-10-12,783.45,0.8
JSWSTEEL,2023-10-13,777.25,-0.79
JSWSTEEL,2023-10-16,790.7,1.73
JSWSTEEL,2023-10-17,790.15,-0.07
JSWSTEEL,2023-10-18,784.4,-0.73
JSWSTEEL,2023-10-19,780.45,-0.5
JSWSTEEL,2023-10-20,769.4,-1.42
JSWSTEEL,2023-10-23,748.95,-2.66
JSWSTEEL,2023-10-25,748.3,-0.09
JSWSTEEL,2023-10-26,728.7,-2.62
JSWSTEEL,2023-10-27,732.0,0.45
JSWSTEEL,2023-10-30,734.5,0.34
JSWSTEEL,2023-10-31,736.35,0.25
JSWSTEEL,2023-11-01,724.45,-1.62
JSWSTEEL,2023-11-02,733.35,1.23
JSWSTEEL,2023-11-03,746.05,1.73
JSWSTEEL,2023-11-06,754.0,1.07
JSWSTEEL,2023-11-07,748.6,-0.72
JSWSTEEL,2023-11-08,756.7,1.08
JSWSTEEL,2023-11-09,750.85,-0.77
JSWSTEEL,2023-11-10,754.75,0.52
JSWSTEEL,2023-11-12,756.55,0.24
JSWSTEEL,2023-11-13,761.1,0.6
JSWSTEEL,2023-11-15,772.85,1.54
JSWSTEEL,2023-11-16,769.15,-0.48
JSWSTEEL,2023-11-17,768.8,-0.05
JSWSTEEL,2023-11-20,761.85,-0.9
JSWSTEEL,2023-11-21,775.8,1.83
JSWSTEEL,2023-11-22,768.45,-0.95
JSWSTEEL,2023-11-23,775.55,0.92
JSWSTEEL,2023-11-24,782.05,0.84
JSWSTEEL,2023-11-28,782.35,0.04
JSWSTEEL,2023-11-29,793.25,1.39
JSWSTEEL,2023-11-30,801.1,0.99
JSWSTEEL,2023-12-01,810.8,1.21
JSWSTEEL,2023-12-04,819.6,1.09
JSWSTEEL,2023-12-05,821.7,0.26
JSWSTEEL,2023-12-06,824.7,0.37
JSWSTEEL,2023-12-07,819.15,-0.67
JSWSTEEL,2023-12-08,839.35,2.47
JSWSTEEL,2023-12-11,845.1,0.69
JSWSTEEL,2023-12-12,853.85,1.04
JSWSTEEL,2023-12-13,851.4,-0.29
JSWSTEEL,2023-12-14,847.4,-0.47
JSWSTEEL,2023-12-15,867.2,2.34
JSWSTEEL,2023-12-18,854.9,-1.42
JSWSTEEL,2023-12-19,858.7,0.44
JSWSTEEL,2023-12-20,842.25,-1.92
JSWSTEEL,2023-12-21,841.9,-0.04
JSWSTEEL,2023-12-22,855.3,1.59
JSWSTEEL,2023-12-26,852.3,-0.35
JSWSTEEL,2023-12-27,875.9,2.77
JSWSTEEL,2023-12-28,880.8,0.56
JSWSTEEL,2023-12-29,880.25,-0.06
JSWSTEEL,2024-01-01,877.6,-0.3
JSWSTEEL,2024-01-02,870.2,-0.84
JSWSTEEL,2024-01-03,837.65,-3.74
JSWSTEEL,2024-01-04,837.1,-0.07
JSWSTEEL,2024-01-05,829.4,-0.92
JSWSTEEL,2024-01-08,821.95,-0.9
JSWSTEEL,2024-01-09,821.4,-0.07
JSWSTEEL,2024-01-10,829.8,1.02
JSWSTEEL,2024-01-11,822.05,-0.93
JSWSTEEL,2024-01-12,825.8,0.46
JSWSTEEL,2024-01-15,825.15,-0.08
JSWSTEEL,2024-01-16,832.3,0.87
JSWSTEEL,2024-01-17,812.65,-2.36
JSWSTEEL,2024-01-18,803.65,-1.11
JSWSTEEL,2024-01-19,816.65,1.62
JSWSTEEL,2024-01-20,808.2,-1.03
JSWSTEEL,2024-01-23,790.4,-2.2
JSWSTEEL,2024-01-24,812.2,2.76
JSWSTEEL,2024-01-25,815.7,0.43
JSWSTEEL,2024-01-29,811.7,-0.49
JSWSTEEL,2024-01-30,812.0,0.04
JSWSTEEL,2024-01-31,818.65,0.82
JSWSTEEL,2024-02-01,801.7,-2.07
JSWSTEEL,2024-02-02,823.55,2.73
JSWSTEEL,2024-02-05,814.65,-1.08
JSWSTEEL,2024-02-06,818.75,0.5
JSWSTEEL,2024-02-07,836.6,2.18
JSWSTEEL,2024-02-08,822.1,-1.73
JSWSTEEL,2024-02-09,811.75,-1.26
JSWSTEEL,2024-02-12,811.5,-0.03
JSWSTEEL,2024-02-13,812.65,0.14
JSWSTEEL,2024-02-14,813.25,0.07
JSWSTEEL,2024-02-15,812.35,-0.11
JSWSTEEL,2024-02-16,819.95,0.94
JSWSTEEL,2024-02-19,820.2,0.03
JSWSTEEL,2024-02-20,821.2,0.12
JSWSTEEL,2024-02-21,828.25,0.86
JSWSTEEL,2024-02-22,828.65,0.05
JSWSTEEL,2024-02-23,821.0,-0.92
JSWSTEEL,2024-02-26,808.75,-1.49
JSWSTEEL,2024-02-27,818.95,1.26
JSWSTEEL,2024-02-28,798.6,-2.48
JSWSTEEL,2024-02-29,800.1,0.19
JSWSTEEL,2024-03-01,836.2,4.51
JSWSTEEL,2024-03-02,844.95,1.05
JSWSTEEL,2024-03-04,824.3,-2.44
JSWSTEEL,2024-03-05,819.3,-0.61
JSWSTEEL,2024-03-06,812.9,-0.78
JSWSTEEL,2024-03-07,830.0,2.1
JSWSTEEL,2024-03-11,829.8,-0.02
JSWSTEEL,2024-03-12,817.8,-1.45
JSWSTEEL,2024-03-13,792.95,-3.04
JSWSTEEL,2024-03-14,785.45,-0.95
JSWSTEEL,2024-03-15,780.65,-0.61
JSWSTEEL,2024-03-18,804.4,3.04
JSWSTEEL,2024-03-19,801.05,-0.42
JSWSTEEL,2024-03-20,794.65,-0.8
JSWSTEEL,2024-03-21,812.35,2.23
JSWSTEEL,2024-03-22,824.8,1.53
JSWSTEEL,2024-03-26,821.9,-0.35
JSWSTEEL,2024-03-27,818.05,-0.47
JSWSTEEL,2024-03-28,830.2,1.49
JSWSTEEL,2024-04-01,871.95,5.03
JSWSTEEL,2024-04-02,879.25,0.84
JSWSTEEL,2024-04-03,869.0,-1.17
JSWSTEEL,2024-04-04,862.5,-0.75
JSWSTEEL,2024-04-05,857.1,-0.63
JSWSTEEL,2024-04-08,876.45,2.26
JSWSTEEL,2024-04-09,874.6,-0.21
JSWSTEEL,2024-04-10,883.95,1.07
JSWSTEEL,2024-04-12,866.45,-1.98
JSWSTEEL,2024-04-15,860.45,-0.69
JSWSTEEL,2024-04-16,845.25,-1.77
JSWSTEEL,2024-04-18,844.8,-0.05
JSWSTEEL,2024-04-19,864.8,2.37
JSWSTEEL,2024-04-22,854.8,-1.16
JSWSTEEL,2024-04-23,851.35,-0.4
JSWSTEEL,2024-04-24,882.7,3.68
JSWSTEEL,2024-04-25,905.8,2.62
JSWSTEEL,2024-04-26,887.25,-2.05
JSWSTEEL,2024-04-29,895.75,0.96
JSWSTEEL,2024-04-30,882.2,-1.51
JSWSTEEL,2024-05-02,890.35,0.92
JSWSTEEL,2024-05-03,874.2,-1.81
JSWSTEEL,2024-05-06,880.65,0.74
JSWSTEEL,2024-05-07,857.35,-2.65
JSWSTEEL,2024-05-08,864.65,0.85
JSWSTEEL,2024-05-09,834.55,-3.48
JSWSTEEL,2024-05-10,853.6,2.28
JSWSTEEL,2024-05-13,860.6,0.82
JSWSTEEL,2024-05-14,881.5,2.43
JSWSTEEL,2024-05-15,870.95,-1.2
JSWSTEEL,2024-05-16,886.4,1.77
JSWSTEEL,2024-05-17,907.45,2.37
JSWSTEEL,2024-05-18,890.8,-1.83
JSWSTEEL,2024-05-21,923.45,3.67
JSWSTEEL,2024-05-22,915.8,-0.83
JSWSTEEL,2024-05-23,917.0,0.13
JSWSTEEL,2024-05-24,908.65,-0.91
JSWSTEEL,2024-05-27,901.95,-0.74
JSWSTEEL,2024-05-28,907.35,0.6
JSWSTEEL,2024-05-29,901.9,-0.6
JSWSTEEL,2024-05-30,883.7,-2.02
JSWSTEEL,2024-05-31,880.55,-0.36
JSWSTEEL,2024-06-03,915.3,3.95
JSWSTEEL,2024-06-04,841.85,-8.02
JSWSTEEL,2024-06-05,878.4,4.34
JSWSTEEL,2024-06-06,888.1,1.1
JSWSTEEL,2024-06-07,912.15,2.71
JSWSTEEL,2024-06-10,915.9,0.41
JSWSTEEL,2024-06-11,910.1,-0.63
JSWSTEEL,2024-06-12,916.9,0.75
JSWSTEEL,2024-06-13,915.75,-0.13
JSWSTEEL,2024-06-14,921.15,0.59
JSWSTEEL,2024-06-18,925.35,0.46
JSWSTEEL,2024-06-19,914.95,-1.12
JSWSTEEL,2024-06-20,929.65,1.61
JSWSTEEL,2024-06-21,936.9,0.78
JSWSTEEL,2024-06-24,935.35,-0.17
JSWSTEEL,2024-06-25,929.9,-0.58
JSWSTEEL,2024-06-26,919.2,-1.15
JSWSTEEL,2024-06-27,943.15,2.61
JSWSTEEL,2024-06-28,931.5,-1.24
JSWSTEEL,2024-07-01,943.9,1.33
JSWSTEEL,2024-07-02,938.25,-0.6
JSWSTEEL,2024-07-03,950.4,1.29
JSWSTEEL,2024-07-04,944.35,-0.64
JSWSTEEL,2024-07-05,954.05,1.03
JSWSTEEL,2024-07-08,939.2,-1.56
JSWSTEEL,2024-07-09,935.3,-0.42
JSWSTEEL,2024-07-10,925.4,-1.06
JSWSTEEL,2024-07-11,925.0,-0.04
JSWSTEEL,2024-07-12,934.4,1.02
JSWSTEEL,2024-07-15,931.7,-0.29
JSWSTEEL,2024-07-16,934.35,0.28
JSWSTEEL,2024-07-18,931.45,-0.31
JSWSTEEL,2024-07-19,889.45,-4.51
JSWSTEEL,2024-07-22,888.55,-0.1
JSWSTEEL,2024-07-23,893.95,0.61
JSWSTEEL,2024-07-24,881.35,-1.41
JSWSTEEL,2024-07-25,874.5,-0.78
JSWSTEEL,2024-07-26,900.55,2.98
JSWSTEEL,2024-07-29,898.55,-0.22
JSWSTEEL,2024-07-30,902.1,0.4
JSWSTEEL,2024-07-31,928.25,2.9
JSWSTEEL,2024-08-01,934.55,0.68
JSWSTEEL,2024-08-02,899.55,-3.75
JSWSTEEL,2024-08-05,863.8,-3.97
JSWSTEEL,2024-08-06,884.0,2.34
JSWSTEEL,2024-08-07,906.45,2.54
JSWSTEEL,2024-08-08,887.55,-2.09
JSWSTEEL,2024-08-09,905.1,1.98
JSWSTEEL,2024-08-12,917.35,1.35
JSWSTEEL,2024-08-13,907.85,-1.04
JSWSTEEL,2024-08-14,890.3,-1.93
JSWSTEEL,2024-08-16,908.45,2.04
JSWSTEEL,2024-08-19,917.75,1.02
JSWSTEEL,2024-08-20,917.15,-0.07
JSWSTEEL,2024-08-21,925.8,0.94
JSWSTEEL,2024-08-22,933.25,0.8
JSWSTEEL,2024-08-23,941.05,0.84
JSWSTEEL,2024-08-26,963.5,2.39
JSWSTEEL,2024-08-27,944.0,-2.02
JSWSTEEL,2024-08-28,949.25,0.56
JSWSTEEL,2024-08-29,939.7,-1.01
JSWSTEEL,2024-08-30,941.1,0.15
JSWSTEEL,2024-09-02,940.45,-0.07
JSWSTEEL,2024-09-03,930.95,-1.01
JSWSTEEL,2024-09-04,933.05,0.23
JSWSTEEL,2024-09-05,925.45,-0.81
JSWSTEEL,2024-09-06,932.8,0.79
JSWSTEEL,2024-09-09,934.25,0.16
JSWSTEEL,2024-09-10,938.75,0.48
JSWSTEEL,2024-09-11,927.75,-1.17
JSWSTEEL,2024-09-12,954.8,2.92
JSWSTEEL,2024-09-13,954.55,-0.03
JSWSTEEL,2024-09-16,971.0,1.72
JSWSTEEL,2024-09-17,964.25,-0.7
JSWSTEEL,2024-09-18,956.7,-0.78
JSWSTEEL,2024-09-19,948.4,-0.87
JSWSTEEL,2024-09-20,981.55,3.5
JSWSTEEL,2024-09-23,982.1,0.06
JSWSTEEL,2024-09-24,989.7,0.77
JSWSTEEL,2024-09-25,982.65,-0.71
JSWSTEEL,2024-09-26,1005.55,2.33
JSWSTEEL,2024-09-27,1001.55,-0.4
JSWSTEEL,2024-09-30,1030.05,2.85
JSWSTEEL,2024-10-01,1027.3,-0.27
JSWSTEEL,2024-10-03,1039.1,1.15
JSWSTEEL,2024-10-04,1033.75,-0.51
JSWSTEEL,2024-10-07,1018.75,-1.45
JSWSTEEL,2024-10-08,998.2,-2.02
JSWSTEEL,2024-10-09,994.5,-0.37
JSWSTEEL,2024-10-10,1007.4,1.3
JSWSTEEL,2024-10-11,1012.05,0.46
JSWSTEEL,2024-10-14,1012.5,0.04
JSWSTEEL,2024-10-15,1000.85,-1.15
JSWSTEEL,2024-10-16,989.35,-1.15
JSWSTEEL,2024-10-17,979.5,-1.0
JSWSTEEL,2024-10-18,992.6,1.34
JSWSTEEL,2024-10-21,981.45,-1.12
JSWSTEEL,2024-10-22,963.65,-1.81
JSWSTEEL,2024-10-23,954.45,-0.95
JSWSTEEL,2024-10-24,958.1,0.38
JSWSTEEL,2024-10-25,943.85,-1.49
JSWSTEEL,2024-10-28,967.25,2.48
JSWSTEEL,2024-10-29,958.8,-0.87
JSWSTEEL,2024-10-30,957.3,-0.16
JSWSTEEL,2024-10-31,963.65,0.66
JSWSTEEL,2024-11-01,968.3,0.48
JSWSTEEL,2024-11-04,954.9,-1.38
JSWSTEEL,2024-11-05,999.5,4.67
JSWSTEEL,2024-11-06,1008.65,0.92
JSWSTEEL,2024-11-07,989.8,-1.87
JSWSTEEL,2024-11-08,996.4,0.67
JSWSTEEL,2024-11-11,979.0,-1.75
JSWSTEEL,2024-11-12,957.25,-2.22
JSWSTEEL,2024-11-13,935.95,-2.23
JSWSTEEL,2024-11-14,939.05,0.33
JSWSTEEL,2024-11-18,949.85,1.15
JSWSTEEL,2024-11-19,947.3,-0.27
JSWSTEEL,2024-11-21,944.15,-0.33
JSWSTEEL,2024-11-22,977.35,3.52
KOTAKBANK,2023-10-03,1727.05,
KOTAKBANK,2023-10-04,1722.05,-0.29
KOTAKBANK,2023-10-05,1734.25,0.71
KOTAKBANK,2023-10-06,1743.9,0.56
KOTAKBANK,2023-10-09,1719.3,-1.41
KOTAKBANK,2023-10-10,1756.1,2.14
KOTAKBANK,2023-10-11,1771.4,0.87
KOTAKBANK,2023-10-12,1763.85,-0.43
KOTAKBANK,2023-10-13,1762.0,-0.1
KOTAKBANK,2023-10-16,1749.75,-0.7
KOTAKBANK,2023-10-17,1771.55,1.25
KOTAKBANK,2023-10-18,1753.4,-1.02
KOTAKBANK,2023-10-19,1738.45,-0.85
KOTAKBANK,2023-10-20,1769.6,1.79
KOTAKBANK,2023-10-23,1740.75,-1.63
KOTAKBANK,2023-10-25,1728.05,-0.73
KOTAKBANK,2023-10-26,1694.85,-1.92
KOTAKBANK,2023-10-27,1702.7,0.46
KOTAKBANK,2023-10-30,1717.5,0.87
KOTAKBANK,2023-10-31,1739.4,1.28
KOTAKBANK,2023-11-01,1724.4,-0.86
KOTAKBANK,2023-11-02,1737.7,0.77
KOTAKBANK,2023-11-03,1733.25,-0.26
KOTAKBANK,2023-11-06,1740.2,0.4
KOTAKBANK,2023-11-07,1751.25,0.63
KOTAKBANK,2023-11-08,1746.25,-0.29
KOTAKBANK,2023-11-09,1744.95,-0.07
KOTAKBANK,2023-11-10,1745.45,0.03
KOTAKBANK,2023-11-12,1752.5,0.4
KOTAKBANK,2023-11-13,1748.2,-0.25
KOTAKBANK,2023-11-15,1769.5,1.22
KOTAKBANK,2023-11-16,1772.85,0.19
KOTAKBANK,2023-11-17,1764.6,-0.47
KOTAKBANK,2023-11-20,1770.55,0.34
KOTAKBANK,2023-11-21,1767.2,-0.19
KOTAKBANK,2023-11-22,1745.65,-1.22
KOTAKBANK,2023-11-23,1739.3,-0.36
KOTAKBANK,2023-11-24,1744.0,0.27
KOTAKBANK,2023-11-28,1742.25,-0.1
KOTAKBANK,2023-11-29,1753.45,0.64
KOTAKBANK,2023-11-30,1755.45,0.11
KOTAKBANK,2023-12-01,1750.5,-0.28
KOTAKBANK,2023-12-04,1818.55,3.89
KOTAKBANK,2023-12-05,1828.45,0.54
KOTAKBANK,2023-12-06,1821.4,-0.39
KOTAKBANK,2023-12-07,1826.85,0.3
KOTAKBANK,2023-12-08,1838.45,0.63
KOTAKBANK,2023-12-11,1844.05,0.3
KOTAKBANK,2023-12-12,1824.35,-1.07
KOTAKBANK,2023-12-13,1826.2,0.1
KOTAKBANK,2023-12-14,1853.85,1.51
KOTAKBANK,2023-12-15,1850.6,-0.18
KOTAKBANK,2023-12-18,1846.95,-0.2
KOTAKBANK,2023-12-19,1846.55,-0.02
KOTAKBANK,2023-12-20,1826.5,-1.09
KOTAKBANK,2023-12-21,1852.7,1.43
KOTAKBANK,2023-12-22,1860.5,0.42
KOTAKBANK,2023-12-26,1886.85,1.42
KOTAKBANK,2023-12-27,1902.35,0.82
KOTAKBANK,2023-12-28,1921.35,1.0
KOTAKBANK,2023-12-29,1908.1,-0.69
KOTAKBANK,2024-01-01,1909.15,0.06
KOTAKBANK,2024-01-02,1865.05,-2.31
KOTAKBANK,2024-01-03,1865.9,0.05
KOTAKBANK,2024-01-04,1863.6,-0.12
KOTAKBANK,2024-01-05,1847.6,-0.86
KOTAKBANK,2024-01-08,1826.1,-1.16
KOTAKBANK,2024-01-09,1826.65,0.03
KOTAKBANK,2024-01-10,1820.8,-0.32
KOTAKBANK,2024-01-11,1822.85,0.11
KOTAKBANK,2024-01-12,1833.25,0.57
KOTAKBANK,2024-01-15,1851.5,1.0
KOTAKBANK,2024-01-16,1848.0,-0.19
KOTAKBANK,2024-01-17,1779.65,-3.7
KOTAKBANK,2024-01-18,1777.25,-0.13
KOTAKBANK,2024-01-19,1764.3,-0.73
KOTAKBANK,2024-01-20,1806.8,2.41
KOTAKBANK,2024-01-23,1784.5,-1.23
KOTAKBANK,2024-01-24,1788.6,0.23
KOTAKBANK,2024-01-25,1768.4,-1.13
KOTAKBANK,2024-01-29,1822.9,3.08
KOTAKBANK,2024-01-30,1823.6,0.04
KOTAKBANK,2024-01-31,1825.25,0.09
KOTAKBANK,2024-02-01,1822.75,-0.14
KOTAKBANK,2024-02-02,1822.95,0.01
KOTAKBANK,2024-02-05,1808.35,-0.8
KOTAKBANK,2024-02-06,1787.0,-1.18
KOTAKBANK,2024-02-07,1792.6,0.31
KOTAKBANK,2024-02-08,1729.7,-3.51
KOTAKBANK,2024-02-09,1742.45,0.74
KOTAKBANK,2024-02-12,1709.55,-1.89
KOTAKBANK,2024-02-13,1737.15,1.61
KOTAKBANK,2024-02-14,1748.95,0.68
KOTAKBANK,2024-02-15,1739.25,-0.55
KOTAKBANK,2024-02-16,1735.25,-0.23
KOTAKBANK,2024-02-19,1731.4,-0.22
KOTAKBANK,2024-02-20,1762.5,1.8
KOTAKBANK,2024-02-21,1746.1,-0.93
KOTAKBANK,2024-02-22,1724.75,-1.22
KOTAKBANK,2024-02-23,1724.0,-0.04
KOTAKBANK,2024-02-26,1706.3,-1.03
KOTAKBANK,2024-02-27,1706.75,0.03
KOTAKBANK,2024-02-28,1683.6,-1.36
KOTAKBANK,2024-02-29,1689.45,0.35
KOTAKBANK,2024-03-01,1727.7,2.26
KOTAKBANK,2024-03-02,1723.7,-0.23
KOTAKBANK,2024-03-04,1727.2,0.2
KOTAKBANK,2024-03-05,1715.7,-0.67
KOTAKBANK,2024-03-06,1759.75,2.57
KOTAKBANK,2024-03-07,1748.05,-0.66
KOTAKBANK,2024-03-11,1729.65,-1.05
KOTAKBANK,2024-03-12,1720.35,-0.54
KOTAKBANK,2024-03-13,1729.55,0.53
KOTAKBANK,2024-03-14,1742.4,0.74
KOTAKBANK,2024-03-15,1738.3,-0.24
KOTAKBANK,2024-03-18,1737.9,-0.02
KOTAKBANK,2024-03-19,1749.65,0.68
KOTAKBANK,2024-03-20,1765.4,0.9
KOTAKBANK,2024-03-21,1772.15,0.38
KOTAKBANK,2024-03-22,1776.4,0.24
KOTAKBANK,2024-03-26,1753.7,-1.28
KOTAKBANK,2024-03-27,1775.6,1.25
KOTAKBANK,2024-03-28,1785.5,0.56
KOTAKBANK,2024-04-01,1790.7,0.29
KOTAKBANK,2024-04-02,1757.4,-1.86
KOTAKBANK,2024-04-03,1731.15,-1.49
KOTAKBANK,2024-04-04,1749.15,1.04
KOTAKBANK,2024-04-05,1785.15,2.06
KOTAKBANK,2024-04-08,1788.4,0.18
KOTAKBANK,2024-04-09,1780.6,-0.44
KOTAKBANK,2024-04-10,1825.95,2.55
KOTAKBANK,2024-04-12,1813.05,-0.71
KOTAKBANK,2024-04-15,1798.15,-0.82
KOTAKBANK,2024-04-16,1792.6,-0.31
KOTAKBANK,2024-04-18,1786.75,-0.33
KOTAKBANK,2024-04-19,1792.65,0.33
KOTAKBANK,2024-04-22,1809.95,0.97
KOTAKBANK,2024-04-23,1813.05,0.17
KOTAKBANK,2024-04-24,1842.8,1.64
KOTAKBANK,2024-04-25,1642.45,-10.87
KOTAKBANK,2024-04-26,1608.5,-2.07
KOTAKBANK,2024-04-29,1640.4,1.98
KOTAKBANK,2024-04-30,1623.95,-1.0
KOTAKBANK,2024-05-02,1575.65,-2.97
KOTAKBANK,2024-05-03,1546.7,-1.84
KOTAKBANK,2024-05-06,1624.3,5.02
KOTAKBANK,2024-05-07,1643.9,1.21
KOTAKBANK,2024-05-08,1648.35,0.27
KOTAKBANK,2024-05-09,1643.1,-0.32
KOTAKBANK,2024-05-10,1627.95,-0.92
KOTAKBANK,2024-05-13,1641.2,0.81
KOTAKBANK,2024-05-14,1646.3,0.31
KOTAKBANK,2024-05-15,1650.8,0.27
KOTAKBANK,2024-05-16,1672.05,1.29
KOTAKBANK,2024-05-17,1696.55,1.47
KOTAKBANK,2024-05-18,1696.95,0.02
KOTAKBANK,2024-05-21,1698.25,0.08
KOTAKBANK,2024-05-22,1699.55,0.08
KOTAKBANK,2024-05-23,1709.05,0.56
KOTAKBANK,2024-05-24,1703.45,-0.33
KOTAKBANK,2024-05-27,1711.0,0.44
KOTAKBANK,2024-05-28,1703.65,-0.43
KOTAKBANK,2024-05-29,1687.85,-0.93
KOTAKBANK,2024-05-30,1690.1,0.13
KOTAKBANK,2024-05-31,1680.4,-0.57
KOTAKBANK,2024-06-03,1718.05,2.24
KOTAKBANK,2024-06-04,1637.95,-4.66
KOTAKBANK,2024-06-05,1718.1,4.89
KOTAKBANK,2024-06-06,1734.7,0.97
KOTAKBANK,2024-06-07,1753.7,1.1
KOTAKBANK,2024-06-10,1745.65,-0.46
KOTAKBANK,2024-06-11,1720.0,-1.47
KOTAKBANK,2024-06-12,1715.75,-0.25
KOTAKBANK,2024-06-13,1726.35,0.62
KOTAKBANK,2024-06-14,1717.2,-0.53
KOTAKBANK,2024-06-18,1719.4,0.13
KOTAKBANK,2024-06-19,1746.7,1.59
KOTAKBANK,2024-06-20,1766.25,1.12
KOTAKBANK,2024-06-21,1775.65,0.53
KOTAKBANK,2024-06-24,1772.55,-0.17
KOTAKBANK,2024-06-25,1781.9,0.53
KOTAKBANK,2024-06-26,1798.15,0.91
KOTAKBANK,2024-06-27,1830.55,1.8
KOTAKBANK,2024-06-28,1802.5,-1.53
KOTAKBANK,2024-07-01,1808.1,0.31
KOTAKBANK,2024-07-02,1769.6,-2.13
KOTAKBANK,2024-07-03,1810.7,2.32
KOTAKBANK,2024-07-04,1833.85,1.28
KOTAKBANK,2024-07-05,1852.7,1.03
KOTAKBANK,2024-07-08,1853.2,0.03
KOTAKBANK,2024-07-09,1847.85,-0.29
KOTAKBANK,2024-07-10,1829.85,-0.97
KOTAKBANK,2024-07-11,1844.5,0.8
KOTAKBANK,2024-07-12,1832.85,-0.63
KOTAKBANK,2024-07-15,1843.55,0.58
KOTAKBANK,2024-07-16,1805.3,-2.07
KOTAKBANK,2024-07-18,1826.75,1.19
KOTAKBANK,2024-07-19,1821.6,-0.28
KOTAKBANK,2024-07-22,1757.55,-3.52
KOTAKBANK,2024-07-23,1768.9,0.65
KOTAKBANK,2024-07-24,1746.2,-1.28
KOTAKBANK,2024-07-25,1775.15,1.66
KOTAKBANK,2024-07-26,1813.85,2.18
KOTAKBANK,2024-07-29,1793.9,-1.1
KOTAKBANK,2024-07-30,1786.1,-0.43
KOTAKBANK,2024-07-31,1807.9,1.22
KOTAKBANK,2024-08-01,1792.65,-0.84
KOTAKBANK,2024-08-02,1803.45,0.6
KOTAKBANK,2024-08-05,1773.65,-1.65
KOTAKBANK,2024-08-06,1770.55,-0.17
KOTAKBANK,2024-08-07,1776.55,0.34
KOTAKBANK,2024-08-08,1772.75,-0.21
KOTAKBANK,2024-08-09,1769.65,-0.17
KOTAKBANK,2024-08-12,1772.55,0.16
KOTAKBANK,2024-08-13,1752.05,-1.16
KOTAKBANK,2024-08-14,1747.9,-0.24
KOTAKBANK,2024-08-16,1777.3,1.68
KOTAKBANK,2024-08-19,1781.35,0.23
KOTAKBANK,2024-08-20,1805.65,1.36
KOTAKBANK,2024-08-21,1812.95,0.4
KOTAKBANK,2024-08-22,1821.5,0.47
KOTAKBANK,2024-08-23,1818.0,-0.19
KOTAKBANK,2024-08-26,1812.5,-0.3
KOTAKBANK,2024-08-27,1803.35,-0.5
KOTAKBANK,2024-08-28,1791.3,-0.67
KOTAKBANK,2024-08-29,1777.25,-0.78
KOTAKBANK,2024-08-30,1780.8,0.2
KOTAKBANK,2024-09-02,1780.25,-0.03
KOTAKBANK,2024-09-03,1783.8,0.2
KOTAKBANK,2024-09-04,1783.8,0.0
KOTAKBANK,2024-09-05,1777.95,-0.33
KOTAKBANK,2024-09-06,1764.15,-0.78
KOTAKBANK,2024-09-09,1790.15,1.47
KOTAKBANK,2024-09-10,1791.6,0.08
KOTAKBANK,2024-09-11,1789.25,-0.13
KOTAKBANK,2024-09-12,1827.45,2.13
KOTAKBANK,2024-09-13,1820.35,-0.39
KOTAKBANK,2024-09-16,1831.3,0.6
KOTAKBANK,2024-09-17,1846.65,0.84
KOTAKBANK,2024-09-18,1839.7,-0.38
KOTAKBANK,2024-09-19,1871.95,1.75
KOTAKBANK,2024-09-20,1904.5,1.74
KOTAKBANK,2024-09-23,1934.7,1.59
KOTAKBANK,2024-09-24,1914.7,-1.03
KOTAKBANK,2024-09-25,1897.95,-0.87
KOTAKBANK,2024-09-26,1902.3,0.23
KOTAKBANK,2024-09-27,1872.45,-1.57
KOTAKBANK,2024-09-30,1853.95,-0.99
KOTAKBANK,2024-10-01,1879.4,1.37
KOTAKBANK,2024-10-03,1822.8,-3.01
KOTAKBANK,2024-10-04,1809.0,-0.76
KOTAKBANK,2024-10-07,1790.25,-1.04
KOTAKBANK,2024-10-08,1803.4,0.73
KOTAKBANK,2024-10-09,1800.8,-0.14
KOTAKBANK,2024-10-10,1876.1,4.18
KOTAKBANK,2024-10-11,1882.4,0.34
KOTAKBANK,2024-10-14,1910.8,1.51
KOTAKBANK,2024-10-15,1895.2,-0.82
KOTAKBANK,2024-10-16,1876.35,-0.99
KOTAKBANK,2024-10-17,1864.05,-0.66
KOTAKBANK,2024-10-18,1871.05,0.38
KOTAKBANK,2024-10-21,1789.2,-4.37
KOTAKBANK,2024-10-22,1763.15,-1.46
KOTAKBANK,2024-10-23,1767.8,0.26
KOTAKBANK,2024-10-24,1762.2,-0.32
KOTAKBANK,2024-10-25,1768.85,0.38
KOTAKBANK,2024-10-28,1749.85,-1.07
KOTAKBANK,2024-10-29,1760.2,0.59
KOTAKBANK,2024-10-30,1734.6,-1.45
KOTAKBANK,2024-10-31,1731.1,-0.2
KOTAKBANK,2024-11-01,1744.4,0.77
KOTAKBANK,2024-11-04,1729.35,-0.86
KOTAKBANK,2024-11-05,1757.15,1.61
KOTAKBANK,2024-11-06,1762.6,0.31
KOTAKBANK,2024-11-07,1746.9,-0.89
KOTAKBANK,2024-11-08,1745.8,-0.06
KOTAKBANK,2024-11-11,1744.0,-0.1
KOTAKBANK,2024-11-12,1721.4,-1.3
KOTAKBANK,2024-11-13,1687.85,-1.95
KOTAKBANK,2024-11-14,1707.9,1.19
KOTAKBANK,2024-11-18,1722.75,0.87
KOTAKBANK,2024-11-19,1727.75,0.29
KOTAKBANK,2024-11-21,1737.1,0.54
KOTAKBANK,2024-11-22,1761.45,1.4
LT,2023-10-03,3073.25,
LT,2023-10-04,3027.75,-1.48
LT,2023-10-05,3096.05,2.26
LT,2023-10-06,3093.7,-0.08
LT,2023-10-09,3074.7,-0.61
LT,2023-10-10,3076.0,0.04
LT,2023-10-11,3088.7,0.41
LT,2023-10-12,3081.75,-0.23
LT,2023-10-13,3089.6,0.25
LT,2023-10-16,3101.9,0.4
LT,2023-10-17,3066.3,-1.15
LT,2023-10-18,3045.6,-0.68
LT,2023-10-19,3054.4,0.29
LT,2023-10-20,3012.35,-1.38
LT,2023-10-23,2958.3,-1.79
LT,2023-10-25,2916.1,-1.43
LT,2023-10-26,2864.6,-1.77
LT,2023-10-27,2901.9,1.3
LT,2023-10-30,2926.35,0.84
LT,2023-10-31,2929.05,0.09
LT,2023-11-01,2895.3,-1.15
LT,2023-11-02,2918.1,0.79
LT,2023-11-03,2911.25,-0.23
LT,2023-11-06,2975.45,2.21
LT,2023-11-07,2961.3,-0.48
LT,2023-11-08,2996.45,1.19
LT,2023-11-09,3024.85,0.95
LT,2023-11-10,3033.25,0.28
LT,2023-11-12,3052.0,0.62
LT,2023-11-13,3048.5,-0.11
LT,2023-11-15,3064.95,0.54
LT,2023-11-16,3051.15,-0.45
LT,2023-11-17,3109.0,1.9
LT,2023-11-20,3088.8,-0.65
LT,2023-11-21,3074.85,-0.45
LT,2023-11-22,3082.3,0.24
LT,2023-11-23,3045.65,-1.19
LT,2023-11-24,3054.25,0.28
LT,2023-11-28,3050.0,-0.14
LT,2023-11-29,3083.75,1.11
LT,2023-11-30,3109.2,0.83
LT,2023-12-01,3190.65,2.62
LT,2023-12-04,3313.55,3.85
LT,2023-12-05,3315.45,0.06
LT,2023-12-06,3392.3,2.32
LT,2023-12-07,3355.6,-1.08
LT,2023-12-08,3378.45,0.68
LT,2023-12-11,3385.8,0.22
LT,2023-12-12,3342.4,-1.28
LT,2023-12-13,3399.8,1.72
LT,2023-12-14,3433.1,0.98
LT,2023-12-15,3488.0,1.6
LT,2023-12-18,3491.6,0.1
LT,2023-12-19,3498.95,0.21
LT,2023-12-20,3418.5,-2.3
LT,2023-12-21,3424.15,0.17
LT,2023-12-22,3477.95,1.57
LT,2023-12-26,3490.05,0.35
LT,2023-12-27,3544.0,1.55
LT,2023-12-28,3518.05,-0.73
LT,2023-12-29,3526.0,0.23
LT,2024-01-01,3525.45,-0.02
LT,2024-01-02,3438.1,-2.48
LT,2024-01-03,3440.35,0.07
LT,2024-01-04,3458.7,0.53
LT,2024-01-05,3521.9,1.83
LT,2024-01-08,3501.1,-0.59
LT,2024-01-09,3555.95,1.57
LT,2024-01-10,3545.5,-0.29
LT,2024-01-11,3504.85,-1.15
LT,2024-01-12,3568.8,1.82
LT,2024-01-15,3543.05,-0.72
LT,2024-01-16,3573.5,0.86
LT,2024-01-17,3570.95,-0.07
LT,2024-01-18,3596.0,0.7
LT,2024-01-19,3646.0,1.39
LT,2024-01-20,3634.5,-0.32
LT,2024-01-23,3551.0,-2.3
LT,2024-01-24,3589.2,1.08
LT,2024-01-25,3593.45,0.12
LT,2024-01-29,3708.0,3.19
LT,2024-01-30,3633.3,-2.01
LT,2024-01-31,3479.75,-4.23
LT,2024-02-01,3398.0,-2.35
LT,2024-02-02,3376.05,-0.65
LT,2024-02-05,3341.75,-1.02
LT,2024-02-06,3424.25,2.47
LT,2024-02-07,3394.7,-0.86
LT,2024-02-08,3335.5,-1.74
LT,2024-02-09,3324.55,-0.33
LT,2024-02-12,3299.55,-0.75
LT,2024-02-13,3321.5,0.67
LT,2024-02-14,3309.0,-0.38
LT,2024-02-15,3300.3,-0.26
LT,2024-02-16,3386.75,2.62
LT,2024-02-19,3339.85,-1.38
LT,2024-02-20,3356.75,0.51
LT,2024-02-21,3296.4,-1.8
LT,2024-02-22,3363.75,2.04
LT,2024-02-23,3387.95,0.72
LT,2024-02-26,3470.15,2.43
LT,2024-02-27,3506.45,1.05
LT,2024-02-28,3470.2,-1.03
LT,2024-02-29,3477.55,0.21
LT,2024-03-01,3633.5,4.48
LT,2024-03-02,3655.25,0.6
LT,2024-03-04,3644.45,-0.3
LT,2024-03-05,3612.6,-0.87
LT,2024-03-06,3642.2,0.82
LT,2024-03-07,3676.95,0.95
LT,2024-03-11,3640.6,-0.99
LT,2024-03-12,3621.65,-0.52
LT,2024-03-13,3538.55,-2.29
LT,2024-03-14,3608.2,1.97
LT,2024-03-15,3537.15,-1.97
LT,2024-03-18,3561.2,0.68
LT,2024-03-19,3501.7,-1.67
LT,2024-03-20,3509.7,0.23
LT,2024-03-21,3560.0,1.43
LT,2024-03-22,3617.8,1.62
LT,2024-03-26,3670.1,1.45
LT,2024-03-27,3706.4,0.99
LT,2024-03-28,3763.9,1.55
LT,2024-04-01,3838.0,1.97
LT,2024-04-02,3807.4,-0.8
LT,2024-04-03,3782.45,-0.66
LT,2024-04-04,3797.85,0.41
LT,2024-04-05,3743.1,-1.44
LT,2024-04-08,3807.85,1.73
LT,2024-04-09,3785.25,-0.59
LT,2024-04-10,3753.2,-0.85
LT,2024-04-12,3679.25,-1.97
LT,2024-04-15,3600.8,-2.13
LT,2024-04-16,3543.45,-1.59
LT,2024-04-18,3550.95,0.21
LT,2024-04-19,3518.35,-0.92
LT,2024-04-22,3612.7,2.68
LT,2024-04-23,3610.15,-0.07
LT,2024-04-24,3634.85,0.68
LT,2024-04-25,3652.3,0.48
LT,2024-04-26,3605.2,-1.29
LT,2024-04-29,3634.3,0.81
LT,2024-04-30,3594.3,-1.1
LT,2024-05-02,3599.5,0.14
LT,2024-05-03,3499.8,-2.77
LT,2024-05-06,3463.3,-1.04
LT,2024-05-07,3427.75,-1.03
LT,2024-05-08,3486.85,1.72
LT,2024-05-09,3275.45,-6.06
LT,2024-05-10,3271.45,-0.12
LT,2024-05-13,3293.85,0.68
LT,2024-05-14,3379.45,2.6
LT,2024-05-15,3411.3,0.94
LT,2024-05-16,3460.6,1.45
LT,2024-05-17,3450.75,-0.28
LT,2024-05-18,3464.2,0.39
LT,2024-05-21,3440.95,-0.67
LT,2024-05-22,3460.85,0.58
LT,2024-05-23,3585.4,3.6
LT,2024-05-24,3625.9,1.13
LT,2024-05-27,3652.0,0.72
LT,2024-05-28,3658.2,0.17
LT,2024-05-29,3634.8,-0.64
LT,2024-05-30,3634.7,-0.0
LT,2024-05-31,3669.3,0.95
LT,2024-06-03,3897.15,6.21
LT,2024-06-04,3403.2,-12.67
LT,2024-06-05,3409.0,0.17
LT,2024-06-06,3482.55,2.16
LT,2024-06-07,3532.5,1.43
LT,2024-06-10,3543.75,0.32
LT,2024-06-11,3598.7,1.55
LT,2024-06-12,3630.3,0.88
LT,2024-06-13,3703.65,2.02
LT,2024-06-14,3687.8,-0.43
LT,2024-06-18,3689.2,0.04
LT,2024-06-19,3589.95,-2.69
LT,2024-06-20,3594.45,0.13
LT,2024-06-21,3535.0,-1.65
LT,2024-06-24,3531.6,-0.1
LT,2024-06-25,3587.8,1.59
LT,2024-06-26,3602.95,0.42
LT,2024-06-27,3564.4,-1.07
LT,2024-06-28,3548.45,-0.45
LT,2024-07-01,3526.55,-0.62
LT,2024-07-02,3626.5,2.83
LT,2024-07-03,3614.35,-0.34
LT,2024-07-04,3573.3,-1.14
LT,2024-07-05,3627.15,1.51
LT,2024-07-08,3632.0,0.13
LT,2024-07-09,3666.1,0.94
LT,2024-07-10,3650.05,-0.44
LT,2024-07-11,3621.1,-0.79
LT,2024-07-12,3649.35,0.78
LT,2024-07-15,3651.6,0.06
LT,2024-07-16,3636.55,-0.41
LT,2024-07-18,3656.2,0.54
LT,2024-07-19,3618.5,-1.03
LT,2024-07-22,3651.45,0.91
LT,2024-07-23,3538.05,-3.11
LT,2024-07-24,3519.45,-0.53
LT,2024-07-25,3619.15,2.83
LT,2024-07-26,3679.9,1.68
LT,2024-07-29,3774.95,2.58
LT,2024-07-30,3784.65,0.26
LT,2024-07-31,3815.0,0.8
LT,2024-08-01,3779.3,-0.94
LT,2024-08-02,3665.7,-3.01
LT,2024-08-05,3528.0,-3.76
LT,2024-08-06,3576.2,1.37
LT,2024-08-07,3638.25,1.74
LT,2024-08-08,3553.55,-2.33
LT,2024-08-09,3592.05,1.08
LT,2024-08-12,3571.95,-0.56
LT,2024-08-13,3551.8,-0.56
LT,2024-08-14,3545.2,-0.19
LT,2024-08-16,3568.35,0.65
LT,2024-08-19,3555.05,-0.37
LT,2024-08-20,3572.7,0.5
LT,2024-08-21,3596.05,0.65
LT,2024-08-22,3606.5,0.29
LT,2024-08-23,3598.55,-0.22
LT,2024-08-26,3641.9,1.2
LT,2024-08-27,3702.7,1.67
LT,2024-08-28,3689.05,-0.37
LT,2024-08-29,3683.45,-0.15
LT,2024-08-30,3704.65,0.58
LT,2024-09-02,3683.1,-0.58
LT,2024-09-03,3690.15,0.19
LT,2024-09-04,3650.8,-1.07
LT,2024-09-05,3624.15,-0.73
LT,2024-09-06,3574.75,-1.36
LT,2024-09-09,3578.3,0.1
LT,2024-09-10,3596.15,0.5
LT,2024-09-11,3536.95,-1.65
LT,2024-09-12,3622.0,2.4
LT,2024-09-13,3613.0,-0.25
LT,2024-09-16,3662.25,1.36
LT,2024-09-17,3695.2,0.9
LT,2024-09-18,3730.45,0.95
LT,2024-09-19,3683.7,-1.25
LT,2024-09-20,3793.9,2.99
LT,2024-09-23,3787.7,-0.16
LT,2024-09-24,3791.6,0.1
LT,2024-09-25,3793.85,0.06
LT,2024-09-26,3762.15,-0.84
LT,2024-09-27,3705.65,-1.5
LT,2024-09-30,3675.55,-0.81
LT,2024-10-01,3653.5,-0.6
LT,2024-10-03,3497.65,-4.27
LT,2024-10-04,3493.95,-0.11
LT,2024-10-07,3468.35,-0.73
LT,2024-10-08,3532.4,1.85
LT,2024-10-09,3487.1,-1.28
LT,2024-10-10,3460.35,-0.77
LT,2024-10-11,3482.55,0.64
LT,2024-10-14,3555.05,2.08
LT,2024-10-15,3551.9,-0.09
LT,2024-10-16,3532.6,-0.54
LT,2024-10-17,3570.3,1.07
LT,2024-10-18,3577.8,0.21
LT,2024-10-21,3585.6,0.22
LT,2024-10-22,3511.9,-2.06
LT,2024-10-23,3455.4,-1.61
LT,2024-10-24,3442.65,-0.37
LT,2024-10-25,3326.4,-3.38
LT,2024-10-28,3340.8,0.43
LT,2024-10-29,3380.9,1.2
LT,2024-10-30,3408.35,0.81
LT,2024-10-31,3622.3,6.28
LT,2024-11-01,3626.35,0.11
LT,2024-11-04,3574.45,-1.43
LT,2024-11-05,3574.8,0.01
LT,2024-11-06,3645.45,1.98
LT,2024-11-07,3646.55,0.03
LT,2024-11-08,3660.3,0.38
LT,2024-11-11,3628.85,-0.86
LT,2024-11-12,3591.35,-1.03
LT,2024-11-13,3547.95,-1.21
LT,2024-11-14,3526.25,-0.61
LT,2024-11-18,3542.15,0.45
LT,2024-11-19,3505.9,-1.02
LT,2024-11-21,3483.5,-0.64
LT,2024-11-22,3603.5,3.44
M&M,2023-10-03,1537.4,
M&M,2023-10-04,1522.1,-1.0
M&M,2023-10-05,1537.95,1.04
M&M,2023-10-06,1548.85,0.71
M&M,2023-10-09,1515.2,-2.17
M&M,2023-10-10,1537.85,1.49
M&M,2023-10-11,1556.3,1.2
M&M,2023-10-12,1566.65,0.67
M&M,2023-10-13,1562.45,-0.27
M&M,2023-10-16,1574.55,0.77
M&M,2023-10-17,1576.6,0.13
M&M,2023-10-18,1574.85,-0.11
M&M,2023-10-19,1569.55,-0.34
M&M,2023-10-20,1558.25,-0.72
M&M,2023-10-23,1565.15,0.44
M&M,2023-10-25,1569.1,0.25
M&M,2023-10-26,1506.1,-4.02
M&M,2023-10-27,1510.8,0.31
M&M,2023-10-30,1497.8,-0.86
M&M,2023-10-31,1458.6,-2.62
M&M,2023-11-01,1454.6,-0.27
M&M,2023-11-02,1469.7,1.04
M&M,2023-11-03,1469.0,-0.05
M&M,2023-11-06,1488.3,1.31
M&M,2023-11-07,1479.75,-0.57
M&M,2023-11-08,1487.4,0.52
M&M,2023-11-09,1552.05,4.35
M&M,2023-11-10,1524.1,-1.8
M&M,2023-11-12,1526.25,0.14
M&M,2023-11-13,1540.25,0.92
M&M,2023-11-15,1544.15,0.25
M&M,2023-11-16,1569.5,1.64
M&M,2023-11-17,1584.55,0.96
M&M,2023-11-20,1552.2,-2.04
M&M,2023-11-21,1559.75,0.49
M&M,2023-11-22,1543.45,-1.05
M&M,2023-11-23,1545.85,0.16
M&M,2023-11-24,1553.2,0.48
M&M,2023-11-28,1566.05,0.83
M&M,2023-11-29,1619.1,3.39
M&M,2023-11-30,1647.75,1.77
M&M,2023-12-01,1625.5,-1.35
M&M,2023-12-04,1656.85,1.93
M&M,2023-12-05,1686.05,1.76
M&M,2023-12-06,1702.4,0.97
M&M,2023-12-07,1692.65,-0.57
M&M,2023-12-08,1668.55,-1.42
M&M,2023-12-11,1652.2,-0.98
M&M,2023-12-12,1635.4,-1.02
M&M,2023-12-13,1666.15,1.88
M&M,2023-12-14,1703.55,2.24
M&M,2023-12-15,1724.95,1.26
M&M,2023-12-18,1710.8,-0.82
M&M,2023-12-19,1699.35,-0.67
M&M,2023-12-20,1646.95,-3.08
M&M,2023-12-21,1633.85,-0.8
M&M,2023-12-22,1634.25,0.02
M&M,2023-12-26,1662.25,1.71
M&M,2023-12-27,1687.95,1.55
M&M,2023-12-28,1734.45,2.75
M&M,2023-12-29,1729.4,-0.29
M&M,2024-01-01,1703.3,-1.51
M&M,2024-01-02,1656.2,-2.77
M&M,2024-01-03,1655.25,-0.06
M&M,2024-01-04,1641.7,-0.82
M&M,2024-01-05,1642.0,0.02
M&M,2024-01-08,1616.15,-1.57
M&M,2024-01-09,1629.9,0.85
M&M,2024-01-10,1632.8,0.18
M&M,2024-01-11,1628.65,-0.25
M&M,2024-01-12,1624.45,-0.26
M&M,2024-01-15,1635.55,0.68
M&M,2024-01-16,1620.35,-0.93
M&M,2024-01-17,1597.7,-1.4
M&M,2024-01-18,1617.25,1.22
M&M,2024-01-19,1655.55,2.37
M&M,2024-01-20,1622.3,-2.01
M&M,2024-01-23,1595.2,-1.67
M&M,2024-01-24,1628.1,2.06
M&M,2024-01-25,1635.5,0.45
M&M,2024-01-29,1640.0,0.28
M&M,2024-01-30,1620.35,-1.2
M&M,2024-01-31,1651.55,1.93
M&M,2024-02-01,1651.15,-0.02
M&M,2024-02-02,1660.75,0.58
M&M,2024-02-05,1703.55,2.58
M&M,2024-02-06,1727.65,1.41
M&M,2024-02-07,1721.0,-0.38
M&M,2024-02-08,1685.9,-2.04
M&M,2024-02-09,1646.4,-2.34
M&M,2024-02-12,1660.45,0.85
M&M,2024-02-13,1646.75,-0.83
M&M,2024-02-14,1657.05,0.63
M&M,2024-02-15,1765.05,6.52
M&M,2024-02-16,1835.55,3.99
M&M,2024-02-19,1848.55,0.71
M&M,2024-02-20,1853.65,0.28
M&M,2024-02-21,1859.65,0.32
M&M,2024-02-22,1910.35,2.73
M&M,2024-02-23,1929.95,1.03
M&M,2024-02-26,1929.8,-0.01
M&M,2024-02-27,1950.6,1.08
M&M,2024-02-28,1901.65,-2.51
M&M,2024-02-29,1932.4,1.62
M&M,2024-03-01,1972.95,2.1
M&M,2024-03-02,1960.1,-0.65
M&M,2024-03-04,1921.05,-1.99
M&M,2024-03-05,1939.25,0.95
M&M,2024-03-06,1970.65,1.62
M&M,2024-03-07,1897.55,-3.71
M&M,2024-03-11,1894.35,-0.17
M&M,2024-03-12,1895.15,0.04
M&M,2024-03-13,1853.7,-2.19
M&M,2024-03-14,1890.55,1.99
M&M,2024-03-15,1799.5,-4.82
M&M,2024-03-18,1856.05,3.14
M&M,2024-03-19,1843.9,-0.65
M&M,2024-03-20,1844.4,0.03
M&M,2024-03-21,1865.85,1.16
M&M,2024-03-22,1878.8,0.69
M&M,2024-03-26,1863.95,-0.79
M&M,2024-03-27,1881.15,0.92
M&M,2024-03-28,1921.35,2.14
M&M,2024-04-01,1915.95,-0.28
M&M,2024-04-02,1971.95,2.92
M&M,2024-04-03,1989.3,0.88
M&M,2024-04-04,2002.7,0.67
M&M,2024-04-05,2013.3,0.53
M&M,2024-04-08,2078.1,3.22
M&M,2024-04-09,2090.9,0.62
M&M,2024-04-10,2076.2,-0.7
M&M,2024-04-12,2070.95,-0.25
M&M,2024-04-15,2053.45,-0.85
M&M,2024-04-16,2031.3,-1.08
M&M,2024-04-18,2024.95,-0.31
M&M,2024-04-19,2082.9,2.86
M&M,2024-04-22,2090.65,0.37
M&M,2024-04-23,2062.6,-1.34
M&M,2024-04-24,2058.45,-0.2
M&M,2024-04-25,2096.85,1.87
M&M,2024-04-26,2044.9,-2.48
M&M,2024-04-29,2062.05,0.84
M&M,2024-04-30,2156.35,4.57
M&M,2024-05-02,2185.15,1.34
M&M,2024-05-03,2193.0,0.36
M&M,2024-05-06,2224.95,1.46
M&M,2024-05-07,2191.5,-1.5
M&M,2024-05-08,2182.4,-0.42
M&M,2024-05-09,2212.55,1.38
M&M,2024-05-10,2193.05,-0.88
M&M,2024-05-13,2184.25,-0.4
M&M,2024-05-14,2269.9,3.92
M&M,2024-05-15,2302.3,1.43
M&M,2024-05-16,2371.75,3.02
M&M,2024-05-17,2514.6,6.02
M&M,2024-05-18,2503.7,-0.43
M&M,2024-05-21,2522.65,0.76
M&M,2024-05-22,2521.05,-0.06
M&M,2024-05-23,2609.2,3.5
M&M,2024-05-24,2579.75,-1.13
M&M,2024-05-27,2549.1,-1.19
M&M,2024-05-28,2552.8,0.15
M&M,2024-05-29,2533.65,-0.75
M&M,2024-05-30,2493.5,-1.58
M&M,2024-05-31,2506.25,0.51
M&M,2024-06-03,2634.0,5.1
M&M,2024-06-04,2572.9,-2.32
M&M,2024-06-05,2740.95,6.53
M&M,2024-06-06,2699.85,-1.5
M&M,2024-06-07,2857.45,5.84
M&M,2024-06-10,2807.55,-1.75
M&M,2024-06-11,2835.55,1.0
M&M,2024-06-12,2787.55,-1.69
M&M,2024-06-13,2861.7,2.66
M&M,2024-06-14,2928.6,2.34
M&M,2024-06-18,2961.9,1.14
M&M,2024-06-19,2933.85,-0.95
M&M,2024-06-20,2871.2,-2.14
M&M,2024-06-21,2839.95,-1.09
M&M,2024-06-24,2915.8,2.67
M&M,2024-06-25,2909.4,-0.22
M&M,2024-06-26,2851.5,-1.99
M&M,2024-06-27,2888.95,1.31
M&M,2024-06-28,2866.65,-0.77
M&M,2024-07-01,2875.85,0.32
M&M,2024-07-02,2865.15,-0.37
M&M,2024-07-03,2877.95,0.45
M&M,2024-07-04,2902.8,0.86
M&M,2024-07-05,2880.6,-0.76
M&M,2024-07-08,2851.35,-1.02
M&M,2024-07-09,2925.5,2.6
M&M,2024-07-10,2732.0,-6.61
M&M,2024-07-11,2698.05,-1.24
M&M,2024-07-12,2703.95,0.22
M&M,2024-07-15,2731.05,1.0
M&M,2024-07-16,2756.75,0.94
M&M,2024-07-18,2819.45,2.27
M&M,2024-07-19,2749.3,-2.49
M&M,2024-07-22,2804.75,2.02
M&M,2024-07-23,2821.35,0.59
M&M,2024-07-24,2805.5,-0.56
M&M,2024-07-25,2811.4,0.21
M&M,2024-07-26,2887.8,2.72
M&M,2024-07-29,2933.0,1.57
M&M,2024-07-30,2922.1,-0.37
M&M,2024-07-31,2907.8,-0.49
M&M,2024-08-01,2828.4,-2.73
M&M,2024-08-02,2749.65,-2.78
M&M,2024-08-05,2678.95,-2.57
M&M,2024-08-06,2632.95,-1.72
M&M,2024-08-07,2680.85,1.82
M&M,2024-08-08,2682.95,0.08
M&M,2024-08-09,2749.15,2.47
M&M,2024-08-12,2717.65,-1.15
M&M,2024-08-13,2718.05,0.01
M&M,2024-08-14,2745.25,1.0
M&M,2024-08-16,2840.45,3.47
M&M,2024-08-19,2765.15,-2.65
M&M,2024-08-20,2771.3,0.22
M&M,2024-08-21,2769.4,-0.07
M&M,2024-08-22,2732.95,-1.32
M&M,2024-08-23,2759.0,0.95
M&M,2024-08-26,2793.1,1.24
M&M,2024-08-27,2780.8,-0.44
M&M,2024-08-28,2798.0,0.62
M&M,2024-08-29,2757.6,-1.44
M&M,2024-08-30,2805.4,1.73
M&M,2024-09-02,2777.0,-1.01
M&M,2024-09-03,2784.85,0.28
M&M,2024-09-04,2749.6,-1.27
M&M,2024-09-05,2723.1,-0.96
M&M,2024-09-06,2698.1,-0.92
M&M,2024-09-09,2708.85,0.4
M&M,2024-09-10,2690.0,-0.7
M&M,2024-09-11,2654.25,-1.33
M&M,2024-09-12,2740.9,3.26
M&M,2024-09-13,2739.1,-0.07
M&M,2024-09-16,2757.4,0.67
M&M,2024-09-17,2787.65,1.1
M&M,2024-09-18,2808.2,0.74
M&M,2024-09-19,2797.5,-0.38
M&M,2024-09-20,2950.85,5.48
M&M,2024-09-23,3049.8,3.35
M&M,2024-09-24,3074.3,0.8
M&M,2024-09-25,3091.05,0.54
M&M,2024-09-26,3181.1,2.91
M&M,2024-09-27,3183.65,0.08
M&M,2024-09-30,3094.9,-2.79
M&M,2024-10-01,3165.5,2.28
M&M,2024-10-03,3129.85,-1.13
M&M,2024-10-04,3017.45,-3.59
M&M,2024-10-07,3060.2,1.42
M&M,2024-10-08,3165.85,3.45
M&M,2024-10-09,3153.0,-0.41
M&M,2024-10-10,3194.3,1.31
M&M,2024-10-11,3134.35,-1.88
M&M,2024-10-14,3154.9,0.66
M&M,2024-10-15,3155.8,0.03
M&M,2024-10-16,3068.0,-2.78
M&M,2024-10-17,2964.6,-3.37
M&M,2024-10-18,2964.25,-0.01
M&M,2024-10-21,2998.2,1.15
M&M,2024-10-22,2887.2,-3.7
M&M,2024-10-23,2793.5,-3.25
M&M,2024-10-24,2826.35,1.18
M&M,2024-10-25,2720.85,-3.73
M&M,2024-10-28,2781.0,2.21
M&M,2024-10-29,2746.9,-1.23
M&M,2024-10-30,2707.7,-1.43
M&M,2024-10-31,2728.55,0.77
M&M,2024-11-01,2817.65,3.27
M&M,2024-11-04,2883.95,2.35
M&M,2024-11-05,2899.45,0.54
M&M,2024-11-06,2934.55,1.21
M&M,2024-11-07,2891.35,-1.47
M&M,2024-11-08,2974.9,2.89
M&M,2024-11-11,2930.6,-1.49
M&M,2024-11-12,2898.55,-1.09
M&M,2024-11-13,2798.95,-3.44
M&M,2024-11-14,2807.2,0.29
M&M,2024-11-18,2846.9,1.41
M&M,2024-11-19,2948.95,3.58
M&M,2024-11-21,2936.25,-0.43
M&M,2024-11-22,3012.95,2.61
MARUTI,2023-10-03,10346.9,
MARUTI,2023-10-04,10129.8,-2.1
MARUTI,2023-10-05,10210.2,0.79
MARUTI,2023-10-06,10302.0,0.9
MARUTI,2023-10-09,10244.8,-0.56
MARUTI,2023-10-10,10375.0,1.27
MARUTI,2023-10-11,10412.1,0.36
MARUTI,2023-10-12,10580.9,1.62
MARUTI,2023-10-13,10727.5,1.39
MARUTI,2023-10-16,10704.5,-0.21
MARUTI,2023-10-17,10750.8,0.43
MARUTI,2023-10-18,10788.5,0.35
MARUTI,2023-10-19,10771.7,-0.16
MARUTI,2023-10-20,10725.7,-0.43
MARUTI,2023-10-23,10553.7,-1.6
MARUTI,2023-10-25,10588.8,0.33
MARUTI,2023-10-26,10424.2,-1.55
MARUTI,2023-10-27,10560.7,1.31
MARUTI,2023-10-30,10397.7,-1.54
MARUTI,2023-10-31,10392.3,-0.05
MARUTI,2023-11-01,10227.8,-1.58
MARUTI,2023-11-02,10303.6,0.74
MARUTI,2023-11-03,10276.3,-0.26
MARUTI,2023-11-06,10284.8,0.08
MARUTI,2023-11-07,10253.3,-0.31
MARUTI,2023-11-08,10322.3,0.67
MARUTI,2023-11-09,10400.3,0.76
MARUTI,2023-11-10,10388.8,-0.11
MARUTI,2023-11-12,10431.4,0.41
MARUTI,2023-11-13,10398.4,-0.32
MARUTI,2023-11-15,10456.0,0.55
MARUTI,2023-11-16,10484.5,0.27
MARUTI,2023-11-17,10523.5,0.37
MARUTI,2023-11-20,10566.2,0.41
MARUTI,2023-11-21,10535.2,-0.29
MARUTI,2023-11-22,10494.5,-0.39
MARUTI,2023-11-23,10488.5,-0.06
MARUTI,2023-11-24,10515.7,0.26
MARUTI,2023-11-28,10537.5,0.21
MARUTI,2023-11-29,10599.2,0.59
MARUTI,2023-11-30,10608.7,0.09
MARUTI,2023-12-01,10585.7,-0.22
MARUTI,2023-12-04,10599.5,0.13
MARUTI,2023-12-05,10721.9,1.15
MARUTI,2023-12-06,10625.8,-0.9
MARUTI,2023-12-07,10696.7,0.67
MARUTI,2023-12-08,10618.5,-0.73
MARUTI,2023-12-11,10541.8,-0.72
MARUTI,2023-12-12,10338.4,-1.93
MARUTI,2023-12-13,10380.0,0.4
MARUTI,2023-12-14,10353.2,-0.26
MARUTI,2023-12-15,10286.4,-0.65
MARUTI,2023-12-18,10319.6,0.32
MARUTI,2023-12-19,10233.6,-0.83
MARUTI,2023-12-20,10081.2,-1.49
MARUTI,2023-12-21,10012.8,-0.68
MARUTI,2023-12-22,10217.2,2.04
MARUTI,2023-12-26,10270.7,0.52
MARUTI,2023-12-27,10288.5,0.17
MARUTI,2023-12-28,10271.6,-0.16
MARUTI,2023-12-29,10302.3,0.3
MARUTI,2024-01-01,10283.3,-0.18
MARUTI,2024-01-02,10197.8,-0.83
MARUTI,2024-01-03,10077.7,-1.18
MARUTI,2024-01-04,10015.3,-0.62
MARUTI,2024-01-05,10017.0,0.02
MARUTI,2024-01-08,9946.7,-0.7
MARUTI,2024-01-09,10024.1,0.78
MARUTI,2024-01-10,10010.2,-0.14
MARUTI,2024-01-11,10011.1,0.01
MARUTI,2024-01-12,9965.65,-0.45
MARUTI,2024-01-15,10086.9,1.22
MARUTI,2024-01-16,10183.5,0.96
MARUTI,2024-01-17,10051.7,-1.29
MARUTI,2024-01-18,9924.5,-1.27
MARUTI,2024-01-19,10037.7,1.14
MARUTI,2024-01-20,9972.55,-0.65
MARUTI,2024-01-23,9860.45,-1.12
MARUTI,2024-01-24,9988.2,1.3
MARUTI,2024-01-25,9881.0,-1.07
MARUTI,2024-01-29,9991.4,1.12
MARUTI,2024-01-30,9951.65,-0.4
MARUTI,2024-01-31,10186.9,2.36
MARUTI,2024-02-01,10638.0,4.43
MARUTI,2024-02-02,10655.5,0.16
MARUTI,2024-02-05,10428.5,-2.13
MARUTI,2024-02-06,10844.8,3.99
MARUTI,2024-02-07,10935.7,0.84
MARUTI,2024-02-08,10743.9,-1.75
MARUTI,2024-02-09,10732.8,-0.1
MARUTI,2024-02-12,10709.7,-0.22
MARUTI,2024-02-13,10794.5,0.79
MARUTI,2024-02-14,11028.0,2.16
MARUTI,2024-02-15,11090.2,0.56
MARUTI,2024-02-16,11380.4,2.62
MARUTI,2024-02-19,11483.35,0.9
MARUTI,2024-02-20,11446.45,-0.32
MARUTI,2024-02-21,11465.85,0.17
MARUTI,2024-02-22,11657.8,1.67
MARUTI,2024-02-23,11535.6,-1.05
MARUTI,2024-02-26,11467.0,-0.59
MARUTI,2024-02-27,11500.65,0.29
MARUTI,2024-02-28,11152.8,-3.02
MARUTI,2024-02-29,11288.35,1.22
MARUTI,2024-03-01,11620.95,2.95
MARUTI,2024-03-02,11567.2,-0.46
MARUTI,2024-03-04,11594.15,0.23
MARUTI,2024-03-05,11670.6,0.66
MARUTI,2024-03-06,11567.05,-0.89
MARUTI,2024-03-07,11510.05,-0.49
MARUTI,2024-03-11,11395.55,-0.99
MARUTI,2024-03-12,11509.9,1.0
MARUTI,2024-03-13,11390.15,-1.04
MARUTI,2024-03-14,11404.6,0.13
MARUTI,2024-03-15,11476.65,0.63
MARUTI,2024-03-18,11636.3,1.39
MARUTI,2024-03-19,11597.05,-0.34
MARUTI,2024-03-20,11941.15,2.97
MARUTI,2024-03-21,11908.15,-0.28
MARUTI,2024-03-22,12337.7,3.61
MARUTI,2024-03-26,12250.55,-0.71
MARUTI,2024-03-27,12510.35,2.12
MARUTI,2024-03-28,12600.35,0.72
MARUTI,2024-04-01,12569.6,-0.24
MARUTI,2024-04-02,12552.45,-0.14
MARUTI,2024-04-03,12427.85,-0.99
MARUTI,2024-04-04,12567.25,1.12
MARUTI,2024-04-05,12421.6,-1.16
MARUTI,2024-04-08,12865.1,3.57
MARUTI,2024-04-09,12888.0,0.18
MARUTI,2024-04-10,12682.75,-1.59
MARUTI,2024-04-12,12266.55,-3.28
MARUTI,2024-04-15,12422.85,1.27
MARUTI,2024-04-16,12502.7,0.64
MARUTI,2024-04-18,12405.0,-0.78
MARUTI,2024-04-19,12710.95,2.47
MARUTI,2024-04-22,12785.5,0.59
MARUTI,2024-04-23,12996.25,1.65
MARUTI,2024-04-24,12944.05,-0.4
MARUTI,2024-04-25,12922.5,-0.17
MARUTI,2024-04-26,12703.35,-1.7
MARUTI,2024-04-29,12689.85,-0.11
MARUTI,2024-04-30,12817.5,1.01
MARUTI,2024-05-02,12805.35,-0.09
MARUTI,2024-05-03,12492.15,-2.45
MARUTI,2024-05-06,12439.3,-0.42
MARUTI,2024-05-07,12364.05,-0.6
MARUTI,2024-05-08,12543.55,1.45
MARUTI,2024-05-09,12504.65,-0.31
MARUTI,2024-05-10,12675.5,1.37
MARUTI,2024-05-13,12673.85,-0.01
MARUTI,2024-05-14,12814.2,1.11
MARUTI,2024-05-15,12767.3,-0.37
MARUTI,2024-05-16,12497.65,-2.11
MARUTI,2024-05-17,12641.5,1.15
MARUTI,2024-05-18,12600.15,-0.33
MARUTI,2024-05-21,12473.3,-1.01
MARUTI,2024-05-22,12531.35,0.47
MARUTI,2024-05-23,12934.9,3.22
MARUTI,2024-05-24,13000.45,0.51
MARUTI,2024-05-27,12906.1,-0.73
MARUTI,2024-05-28,12818.6,-0.68
MARUTI,2024-05-29,12788.65,-0.23
MARUTI,2024-05-30,12598.0,-1.49
MARUTI,2024-05-31,12399.3,-1.58
MARUTI,2024-06-03,12476.15,0.62
MARUTI,2024-06-04,12176.05,-2.41
MARUTI,2024-06-05,12502.6,2.68
MARUTI,2024-06-06,12673.5,1.37
MARUTI,2024-06-07,12810.9,1.08
MARUTI,2024-06-10,12717.55,-0.73
MARUTI,2024-06-11,12863.65,1.15
MARUTI,2024-06-12,12849.35,-0.11
MARUTI,2024-06-13,12846.85,-0.02
MARUTI,2024-06-14,12845.2,-0.01
MARUTI,2024-06-18,12560.95,-2.21
MARUTI,2024-06-19,12242.1,-2.54
MARUTI,2024-06-20,12149.5,-0.76
MARUTI,2024-06-21,12201.5,0.43
MARUTI,2024-06-24,12183.4,-0.15
MARUTI,2024-06-25,12116.6,-0.55
MARUTI,2024-06-26,12198.25,0.67
MARUTI,2024-06-27,12178.75,-0.16
MARUTI,2024-06-28,12033.85,-1.19
MARUTI,2024-07-01,12108.65,0.62
MARUTI,2024-07-02,12042.6,-0.55
MARUTI,2024-07-03,12123.65,0.67
MARUTI,2024-07-04,12089.6,-0.28
MARUTI,2024-07-05,12104.05,0.12
MARUTI,2024-07-08,12023.6,-0.66
MARUTI,2024-07-09,12827.7,6.69
MARUTI,2024-07-10,12772.8,-0.43
MARUTI,2024-07-11,12715.2,-0.45
MARUTI,2024-07-12,12562.5,-1.2
MARUTI,2024-07-15,12643.95,0.65
MARUTI,2024-07-16,12639.55,-0.03
MARUTI,2024-07-18,12644.05,0.04
MARUTI,2024-07-19,12524.3,-0.95
MARUTI,2024-07-22,12641.25,0.93
MARUTI,2024-07-23,12629.05,-0.1
MARUTI,2024-07-24,12487.25,-1.12
MARUTI,2024-07-25,12509.2,0.18
MARUTI,2024-07-26,12663.7,1.24
MARUTI,2024-07-29,12751.55,0.69
MARUTI,2024-07-30,12873.65,0.96
MARUTI,2024-07-31,13115.8,1.88
MARUTI,2024-08-01,13359.05,1.85
MARUTI,2024-08-02,12726.4,-4.74
MARUTI,2024-08-05,12200.85,-4.13
MARUTI,2024-08-06,12131.1,-0.57
MARUTI,2024-08-07,12371.5,1.98
MARUTI,2024-08-08,12218.85,-1.23
MARUTI,2024-08-09,12224.2,0.04
MARUTI,2024-08-12,12273.25,0.4
MARUTI,2024-08-13,12176.25,-0.79
MARUTI,2024-08-14,12205.65,0.24
MARUTI,2024-08-16,12213.3,0.06
MARUTI,2024-08-19,12149.8,-0.52
MARUTI,2024-08-20,12214.95,0.54
MARUTI,2024-08-21,12220.95,0.05
MARUTI,2024-08-22,12276.35,0.45
MARUTI,2024-08-23,12302.3,0.21
MARUTI,2024-08-26,12243.8,-0.48
MARUTI,2024-08-27,12496.9,2.07
MARUTI,2024-08-28,12357.5,-1.12
MARUTI,2024-08-29,12453.8,0.78
MARUTI,2024-08-30,12403.0,-0.41
MARUTI,2024-09-02,12427.4,0.2
MARUTI,2024-09-03,12397.1,-0.24
MARUTI,2024-09-04,12336.25,-0.49
MARUTI,2024-09-05,12298.6,-0.31
MARUTI,2024-09-06,12186.15,-0.91
MARUTI,2024-09-09,12145.75,-0.33
MARUTI,2024-09-10,12263.4,0.97
MARUTI,2024-09-11,12242.6,-0.17
MARUTI,2024-09-12,12400.85,1.29
MARUTI,2024-09-13,12316.05,-0.68
MARUTI,2024-09-16,12289.0,-0.22
MARUTI,2024-09-17,12245.75,-0.35
MARUTI,2024-09-18,12204.1,-0.34
MARUTI,2024-09-19,12351.5,1.21
MARUTI,2024-09-20,12614.5,2.13
MARUTI,2024-09-23,12683.1,0.54
MARUTI,2024-09-24,12738.6,0.44
MARUTI,2024-09-25,12785.3,0.37
MARUTI,2024-09-26,13383.8,4.68
MARUTI,2024-09-27,13495.6,0.84
MARUTI,2024-09-30,13238.0,-1.91
MARUTI,2024-10-01,13166.0,-0.54
MARUTI,2024-10-03,12647.35,-3.94
MARUTI,2024-10-04,12605.75,-0.33
MARUTI,2024-10-07,12527.5,-0.62
MARUTI,2024-10-08,12531.95,0.04
MARUTI,2024-10-09,12760.7,1.83
MARUTI,2024-10-10,12944.1,1.44
MARUTI,2024-10-11,12776.65,-1.29
MARUTI,2024-10-14,12537.85,-1.87
MARUTI,2024-10-15,12446.75,-0.73
MARUTI,2024-10-16,12383.9,-0.5
MARUTI,2024-10-17,12143.75,-1.94
MARUTI,2024-10-18,12105.1,-0.32
MARUTI,2024-10-21,12175.9,0.58
MARUTI,2024-10-22,11923.3,-2.07
MARUTI,2024-10-23,11956.2,0.28
MARUTI,2024-10-24,11763.7,-1.61
MARUTI,2024-10-25,11502.85,-2.22
MARUTI,2024-10-28,11483.25,-0.17
MARUTI,2024-10-29,11046.0,-3.81
MARUTI,2024-10-30,11256.45,1.91
MARUTI,2024-10-31,11076.45,-1.6
MARUTI,2024-11-01,11110.0,0.3
MARUTI,2024-11-04,11052.45,-0.52
MARUTI,2024-11-05,11170.1,1.06
MARUTI,2024-11-06,11354.25,1.65
MARUTI,2024-11-07,11300.15,-0.48
MARUTI,2024-11-08,11303.0,0.03
MARUTI,2024-11-11,11399.7,0.86
MARUTI,2024-11-12,11143.1,-2.25
MARUTI,2024-11-13,11049.6,-0.84
MARUTI,2024-11-14,11006.05,-0.39
MARUTI,2024-11-18,11093.95,0.8
MARUTI,2024-11-19,10959.3,-1.21
MARUTI,2024-11-21,10861.45,-0.89
MARUTI,2024-11-22,11063.6,1.86
NESTLEIND,2023-10-03,2231.52,
NESTLEIND,2023-10-04,2298.62,3.01
NESTLEIND,2023-10-05,2291.87,-0.29
NESTLEIND,2023-10-06,2291.23,-0.03
NESTLEIND,2023-10-09,2288.19,-0.13
NESTLEIND,2023-10-10,2296.81,0.38
NESTLEIND,2023-10-11,2320.21,1.02
NESTLEIND,2023-10-12,2307.52,-0.55
NESTLEIND,2023-10-13,2355.44,2.08
NESTLEIND,2023-10-16,2310.85,-1.89
NESTLEIND,2023-10-17,2332.53,0.94
NESTLEIND,2023-10-18,2326.29,-0.27
NESTLEIND,2023-10-19,2413.23,3.74
NESTLEIND,2023-10-20,2427.97,0.61
NESTLEIND,2023-10-23,2419.77,-0.34
NESTLEIND,2023-10-25,2426.27,0.27
NESTLEIND,2023-10-26,2354.56,-2.96
NESTLEIND,2023-10-27,2405.69,2.17
NESTLEIND,2023-10-30,2417.17,0.48
NESTLEIND,2023-10-31,2423.48,0.26
NESTLEIND,2023-11-01,2387.27,-1.49
NESTLEIND,2023-11-02,2411.18,1.0
NESTLEIND,2023-11-03,2399.91,-0.47
NESTLEIND,2023-11-06,2428.96,1.21
NESTLEIND,2023-11-07,2436.95,0.33
NESTLEIND,2023-11-08,2428.16,-0.36
NESTLEIND,2023-11-09,2422.68,-0.23
NESTLEIND,2023-11-10,2413.72,-0.37
NESTLEIND,2023-11-12,2428.33,0.61
NESTLEIND,2023-11-13,2408.58,-0.81
NESTLEIND,2023-11-15,2417.41,0.37
NESTLEIND,2023-11-16,2408.29,-0.38
NESTLEIND,2023-11-17,2437.31,1.21
NESTLEIND,2023-11-20,2430.26,-0.29
NESTLEIND,2023-11-21,2437.34,0.29
NESTLEIND,2023-11-22,2435.08,-0.09
NESTLEIND,2023-11-23,2439.33,0.17
NESTLEIND,2023-11-24,2413.9,-1.04
NESTLEIND,2023-11-28,2421.86,0.33
NESTLEIND,2023-11-29,2406.75,-0.62
NESTLEIND,2023-11-30,2423.61,0.7
NESTLEIND,2023-12-01,2433.86,0.42
NESTLEIND,2023-12-04,2440.28,0.26
NESTLEIND,2023-12-05,2460.89,0.84
NESTLEIND,2023-12-06,2496.85,1.46
NESTLEIND,2023-12-07,2497.52,0.03
NESTLEIND,2023-12-08,2478.96,-0.74
NESTLEIND,2023-12-11,2504.34,1.02
NESTLEIND,2023-12-12,2494.72,-0.38
NESTLEIND,2023-12-13,2504.44,0.39
NESTLEIND,2023-12-14,2479.33,-1.0
NESTLEIND,2023-12-15,2436.64,-1.72
NESTLEIND,2023-12-18,2435.43,-0.05
NESTLEIND,2023-12-19,2548.97,4.66
NESTLEIND,2023-12-20,2509.77,-1.54
NESTLEIND,2023-12-21,2511.58,0.07
NESTLEIND,2023-12-22,2536.84,1.01
NESTLEIND,2023-12-26,2556.21,0.76
NESTLEIND,2023-12-27,2572.04,0.62
NESTLEIND,2023-12-28,2624.99,2.06
NESTLEIND,2023-12-29,2658.03,1.26
NESTLEIND,2024-01-01,2737.24,2.98
NESTLEIND,2024-01-02,2722.31,-0.55
NESTLEIND,2024-01-03,2663.52,-2.16
NESTLEIND,2024-01-04,2711.64,1.81
NESTLEIND,2024-01-05,2666.4,-1.67
NESTLEIND,2024-01-08,2619.3,-1.77
NESTLEIND,2024-01-09,2592.6,-1.02
NESTLEIND,2024-01-10,2578.1,-0.56
NESTLEIND,2024-01-11,2557.2,-0.81
NESTLEIND,2024-01-12,2549.6,-0.3
NESTLEIND,2024-01-15,2547.55,-0.08
NESTLEIND,2024-01-16,2542.05,-0.22
NESTLEIND,2024-01-17,2543.1,0.04
NESTLEIND,2024-01-18,2502.0,-1.62
NESTLEIND,2024-01-19,2514.15,0.49
NESTLEIND,2024-01-20,2479.95,-1.36
NESTLEIND,2024-01-23,2462.9,-0.69
NESTLEIND,2024-01-24,2513.95,2.07
NESTLEIND,2024-01-25,2482.15,-1.26
NESTLEIND,2024-01-29,2498.55,0.66
NESTLEIND,2024-01-30,2492.05,-0.26
NESTLEIND,2024-01-31,2506.0,0.56
NESTLEIND,2024-02-01,2467.8,-1.52
NESTLEIND,2024-02-02,2481.4,0.55
NESTLEIND,2024-02-05,2462.7,-0.75
NESTLEIND,2024-02-06,2456.65,-0.25
NESTLEIND,2024-02-07,2499.6,1.75
NESTLEIND,2024-02-08,2423.05,-3.06
NESTLEIND,2024-02-09,2450.1,1.12
NESTLEIND,2024-02-12,2459.05,0.37
NESTLEIND,2024-02-13,2457.35,-0.07
NESTLEIND,2024-02-14,2487.0,1.21
NESTLEIND,2024-02-15,2453.55,-1.34
NESTLEIND,2024-02-16,2487.65,1.39
NESTLEIND,2024-02-19,2513.25,1.03
NESTLEIND,2024-02-20,2539.4,1.04
NESTLEIND,2024-02-21,2543.6,0.17
NESTLEIND,2024-02-22,2563.15,0.77
NESTLEIND,2024-02-23,2579.0,0.62
NESTLEIND,2024-02-26,2583.9,0.19
NESTLEIND,2024-02-27,2598.7,0.57
NESTLEIND,2024-02-28,2570.9,-1.07
NESTLEIND,2024-02-29,2596.2,0.98
NESTLEIND,2024-03-01,2601.45,0.2
NESTLEIND,2024-03-02,2594.9,-0.25
NESTLEIND,2024-03-04,2589.1,-0.22
NESTLEIND,2024-03-05,2538.65,-1.95
NESTLEIND,2024-03-06,2533.05,-0.22
NESTLEIND,2024-03-07,2560.95,1.1
NESTLEIND,2024-03-11,2611.5,1.97
NESTLEIND,2024-03-12,2590.15,-0.82
NESTLEIND,2024-03-13,2582.95,-0.28
NESTLEIND,2024-03-14,2612.75,1.15
NESTLEIND,2024-03-15,2603.65,-0.35
NESTLEIND,2024-03-18,2580.35,-0.89
NESTLEIND,2024-03-19,2496.05,-3.27
NESTLEIND,2024-03-20,2550.25,2.17
NESTLEIND,2024-03-21,2553.65,0.13
NESTLEIND,2024-03-22,2573.4,0.77
NESTLEIND,2024-03-26,2586.1,0.49
NESTLEIND,2024-03-27,2566.45,-0.76
NESTLEIND,2024-03-28,2622.35,2.18
NESTLEIND,2024-04-01,2585.6,-1.4
NESTLEIND,2024-04-02,2623.3,1.46
NESTLEIND,2024-04-03,2553.95,-2.64
NESTLEIND,2024-04-04,2549.6,-0.17
NESTLEIND,2024-04-05,2537.65,-0.47
NESTLEIND,2024-04-08,2498.05,-1.56
NESTLEIND,2024-04-09,2502.8,0.19
NESTLEIND,2024-04-10,2527.6,0.99
NESTLEIND,2024-04-12,2536.2,0.34
NESTLEIND,2024-04-15,2553.65,0.69
NESTLEIND,2024-04-16,2546.1,-0.3
NESTLEIND,2024-04-18,2462.55,-3.28
NESTLEIND,2024-04-19,2437.7,-1.01
NESTLEIND,2024-04-22,2458.7,0.86
NESTLEIND,2024-04-23,2501.25,1.73
NESTLEIND,2024-04-24,2500.15,-0.04
NESTLEIND,2024-04-25,2562.65,2.5
NESTLEIND,2024-04-26,2482.75,-3.12
NESTLEIND,2024-04-29,2509.8,1.09
NESTLEIND,2024-04-30,2507.4,-0.1
NESTLEIND,2024-05-02,2512.3,0.2
NESTLEIND,2024-05-03,2456.1,-2.24
NESTLEIND,2024-05-06,2457.4,0.05
NESTLEIND,2024-05-07,2508.65,2.09
NESTLEIND,2024-05-08,2539.0,1.21
NESTLEIND,2024-05-09,2513.45,-1.01
NESTLEIND,2024-05-10,2533.2,0.79
NESTLEIND,2024-05-13,2516.25,-0.67
NESTLEIND,2024-05-14,2487.35,-1.15
NESTLEIND,2024-05-15,2465.0,-0.9
NESTLEIND,2024-05-16,2468.35,0.14
NESTLEIND,2024-05-17,2445.5,-0.93
NESTLEIND,2024-05-18,2504.4,2.41
NESTLEIND,2024-05-21,2460.8,-1.74
NESTLEIND,2024-05-22,2469.15,0.34
NESTLEIND,2024-05-23,2474.15,0.2
NESTLEIND,2024-05-24,2467.75,-0.26
NESTLEIND,2024-05-27,2459.9,-0.32
NESTLEIND,2024-05-28,2451.7,-0.33
NESTLEIND,2024-05-29,2476.2,1.0
NESTLEIND,2024-05-30,2404.8,-2.88
NESTLEIND,2024-05-31,2354.9,-2.08
NESTLEIND,2024-06-03,2355.05,0.01
NESTLEIND,2024-06-04,2427.75,3.09
NESTLEIND,2024-06-05,2509.85,3.38
NESTLEIND,2024-06-06,2471.4,-1.53
NESTLEIND,2024-06-07,2502.45,1.26
NESTLEIND,2024-06-10,2548.2,1.83
NESTLEIND,2024-06-11,2541.95,-0.25
NESTLEIND,2024-06-12,2537.3,-0.18
NESTLEIND,2024-06-13,2551.75,0.57
NESTLEIND,2024-06-14,2542.5,-0.36
NESTLEIND,2024-06-18,2550.35,0.31
NESTLEIND,2024-06-19,2526.05,-0.95
NESTLEIND,2024-06-20,2539.75,0.54
NESTLEIND,2024-06-21,2498.4,-1.63
NESTLEIND,2024-06-24,2530.05,1.27
NESTLEIND,2024-06-25,2515.45,-0.58
NESTLEIND,2024-06-26,2534.25,0.75
NESTLEIND,2024-06-27,2533.75,-0.02
NESTLEIND,2024-06-28,2551.65,0.71
NESTLEIND,2024-07-01,2568.1,0.64
NESTLEIND,2024-07-02,2544.45,-0.92
NESTLEIND,2024-07-03,2551.5,0.28
NESTLEIND,2024-07-04,2545.15,-0.25
NESTLEIND,2024-07-05,2574.15,1.14
NESTLEIND,2024-07-08,2603.4,1.14
NESTLEIND,2024-07-09,2633.1,1.14
NESTLEIND,2024-07-10,2616.45,-0.63
NESTLEIND,2024-07-11,2593.2,-0.89
NESTLEIND,2024-07-12,2609.0,0.61
NESTLEIND,2024-07-15,2605.1,-0.15
NESTLEIND,2024-07-16,2607.3,0.08
NESTLEIND,2024-07-18,2627.05,0.76
NESTLEIND,2024-07-19,2597.85,-1.11
NESTLEIND,2024-07-22,2587.3,-0.41
NESTLEIND,2024-07-23,2581.55,-0.22
NESTLEIND,2024-07-24,2541.4,-1.56
NESTLEIND,2024-07-25,2480.65,-2.39
NESTLEIND,2024-07-26,2476.9,-0.15
NESTLEIND,2024-07-29,2470.3,-0.27
NESTLEIND,2024-07-30,2457.65,-0.51
NESTLEIND,2024-07-31,2456.35,-0.05
NESTLEIND,2024-08-01,2484.0,1.13
NESTLEIND,2024-08-02,2495.1,0.45
NESTLEIND,2024-08-05,2510.9,0.63
NESTLEIND,2024-08-06,2508.5,-0.1
NESTLEIND,2024-08-07,2522.8,0.57
NESTLEIND,2024-08-08,2489.1,-1.34
NESTLEIND,2024-08-09,2504.7,0.63
NESTLEIND,2024-08-12,2473.1,-1.26
NESTLEIND,2024-08-13,2484.7,0.47
NESTLEIND,2024-08-14,2474.6,-0.41
NESTLEIND,2024-08-16,2525.45,2.05
NESTLEIND,2024-08-19,2503.15,-0.88
NESTLEIND,2024-08-20,2518.5,0.61
NESTLEIND,2024-08-21,2551.75,1.32
NESTLEIND,2024-08-22,2551.0,-0.03
NESTLEIND,2024-08-23,2529.2,-0.85
NESTLEIND,2024-08-26,2519.55,-0.38
NESTLEIND,2024-08-27,2521.45,0.08
NESTLEIND,2024-08-28,2492.5,-1.15
NESTLEIND,2024-08-29,2504.55,0.48
NESTLEIND,2024-08-30,2500.75,-0.15
NESTLEIND,2024-09-02,2509.9,0.37
NESTLEIND,2024-09-03,2530.75,0.83
NESTLEIND,2024-09-04,2534.75,0.16
NESTLEIND,2024-09-05,2504.9,-1.18
NESTLEIND,2024-09-06,2503.2,-0.07
NESTLEIND,2024-09-09,2516.75,0.54
NESTLEIND,2024-09-10,2535.5,0.75
NESTLEIND,2024-09-11,2526.85,-0.34
NESTLEIND,2024-09-12,2527.85,0.04
NESTLEIND,2024-09-13,2531.4,0.14
NESTLEIND,2024-09-16,2549.6,0.72
NESTLEIND,2024-09-17,2546.85,-0.11
NESTLEIND,2024-09-18,2597.15,1.97
NESTLEIND,2024-09-19,2634.2,1.43
NESTLEIND,2024-09-20,2699.55,2.48
NESTLEIND,2024-09-23,2725.15,0.95
NESTLEIND,2024-09-24,2696.4,-1.05
NESTLEIND,2024-09-25,2697.35,0.04
NESTLEIND,2024-09-26,2755.5,2.16
NESTLEIND,2024-09-27,2745.7,-0.36
NESTLEIND,2024-09-30,2689.95,-2.03
NESTLEIND,2024-10-01,2707.05,0.64
NESTLEIND,2024-10-03,2674.85,-1.19
NESTLEIND,2024-10-04,2598.15,-2.87
NESTLEIND,2024-10-07,2573.85,-0.94
NESTLEIND,2024-10-08,2581.75,0.31
NESTLEIND,2024-10-09,2516.0,-2.55
NESTLEIND,2024-10-10,2512.45,-0.14
NESTLEIND,2024-10-11,2511.8,-0.03
NESTLEIND,2024-10-14,2502.05,-0.39
NESTLEIND,2024-10-15,2484.25,-0.71
NESTLEIND,2024-10-16,2462.25,-0.89
NESTLEIND,2024-10-17,2378.7,-3.39
NESTLEIND,2024-10-18,2350.25,-1.2
NESTLEIND,2024-10-21,2354.65,0.19
NESTLEIND,2024-10-22,2350.25,-0.19
NESTLEIND,2024-10-23,2327.15,-0.98
NESTLEIND,2024-10-24,2258.65,-2.94
NESTLEIND,2024-10-25,2260.7,0.09
NESTLEIND,2024-10-28,2272.05,0.5
NESTLEIND,2024-10-29,2267.4,-0.2
NESTLEIND,2024-10-30,2276.3,0.39
NESTLEIND,2024-10-31,2262.95,-0.59
NESTLEIND,2024-11-01,2282.3,0.86
NESTLEIND,2024-11-04,2246.2,-1.58
NESTLEIND,2024-11-05,2262.45,0.72
NESTLEIND,2024-11-06,2275.6,0.58
NESTLEIND,2024-11-07,2262.85,-0.56
NESTLEIND,2024-11-08,2295.65,1.45
NESTLEIND,2024-11-11,2279.05,-0.72
NESTLEIND,2024-11-12,2256.2,-1.0
NESTLEIND,2024-11-13,2235.25,-0.93
NESTLEIND,2024-11-14,2182.8,-2.35
NESTLEIND,2024-11-18,2213.2,1.39
NESTLEIND,2024-11-19,2214.15,0.04
NESTLEIND,2024-11-21,2211.2,-0.13
NESTLEIND,2024-11-22,2247.3,1.63
NTPC,2023-10-03,241.2,
NTPC,2023-10-04,235.15,-2.51
NTPC,2023-10-05,233.85,-0.55
NTPC,2023-10-06,235.55,0.73
NTPC,2023-10-09,234.7,-0.36
NTPC,2023-10-10,235.9,0.51
NTPC,2023-10-11,238.7,1.19
NTPC,2023-10-12,241.6,1.21
NTPC,2023-10-13,242.05,0.19
NTPC,2023-10-16,243.45,0.58
NTPC,2023-10-17,245.95,1.03
NTPC,2023-10-18,242.0,-1.61
NTPC,2023-10-19,239.5,-1.03
NTPC,2023-10-20,241.0,0.63
NTPC,2023-10-23,236.55,-1.85
NTPC,2023-10-25,232.05,-1.9
NTPC,2023-10-26,231.65,-0.17
NTPC,2023-10-27,236.6,2.14
NTPC,2023-10-30,234.6,-0.85
NTPC,2023-10-31,235.8,0.51
NTPC,2023-11-01,232.6,-1.36
NTPC,2023-11-02,235.25,1.14
NTPC,2023-11-03,234.35,-0.38
NTPC,2023-11-06,235.85,0.64
NTPC,2023-11-07,239.15,1.4
NTPC,2023-11-08,236.7,-1.02
NTPC,2023-11-09,237.95,0.53
NTPC,2023-11-10,242.75,2.02
NTPC,2023-11-12,244.55,0.74
NTPC,2023-11-13,245.7,0.47
NTPC,2023-11-15,247.3,0.65
NTPC,2023-11-16,252.35,2.04
NTPC,2023-11-17,251.6,-0.3
NTPC,2023-11-20,251.05,-0.22
NTPC,2023-11-21,250.0,-0.42
NTPC,2023-11-22,253.65,1.46
NTPC,2023-11-23,252.75,-0.35
NTPC,2023-11-24,253.9,0.45
NTPC,2023-11-28,257.55,1.44
NTPC,2023-11-29,258.4,0.33
NTPC,2023-11-30,261.3,1.12
NTPC,2023-12-01,268.95,2.93
NTPC,2023-12-04,274.8,2.18
NTPC,2023-12-05,285.45,3.88
NTPC,2023-12-06,281.1,-1.52
NTPC,2023-12-07,283.8,0.96
NTPC,2023-12-08,285.05,0.44
NTPC,2023-12-11,287.3,0.79
NTPC,2023-12-12,283.4,-1.36
NTPC,2023-12-13,294.05,3.76
NTPC,2023-12-14,295.4,0.46
NTPC,2023-12-15,305.1,3.28
NTPC,2023-12-18,303.2,-0.62
NTPC,2023-12-19,309.65,2.13
NTPC,2023-12-20,297.65,-3.88
NTPC,2023-12-21,301.95,1.44
NTPC,2023-12-22,302.8,0.28
NTPC,2023-12-26,309.6,2.25
NTPC,2023-12-27,306.05,-1.15
NTPC,2023-12-28,313.9,2.56
NTPC,2023-12-29,311.15,-0.88
NTPC,2024-01-01,309.75,-0.45
NTPC,2024-01-02,306.0,-1.21
NTPC,2024-01-03,306.2,0.07
NTPC,2024-01-04,317.1,3.56
NTPC,2024-01-05,314.95,-0.68
NTPC,2024-01-08,316.45,0.48
NTPC,2024-01-09,319.75,1.04
NTPC,2024-01-10,313.35,-2.0
NTPC,2024-01-11,312.9,-0.14
NTPC,2024-01-12,312.65,-0.08
NTPC,2024-01-15,317.3,1.49
NTPC,2024-01-16,311.5,-1.83
NTPC,2024-01-17,309.3,-0.71
NTPC,2024-01-18,299.3,-3.23
NTPC,2024-01-19,308.45,3.06
NTPC,2024-01-20,308.2,-0.08
NTPC,2024-01-23,302.6,-1.82
NTPC,2024-01-24,308.85,2.07
NTPC,2024-01-25,314.75,1.91
NTPC,2024-01-29,324.55,3.11
NTPC,2024-01-30,315.45,-2.8
NTPC,2024-01-31,317.5,0.65
NTPC,2024-02-01,322.0,1.42
NTPC,2024-02-02,332.5,3.26
NTPC,2024-02-05,336.1,1.08
NTPC,2024-02-06,334.2,-0.57
NTPC,2024-02-07,330.7,-1.05
NTPC,2024-02-08,330.9,0.06
NTPC,2024-02-09,324.9,-1.81
NTPC,2024-02-12,316.15,-2.69
NTPC,2024-02-13,321.55,1.71
NTPC,2024-02-14,328.0,2.01
NTPC,2024-02-15,339.25,3.43
NTPC,2024-02-16,337.75,-0.44
NTPC,2024-02-19,338.75,0.3
NTPC,2024-02-20,345.7,2.05
NTPC,2024-02-21,336.1,-2.78
NTPC,2024-02-22,339.55,1.03
NTPC,2024-02-23,337.75,-0.53
NTPC,2024-02-26,337.6,-0.04
NTPC,2024-02-27,336.1,-0.44
NTPC,2024-02-28,333.3,-0.83
NTPC,2024-02-29,335.6,0.69
NTPC,2024-03-01,343.5,2.35
NTPC,2024-03-02,341.75,-0.51
NTPC,2024-03-04,353.85,3.54
NTPC,2024-03-05,358.25,1.24
NTPC,2024-03-06,351.95,-1.76
NTPC,2024-03-07,352.2,0.07
NTPC,2024-03-11,347.95,-1.21
NTPC,2024-03-12,344.75,-0.92
NTPC,2024-03-13,322.5,-6.45
NTPC,2024-03-14,321.85,-0.2
NTPC,2024-03-15,316.3,-1.72
NTPC,2024-03-18,317.15,0.27
NTPC,2024-03-19,313.45,-1.17
NTPC,2024-03-20,313.65,0.06
NTPC,2024-03-21,325.0,3.62
NTPC,2024-03-22,324.75,-0.08
NTPC,2024-03-26,329.1,1.34
NTPC,2024-03-27,331.6,0.76
NTPC,2024-03-28,335.8,1.27
NTPC,2024-04-01,342.35,1.95
NTPC,2024-04-02,344.8,0.72
NTPC,2024-04-03,351.25,1.87
NTPC,2024-04-04,354.65,0.97
NTPC,2024-04-05,354.55,-0.03
NTPC,2024-04-08,363.5,2.52
NTPC,2024-04-09,362.9,-0.17
NTPC,2024-04-10,362.5,-0.11
NTPC,2024-04-12,361.75,-0.21
NTPC,2024-04-15,361.15,-0.17
NTPC,2024-04-16,359.25,-0.53
NTPC,2024-04-18,351.15,-2.25
NTPC,2024-04-19,350.55,-0.17
NTPC,2024-04-22,342.9,-2.18
NTPC,2024-04-23,347.15,1.24
NTPC,2024-04-24,351.65,1.3
NTPC,2024-04-25,359.2,2.15
NTPC,2024-04-26,356.0,-0.89
NTPC,2024-04-29,363.0,1.97
NTPC,2024-04-30,363.2,0.06
NTPC,2024-05-02,369.05,1.61
NTPC,2024-05-03,364.95,-1.11
NTPC,2024-05-06,356.8,-2.23
NTPC,2024-05-07,349.15,-2.14
NTPC,2024-05-08,355.45,1.8
NTPC,2024-05-09,346.05,-2.64
NTPC,2024-05-10,355.5,2.73
NTPC,2024-05-13,350.9,-1.29
NTPC,2024-05-14,355.8,1.4
NTPC,2024-05-15,361.35,1.56
NTPC,2024-05-16,361.45,0.03
NTPC,2024-05-17,365.45,1.11
NTPC,2024-05-18,366.3,0.23
NTPC,2024-05-21,372.0,1.56
NTPC,2024-05-22,373.85,0.5
NTPC,2024-05-23,372.3,-0.41
NTPC,2024-05-24,374.95,0.71
NTPC,2024-05-27,369.65,-1.41
NTPC,2024-05-28,365.4,-1.15
NTPC,2024-05-29,364.6,-0.22
NTPC,2024-05-30,359.7,-1.34
NTPC,2024-05-31,359.0,-0.19
NTPC,2024-06-03,391.8,9.14
NTPC,2024-06-04,331.25,-15.45
NTPC,2024-06-05,341.0,2.94
NTPC,2024-06-06,349.75,2.57
NTPC,2024-06-07,360.6,3.1
NTPC,2024-06-10,364.9,1.19
NTPC,2024-06-11,367.4,0.69
NTPC,2024-06-12,371.3,1.06
NTPC,2024-06-13,369.95,-0.36
NTPC,2024-06-14,368.45,-0.41
NTPC,2024-06-18,369.65,0.33
NTPC,2024-06-19,362.5,-1.93
NTPC,2024-06-20,357.65,-1.34
NTPC,2024-06-21,359.8,0.6
NTPC,2024-06-24,362.75,0.82
NTPC,2024-06-25,360.85,-0.52
NTPC,2024-06-26,365.05,1.16
NTPC,2024-06-27,377.15,3.31
NTPC,2024-06-28,378.35,0.32
NTPC,2024-07-01,369.75,-2.27
NTPC,2024-07-02,370.4,0.18
NTPC,2024-07-03,372.65,0.61
NTPC,2024-07-04,372.95,0.08
NTPC,2024-07-05,379.8,1.84
NTPC,2024-07-08,377.45,-0.62
NTPC,2024-07-09,377.05,-0.11
NTPC,2024-07-10,381.4,1.15
NTPC,2024-07-11,377.1,-1.13
NTPC,2024-07-12,377.15,0.01
NTPC,2024-07-15,385.65,2.25
NTPC,2024-07-16,380.45,-1.35
NTPC,2024-07-18,377.75,-0.71
NTPC,2024-07-19,364.65,-3.47
NTPC,2024-07-22,373.5,2.43
NTPC,2024-07-23,382.45,2.4
NTPC,2024-07-24,392.6,2.65
NTPC,2024-07-25,392.15,-0.11
NTPC,2024-07-26,396.3,1.06
NTPC,2024-07-29,393.9,-0.61
NTPC,2024-07-30,406.95,3.31
NTPC,2024-07-31,416.0,2.22
NTPC,2024-08-01,423.45,1.79
NTPC,2024-08-02,419.7,-0.89
NTPC,2024-08-05,413.25,-1.54
NTPC,2024-08-06,415.0,0.42
NTPC,2024-08-07,416.3,0.31
NTPC,2024-08-08,407.7,-2.07
NTPC,2024-08-09,410.65,0.72
NTPC,2024-08-12,400.85,-2.39
NTPC,2024-08-13,396.2,-1.16
NTPC,2024-08-14,396.35,0.04
NTPC,2024-08-16,398.05,0.43
NTPC,2024-08-19,403.1,1.27
NTPC,2024-08-20,406.25,0.78
NTPC,2024-08-21,408.95,0.66
NTPC,2024-08-22,403.35,-1.37
NTPC,2024-08-23,401.95,-0.35
NTPC,2024-08-26,414.85,3.21
NTPC,2024-08-27,409.65,-1.25
NTPC,2024-08-28,409.05,-0.15
NTPC,2024-08-29,409.9,0.21
NTPC,2024-08-30,416.2,1.54
NTPC,2024-09-02,410.0,-1.49
NTPC,2024-09-03,406.4,-0.88
NTPC,2024-09-04,405.1,-0.32
NTPC,2024-09-05,403.25,-0.46
NTPC,2024-09-06,394.8,-2.1
NTPC,2024-09-09,389.85,-1.25
NTPC,2024-09-10,396.3,1.65
NTPC,2024-09-11,389.65,-1.68
NTPC,2024-09-12,404.85,3.9
NTPC,2024-09-13,401.4,-0.85
NTPC,2024-09-16,411.1,2.42
NTPC,2024-09-17,416.3,1.26
NTPC,2024-09-18,414.15,-0.52
NTPC,2024-09-19,423.95,2.37
NTPC,2024-09-20,423.95,0.0
NTPC,2024-09-23,428.35,1.04
NTPC,2024-09-24,428.1,-0.06
NTPC,2024-09-25,436.1,1.87
NTPC,2024-09-26,434.6,-0.34
NTPC,2024-09-27,436.9,0.53
NTPC,2024-09-30,443.2,1.44
NTPC,2024-10-01,440.1,-0.7
NTPC,2024-10-03,435.35,-1.08
NTPC,2024-10-04,430.45,-1.13
NTPC,2024-10-07,415.45,-3.48
NTPC,2024-10-08,420.95,1.32
NTPC,2024-10-09,418.45,-0.59
NTPC,2024-10-10,422.7,1.02
NTPC,2024-10-11,422.5,-0.05
NTPC,2024-10-14,424.5,0.47
NTPC,2024-10-15,426.6,0.49
NTPC,2024-10-16,424.25,-0.55
NTPC,2024-10-17,417.75,-1.53
NTPC,2024-10-18,424.95,1.72
NTPC,2024-10-21,425.0,0.01
NTPC,2024-10-22,415.75,-2.18
NTPC,2024-10-23,408.3,-1.79
NTPC,2024-10-24,411.9,0.88
NTPC,2024-10-25,398.9,-3.16
NTPC,2024-10-28,403.9,1.25
NTPC,2024-10-29,412.15,2.04
NTPC,2024-10-30,408.5,-0.89
NTPC,2024-10-31,408.15,-0.09
NTPC,2024-11-01,411.35,0.78
NTPC,2024-11-04,400.95,-2.53
NTPC,2024-11-05,403.1,0.54
NTPC,2024-11-06,408.9,1.44
NTPC,2024-11-07,403.8,-1.25
NTPC,2024-11-08,397.65,-1.52
NTPC,2024-11-11,392.55,-1.28
NTPC,2024-11-12,380.3,-3.12
NTPC,2024-11-13,381.35,0.28
NTPC,2024-11-14,372.5,-2.32
NTPC,2024-11-18,366.7,-1.56
NTPC,2024-11-19,366.7,0.0
NTPC,2024-11-21,356.15,-2.88
NTPC,2024-11-22,365.45,2.61
ONGC,2023-10-03,184.6,
ONGC,2023-10-04,182.75,-1.0
ONGC,2023-10-05,182.2,-0.3
ONGC,2023-10-06,181.45,-0.41
ONGC,2023-10-09,181.7,0.14
ONGC,2023-10-10,183.5,0.99
ONGC,2023-10-11,183.25,-0.14
ONGC,2023-10-12,184.45,0.65
ONGC,2023-10-13,184.9,0.24
ONGC,2023-10-16,186.55,0.89
ONGC,2023-10-17,186.25,-0.16
ONGC,2023-10-18,186.95,0.38
ONGC,2023-10-19,186.3,-0.35
ONGC,2023-10-20,186.2,-0.05
ONGC,2023-10-23,184.85,-0.73
ONGC,2023-10-25,184.35,-0.27
ONGC,2023-10-26,180.9,-1.87
ONGC,2023-10-27,184.75,2.13
ONGC,2023-10-30,188.8,2.19
ONGC,2023-10-31,186.15,-1.4
ONGC,2023-11-01,186.7,0.3
ONGC,2023-11-02,186.2,-0.27
ONGC,2023-11-03,190.0,2.04
ONGC,2023-11-06,193.3,1.74
ONGC,2023-11-07,193.2,-0.05
ONGC,2023-11-08,195.35,1.11
ONGC,2023-11-09,192.7,-1.36
ONGC,2023-11-10,195.9,1.66
ONGC,2023-11-12,196.75,0.43
ONGC,2023-11-13,195.8,-0.48
ONGC,2023-11-15,199.5,1.89
ONGC,2023-11-16,201.8,1.15
ONGC,2023-11-17,196.35,-2.7
ONGC,2023-11-20,197.85,0.76
ONGC,2023-11-21,191.2,-3.36
ONGC,2023-11-22,191.0,-0.1
ONGC,2023-11-23,190.65,-0.18
ONGC,2023-11-24,188.85,-0.94
ONGC,2023-11-28,193.95,2.7
ONGC,2023-11-29,192.0,-1.01
ONGC,2023-11-30,194.95,1.54
ONGC,2023-12-01,194.55,-0.21
ONGC,2023-12-04,202.05,3.86
ONGC,2023-12-05,202.05,0.0
ONGC,2023-12-06,201.95,-0.05
ONGC,2023-12-07,198.9,-1.51
ONGC,2023-12-08,195.95,-1.48
ONGC,2023-12-11,197.8,0.94
ONGC,2023-12-12,195.4,-1.21
ONGC,2023-12-13,193.15,-1.15
ONGC,2023-12-14,195.95,1.45
ONGC,2023-12-15,201.05,2.6
ONGC,2023-12-18,199.0,-1.02
ONGC,2023-12-19,200.3,0.65
ONGC,2023-12-20,203.2,1.45
ONGC,2023-12-21,202.65,-0.27
ONGC,2023-12-22,203.95,0.64
ONGC,2023-12-26,207.35,1.67
ONGC,2023-12-27,205.55,-0.87
ONGC,2023-12-28,208.3,1.34
ONGC,2023-12-29,205.05,-1.56
ONGC,2024-01-01,205.35,0.15
ONGC,2024-01-02,207.05,0.83
ONGC,2024-01-03,208.25,0.58
ONGC,2024-01-04,214.65,3.07
ONGC,2024-01-05,216.45,0.84
ONGC,2024-01-08,217.95,0.69
ONGC,2024-01-09,216.65,-0.6
ONGC,2024-01-10,212.1,-2.1
ONGC,2024-01-11,211.85,-0.12
ONGC,2024-01-12,223.4,5.45
ONGC,2024-01-15,233.5,4.52
ONGC,2024-01-16,235.1,0.69
ONGC,2024-01-17,232.05,-1.3
ONGC,2024-01-18,233.55,0.65
ONGC,2024-01-19,242.05,3.64
ONGC,2024-01-20,242.05,0.0
ONGC,2024-01-23,229.9,-5.02
ONGC,2024-01-24,234.35,1.94
ONGC,2024-01-25,234.05,-0.13
ONGC,2024-01-29,252.5,7.88
ONGC,2024-01-30,249.2,-1.31
ONGC,2024-01-31,252.25,1.22
ONGC,2024-02-01,247.65,-1.82
ONGC,2024-02-02,257.25,3.88
ONGC,2024-02-05,262.95,2.22
ONGC,2024-02-06,272.3,3.56
ONGC,2024-02-07,271.9,-0.15
ONGC,2024-02-08,273.15,0.46
ONGC,2024-02-09,267.55,-2.05
ONGC,2024-02-12,257.9,-3.61
ONGC,2024-02-13,259.5,0.62
ONGC,2024-02-14,268.85,3.6
ONGC,2024-02-15,277.3,3.14
ONGC,2024-02-16,274.7,-0.94
ONGC,2024-02-19,274.65,-0.02
ONGC,2024-02-20,276.6,0.71
ONGC,2024-02-21,272.95,-1.32
ONGC,2024-02-22,274.7,0.64
ONGC,2024-02-23,272.2,-0.91
ONGC,2024-02-26,269.85,-0.86
ONGC,2024-02-27,269.35,-0.19
ONGC,2024-02-28,265.75,-1.34
ONGC,2024-02-29,264.6,-0.43
ONGC,2024-03-01,270.55,2.25
ONGC,2024-03-02,271.9,0.5
ONGC,2024-03-04,279.2,2.68
ONGC,2024-03-05,283.75,1.63
ONGC,2024-03-06,280.25,-1.23
ONGC,2024-03-07,278.1,-0.77
ONGC,2024-03-11,274.0,-1.47
ONGC,2024-03-12,270.4,-1.31
ONGC,2024-03-13,255.35,-5.57
ONGC,2024-03-14,263.25,3.09
ONGC,2024-03-15,258.75,-1.71
ONGC,2024-03-18,261.6,1.1
ONGC,2024-03-19,259.25,-0.9
ONGC,2024-03-20,263.85,1.77
ONGC,2024-03-21,262.95,-0.34
ONGC,2024-03-22,263.25,0.11
ONGC,2024-03-26,265.5,0.85
ONGC,2024-03-27,261.75,-1.41
ONGC,2024-03-28,268.05,2.41
ONGC,2024-04-01,269.9,0.69
ONGC,2024-04-02,272.5,0.96
ONGC,2024-04-03,275.35,1.05
ONGC,2024-04-04,269.0,-2.31
ONGC,2024-04-05,267.95,-0.39
ONGC,2024-04-08,270.4,0.91
ONGC,2024-04-09,268.95,-0.54
ONGC,2024-04-10,272.0,1.13
ONGC,2024-04-12,265.7,-2.32
ONGC,2024-04-15,279.85,5.33
ONGC,2024-04-16,283.15,1.18
ONGC,2024-04-18,274.15,-3.18
ONGC,2024-04-19,275.25,0.4
ONGC,2024-04-22,276.8,0.56
ONGC,2024-04-23,276.8,0.0
ONGC,2024-04-24,279.35,0.92
ONGC,2024-04-25,281.95,0.93
ONGC,2024-04-26,282.9,0.34
ONGC,2024-04-29,283.2,0.11
ONGC,2024-04-30,282.85,-0.12
ONGC,2024-05-02,282.8,-0.02
ONGC,2024-05-03,286.1,1.17
ONGC,2024-05-06,282.15,-1.38
ONGC,2024-05-07,273.6,-3.03
ONGC,2024-05-08,276.85,1.19
ONGC,2024-05-09,265.25,-4.19
ONGC,2024-05-10,270.25,1.89
ONGC,2024-05-13,266.9,-1.24
ONGC,2024-05-14,272.9,2.25
ONGC,2024-05-15,273.45,0.2
ONGC,2024-05-16,277.65,1.54
ONGC,2024-05-17,277.45,-0.07
ONGC,2024-05-18,279.0,0.56
ONGC,2024-05-21,280.1,0.39
ONGC,2024-05-22,278.0,-0.75
ONGC,2024-05-23,283.45,1.96
ONGC,2024-05-24,283.25,-0.07
ONGC,2024-05-27,277.65,-1.98
ONGC,2024-05-28,274.3,-1.21
ONGC,2024-05-29,271.85,-0.89
ONGC,2024-05-30,266.7,-1.89
ONGC,2024-05-31,264.35,-0.88
ONGC,2024-06-03,284.1,7.47
ONGC,2024-06-04,236.3,-16.83
ONGC,2024-06-05,247.5,4.74
ONGC,2024-06-06,252.3,1.94
ONGC,2024-06-07,260.4,3.21
ONGC,2024-06-10,259.15,-0.48
ONGC,2024-06-11,273.55,5.56
ONGC,2024-06-12,275.5,0.71
ONGC,2024-06-13,276.55,0.38
ONGC,2024-06-14,275.4,-0.42
ONGC,2024-06-18,275.8,0.15
ONGC,2024-06-19,271.55,-1.54
ONGC,2024-06-20,271.85,0.11
ONGC,2024-06-21,269.65,-0.81
ONGC,2024-06-24,269.9,0.09
ONGC,2024-06-25,267.0,-1.07
ONGC,2024-06-26,267.75,0.28
ONGC,2024-06-27,267.5,-0.09
ONGC,2024-06-28,274.2,2.5
ONGC,2024-07-01,272.95,-0.46
ONGC,2024-07-02,274.85,0.7
ONGC,2024-07-03,274.7,-0.05
ONGC,2024-07-04,277.05,0.86
ONGC,2024-07-05,288.2,4.02
ONGC,2024-07-08,299.15,3.8
ONGC,2024-07-09,297.45,-0.57
ONGC,2024-07-10,298.15,0.24
ONGC,2024-07-11,304.75,2.21
ONGC,2024-07-12,307.1,0.77
ONGC,2024-07-15,322.5,5.01
ONGC,2024-07-16,322.65,0.05
ONGC,2024-07-18,331.7,2.8
ONGC,2024-07-19,319.65,-3.63
ONGC,2024-07-22,320.8,0.36
ONGC,2024-07-23,314.15,-2.07
ONGC,2024-07-24,319.55,1.72
ONGC,2024-07-25,335.8,5.09
ONGC,2024-07-26,331.6,-1.25
ONGC,2024-07-29,332.9,0.39
ONGC,2024-07-30,331.9,-0.3
ONGC,2024-07-31,334.2,0.69
ONGC,2024-08-01,341.75,2.26
ONGC,2024-08-02,330.1,-3.41
ONGC,2024-08-05,310.25,-6.01
ONGC,2024-08-06,306.1,-1.34
ONGC,2024-08-07,329.1,7.51
ONGC,2024-08-08,322.7,-1.94
ONGC,2024-08-09,332.55,3.05
ONGC,2024-08-12,341.3,2.63
ONGC,2024-08-13,335.9,-1.58
ONGC,2024-08-14,328.15,-2.31
ONGC,2024-08-16,329.6,0.44
ONGC,2024-08-19,335.3,1.73
ONGC,2024-08-20,330.1,-1.55
ONGC,2024-08-21,327.7,-0.73
ONGC,2024-08-22,324.35,-1.02
ONGC,2024-08-23,318.9,-1.68
ONGC,2024-08-26,327.85,2.81
ONGC,2024-08-27,328.85,0.31
ONGC,2024-08-28,327.8,-0.32
ONGC,2024-08-29,329.6,0.55
ONGC,2024-08-30,330.75,0.35
ONGC,2024-09-02,326.2,-1.38
ONGC,2024-09-03,322.2,-1.23
ONGC,2024-09-04,314.4,-2.42
ONGC,2024-09-05,311.4,-0.95
ONGC,2024-09-06,308.8,-0.83
ONGC,2024-09-09,298.9,-3.21
ONGC,2024-09-10,295.6,-1.1
ONGC,2024-09-11,285.3,-3.48
ONGC,2024-09-12,294.05,3.07
ONGC,2024-09-13,291.45,-0.88
ONGC,2024-09-16,292.5,0.36
ONGC,2024-09-17,294.65,0.74
ONGC,2024-09-18,290.4,-1.44
ONGC,2024-09-19,285.25,-1.77
ONGC,2024-09-20,286.25,0.35
ONGC,2024-09-23,295.45,3.21
ONGC,2024-09-24,299.45,1.35
ONGC,2024-09-25,298.7,-0.25
ONGC,2024-09-26,295.2,-1.17
ONGC,2024-09-27,297.2,0.68
ONGC,2024-09-30,297.6,0.13
ONGC,2024-10-01,291.95,-1.9
ONGC,2024-10-03,292.05,0.03
ONGC,2024-10-04,295.25,1.1
ONGC,2024-10-07,289.45,-1.96
ONGC,2024-10-08,293.45,1.38
ONGC,2024-10-09,288.5,-1.69
ONGC,2024-10-10,288.75,0.09
ONGC,2024-10-11,292.55,1.32
ONGC,2024-10-14,286.5,-2.07
ONGC,2024-10-15,283.7,-0.98
ONGC,2024-10-16,285.4,0.6
ONGC,2024-10-17,281.6,-1.33
ONGC,2024-10-18,283.3,0.6
ONGC,2024-10-21,276.6,-2.36
ONGC,2024-10-22,270.8,-2.1
ONGC,2024-10-23,270.85,0.02
ONGC,2024-10-24,269.1,-0.65
ONGC,2024-10-25,264.05,-1.88
ONGC,2024-10-28,263.35,-0.27
ONGC,2024-10-29,265.0,0.63
ONGC,2024-10-30,261.65,-1.26
ONGC,2024-10-31,266.15,1.72
ONGC,2024-11-01,271.75,2.1
ONGC,2024-11-04,265.3,-2.37
ONGC,2024-11-05,267.4,0.79
ONGC,2024-11-06,269.05,0.62
ONGC,2024-11-07,265.2,-1.43
ONGC,2024-11-08,262.55,-1.0
ONGC,2024-11-11,256.9,-2.15
ONGC,2024-11-12,256.15,-0.29
ONGC,2024-11-13,252.55,-1.41
ONGC,2024-11-14,250.8,-0.69
ONGC,2024-11-18,250.65,-0.06
ONGC,2024-11-19,248.0,-1.06
ONGC,2024-11-21,242.15,-2.36
ONGC,2024-11-22,245.6,1.42
POWERGRID,2023-10-03,199.55,
POWERGRID,2023-10-04,199.0,-0.28
POWERGRID,2023-10-05,196.6,-1.21
POWERGRID,2023-10-06,197.05,0.23
POWERGRID,2023-10-09,196.25,-0.41
POWERGRID,2023-10-10,197.95,0.87
POWERGRID,2023-10-11,198.5,0.28
POWERGRID,2023-10-12,200.75,1.13
POWERGRID,2023-10-13,201.8,0.52
POWERGRID,2023-10-16,203.05,0.62
POWERGRID,2023-10-17,207.15,2.02
POWERGRID,2023-10-18,206.5,-0.31
POWERGRID,2023-10-19,205.8,-0.34
POWERGRID,2023-10-20,202.85,-1.43
POWERGRID,2023-10-23,199.75,-1.53
POWERGRID,2023-10-25,199.5,-0.13
POWERGRID,2023-10-26,198.95,-0.28
POWERGRID,2023-10-27,200.95,1.01
POWERGRID,2023-10-30,200.85,-0.05
POWERGRID,2023-10-31,202.15,0.65
POWERGRID,2023-11-01,200.95,-0.59
POWERGRID,2023-11-02,203.1,1.07
POWERGRID,2023-11-03,204.4,0.64
POWERGRID,2023-11-06,208.2,1.86
POWERGRID,2023-11-07,208.0,-0.1
POWERGRID,2023-11-08,207.0,-0.48
POWERGRID,2023-11-09,209.8,1.35
POWERGRID,2023-11-10,211.15,0.64
POWERGRID,2023-11-12,212.0,0.4
POWERGRID,2023-11-13,212.3,0.14
POWERGRID,2023-11-15,210.15,-1.01
POWERGRID,2023-11-16,207.2,-1.4
POWERGRID,2023-11-17,209.5,1.11
POWERGRID,2023-11-20,209.3,-0.1
POWERGRID,2023-11-21,208.95,-0.17
POWERGRID,2023-11-22,211.6,1.27
POWERGRID,2023-11-23,210.9,-0.33
POWERGRID,2023-11-24,210.45,-0.21
POWERGRID,2023-11-28,210.2,-0.12
POWERGRID,2023-11-29,211.05,0.4
POWERGRID,2023-11-30,208.95,-1.0
POWERGRID,2023-12-01,210.2,0.6
POWERGRID,2023-12-04,212.9,1.28
POWERGRID,2023-12-05,222.3,4.42
POWERGRID,2023-12-06,224.4,0.94
POWERGRID,2023-12-07,230.0,2.5
POWERGRID,2023-12-08,228.6,-0.61
POWERGRID,2023-12-11,230.95,1.03
POWERGRID,2023-12-12,231.35,0.17
POWERGRID,2023-12-13,236.95,2.42
POWERGRID,2023-12-14,232.1,-2.05
POWERGRID,2023-12-15,237.35,2.26
POWERGRID,2023-12-18,231.85,-2.32
POWERGRID,2023-12-19,233.55,0.73
POWERGRID,2023-12-20,227.15,-2.74
POWERGRID,2023-12-21,232.35,2.29
POWERGRID,2023-12-22,231.75,-0.26
POWERGRID,2023-12-26,233.35,0.69
POWERGRID,2023-12-27,234.05,0.3
POWERGRID,2023-12-28,239.1,2.16
POWERGRID,2023-12-29,237.2,-0.79
POWERGRID,2024-01-01,238.25,0.44
POWERGRID,2024-01-02,237.85,-0.17
POWERGRID,2024-01-03,237.05,-0.34
POWERGRID,2024-01-04,241.45,1.86
POWERGRID,2024-01-05,241.25,-0.08
POWERGRID,2024-01-08,242.35,0.46
POWERGRID,2024-01-09,242.3,-0.02
POWERGRID,2024-01-10,239.15,-1.3
POWERGRID,2024-01-11,241.95,1.17
POWERGRID,2024-01-12,239.5,-1.01
POWERGRID,2024-01-15,241.15,0.69
POWERGRID,2024-01-16,239.05,-0.87
POWERGRID,2024-01-17,239.2,0.06
POWERGRID,2024-01-18,233.45,-2.4
POWERGRID,2024-01-19,235.4,0.84
POWERGRID,2024-01-20,237.2,0.76
POWERGRID,2024-01-23,237.95,0.32
POWERGRID,2024-01-24,246.2,3.47
POWERGRID,2024-01-25,245.5,-0.28
POWERGRID,2024-01-29,253.95,3.44
POWERGRID,2024-01-30,254.1,0.06
POWERGRID,2024-01-31,259.3,2.05
POWERGRID,2024-02-01,265.8,2.51
POWERGRID,2024-02-02,277.1,4.25
POWERGRID,2024-02-05,282.9,2.09
POWERGRID,2024-02-06,274.25,-3.06
POWERGRID,2024-02-07,267.95,-2.3
POWERGRID,2024-02-08,276.2,3.08
POWERGRID,2024-02-09,273.0,-1.16
POWERGRID,2024-02-12,270.3,-0.99
POWERGRID,2024-02-13,270.25,-0.02
POWERGRID,2024-02-14,273.65,1.26
POWERGRID,2024-02-15,281.65,2.92
POWERGRID,2024-02-16,274.55,-2.52
POWERGRID,2024-02-19,276.35,0.66
POWERGRID,2024-02-20,287.9,4.18
POWERGRID,2024-02-21,280.1,-2.71
POWERGRID,2024-02-22,282.6,0.89
POWERGRID,2024-02-23,281.95,-0.23
POWERGRID,2024-02-26,287.8,2.07
POWERGRID,2024-02-27,292.5,1.63
POWERGRID,2024-02-28,279.55,-4.43
POWERGRID,2024-02-29,282.85,1.18
POWERGRID,2024-03-01,287.7,1.71
POWERGRID,2024-03-02,286.85,-0.3
POWERGRID,2024-03-04,294.65,2.72
POWERGRID,2024-03-05,295.0,0.12
POWERGRID,2024-03-06,293.7,-0.44
POWERGRID,2024-03-07,292.65,-0.36
POWERGRID,2024-03-11,285.55,-2.43
POWERGRID,2024-03-12,285.15,-0.14
POWERGRID,2024-03-13,264.3,-7.31
POWERGRID,2024-03-14,266.35,0.78
POWERGRID,2024-03-15,265.95,-0.15
POWERGRID,2024-03-18,264.9,-0.39
POWERGRID,2024-03-19,259.0,-2.23
POWERGRID,2024-03-20,264.65,2.18
POWERGRID,2024-03-21,273.75,3.44
POWERGRID,2024-03-22,275.75,0.73
POWERGRID,2024-03-26,270.05,-2.07
POWERGRID,2024-03-27,270.25,0.07
POWERGRID,2024-03-28,276.9,2.46
POWERGRID,2024-04-01,280.15,1.17
POWERGRID,2024-04-02,279.55,-0.21
POWERGRID,2024-04-03,280.1,0.2
POWERGRID,2024-04-04,277.65,-0.87
POWERGRID,2024-04-05,278.4,0.27
POWERGRID,2024-04-08,281.75,1.2
POWERGRID,2024-04-09,281.2,-0.2
POWERGRID,2024-04-10,282.55,0.48
POWERGRID,2024-04-12,275.25,-2.58
POWERGRID,2024-04-15,274.05,-0.44
POWERGRID,2024-04-16,274.25,0.07
POWERGRID,2024-04-18,280.1,2.13
POWERGRID,2024-04-19,281.65,0.55
POWERGRID,2024-04-22,283.65,0.71
POWERGRID,2024-04-23,285.35,0.6
POWERGRID,2024-04-24,290.4,1.77
POWERGRID,2024-04-25,293.3,1.0
POWERGRID,2024-04-26,292.25,-0.36
POWERGRID,2024-04-29,293.7,0.5
POWERGRID,2024-04-30,301.85,2.77
POWERGRID,2024-05-02,313.6,3.89
POWERGRID,2024-05-03,310.85,-0.88
POWERGRID,2024-05-06,306.85,-1.29
POWERGRID,2024-05-07,295.25,-3.78
POWERGRID,2024-05-08,302.0,2.29
POWERGRID,2024-05-09,296.15,-1.94
POWERGRID,2024-05-10,303.75,2.57
POWERGRID,2024-05-13,306.55,0.92
POWERGRID,2024-05-14,309.25,0.88
POWERGRID,2024-05-15,314.85,1.81
POWERGRID,2024-05-16,312.5,-0.75
POWERGRID,2024-05-17,313.15,0.21
POWERGRID,2024-05-18,316.9,1.2
POWERGRID,2024-05-21,325.65,2.76
POWERGRID,2024-05-22,325.75,0.03
POWERGRID,2024-05-23,319.9,-1.8
POWERGRID,2024-05-24,318.8,-0.34
POWERGRID,2024-05-27,317.95,-0.27
POWERGRID,2024-05-28,312.8,-1.62
POWERGRID,2024-05-29,317.7,1.57
POWERGRID,2024-05-30,306.7,-3.46
POWERGRID,2024-05-31,310.0,1.08
POWERGRID,2024-06-03,337.65,8.92
POWERGRID,2024-06-04,295.95,-12.35
POWERGRID,2024-06-05,298.8,0.96
POWERGRID,2024-06-06,300.45,0.55
POWERGRID,2024-06-07,309.35,2.96
POWERGRID,2024-06-10,315.8,2.09
POWERGRID,2024-06-11,316.55,0.24
POWERGRID,2024-06-12,324.65,2.56
POWERGRID,2024-06-13,321.45,-0.99
POWERGRID,2024-06-14,321.5,0.02
POWERGRID,2024-06-18,331.8,3.2
POWERGRID,2024-06-19,327.3,-1.36
POWERGRID,2024-06-20,324.55,-0.84
POWERGRID,2024-06-21,325.95,0.43
POWERGRID,2024-06-24,332.95,2.15
POWERGRID,2024-06-25,327.4,-1.67
POWERGRID,2024-06-26,326.7,-0.21
POWERGRID,2024-06-27,331.55,1.48
POWERGRID,2024-06-28,330.95,-0.18
POWERGRID,2024-07-01,329.6,-0.41
POWERGRID,2024-07-02,330.8,0.36
POWERGRID,2024-07-03,335.15,1.31
POWERGRID,2024-07-04,335.0,-0.04
POWERGRID,2024-07-05,339.4,1.31
POWERGRID,2024-07-08,339.4,0.0
POWERGRID,2024-07-09,341.15,0.52
POWERGRID,2024-07-10,346.05,1.44
POWERGRID,2024-07-11,342.8,-0.94
POWERGRID,2024-07-12,343.1,0.09
POWERGRID,2024-07-15,343.85,0.22
POWERGRID,2024-07-16,342.45,-0.41
POWERGRID,2024-07-18,341.25,-0.35
POWERGRID,2024-07-19,332.2,-2.65
POWERGRID,2024-07-22,338.6,1.93
POWERGRID,2024-07-23,334.25,-1.28
POWERGRID,2024-07-24,337.15,0.87
POWERGRID,2024-07-25,339.45,0.68
POWERGRID,2024-07-26,344.2,1.4
POWERGRID,2024-07-29,342.35,-0.54
POWERGRID,2024-07-30,349.8,2.18
POWERGRID,2024-07-31,348.2,-0.46
POWERGRID,2024-08-01,361.1,3.7
POWERGRID,2024-08-02,358.25,-0.79
POWERGRID,2024-08-05,342.8,-4.31
POWERGRID,2024-08-06,340.75,-0.6
POWERGRID,2024-08-07,352.05,3.32
POWERGRID,2024-08-08,342.65,-2.67
POWERGRID,2024-08-09,346.0,0.98
POWERGRID,2024-08-12,341.15,-1.4
POWERGRID,2024-08-13,336.95,-1.23
POWERGRID,2024-08-14,333.5,-1.02
POWERGRID,2024-08-16,338.6,1.53
POWERGRID,2024-08-19,340.3,0.5
POWERGRID,2024-08-20,340.5,0.06
POWERGRID,2024-08-21,336.65,-1.13
POWERGRID,2024-08-22,334.0,-0.79
POWERGRID,2024-08-23,336.25,0.67
POWERGRID,2024-08-26,338.25,0.59
POWERGRID,2024-08-27,335.35,-0.86
POWERGRID,2024-08-28,334.45,-0.27
POWERGRID,2024-08-29,333.3,-0.34
POWERGRID,2024-08-30,337.4,1.23
POWERGRID,2024-09-02,335.55,-0.55
POWERGRID,2024-09-03,334.65,-0.27
POWERGRID,2024-09-04,332.9,-0.52
POWERGRID,2024-09-05,331.25,-0.5
POWERGRID,2024-09-06,329.8,-0.44
POWERGRID,2024-09-09,328.55,-0.38
POWERGRID,2024-09-10,334.15,1.7
POWERGRID,2024-09-11,333.2,-0.28
POWERGRID,2024-09-12,338.2,1.5
POWERGRID,2024-09-13,337.25,-0.28
POWERGRID,2024-09-16,338.25,0.3
POWERGRID,2024-09-17,336.9,-0.4
POWERGRID,2024-09-18,334.3,-0.77
POWERGRID,2024-09-19,334.9,0.18
POWERGRID,2024-09-20,340.85,1.78
POWERGRID,2024-09-23,341.15,0.09
POWERGRID,2024-09-24,350.05,2.61
POWERGRID,2024-09-25,363.75,3.91
POWERGRID,2024-09-26,365.45,0.47
POWERGRID,2024-09-27,354.25,-3.06
POWERGRID,2024-09-30,352.85,-0.4
POWERGRID,2024-10-01,350.8,-0.58
POWERGRID,2024-10-03,344.15,-1.9
POWERGRID,2024-10-04,338.85,-1.54
POWERGRID,2024-10-07,328.95,-2.92
POWERGRID,2024-10-08,327.15,-0.55
POWERGRID,2024-10-09,329.75,0.79
POWERGRID,2024-10-10,334.35,1.39
POWERGRID,2024-10-11,330.05,-1.29
POWERGRID,2024-10-14,330.7,0.2
POWERGRID,2024-10-15,329.85,-0.26
POWERGRID,2024-10-16,327.2,-0.8
POWERGRID,2024-10-17,331.15,1.21
POWERGRID,2024-10-18,332.05,0.27
POWERGRID,2024-10-21,331.15,-0.27
POWERGRID,2024-10-22,322.75,-2.54
POWERGRID,2024-10-23,316.9,-1.81
POWERGRID,2024-10-24,319.15,0.71
POWERGRID,2024-10-25,315.8,-1.05
POWERGRID,2024-10-28,318.3,0.79
POWERGRID,2024-10-29,320.55,0.71
POWERGRID,2024-10-30,318.45,-0.66
POWERGRID,2024-10-31,320.8,0.74
POWERGRID,2024-11-01,322.05,0.39
POWERGRID,2024-11-04,315.45,-2.05
POWERGRID,2024-11-05,316.6,0.36
POWERGRID,2024-11-06,318.5,0.6
POWERGRID,2024-11-07,312.95,-1.74
POWERGRID,2024-11-08,316.25,1.05
POWERGRID,2024-11-11,329.8,4.28
POWERGRID,2024-11-12,322.7,-2.15
POWERGRID,2024-11-13,318.0,-1.46
POWERGRID,2024-11-14,312.1,-1.86
POWERGRID,2024-11-18,312.05,-0.02
POWERGRID,2024-11-19,315.05,0.96
POWERGRID,2024-11-21,325.9,3.44
POWERGRID,2024-11-22,336.95,3.39
RELIANCE,2023-10-03,1159.08,
RELIANCE,2023-10-04,1157.08,-0.17
RELIANCE,2023-10-05,1157.05,-0.0
RELIANCE,2023-10-06,1159.0,0.17
RELIANCE,2023-10-09,1149.13,-0.85
RELIANCE,2023-10-10,1154.2,0.44
RELIANCE,2023-10-11,1172.53,1.59
RELIANCE,2023-10-12,1174.7,0.19
RELIANCE,2023-10-13,1174.65,-0.0
RELIANCE,2023-10-16,1172.03,-0.22
RELIANCE,2023-10-17,1177.63,0.48
RELIANCE,2023-10-18,1162.0,-1.33
RELIANCE,2023-10-19,1153.08,-0.77
RELIANCE,2023-10-20,1149.55,-0.31
RELIANCE,2023-10-23,1131.6,-1.56
RELIANCE,2023-10-25,1128.97,-0.23
RELIANCE,2023-10-26,1113.25,-1.39
RELIANCE,2023-10-27,1132.9,1.77
RELIANCE,2023-10-30,1156.25,2.06
RELIANCE,2023-10-31,1143.95,-1.06
RELIANCE,2023-11-01,1148.7,0.42
RELIANCE,2023-11-02,1160.1,0.99
RELIANCE,2023-11-03,1159.85,-0.02
RELIANCE,2023-11-06,1169.5,0.83
RELIANCE,2023-11-07,1161.9,-0.65
RELIANCE,2023-11-08,1167.95,0.52
RELIANCE,2023-11-09,1155.28,-1.08
RELIANCE,2023-11-10,1157.45,0.19
RELIANCE,2023-11-12,1165.33,0.68
RELIANCE,2023-11-13,1157.3,-0.69
RELIANCE,2023-11-15,1178.22,1.81
RELIANCE,2023-11-16,1180.35,0.18
RELIANCE,2023-11-17,1177.78,-0.22
RELIANCE,2023-11-20,1174.68,-0.26
RELIANCE,2023-11-21,1189.45,1.26
RELIANCE,2023-11-22,1194.1,0.39
RELIANCE,2023-11-23,1197.75,0.31
RELIANCE,2023-11-24,1196.95,-0.07
RELIANCE,2023-11-28,1197.2,0.02
RELIANCE,2023-11-29,1200.35,0.26
RELIANCE,2023-11-30,1188.72,-0.97
RELIANCE,2023-12-01,1197.15,0.71
RELIANCE,2023-12-04,1210.1,1.08
RELIANCE,2023-12-05,1218.88,0.73
RELIANCE,2023-12-06,1230.55,0.96
RELIANCE,2023-12-07,1228.53,-0.16
RELIANCE,2023-12-08,1227.88,-0.05
RELIANCE,2023-12-11,1229.68,0.15
RELIANCE,2023-12-12,1212.03,-1.44
RELIANCE,2023-12-13,1216.97,0.41
RELIANCE,2023-12-14,1232.08,1.24
RELIANCE,2023-12-15,1247.8,1.28
RELIANCE,2023-12-18,1260.5,1.02
RELIANCE,2023-12-19,1279.05,1.47
RELIANCE,2023-12-20,1263.58,-1.21
RELIANCE,2023-12-21,1281.28,1.4
RELIANCE,2023-12-22,1282.53,0.1
RELIANCE,2023-12-26,1289.03,0.51
RELIANCE,2023-12-27,1293.43,0.34
RELIANCE,2023-12-28,1302.78,0.72
RELIANCE,2023-12-29,1292.47,-0.79
RELIANCE,2024-01-01,1295.13,0.21
RELIANCE,2024-01-02,1305.85,0.83
RELIANCE,2024-01-03,1291.65,-1.09
RELIANCE,2024-01-04,1298.33,0.52
RELIANCE,2024-01-05,1303.85,0.43
RELIANCE,2024-01-08,1293.68,-0.78
RELIANCE,2024-01-09,1290.25,-0.27
RELIANCE,2024-01-10,1325.05,2.7
RELIANCE,2024-01-11,1359.9,2.63
RELIANCE,2024-01-12,1370.73,0.8
RELIANCE,2024-01-15,1394.13,1.71
RELIANCE,2024-01-16,1374.63,-1.4
RELIANCE,2024-01-17,1361.58,-0.95
RELIANCE,2024-01-18,1367.95,0.47
RELIANCE,2024-01-19,1367.45,-0.04
RELIANCE,2024-01-20,1356.65,-0.79
RELIANCE,2024-01-23,1328.58,-2.07
RELIANCE,2024-01-24,1343.88,1.15
RELIANCE,2024-01-25,1353.08,0.68
RELIANCE,2024-01-29,1448.05,7.02
RELIANCE,2024-01-30,1407.63,-2.79
RELIANCE,2024-01-31,1426.63,1.35
RELIANCE,2024-02-01,1426.65,0.0
RELIANCE,2024-02-02,1457.7,2.18
RELIANCE,2024-02-05,1439.03,-1.28
RELIANCE,2024-02-06,1427.8,-0.78
RELIANCE,2024-02-07,1442.15,1.01
RELIANCE,2024-02-08,1450.13,0.55
RELIANCE,2024-02-09,1460.75,0.73
RELIANCE,2024-02-12,1452.35,-0.58
RELIANCE,2024-02-13,1465.1,0.88
RELIANCE,2024-02-14,1481.38,1.11
RELIANCE,2024-02-15,1470.6,-0.73
RELIANCE,2024-02-16,1460.58,-0.68
RELIANCE,2024-02-19,1474.0,0.92
RELIANCE,2024-02-20,1471.03,-0.2
RELIANCE,2024-02-21,1467.7,-0.23
RELIANCE,2024-02-22,1481.75,0.96
RELIANCE,2024-02-23,1493.63,0.8
RELIANCE,2024-02-26,1487.33,-0.42
RELIANCE,2024-02-27,1485.65,-0.11
RELIANCE,2024-02-28,1455.63,-2.02
RELIANCE,2024-02-29,1460.8,0.36
RELIANCE,2024-03-01,1492.13,2.14
RELIANCE,2024-03-02,1491.08,-0.07
RELIANCE,2024-03-04,1507.4,1.09
RELIANCE,2024-03-05,1500.2,-0.48
RELIANCE,2024-03-06,1503.0,0.19
RELIANCE,2024-03-07,1478.93,-1.6
RELIANCE,2024-03-11,1466.6,-0.83
RELIANCE,2024-03-12,1475.43,0.6
RELIANCE,2024-03-13,1432.18,-2.93
RELIANCE,2024-03-14,1431.48,-0.05
RELIANCE,2024-03-15,1418.23,-0.93
RELIANCE,2024-03-18,1439.48,1.5
RELIANCE,2024-03-19,1425.25,-0.99
RELIANCE,2024-03-20,1443.75,1.3
RELIANCE,2024-03-21,1450.98,0.5
RELIANCE,2024-03-22,1455.03,0.28
RELIANCE,2024-03-26,1441.58,-0.92
RELIANCE,2024-03-27,1492.85,3.56
RELIANCE,2024-03-28,1485.85,-0.47
RELIANCE,2024-04-01,1484.78,-0.07
RELIANCE,2024-04-02,1486.95,0.15
RELIANCE,2024-04-03,1471.6,-1.03
RELIANCE,2024-04-04,1462.93,-0.59
RELIANCE,2024-04-05,1460.1,-0.19
RELIANCE,2024-04-08,1485.98,1.77
RELIANCE,2024-04-09,1463.65,-1.5
RELIANCE,2024-04-10,1479.58,1.09
RELIANCE,2024-04-12,1467.15,-0.84
RELIANCE,2024-04-15,1464.83,-0.16
RELIANCE,2024-04-16,1465.75,0.06
RELIANCE,2024-04-18,1464.33,-0.1
RELIANCE,2024-04-19,1470.13,0.4
RELIANCE,2024-04-22,1479.85,0.66
RELIANCE,2024-04-23,1459.33,-1.39
RELIANCE,2024-04-24,1450.18,-0.63
RELIANCE,2024-04-25,1459.98,0.68
RELIANCE,2024-04-26,1452.55,-0.51
RELIANCE,2024-04-29,1465.03,0.86
RELIANCE,2024-04-30,1467.0,0.13
RELIANCE,2024-05-02,1466.55,-0.03
RELIANCE,2024-05-03,1434.0,-2.22
RELIANCE,2024-05-06,1419.53,-1.01
RELIANCE,2024-05-07,1401.48,-1.27
RELIANCE,2024-05-08,1418.55,1.22
RELIANCE,2024-05-09,1394.13,-1.72
RELIANCE,2024-05-10,1407.43,0.95
RELIANCE,2024-05-13,1402.7,-0.34
RELIANCE,2024-05-14,1420.08,1.24
RELIANCE,2024-05-15,1416.28,-0.27
RELIANCE,2024-05-16,1425.35,0.64
RELIANCE,2024-05-17,1435.7,0.73
RELIANCE,2024-05-18,1434.83,-0.06
RELIANCE,2024-05-21,1436.13,0.09
RELIANCE,2024-05-22,1460.65,1.71
RELIANCE,2024-05-23,1486.05,1.74
RELIANCE,2024-05-24,1480.25,-0.39
RELIANCE,2024-05-27,1466.25,-0.95
RELIANCE,2024-05-28,1456.2,-0.69
RELIANCE,2024-05-29,1440.78,-1.06
RELIANCE,2024-05-30,1424.85,-1.11
RELIANCE,2024-05-31,1430.4,0.39
RELIANCE,2024-06-03,1510.33,5.59
RELIANCE,2024-06-04,1397.28,-7.49
RELIANCE,2024-06-05,1420.75,1.68
RELIANCE,2024-06-06,1431.6,0.76
RELIANCE,2024-06-07,1469.95,2.68
RELIANCE,2024-06-10,1471.4,0.1
RELIANCE,2024-06-11,1456.68,-1.0
RELIANCE,2024-06-12,1463.33,0.46
RELIANCE,2024-06-13,1465.25,0.13
RELIANCE,2024-06-14,1477.55,0.84
RELIANCE,2024-06-18,1481.03,0.24
RELIANCE,2024-06-19,1458.65,-1.51
RELIANCE,2024-06-20,1473.7,1.03
RELIANCE,2024-06-21,1454.2,-1.32
RELIANCE,2024-06-24,1441.48,-0.87
RELIANCE,2024-06-25,1454.15,0.88
RELIANCE,2024-06-26,1514.03,4.12
RELIANCE,2024-06-27,1530.55,1.09
RELIANCE,2024-06-28,1565.4,2.28
RELIANCE,2024-07-01,1560.15,-0.34
RELIANCE,2024-07-02,1565.18,0.32
RELIANCE,2024-07-03,1552.43,-0.81
RELIANCE,2024-07-04,1554.03,0.1
RELIANCE,2024-07-05,1588.63,2.23
RELIANCE,2024-07-08,1600.9,0.77
RELIANCE,2024-07-09,1590.28,-0.66
RELIANCE,2024-07-10,1584.23,-0.38
RELIANCE,2024-07-11,1580.65,-0.23
RELIANCE,2024-07-12,1596.73,1.02
RELIANCE,2024-07-15,1597.23,0.03
RELIANCE,2024-07-16,1576.25,-1.31
RELIANCE,2024-07-18,1586.68,0.66
RELIANCE,2024-07-19,1555.15,-1.99
RELIANCE,2024-07-22,1500.68,-3.5
RELIANCE,2024-07-23,1487.9,-0.85
RELIANCE,2024-07-24,1495.7,0.52
RELIANCE,2024-07-25,1492.4,-0.22
RELIANCE,2024-07-26,1509.03,1.11
RELIANCE,2024-07-29,1520.1,0.73
RELIANCE,2024-07-30,1513.15,-0.46
RELIANCE,2024-07-31,1505.43,-0.51
RELIANCE,2024-08-01,1515.3,0.66
RELIANCE,2024-08-02,1499.33,-1.05
RELIANCE,2024-08-05,1447.33,-3.47
RELIANCE,2024-08-06,1456.05,0.6
RELIANCE,2024-08-07,1464.83,0.6
RELIANCE,2024-08-08,1449.13,-1.07
RELIANCE,2024-08-09,1474.3,1.74
RELIANCE,2024-08-12,1460.63,-0.93
RELIANCE,2024-08-13,1463.63,0.21
RELIANCE,2024-08-14,1461.85,-0.12
RELIANCE,2024-08-16,1478.2,1.12
RELIANCE,2024-08-19,1488.4,0.69
RELIANCE,2024-08-20,1495.95,0.51
RELIANCE,2024-08-21,1498.68,0.18
RELIANCE,2024-08-22,1498.13,-0.04
RELIANCE,2024-08-23,1499.98,0.12
RELIANCE,2024-08-26,1512.6,0.84
RELIANCE,2024-08-27,1500.45,-0.8
RELIANCE,2024-08-28,1498.3,-0.14
RELIANCE,2024-08-29,1520.93,1.51
RELIANCE,2024-08-30,1509.63,-0.74
RELIANCE,2024-09-02,1516.25,0.44
RELIANCE,2024-09-03,1509.13,-0.47
RELIANCE,2024-09-04,1514.55,0.36
RELIANCE,2024-09-05,1492.98,-1.42
RELIANCE,2024-09-06,1464.83,-1.89
RELIANCE,2024-09-09,1462.45,-0.16
RELIANCE,2024-09-10,1461.53,-0.06
RELIANCE,2024-09-11,1451.5,-0.69
RELIANCE,2024-09-12,1479.8,1.95
RELIANCE,2024-09-13,1472.63,-0.48
RELIANCE,2024-09-16,1471.35,-0.09
RELIANCE,2024-09-17,1472.3,0.06
RELIANCE,2024-09-18,1463.45,-0.6
RELIANCE,2024-09-19,1469.68,0.43
RELIANCE,2024-09-20,1485.93,1.11
RELIANCE,2024-09-23,1493.38,0.5
RELIANCE,2024-09-24,1489.38,-0.27
RELIANCE,2024-09-25,1493.95,0.31
RELIANCE,2024-09-26,1497.95,0.27
RELIANCE,2024-09-27,1526.18,1.88
RELIANCE,2024-09-30,1476.58,-3.25
RELIANCE,2024-10-01,1464.83,-0.8
RELIANCE,2024-10-03,1406.98,-3.95
RELIANCE,2024-10-04,1386.53,-1.45
RELIANCE,2024-10-07,1370.73,-1.14
RELIANCE,2024-10-08,1397.35,1.94
RELIANCE,2024-10-09,1374.6,-1.63
RELIANCE,2024-10-10,1371.05,-0.26
RELIANCE,2024-10-11,1372.1,0.08
RELIANCE,2024-10-14,1372.53,0.03
RELIANCE,2024-10-15,1344.03,-2.08
RELIANCE,2024-10-16,1354.08,0.75
RELIANCE,2024-10-17,1356.43,0.17
RELIANCE,2024-10-18,1359.3,0.21
RELIANCE,2024-10-21,1369.2,0.73
RELIANCE,2024-10-22,1343.35,-1.89
RELIANCE,2024-10-23,1338.53,-0.36
RELIANCE,2024-10-24,1339.8,0.09
RELIANCE,2024-10-25,1327.85,-0.89
RELIANCE,2024-10-28,1334.35,0.49
RELIANCE,2024-10-29,1340.0,0.42
RELIANCE,2024-10-30,1343.9,0.29
RELIANCE,2024-10-31,1332.05,-0.88
RELIANCE,2024-11-01,1338.65,0.5
RELIANCE,2024-11-04,1302.15,-2.73
RELIANCE,2024-11-05,1305.3,0.24
RELIANCE,2024-11-06,1325.35,1.54
RELIANCE,2024-11-07,1305.65,-1.49
RELIANCE,2024-11-08,1283.75,-1.68
RELIANCE,2024-11-11,1272.7,-0.86
RELIANCE,2024-11-12,1274.25,0.12
RELIANCE,2024-11-13,1252.05,-1.74
RELIANCE,2024-11-14,1267.6,1.24
RELIANCE,2024-11-18,1260.75,-0.54
RELIANCE,2024-11-19,1241.65,-1.51
RELIANCE,2024-11-21,1223.0,-1.5
RELIANCE,2024-11-22,1265.4,3.47
SBILIFE,2023-10-03,1292.45,
SBILIFE,2023-10-04,1270.55,-1.69
SBILIFE,2023-10-05,1274.45,0.31
SBILIFE,2023-10-06,1282.95,0.67
SBILIFE,2023-10-09,1277.25,-0.44
SBILIFE,2023-10-10,1302.05,1.94
SBILIFE,2023-10-11,1309.35,0.56
SBILIFE,2023-10-12,1313.65,0.33
SBILIFE,2023-10-13,1316.45,0.21
SBILIFE,2023-10-16,1322.2,0.44
SBILIFE,2023-10-17,1348.35,1.98
SBILIFE,2023-10-18,1356.35,0.59
SBILIFE,2023-10-19,1348.15,-0.6
SBILIFE,2023-10-20,1362.65,1.08
SBILIFE,2023-10-23,1338.4,-1.78
SBILIFE,2023-10-25,1314.15,-1.81
SBILIFE,2023-10-26,1305.6,-0.65
SBILIFE,2023-10-27,1302.9,-0.21
SBILIFE,2023-10-30,1326.2,1.79
SBILIFE,2023-10-31,1367.85,3.14
SBILIFE,2023-11-01,1336.05,-2.32
SBILIFE,2023-11-02,1343.5,0.56
SBILIFE,2023-11-03,1329.35,-1.05
SBILIFE,2023-11-06,1331.85,0.19
SBILIFE,2023-11-07,1340.85,0.68
SBILIFE,2023-11-08,1345.5,0.35
SBILIFE,2023-11-09,1350.7,0.39
SBILIFE,2023-11-10,1355.4,0.35
SBILIFE,2023-11-12,1358.85,0.25
SBILIFE,2023-11-13,1328.35,-2.24
SBILIFE,2023-11-15,1357.1,2.16
SBILIFE,2023-11-16,1359.95,0.21
SBILIFE,2023-11-17,1413.95,3.97
SBILIFE,2023-11-20,1385.3,-2.03
SBILIFE,2023-11-21,1423.65,2.77
SBILIFE,2023-11-22,1430.1,0.45
SBILIFE,2023-11-23,1410.95,-1.34
SBILIFE,2023-11-24,1409.7,-0.09
SBILIFE,2023-11-28,1412.45,0.2
SBILIFE,2023-11-29,1407.85,-0.33
SBILIFE,2023-11-30,1435.25,1.95
SBILIFE,2023-12-01,1423.65,-0.81
SBILIFE,2023-12-04,1454.0,2.13
SBILIFE,2023-12-05,1460.95,0.48
SBILIFE,2023-12-06,1450.7,-0.7
SBILIFE,2023-12-07,1455.75,0.35
SBILIFE,2023-12-08,1465.2,0.65
SBILIFE,2023-12-11,1460.6,-0.31
SBILIFE,2023-12-12,1481.45,1.43
SBILIFE,2023-12-13,1466.8,-0.99
SBILIFE,2023-12-14,1469.85,0.21
SBILIFE,2023-12-15,1452.5,-1.18
SBILIFE,2023-12-18,1446.95,-0.38
SBILIFE,2023-12-19,1424.55,-1.55
SBILIFE,2023-12-20,1409.25,-1.07
SBILIFE,2023-12-21,1403.75,-0.39
SBILIFE,2023-12-22,1394.3,-0.67
SBILIFE,2023-12-26,1395.3,0.07
SBILIFE,2023-12-27,1421.35,1.87
SBILIFE,2023-12-28,1435.3,0.98
SBILIFE,2023-12-29,1432.6,-0.19
SBILIFE,2024-01-01,1432.1,-0.03
SBILIFE,2024-01-02,1437.65,0.39
SBILIFE,2024-01-03,1422.7,-1.04
SBILIFE,2024-01-04,1431.6,0.63
SBILIFE,2024-01-05,1454.15,1.58
SBILIFE,2024-01-08,1421.05,-2.28
SBILIFE,2024-01-09,1449.35,1.99
SBILIFE,2024-01-10,1451.45,0.14
SBILIFE,2024-01-11,1427.8,-1.63
SBILIFE,2024-01-12,1435.3,0.53
SBILIFE,2024-01-15,1430.05,-0.37
SBILIFE,2024-01-16,1408.8,-1.49
SBILIFE,2024-01-17,1421.15,0.88
SBILIFE,2024-01-18,1404.9,-1.14
SBILIFE,2024-01-19,1440.6,2.54
SBILIFE,2024-01-20,1442.2,0.11
SBILIFE,2024-01-23,1375.5,-4.62
SBILIFE,2024-01-24,1410.55,2.55
SBILIFE,2024-01-25,1380.9,-2.1
SBILIFE,2024-01-29,1418.4,2.72
SBILIFE,2024-01-30,1399.0,-1.37
SBILIFE,2024-01-31,1401.15,0.15
SBILIFE,2024-02-01,1432.75,2.26
SBILIFE,2024-02-02,1435.45,0.19
SBILIFE,2024-02-05,1419.85,-1.09
SBILIFE,2024-02-06,1464.0,3.11
SBILIFE,2024-02-07,1469.45,0.37
SBILIFE,2024-02-08,1459.05,-0.71
SBILIFE,2024-02-09,1439.7,-1.33
SBILIFE,2024-02-12,1436.0,-0.26
SBILIFE,2024-02-13,1467.6,2.2
SBILIFE,2024-02-14,1453.7,-0.95
SBILIFE,2024-02-15,1453.35,-0.02
SBILIFE,2024-02-16,1508.45,3.79
SBILIFE,2024-02-19,1488.85,-1.3
SBILIFE,2024-02-20,1513.55,1.66
SBILIFE,2024-02-21,1501.7,-0.78
SBILIFE,2024-02-22,1509.65,0.53
SBILIFE,2024-02-23,1529.15,1.29
SBILIFE,2024-02-26,1549.15,1.31
SBILIFE,2024-02-27,1542.7,-0.42
SBILIFE,2024-02-28,1540.2,-0.16
SBILIFE,2024-02-29,1552.55,0.8
SBILIFE,2024-03-01,1542.15,-0.67
SBILIFE,2024-03-02,1546.8,0.3
SBILIFE,2024-03-04,1517.95,-1.87
SBILIFE,2024-03-05,1491.25,-1.76
SBILIFE,2024-03-06,1520.4,1.95
SBILIFE,2024-03-07,1510.4,-0.66
SBILIFE,2024-03-11,1532.1,1.44
SBILIFE,2024-03-12,1516.4,-1.02
SBILIFE,2024-03-13,1487.35,-1.92
SBILIFE,2024-03-14,1505.85,1.24
SBILIFE,2024-03-15,1500.0,-0.39
SBILIFE,2024-03-18,1489.7,-0.69
SBILIFE,2024-03-19,1461.35,-1.9
SBILIFE,2024-03-20,1458.4,-0.2
SBILIFE,2024-03-21,1468.05,0.66
SBILIFE,2024-03-22,1501.1,2.25
SBILIFE,2024-03-26,1486.4,-0.98
SBILIFE,2024-03-27,1479.55,-0.46
SBILIFE,2024-03-28,1500.25,1.4
SBILIFE,2024-04-01,1489.95,-0.69
SBILIFE,2024-04-02,1470.6,-1.3
SBILIFE,2024-04-03,1460.8,-0.67
SBILIFE,2024-04-04,1463.75,0.2
SBILIFE,2024-04-05,1485.3,1.47
SBILIFE,2024-04-08,1518.8,2.26
SBILIFE,2024-04-09,1510.55,-0.54
SBILIFE,2024-04-10,1503.35,-0.48
SBILIFE,2024-04-12,1493.15,-0.68
SBILIFE,2024-04-15,1466.9,-1.76
SBILIFE,2024-04-16,1462.75,-0.28
SBILIFE,2024-04-18,1456.95,-0.4
SBILIFE,2024-04-19,1447.55,-0.65
SBILIFE,2024-04-22,1475.4,1.92
SBILIFE,2024-04-23,1469.85,-0.38
SBILIFE,2024-04-24,1460.05,-0.67
SBILIFE,2024-04-25,1444.45,-1.07
SBILIFE,2024-04-26,1415.25,-2.02
SBILIFE,2024-04-29,1422.35,0.5
SBILIFE,2024-04-30,1436.55,1.0
SBILIFE,2024-05-02,1460.9,1.7
SBILIFE,2024-05-03,1443.25,-1.21
SBILIFE,2024-05-06,1440.6,-0.18
SBILIFE,2024-05-07,1450.15,0.66
SBILIFE,2024-05-08,1426.75,-1.61
SBILIFE,2024-05-09,1422.4,-0.3
SBILIFE,2024-05-10,1431.95,0.67
SBILIFE,2024-05-13,1425.1,-0.48
SBILIFE,2024-05-14,1432.85,0.54
SBILIFE,2024-05-15,1430.1,-0.19
SBILIFE,2024-05-16,1452.2,1.55
SBILIFE,2024-05-17,1434.2,-1.24
SBILIFE,2024-05-18,1439.85,0.39
SBILIFE,2024-05-21,1429.65,-0.71
SBILIFE,2024-05-22,1427.4,-0.16
SBILIFE,2024-05-23,1446.8,1.36
SBILIFE,2024-05-24,1436.25,-0.73
SBILIFE,2024-05-27,1410.2,-1.81
SBILIFE,2024-05-28,1450.75,2.88
SBILIFE,2024-05-29,1412.8,-2.62
SBILIFE,2024-05-30,1380.05,-2.32
SBILIFE,2024-05-31,1386.4,0.46
SBILIFE,2024-06-03,1391.5,0.37
SBILIFE,2024-06-04,1338.85,-3.78
SBILIFE,2024-06-05,1390.1,3.83
SBILIFE,2024-06-06,1442.85,3.79
SBILIFE,2024-06-07,1425.85,-1.18
SBILIFE,2024-06-10,1432.3,0.45
SBILIFE,2024-06-11,1428.05,-0.3
SBILIFE,2024-06-12,1452.7,1.73
SBILIFE,2024-06-13,1449.9,-0.19
SBILIFE,2024-06-14,1469.9,1.38
SBILIFE,2024-06-18,1473.55,0.25
SBILIFE,2024-06-19,1449.2,-1.65
SBILIFE,2024-06-20,1455.5,0.43
SBILIFE,2024-06-21,1464.15,0.59
SBILIFE,2024-06-24,1452.75,-0.78
SBILIFE,2024-06-25,1462.0,0.64
SBILIFE,2024-06-26,1450.9,-0.76
SBILIFE,2024-06-27,1463.45,0.86
SBILIFE,2024-06-28,1491.95,1.95
SBILIFE,2024-07-01,1501.85,0.66
SBILIFE,2024-07-02,1494.9,-0.46
SBILIFE,2024-07-03,1496.35,0.1
SBILIFE,2024-07-04,1507.75,0.76
SBILIFE,2024-07-05,1529.4,1.44
SBILIFE,2024-07-08,1514.95,-0.94
SBILIFE,2024-07-09,1524.75,0.65
SBILIFE,2024-07-10,1558.8,2.23
SBILIFE,2024-07-11,1558.8,0.0
SBILIFE,2024-07-12,1562.85,0.26
SBILIFE,2024-07-15,1613.45,3.24
SBILIFE,2024-07-16,1621.35,0.49
SBILIFE,2024-07-18,1659.8,2.37
SBILIFE,2024-07-19,1647.7,-0.73
SBILIFE,2024-07-22,1621.15,-1.61
SBILIFE,2024-07-23,1594.85,-1.62
SBILIFE,2024-07-24,1632.95,2.39
SBILIFE,2024-07-25,1695.4,3.82
SBILIFE,2024-07-26,1750.95,3.28
SBILIFE,2024-07-29,1746.7,-0.24
SBILIFE,2024-07-30,1721.05,-1.47
SBILIFE,2024-07-31,1753.65,1.89
SBILIFE,2024-08-01,1767.25,0.78
SBILIFE,2024-08-02,1744.9,-1.26
SBILIFE,2024-08-05,1722.2,-1.3
SBILIFE,2024-08-06,1674.5,-2.77
SBILIFE,2024-08-07,1685.7,0.67
SBILIFE,2024-08-08,1706.3,1.22
SBILIFE,2024-08-09,1725.1,1.1
SBILIFE,2024-08-12,1705.0,-1.17
SBILIFE,2024-08-13,1682.4,-1.33
SBILIFE,2024-08-14,1692.1,0.58
SBILIFE,2024-08-16,1688.9,-0.19
SBILIFE,2024-08-19,1671.55,-1.03
SBILIFE,2024-08-20,1761.3,5.37
SBILIFE,2024-08-21,1800.6,2.23
SBILIFE,2024-08-22,1795.25,-0.3
SBILIFE,2024-08-23,1789.3,-0.33
SBILIFE,2024-08-26,1796.25,0.39
SBILIFE,2024-08-27,1838.95,2.38
SBILIFE,2024-08-28,1843.7,0.26
SBILIFE,2024-08-29,1843.7,0.0
SBILIFE,2024-08-30,1850.3,0.36
SBILIFE,2024-09-02,1888.75,2.08
SBILIFE,2024-09-03,1928.65,2.11
SBILIFE,2024-09-04,1912.2,-0.85
SBILIFE,2024-09-05,1907.85,-0.23
SBILIFE,2024-09-06,1896.3,-0.61
SBILIFE,2024-09-09,1901.75,0.29
SBILIFE,2024-09-10,1853.45,-2.54
SBILIFE,2024-09-11,1859.15,0.31
SBILIFE,2024-09-12,1875.95,0.9
SBILIFE,2024-09-13,1846.5,-1.57
SBILIFE,2024-09-16,1821.25,-1.37
SBILIFE,2024-09-17,1819.15,-0.12
SBILIFE,2024-09-18,1842.45,1.28
SBILIFE,2024-09-19,1840.95,-0.08
SBILIFE,2024-09-20,1870.25,1.59
SBILIFE,2024-09-23,1920.15,2.67
SBILIFE,2024-09-24,1864.35,-2.91
SBILIFE,2024-09-25,1863.6,-0.04
SBILIFE,2024-09-26,1898.3,1.86
SBILIFE,2024-09-27,1882.65,-0.82
SBILIFE,2024-09-30,1844.0,-2.05
SBILIFE,2024-10-01,1834.2,-0.53
SBILIFE,2024-10-03,1805.55,-1.56
SBILIFE,2024-10-04,1798.1,-0.41
SBILIFE,2024-10-07,1787.95,-0.56
SBILIFE,2024-10-08,1728.05,-3.35
SBILIFE,2024-10-09,1737.4,0.54
SBILIFE,2024-10-10,1734.5,-0.17
SBILIFE,2024-10-11,1735.05,0.03
SBILIFE,2024-10-14,1738.3,0.19
SBILIFE,2024-10-15,1723.75,-0.84
SBILIFE,2024-10-16,1733.75,0.58
SBILIFE,2024-10-17,1702.0,-1.83
SBILIFE,2024-10-18,1706.05,0.24
SBILIFE,2024-10-21,1711.85,0.34
SBILIFE,2024-10-22,1698.15,-0.8
SBILIFE,2024-10-23,1716.0,1.05
SBILIFE,2024-10-24,1635.3,-4.7
SBILIFE,2024-10-25,1616.75,-1.13
SBILIFE,2024-10-28,1605.9,-0.67
SBILIFE,2024-10-29,1661.35,3.45
SBILIFE,2024-10-30,1624.15,-2.24
SBILIFE,2024-10-31,1622.15,-0.12
SBILIFE,2024-11-01,1628.85,0.41
SBILIFE,2024-11-04,1608.8,-1.23
SBILIFE,2024-11-05,1633.2,1.52
SBILIFE,2024-11-06,1603.95,-1.79
SBILIFE,2024-11-07,1589.85,-0.88
SBILIFE,2024-11-08,1569.95,-1.25
SBILIFE,2024-11-11,1566.0,-0.25
SBILIFE,2024-11-12,1562.45,-0.23
SBILIFE,2024-11-13,1546.7,-1.01
SBILIFE,2024-11-14,1562.3,1.01
SBILIFE,2024-11-18,1562.6,0.02
SBILIFE,2024-11-19,1522.9,-2.54
SBILIFE,2024-11-21,1477.95,-2.95
SBILIFE,2024-11-22,1485.15,0.49
SBIN,2023-10-03,602.95,
SBIN,2023-10-04,586.25,-2.77
SBIN,2023-10-05,592.15,1.01
SBIN,2023-10-06,594.25,0.35
SBIN,2023-10-09,585.1,-1.54
SBIN,2023-10-10,591.65,1.12
SBIN,2023-10-11,588.35,-0.56
SBIN,2023-10-12,586.05,-0.39
SBIN,2023-10-13,576.15,-1.69
SBIN,2023-10-16,575.65,-0.09
SBIN,2023-10-17,576.45,0.14
SBIN,2023-10-18,572.65,-0.66
SBIN,2023-10-19,571.2,-0.25
SBIN,2023-10-20,563.1,-1.42
SBIN,2023-10-23,552.95,-1.8
SBIN,2023-10-25,556.2,0.59
SBIN,2023-10-26,547.0,-1.65
SBIN,2023-10-27,561.15,2.59
SBIN,2023-10-30,565.2,0.72
SBIN,2023-10-31,565.55,0.06
SBIN,2023-11-01,566.4,0.15
SBIN,2023-11-02,572.1,1.01
SBIN,2023-11-03,578.15,1.06
SBIN,2023-11-06,574.35,-0.66
SBIN,2023-11-07,579.75,0.94
SBIN,2023-11-08,580.3,0.09
SBIN,2023-11-09,578.35,-0.34
SBIN,2023-11-10,579.5,0.2
SBIN,2023-11-12,581.3,0.31
SBIN,2023-11-13,581.35,0.01
SBIN,2023-11-15,584.7,0.58
SBIN,2023-11-16,584.65,-0.01
SBIN,2023-11-17,563.05,-3.69
SBIN,2023-11-20,563.75,0.12
SBIN,2023-11-21,561.5,-0.4
SBIN,2023-11-22,558.95,-0.45
SBIN,2023-11-23,559.95,0.18
SBIN,2023-11-24,560.35,0.07
SBIN,2023-11-28,564.45,0.73
SBIN,2023-11-29,568.6,0.74
SBIN,2023-11-30,564.75,-0.68
SBIN,2023-12-01,571.75,1.24
SBIN,2023-12-04,594.7,4.01
SBIN,2023-12-05,608.25,2.28
SBIN,2023-12-06,608.45,0.03
SBIN,2023-12-07,611.7,0.53
SBIN,2023-12-08,614.15,0.4
SBIN,2023-12-11,614.25,0.02
SBIN,2023-12-12,612.4,-0.3
SBIN,2023-12-13,619.85,1.22
SBIN,2023-12-14,623.65,0.61
SBIN,2023-12-15,648.25,3.94
SBIN,2023-12-18,648.5,0.04
SBIN,2023-12-19,655.4,1.06
SBIN,2023-12-20,636.45,-2.89
SBIN,2023-12-21,643.75,1.15
SBIN,2023-12-22,636.75,-1.09
SBIN,2023-12-26,638.05,0.2
SBIN,2023-12-27,648.55,1.65
SBIN,2023-12-28,651.4,0.44
SBIN,2023-12-29,642.05,-1.44
SBIN,2024-01-01,641.35,-0.11
SBIN,2024-01-02,639.45,-0.3
SBIN,2024-01-03,643.45,0.63
SBIN,2024-01-04,642.75,-0.11
SBIN,2024-01-05,641.95,-0.12
SBIN,2024-01-08,627.0,-2.33
SBIN,2024-01-09,625.4,-0.26
SBIN,2024-01-10,621.75,-0.58
SBIN,2024-01-11,620.2,-0.25
SBIN,2024-01-12,633.6,2.16
SBIN,2024-01-15,640.1,1.03
SBIN,2024-01-16,636.9,-0.5
SBIN,2024-01-17,626.0,-1.71
SBIN,2024-01-18,628.3,0.37
SBIN,2024-01-19,627.75,-0.09
SBIN,2024-01-20,631.4,0.58
SBIN,2024-01-23,605.1,-4.17
SBIN,2024-01-24,618.3,2.18
SBIN,2024-01-25,612.75,-0.9
SBIN,2024-01-29,622.95,1.66
SBIN,2024-01-30,626.75,0.61
SBIN,2024-01-31,640.5,2.19
SBIN,2024-02-01,647.65,1.12
SBIN,2024-02-02,649.65,0.31
SBIN,2024-02-05,642.95,-1.03
SBIN,2024-02-06,650.25,1.14
SBIN,2024-02-07,675.25,3.84
SBIN,2024-02-08,699.55,3.6
SBIN,2024-02-09,725.25,3.67
SBIN,2024-02-12,707.9,-2.39
SBIN,2024-02-13,713.45,0.78
SBIN,2024-02-14,743.4,4.2
SBIN,2024-02-15,761.7,2.46
SBIN,2024-02-16,754.7,-0.92
SBIN,2024-02-19,759.25,0.6
SBIN,2024-02-20,760.1,0.11
SBIN,2024-02-21,771.5,1.5
SBIN,2024-02-22,765.9,-0.73
SBIN,2024-02-23,759.05,-0.89
SBIN,2024-02-26,758.9,-0.02
SBIN,2024-02-27,749.85,-1.19
SBIN,2024-02-28,742.5,-0.98
SBIN,2024-02-29,748.1,0.75
SBIN,2024-03-01,769.15,2.81
SBIN,2024-03-02,773.3,0.54
SBIN,2024-03-04,772.05,-0.16
SBIN,2024-03-05,783.95,1.54
SBIN,2024-03-06,783.9,-0.01
SBIN,2024-03-07,788.05,0.53
SBIN,2024-03-11,773.7,-1.82
SBIN,2024-03-12,759.7,-1.81
SBIN,2024-03-13,747.25,-1.64
SBIN,2024-03-14,741.05,-0.83
SBIN,2024-03-15,731.9,-1.23
SBIN,2024-03-18,730.95,-0.13
SBIN,2024-03-19,723.8,-0.98
SBIN,2024-03-20,736.25,1.72
SBIN,2024-03-21,744.3,1.09
SBIN,2024-03-22,746.7,0.32
SBIN,2024-03-26,740.05,-0.89
SBIN,2024-03-27,733.3,-0.91
SBIN,2024-03-28,752.35,2.6
SBIN,2024-04-01,758.3,0.79
SBIN,2024-04-02,766.4,1.07
SBIN,2024-04-03,771.05,0.61
SBIN,2024-04-04,759.3,-1.52
SBIN,2024-04-05,764.75,0.72
SBIN,2024-04-08,768.3,0.46
SBIN,2024-04-09,764.2,-0.53
SBIN,2024-04-10,779.05,1.94
SBIN,2024-04-12,766.3,-1.64
SBIN,2024-04-15,757.5,-1.15
SBIN,2024-04-16,751.7,-0.77
SBIN,2024-04-18,744.8,-0.92
SBIN,2024-04-19,750.45,0.76
SBIN,2024-04-22,766.1,2.09
SBIN,2024-04-23,773.0,0.9
SBIN,2024-04-24,773.1,0.01
SBIN,2024-04-25,812.7,5.12
SBIN,2024-04-26,801.3,-1.4
SBIN,2024-04-29,826.5,3.14
SBIN,2024-04-30,826.25,-0.03
SBIN,2024-05-02,830.05,0.46
SBIN,2024-05-03,831.45,0.17
SBIN,2024-05-06,807.8,-2.84
SBIN,2024-05-07,801.9,-0.73
SBIN,2024-05-08,810.8,1.11
SBIN,2024-05-09,819.8,1.11
SBIN,2024-05-10,817.35,-0.3
SBIN,2024-05-13,808.8,-1.05
SBIN,2024-05-14,818.2,1.16
SBIN,2024-05-15,820.3,0.26
SBIN,2024-05-16,811.95,-1.02
SBIN,2024-05-17,817.85,0.73
SBIN,2024-05-18,821.0,0.39
SBIN,2024-05-21,830.65,1.18
SBIN,2024-05-22,818.75,-1.43
SBIN,2024-05-23,832.1,1.63
SBIN,2024-05-24,828.6,-0.42
SBIN,2024-05-27,833.7,0.62
SBIN,2024-05-28,831.15,-0.31
SBIN,2024-05-29,822.65,-1.02
SBIN,2024-05-30,825.85,0.39
SBIN,2024-05-31,830.35,0.54
SBIN,2024-06-03,905.65,9.07
SBIN,2024-06-04,775.2,-14.4
SBIN,2024-06-05,789.75,1.88
SBIN,2024-06-06,816.95,3.44
SBIN,2024-06-07,829.95,1.59
SBIN,2024-06-10,831.8,0.22
SBIN,2024-06-11,835.55,0.45
SBIN,2024-06-12,839.1,0.42
SBIN,2024-06-13,843.9,0.57
SBIN,2024-06-14,839.2,-0.56
SBIN,2024-06-18,844.9,0.68
SBIN,2024-06-19,852.6,0.91
SBIN,2024-06-20,843.75,-1.04
SBIN,2024-06-21,836.3,-0.88
SBIN,2024-06-24,832.7,-0.43
SBIN,2024-06-25,842.25,1.15
SBIN,2024-06-26,845.35,0.37
SBIN,2024-06-27,844.0,-0.16
SBIN,2024-06-28,848.95,0.59
SBIN,2024-07-01,841.95,-0.82
SBIN,2024-07-02,826.15,-1.88
SBIN,2024-07-03,839.95,1.67
SBIN,2024-07-04,839.3,-0.08
SBIN,2024-07-05,859.75,2.44
SBIN,2024-07-08,856.25,-0.41
SBIN,2024-07-09,861.3,0.59
SBIN,2024-07-10,849.0,-1.43
SBIN,2024-07-11,856.7,0.91
SBIN,2024-07-12,859.7,0.35
SBIN,2024-07-15,881.35,2.52
SBIN,2024-07-16,880.7,-0.07
SBIN,2024-07-18,893.55,1.46
SBIN,2024-07-19,889.35,-0.47
SBIN,2024-07-22,876.8,-1.41
SBIN,2024-07-23,863.9,-1.47
SBIN,2024-07-24,852.0,-1.38
SBIN,2024-07-25,848.5,-0.41
SBIN,2024-07-26,862.45,1.64
SBIN,2024-07-29,871.6,1.06
SBIN,2024-07-30,872.8,0.14
SBIN,2024-07-31,872.4,-0.05
SBIN,2024-08-01,862.65,-1.12
SBIN,2024-08-02,847.85,-1.72
SBIN,2024-08-05,811.65,-4.27
SBIN,2024-08-06,797.7,-1.72
SBIN,2024-08-07,808.65,1.37
SBIN,2024-08-08,808.05,-0.07
SBIN,2024-08-09,824.3,2.01
SBIN,2024-08-12,812.6,-1.42
SBIN,2024-08-13,797.55,-1.85
SBIN,2024-08-14,803.0,0.68
SBIN,2024-08-16,812.1,1.13
SBIN,2024-08-19,813.7,0.2
SBIN,2024-08-20,820.3,0.81
SBIN,2024-08-21,815.55,-0.58
SBIN,2024-08-22,820.3,0.58
SBIN,2024-08-23,815.35,-0.6
SBIN,2024-08-26,815.05,-0.04
SBIN,2024-08-27,815.9,0.1
SBIN,2024-08-28,809.4,-0.8
SBIN,2024-08-29,814.5,0.63
SBIN,2024-08-30,815.6,0.14
SBIN,2024-09-02,822.15,0.8
SBIN,2024-09-03,824.8,0.32
SBIN,2024-09-04,816.5,-1.01
SBIN,2024-09-05,818.75,0.28
SBIN,2024-09-06,782.5,-4.43
SBIN,2024-09-09,784.25,0.22
SBIN,2024-09-10,782.65,-0.2
SBIN,2024-09-11,768.6,-1.8
SBIN,2024-09-12,787.75,2.49
SBIN,2024-09-13,790.85,0.39
SBIN,2024-09-16,785.55,-0.67
SBIN,2024-09-17,782.9,-0.34
SBIN,2024-09-18,792.75,1.26
SBIN,2024-09-19,789.95,-0.35
SBIN,2024-09-20,781.7,-1.04
SBIN,2024-09-23,801.85,2.58
SBIN,2024-09-24,798.25,-0.45
SBIN,2024-09-25,793.1,-0.65
SBIN,2024-09-26,801.85,1.1
SBIN,2024-09-27,802.65,0.1
SBIN,2024-09-30,787.9,-1.84
SBIN,2024-10-01,796.95,1.15
SBIN,2024-10-03,794.1,-0.36
SBIN,2024-10-04,796.65,0.32
SBIN,2024-10-07,770.65,-3.26
SBIN,2024-10-08,781.45,1.4
SBIN,2024-10-09,797.4,2.04
SBIN,2024-10-10,797.1,-0.04
SBIN,2024-10-11,799.75,0.33
SBIN,2024-10-14,805.15,0.68
SBIN,2024-10-15,804.65,-0.06
SBIN,2024-10-16,805.45,0.1
SBIN,2024-10-17,811.05,0.7
SBIN,2024-10-18,820.4,1.15
SBIN,2024-10-21,813.95,-0.79
SBIN,2024-10-22,790.4,-2.89
SBIN,2024-10-23,786.0,-0.56
SBIN,2024-10-24,794.55,1.09
SBIN,2024-10-25,780.95,-1.71
SBIN,2024-10-28,792.05,1.42
SBIN,2024-10-29,832.7,5.13
SBIN,2024-10-30,822.45,-1.23
SBIN,2024-10-31,820.2,-0.27
SBIN,2024-11-01,821.2,0.12
SBIN,2024-11-04,829.85,1.05
SBIN,2024-11-05,849.2,2.33
SBIN,2024-11-06,854.8,0.66
SBIN,2024-11-07,859.6,0.56
SBIN,2024-11-08,843.15,-1.91
SBIN,2024-11-11,847.65,0.53
SBIN,2024-11-12,826.7,-2.47
SBIN,2024-11-13,808.65,-2.18
SBIN,2024-11-14,804.25,-0.54
SBIN,2024-11-18,814.3,1.25
SBIN,2024-11-19,803.0,-1.39
SBIN,2024-11-21,780.75,-2.77
SBIN,2024-11-22,816.05,4.52
SHRIRAMFIN,2023-10-03,1921.95,
SHRIRAMFIN,2023-10-04,1850.6,-3.71
SHRIRAMFIN,2023-10-05,1837.5,-0.71
SHRIRAMFIN,2023-10-06,1848.85,0.62
SHRIRAMFIN,2023-10-09,1820.9,-1.51
SHRIRAMFIN,2023-10-10,1892.85,3.95
SHRIRAMFIN,2023-10-11,1898.6,0.3
SHRIRAMFIN,2023-10-12,1878.1,-1.08
SHRIRAMFIN,2023-10-13,1880.95,0.15
SHRIRAMFIN,2023-10-16,1867.55,-0.71
SHRIRAMFIN,2023-10-17,1888.45,1.12
SHRIRAMFIN,2023-10-18,1866.2,-1.18
SHRIRAMFIN,2023-10-19,1878.85,0.68
SHRIRAMFIN,2023-10-20,1876.7,-0.11
SHRIRAMFIN,2023-10-23,1880.0,0.18
SHRIRAMFIN,2023-10-25,1816.15,-3.4
SHRIRAMFIN,2023-10-26,1797.6,-1.02
SHRIRAMFIN,2023-10-27,1935.2,7.65
SHRIRAMFIN,2023-10-30,1892.2,-2.22
SHRIRAMFIN,2023-10-31,1879.85,-0.65
SHRIRAMFIN,2023-11-01,1902.25,1.19
SHRIRAMFIN,2023-11-02,1954.85,2.77
SHRIRAMFIN,2023-11-03,2013.55,3.0
SHRIRAMFIN,2023-11-06,1991.5,-1.1
SHRIRAMFIN,2023-11-07,1987.2,-0.22
SHRIRAMFIN,2023-11-08,1979.65,-0.38
SHRIRAMFIN,2023-11-09,1943.4,-1.83
SHRIRAMFIN,2023-11-10,1952.2,0.45
SHRIRAMFIN,2023-11-12,1963.25,0.57
SHRIRAMFIN,2023-11-13,1967.8,0.23
SHRIRAMFIN,2023-11-15,2035.75,3.45
SHRIRAMFIN,2023-11-16,2035.75,0.0
SHRIRAMFIN,2023-11-17,1994.8,-2.01
SHRIRAMFIN,2023-11-20,1988.95,-0.29
SHRIRAMFIN,2023-11-21,1999.85,0.55
SHRIRAMFIN,2023-11-22,1977.1,-1.14
SHRIRAMFIN,2023-11-23,1974.85,-0.11
SHRIRAMFIN,2023-11-24,1947.5,-1.38
SHRIRAMFIN,2023-11-28,1965.7,0.93
SHRIRAMFIN,2023-11-29,1974.35,0.44
SHRIRAMFIN,2023-11-30,2007.2,1.66
SHRIRAMFIN,2023-12-01,2003.25,-0.2
SHRIRAMFIN,2023-12-04,2094.45,4.55
SHRIRAMFIN,2023-12-05,2069.95,-1.17
SHRIRAMFIN,2023-12-06,2055.7,-0.69
SHRIRAMFIN,2023-12-07,2034.8,-1.02
SHRIRAMFIN,2023-12-08,2031.6,-0.16
SHRIRAMFIN,2023-12-11,2047.1,0.76
SHRIRAMFIN,2023-12-12,1995.25,-2.53
SHRIRAMFIN,2023-12-13,1995.3,0.0
SHRIRAMFIN,2023-12-14,2118.3,6.16
SHRIRAMFIN,2023-12-15,2077.7,-1.92
SHRIRAMFIN,2023-12-18,2048.0,-1.43
SHRIRAMFIN,2023-12-19,2059.55,0.56
SHRIRAMFIN,2023-12-20,1998.75,-2.95
SHRIRAMFIN,2023-12-21,2016.85,0.91
SHRIRAMFIN,2023-12-22,2055.45,1.91
SHRIRAMFIN,2023-12-26,2035.75,-0.96
SHRIRAMFIN,2023-12-27,2049.9,0.7
SHRIRAMFIN,2023-12-28,2045.65,-0.21
SHRIRAMFIN,2023-12-29,2053.3,0.37
SHRIRAMFIN,2024-01-01,2048.85,-0.22
SHRIRAMFIN,2024-01-02,2030.05,-0.92
SHRIRAMFIN,2024-01-03,2090.05,2.96
SHRIRAMFIN,2024-01-04,2148.15,2.78
SHRIRAMFIN,2024-01-05,2172.4,1.13
SHRIRAMFIN,2024-01-08,2196.35,1.1
SHRIRAMFIN,2024-01-09,2167.85,-1.3
SHRIRAMFIN,2024-01-10,2150.0,-0.82
SHRIRAMFIN,2024-01-11,2279.75,6.03
SHRIRAMFIN,2024-01-12,2292.8,0.57
SHRIRAMFIN,2024-01-15,2319.55,1.17
SHRIRAMFIN,2024-01-16,2309.7,-0.42
SHRIRAMFIN,2024-01-17,2288.0,-0.94
SHRIRAMFIN,2024-01-18,2255.4,-1.42
SHRIRAMFIN,2024-01-19,2301.85,2.06
SHRIRAMFIN,2024-01-20,2299.0,-0.12
SHRIRAMFIN,2024-01-23,2279.5,-0.85
SHRIRAMFIN,2024-01-24,2302.45,1.01
SHRIRAMFIN,2024-01-25,2307.15,0.2
SHRIRAMFIN,2024-01-29,2409.0,4.41
SHRIRAMFIN,2024-01-30,2452.95,1.82
SHRIRAMFIN,2024-01-31,2466.8,0.56
SHRIRAMFIN,2024-02-01,2397.2,-2.82
SHRIRAMFIN,2024-02-02,2405.5,0.35
SHRIRAMFIN,2024-02-05,2357.1,-2.01
SHRIRAMFIN,2024-02-06,2396.45,1.67
SHRIRAMFIN,2024-02-07,2413.65,0.72
SHRIRAMFIN,2024-02-08,2347.95,-2.72
SHRIRAMFIN,2024-02-09,2334.1,-0.59
SHRIRAMFIN,2024-02-12,2262.25,-3.08
SHRIRAMFIN,2024-02-13,2330.65,3.02
SHRIRAMFIN,2024-02-14,2393.3,2.69
SHRIRAMFIN,2024-02-15,2437.6,1.85
SHRIRAMFIN,2024-02-16,2449.4,0.48
SHRIRAMFIN,2024-02-19,2439.9,-0.39
SHRIRAMFIN,2024-02-20,2416.65,-0.95
SHRIRAMFIN,2024-02-21,2355.95,-2.51
SHRIRAMFIN,2024-02-22,2395.2,1.67
SHRIRAMFIN,2024-02-23,2445.45,2.1
SHRIRAMFIN,2024-02-26,2485.15,1.62
SHRIRAMFIN,2024-02-27,2372.4,-4.54
SHRIRAMFIN,2024-02-28,2348.8,-0.99
SHRIRAMFIN,2024-02-29,2438.6,3.82
SHRIRAMFIN,2024-03-01,2450.45,0.49
SHRIRAMFIN,2024-03-02,2457.15,0.27
SHRIRAMFIN,2024-03-04,2446.5,-0.43
SHRIRAMFIN,2024-03-05,2431.5,-0.61
SHRIRAMFIN,2024-03-06,2374.6,-2.34
SHRIRAMFIN,2024-03-07,2449.55,3.16
SHRIRAMFIN,2024-03-11,2480.95,1.28
SHRIRAMFIN,2024-03-12,2421.75,-2.39
SHRIRAMFIN,2024-03-13,2321.4,-4.14
SHRIRAMFIN,2024-03-14,2291.5,-1.29
SHRIRAMFIN,2024-03-15,2266.8,-1.08
SHRIRAMFIN,2024-03-18,2308.95,1.86
SHRIRAMFIN,2024-03-19,2287.0,-0.95
SHRIRAMFIN,2024-03-20,2314.2,1.19
SHRIRAMFIN,2024-03-21,2310.8,-0.15
SHRIRAMFIN,2024-03-22,2330.7,0.86
SHRIRAMFIN,2024-03-26,2372.55,1.8
SHRIRAMFIN,2024-03-27,2386.35,0.58
SHRIRAMFIN,2024-03-28,2359.8,-1.11
SHRIRAMFIN,2024-04-01,2431.75,3.05
SHRIRAMFIN,2024-04-02,2465.95,1.41
SHRIRAMFIN,2024-04-03,2556.45,3.67
SHRIRAMFIN,2024-04-04,2499.3,-2.24
SHRIRAMFIN,2024-04-05,2518.85,0.78
SHRIRAMFIN,2024-04-08,2569.2,2.0
SHRIRAMFIN,2024-04-09,2550.4,-0.73
SHRIRAMFIN,2024-04-10,2528.05,-0.88
SHRIRAMFIN,2024-04-12,2485.6,-1.68
SHRIRAMFIN,2024-04-15,2414.65,-2.85
SHRIRAMFIN,2024-04-16,2400.75,-0.58
SHRIRAMFIN,2024-04-18,2371.45,-1.22
SHRIRAMFIN,2024-04-19,2366.55,-0.21
SHRIRAMFIN,2024-04-22,2424.65,2.46
SHRIRAMFIN,2024-04-23,2426.95,0.09
SHRIRAMFIN,2024-04-24,2461.05,1.41
SHRIRAMFIN,2024-04-25,2491.85,1.25
SHRIRAMFIN,2024-04-26,2498.6,0.27
SHRIRAMFIN,2024-04-29,2492.2,-0.26
SHRIRAMFIN,2024-04-30,2551.7,2.39
SHRIRAMFIN,2024-05-02,2582.1,1.19
SHRIRAMFIN,2024-05-03,2588.55,0.25
SHRIRAMFIN,2024-05-06,2547.55,-1.58
SHRIRAMFIN,2024-05-07,2485.8,-2.42
SHRIRAMFIN,2024-05-08,2448.0,-1.52
SHRIRAMFIN,2024-05-09,2360.9,-3.56
SHRIRAMFIN,2024-05-10,2344.35,-0.7
SHRIRAMFIN,2024-05-13,2301.8,-1.82
SHRIRAMFIN,2024-05-14,2330.35,1.24
SHRIRAMFIN,2024-05-15,2320.0,-0.44
SHRIRAMFIN,2024-05-16,2338.7,0.81
SHRIRAMFIN,2024-05-17,2371.6,1.41
SHRIRAMFIN,2024-05-18,2370.45,-0.05
SHRIRAMFIN,2024-05-21,2373.25,0.12
SHRIRAMFIN,2024-05-22,2336.75,-1.54
SHRIRAMFIN,2024-05-23,2400.45,2.73
SHRIRAMFIN,2024-05-24,2397.5,-0.12
SHRIRAMFIN,2024-05-27,2380.0,-0.73
SHRIRAMFIN,2024-05-28,2393.7,0.58
SHRIRAMFIN,2024-05-29,2374.65,-0.8
SHRIRAMFIN,2024-05-30,2302.7,-3.03
SHRIRAMFIN,2024-05-31,2354.05,2.23
SHRIRAMFIN,2024-06-03,2509.15,6.59
SHRIRAMFIN,2024-06-04,2260.7,-9.9
SHRIRAMFIN,2024-06-05,2387.45,5.61
SHRIRAMFIN,2024-06-06,2474.8,3.66
SHRIRAMFIN,2024-06-07,2497.95,0.94
SHRIRAMFIN,2024-06-10,2519.1,0.85
SHRIRAMFIN,2024-06-11,2533.0,0.55
SHRIRAMFIN,2024-06-12,2566.95,1.34
SHRIRAMFIN,2024-06-13,2684.3,4.57
SHRIRAMFIN,2024-06-14,2732.15,1.78
SHRIRAMFIN,2024-06-18,2829.75,3.57
SHRIRAMFIN,2024-06-19,2791.25,-1.36
SHRIRAMFIN,2024-06-20,2805.2,0.5
SHRIRAMFIN,2024-06-21,2821.65,0.59
SHRIRAMFIN,2024-06-24,2882.25,2.15
SHRIRAMFIN,2024-06-25,2989.85,3.73
SHRIRAMFIN,2024-06-26,2989.05,-0.03
SHRIRAMFIN,2024-06-27,2951.05,-1.27
SHRIRAMFIN,2024-06-28,2911.5,-1.34
SHRIRAMFIN,2024-07-01,2924.25,0.44
SHRIRAMFIN,2024-07-02,2824.9,-3.4
SHRIRAMFIN,2024-07-03,2850.45,0.9
SHRIRAMFIN,2024-07-04,2833.75,-0.59
SHRIRAMFIN,2024-07-05,2865.85,1.13
SHRIRAMFIN,2024-07-08,2808.1,-2.02
SHRIRAMFIN,2024-07-09,2792.0,-0.57
SHRIRAMFIN,2024-07-10,2762.1,-1.07
SHRIRAMFIN,2024-07-11,2739.0,-0.84
SHRIRAMFIN,2024-07-12,2794.4,2.02
SHRIRAMFIN,2024-07-15,2882.3,3.15
SHRIRAMFIN,2024-07-16,2813.5,-2.39
SHRIRAMFIN,2024-07-18,2867.3,1.91
SHRIRAMFIN,2024-07-19,2810.85,-1.97
SHRIRAMFIN,2024-07-22,2827.4,0.59
SHRIRAMFIN,2024-07-23,2739.2,-3.12
SHRIRAMFIN,2024-07-24,2724.25,-0.55
SHRIRAMFIN,2024-07-25,2679.0,-1.66
SHRIRAMFIN,2024-07-26,2925.0,9.18
SHRIRAMFIN,2024-07-29,2943.0,0.62
SHRIRAMFIN,2024-07-30,2912.05,-1.05
SHRIRAMFIN,2024-07-31,2931.95,0.68
SHRIRAMFIN,2024-08-01,2989.25,1.95
SHRIRAMFIN,2024-08-02,2992.1,0.1
SHRIRAMFIN,2024-08-05,2891.45,-3.36
SHRIRAMFIN,2024-08-06,2836.8,-1.89
SHRIRAMFIN,2024-08-07,2925.05,3.11
SHRIRAMFIN,2024-08-08,2872.2,-1.81
SHRIRAMFIN,2024-08-09,2958.1,2.99
SHRIRAMFIN,2024-08-12,2976.1,0.61
SHRIRAMFIN,2024-08-13,2891.35,-2.85
SHRIRAMFIN,2024-08-14,2895.1,0.13
SHRIRAMFIN,2024-08-16,2981.5,2.98
SHRIRAMFIN,2024-08-19,3075.6,3.16
SHRIRAMFIN,2024-08-20,3159.85,2.74
SHRIRAMFIN,2024-08-21,3159.05,-0.03
SHRIRAMFIN,2024-08-22,3143.6,-0.49
SHRIRAMFIN,2024-08-23,3126.55,-0.54
SHRIRAMFIN,2024-08-26,3162.15,1.14
SHRIRAMFIN,2024-08-27,3229.45,2.13
SHRIRAMFIN,2024-08-28,3201.85,-0.85
SHRIRAMFIN,2024-08-29,3200.5,-0.04
SHRIRAMFIN,2024-08-30,3204.5,0.12
SHRIRAMFIN,2024-09-02,3225.25,0.65
SHRIRAMFIN,2024-09-03,3271.6,1.44
SHRIRAMFIN,2024-09-04,3243.95,-0.85
SHRIRAMFIN,2024-09-05,3245.5,0.05
SHRIRAMFIN,2024-09-06,3235.65,-0.3
SHRIRAMFIN,2024-09-09,3315.7,2.47
SHRIRAMFIN,2024-09-10,3260.05,-1.68
SHRIRAMFIN,2024-09-11,3279.9,0.61
SHRIRAMFIN,2024-09-12,3400.75,3.68
SHRIRAMFIN,2024-09-13,3368.25,-0.96
SHRIRAMFIN,2024-09-16,3418.95,1.51
SHRIRAMFIN,2024-09-17,3424.6,0.17
SHRIRAMFIN,2024-09-18,3574.7,4.38
SHRIRAMFIN,2024-09-19,3525.35,-1.38
SHRIRAMFIN,2024-09-20,3532.1,0.19
SHRIRAMFIN,2024-09-23,3567.7,1.01
SHRIRAMFIN,2024-09-24,3516.3,-1.44
SHRIRAMFIN,2024-09-25,3524.05,0.22
SHRIRAMFIN,2024-09-26,3628.45,2.96
SHRIRAMFIN,2024-09-27,3621.05,-0.2
SHRIRAMFIN,2024-09-30,3576.95,-1.22
SHRIRAMFIN,2024-10-01,3570.4,-0.18
SHRIRAMFIN,2024-10-03,3409.5,-4.51
SHRIRAMFIN,2024-10-04,3336.3,-2.15
SHRIRAMFIN,2024-10-07,3299.35,-1.11
SHRIRAMFIN,2024-10-08,3329.3,0.91
SHRIRAMFIN,2024-10-09,3387.95,1.76
SHRIRAMFIN,2024-10-10,3337.65,-1.48
SHRIRAMFIN,2024-10-11,3341.2,0.11
SHRIRAMFIN,2024-10-14,3395.3,1.62
SHRIRAMFIN,2024-10-15,3401.15,0.17
SHRIRAMFIN,2024-10-16,3390.4,-0.32
SHRIRAMFIN,2024-10-17,3258.6,-3.89
SHRIRAMFIN,2024-10-18,3344.65,2.64
SHRIRAMFIN,2024-10-21,3313.3,-0.94
SHRIRAMFIN,2024-10-22,3254.5,-1.77
SHRIRAMFIN,2024-10-23,3197.75,-1.74
SHRIRAMFIN,2024-10-24,3245.1,1.48
SHRIRAMFIN,2024-10-25,3092.65,-4.7
SHRIRAMFIN,2024-10-28,3259.3,5.39
SHRIRAMFIN,2024-10-29,3265.8,0.2
SHRIRAMFIN,2024-10-30,3185.8,-2.45
SHRIRAMFIN,2024-10-31,3138.9,-1.47
SHRIRAMFIN,2024-11-01,3150.95,0.38
SHRIRAMFIN,2024-11-04,3147.9,-0.1
SHRIRAMFIN,2024-11-05,3162.3,0.46
SHRIRAMFIN,2024-11-06,3186.7,0.77
SHRIRAMFIN,2024-11-07,3070.15,-3.66
SHRIRAMFIN,2024-11-08,3007.95,-2.03
SHRIRAMFIN,2024-11-11,2999.45,-0.28
SHRIRAMFIN,2024-11-12,2931.2,-2.28
SHRIRAMFIN,2024-11-13,2853.85,-2.64
SHRIRAMFIN,2024-11-14,2822.6,-1.1
SHRIRAMFIN,2024-11-18,2848.15,0.91
SHRIRAMFIN,2024-11-19,2824.75,-0.82
SHRIRAMFIN,2024-11-21,2802.2,-0.8
SHRIRAMFIN,2024-11-22,2850.05,1.71
SUNPHARMA,2023-10-03,1141.45,
SUNPHARMA,2023-10-04,1123.8,-1.55
SUNPHARMA,2023-10-05,1119.1,-0.42
SUNPHARMA,2023-10-06,1127.3,0.73
SUNPHARMA,2023-10-09,1123.05,-0.38
SUNPHARMA,2023-10-10,1126.5,0.31
SUNPHARMA,2023-10-11,1128.75,0.2
SUNPHARMA,2023-10-12,1130.4,0.15
SUNPHARMA,2023-10-13,1145.3,1.32
SUNPHARMA,2023-10-16,1135.3,-0.87
SUNPHARMA,2023-10-17,1136.8,0.13
SUNPHARMA,2023-10-18,1153.4,1.46
SUNPHARMA,2023-10-19,1141.5,-1.03
SUNPHARMA,2023-10-20,1142.2,0.06
SUNPHARMA,2023-10-23,1122.45,-1.73
SUNPHARMA,2023-10-25,1120.3,-0.19
SUNPHARMA,2023-10-26,1103.7,-1.48
SUNPHARMA,2023-10-27,1111.3,0.69
SUNPHARMA,2023-10-30,1115.2,0.35
SUNPHARMA,2023-10-31,1088.6,-2.39
SUNPHARMA,2023-11-01,1116.2,2.54
SUNPHARMA,2023-11-02,1132.85,1.49
SUNPHARMA,2023-11-03,1141.1,0.73
SUNPHARMA,2023-11-06,1150.0,0.78
SUNPHARMA,2023-11-07,1170.95,1.82
SUNPHARMA,2023-11-08,1176.7,0.49
SUNPHARMA,2023-11-09,1176.2,-0.04
SUNPHARMA,2023-11-10,1179.35,0.27
SUNPHARMA,2023-11-12,1180.6,0.11
SUNPHARMA,2023-11-13,1177.8,-0.24
SUNPHARMA,2023-11-15,1180.9,0.26
SUNPHARMA,2023-11-16,1189.55,0.73
SUNPHARMA,2023-11-17,1194.6,0.42
SUNPHARMA,2023-11-20,1188.0,-0.55
SUNPHARMA,2023-11-21,1201.4,1.13
SUNPHARMA,2023-11-22,1204.1,0.22
SUNPHARMA,2023-11-23,1198.8,-0.44
SUNPHARMA,2023-11-24,1195.45,-0.28
SUNPHARMA,2023-11-28,1191.35,-0.34
SUNPHARMA,2023-11-29,1202.2,0.91
SUNPHARMA,2023-11-30,1225.85,1.97
SUNPHARMA,2023-12-01,1231.25,0.44
SUNPHARMA,2023-12-04,1231.15,-0.01
SUNPHARMA,2023-12-05,1239.55,0.68
SUNPHARMA,2023-12-06,1240.35,0.06
SUNPHARMA,2023-12-07,1239.3,-0.08
SUNPHARMA,2023-12-08,1235.8,-0.28
SUNPHARMA,2023-12-11,1241.4,0.45
SUNPHARMA,2023-12-12,1218.0,-1.88
SUNPHARMA,2023-12-13,1233.1,1.24
SUNPHARMA,2023-12-14,1231.3,-0.15
SUNPHARMA,2023-12-15,1235.75,0.36
SUNPHARMA,2023-12-18,1252.75,1.38
SUNPHARMA,2023-12-19,1244.95,-0.62
SUNPHARMA,2023-12-20,1232.15,-1.03
SUNPHARMA,2023-12-21,1233.5,0.11
SUNPHARMA,2023-12-22,1243.65,0.82
SUNPHARMA,2023-12-26,1247.5,0.31
SUNPHARMA,2023-12-27,1252.45,0.4
SUNPHARMA,2023-12-28,1262.15,0.77
SUNPHARMA,2023-12-29,1259.45,-0.21
SUNPHARMA,2024-01-01,1260.25,0.06
SUNPHARMA,2024-01-02,1296.2,2.85
SUNPHARMA,2024-01-03,1298.6,0.19
SUNPHARMA,2024-01-04,1312.95,1.11
SUNPHARMA,2024-01-05,1300.2,-0.97
SUNPHARMA,2024-01-08,1305.3,0.39
SUNPHARMA,2024-01-09,1324.0,1.43
SUNPHARMA,2024-01-10,1324.85,0.06
SUNPHARMA,2024-01-11,1316.25,-0.65
SUNPHARMA,2024-01-12,1325.95,0.74
SUNPHARMA,2024-01-15,1329.35,0.26
SUNPHARMA,2024-01-16,1313.45,-1.2
SUNPHARMA,2024-01-17,1299.0,-1.1
SUNPHARMA,2024-01-18,1335.75,2.83
SUNPHARMA,2024-01-19,1335.6,-0.01
SUNPHARMA,2024-01-20,1326.15,-0.71
SUNPHARMA,2024-01-23,1378.3,3.93
SUNPHARMA,2024-01-24,1382.1,0.28
SUNPHARMA,2024-01-25,1368.3,-1.0
SUNPHARMA,2024-01-29,1400.85,2.38
SUNPHARMA,2024-01-30,1371.75,-2.08
SUNPHARMA,2024-01-31,1418.45,3.4
SUNPHARMA,2024-02-01,1407.95,-0.74
SUNPHARMA,2024-02-02,1416.65,0.62
SUNPHARMA,2024-02-05,1463.8,3.33
SUNPHARMA,2024-02-06,1475.1,0.77
SUNPHARMA,2024-02-07,1496.2,1.43
SUNPHARMA,2024-02-08,1499.6,0.23
SUNPHARMA,2024-02-09,1534.8,2.35
SUNPHARMA,2024-02-12,1534.45,-0.02
SUNPHARMA,2024-02-13,1542.2,0.51
SUNPHARMA,2024-02-14,1520.4,-1.41
SUNPHARMA,2024-02-15,1509.9,-0.69
SUNPHARMA,2024-02-16,1509.95,0.0
SUNPHARMA,2024-02-19,1530.1,1.33
SUNPHARMA,2024-02-20,1538.7,0.56
SUNPHARMA,2024-02-21,1543.4,0.31
SUNPHARMA,2024-02-22,1558.05,0.95
SUNPHARMA,2024-02-23,1561.25,0.21
SUNPHARMA,2024-02-26,1556.95,-0.28
SUNPHARMA,2024-02-27,1582.75,1.66
SUNPHARMA,2024-02-28,1573.85,-0.56
SUNPHARMA,2024-02-29,1577.95,0.26
SUNPHARMA,2024-03-01,1559.25,-1.19
SUNPHARMA,2024-03-02,1550.55,-0.56
SUNPHARMA,2024-03-04,1552.1,0.1
SUNPHARMA,2024-03-05,1574.2,1.42
SUNPHARMA,2024-03-06,1604.0,1.89
SUNPHARMA,2024-03-07,1605.7,0.11
SUNPHARMA,2024-03-11,1593.6,-0.75
SUNPHARMA,2024-03-12,1584.3,-0.58
SUNPHARMA,2024-03-13,1558.6,-1.62
SUNPHARMA,2024-03-14,1570.2,0.74
SUNPHARMA,2024-03-15,1548.2,-1.4
SUNPHARMA,2024-03-18,1571.25,1.49
SUNPHARMA,2024-03-19,1548.45,-1.45
SUNPHARMA,2024-03-20,1549.35,0.06
SUNPHARMA,2024-03-21,1565.2,1.02
SUNPHARMA,2024-03-22,1608.9,2.79
SUNPHARMA,2024-03-26,1598.1,-0.67
SUNPHARMA,2024-03-27,1604.15,0.38
SUNPHARMA,2024-03-28,1620.55,1.02
SUNPHARMA,2024-04-01,1629.25,0.54
SUNPHARMA,2024-04-02,1622.25,-0.43
SUNPHARMA,2024-04-03,1619.85,-0.15
SUNPHARMA,2024-04-04,1619.35,-0.03
SUNPHARMA,2024-04-05,1609.0,-0.64
SUNPHARMA,2024-04-08,1599.7,-0.58
SUNPHARMA,2024-04-09,1602.55,0.18
SUNPHARMA,2024-04-10,1604.05,0.09
SUNPHARMA,2024-04-12,1540.0,-3.99
SUNPHARMA,2024-04-15,1540.05,0.0
SUNPHARMA,2024-04-16,1537.55,-0.16
SUNPHARMA,2024-04-18,1516.4,-1.38
SUNPHARMA,2024-04-19,1522.8,0.42
SUNPHARMA,2024-04-22,1540.1,1.14
SUNPHARMA,2024-04-23,1484.65,-3.6
SUNPHARMA,2024-04-24,1485.75,0.07
SUNPHARMA,2024-04-25,1520.15,2.32
SUNPHARMA,2024-04-26,1506.55,-0.89
SUNPHARMA,2024-04-29,1521.6,1.0
SUNPHARMA,2024-04-30,1502.1,-1.28
SUNPHARMA,2024-05-02,1519.0,1.13
SUNPHARMA,2024-05-03,1511.15,-0.52
SUNPHARMA,2024-05-06,1529.15,1.19
SUNPHARMA,2024-05-07,1515.35,-0.9
SUNPHARMA,2024-05-08,1521.75,0.42
SUNPHARMA,2024-05-09,1494.65,-1.78
SUNPHARMA,2024-05-10,1506.55,0.8
SUNPHARMA,2024-05-13,1525.05,1.23
SUNPHARMA,2024-05-14,1545.25,1.32
SUNPHARMA,2024-05-15,1527.4,-1.16
SUNPHARMA,2024-05-16,1536.3,0.58
SUNPHARMA,2024-05-17,1531.4,-0.32
SUNPHARMA,2024-05-18,1531.9,0.03
SUNPHARMA,2024-05-21,1540.95,0.59
SUNPHARMA,2024-05-22,1539.3,-0.11
SUNPHARMA,2024-05-23,1495.1,-2.87
SUNPHARMA,2024-05-24,1486.7,-0.56
SUNPHARMA,2024-05-27,1466.05,-1.39
SUNPHARMA,2024-05-28,1464.9,-0.08
SUNPHARMA,2024-05-29,1478.95,0.96
SUNPHARMA,2024-05-30,1459.1,-1.34
SUNPHARMA,2024-05-31,1459.8,0.05
SUNPHARMA,2024-06-03,1453.05,-0.46
SUNPHARMA,2024-06-04,1429.85,-1.6
SUNPHARMA,2024-06-05,1487.3,4.02
SUNPHARMA,2024-06-06,1472.7,-0.98
SUNPHARMA,2024-06-07,1506.85,2.32
SUNPHARMA,2024-06-10,1513.1,0.41
SUNPHARMA,2024-06-11,1499.75,-0.88
SUNPHARMA,2024-06-12,1506.85,0.47
SUNPHARMA,2024-06-13,1510.8,0.26
SUNPHARMA,2024-06-14,1516.0,0.34
SUNPHARMA,2024-06-18,1520.95,0.33
SUNPHARMA,2024-06-19,1504.0,-1.11
SUNPHARMA,2024-06-20,1471.0,-2.19
SUNPHARMA,2024-06-21,1467.25,-0.25
SUNPHARMA,2024-06-24,1494.5,1.86
SUNPHARMA,2024-06-25,1505.2,0.72
SUNPHARMA,2024-06-26,1521.15,1.06
SUNPHARMA,2024-06-27,1516.25,-0.32
SUNPHARMA,2024-06-28,1520.85,0.3
SUNPHARMA,2024-07-01,1520.1,-0.05
SUNPHARMA,2024-07-02,1524.05,0.26
SUNPHARMA,2024-07-03,1533.95,0.65
SUNPHARMA,2024-07-04,1557.9,1.56
SUNPHARMA,2024-07-05,1568.4,0.67
SUNPHARMA,2024-07-08,1556.4,-0.77
SUNPHARMA,2024-07-09,1585.4,1.86
SUNPHARMA,2024-07-10,1598.55,0.83
SUNPHARMA,2024-07-11,1581.75,-1.05
SUNPHARMA,2024-07-12,1577.3,-0.28
SUNPHARMA,2024-07-15,1586.2,0.56
SUNPHARMA,2024-07-16,1579.3,-0.44
SUNPHARMA,2024-07-18,1594.25,0.95
SUNPHARMA,2024-07-19,1568.65,-1.61
SUNPHARMA,2024-07-22,1587.35,1.19
SUNPHARMA,2024-07-23,1601.6,0.9
SUNPHARMA,2024-07-24,1619.45,1.11
SUNPHARMA,2024-07-25,1665.8,2.86
SUNPHARMA,2024-07-26,1714.25,2.91
SUNPHARMA,2024-07-29,1723.25,0.53
SUNPHARMA,2024-07-30,1701.6,-1.26
SUNPHARMA,2024-07-31,1719.35,1.04
SUNPHARMA,2024-08-01,1715.2,-0.24
SUNPHARMA,2024-08-02,1731.65,0.96
SUNPHARMA,2024-08-05,1720.35,-0.65
SUNPHARMA,2024-08-06,1707.55,-0.74
SUNPHARMA,2024-08-07,1734.45,1.58
SUNPHARMA,2024-08-08,1737.05,0.15
SUNPHARMA,2024-08-09,1735.3,-0.1
SUNPHARMA,2024-08-12,1733.85,-0.08
SUNPHARMA,2024-08-13,1740.1,0.36
SUNPHARMA,2024-08-14,1741.65,0.09
SUNPHARMA,2024-08-16,1742.75,0.06
SUNPHARMA,2024-08-19,1747.8,0.29
SUNPHARMA,2024-08-20,1766.35,1.06
SUNPHARMA,2024-08-21,1764.65,-0.1
SUNPHARMA,2024-08-22,1750.65,-0.79
SUNPHARMA,2024-08-23,1775.75,1.43
SUNPHARMA,2024-08-26,1772.45,-0.19
SUNPHARMA,2024-08-27,1789.4,0.96
SUNPHARMA,2024-08-28,1811.85,1.25
SUNPHARMA,2024-08-29,1799.2,-0.7
SUNPHARMA,2024-08-30,1821.65,1.25
SUNPHARMA,2024-09-02,1815.95,-0.31
SUNPHARMA,2024-09-03,1811.5,-0.25
SUNPHARMA,2024-09-04,1832.85,1.18
SUNPHARMA,2024-09-05,1826.5,-0.35
SUNPHARMA,2024-09-06,1824.55,-0.11
SUNPHARMA,2024-09-09,1821.85,-0.15
SUNPHARMA,2024-09-10,1836.35,0.8
SUNPHARMA,2024-09-11,1845.7,0.51
SUNPHARMA,2024-09-12,1865.4,1.07
SUNPHARMA,2024-09-13,1853.75,-0.62
SUNPHARMA,2024-09-16,1862.95,0.5
SUNPHARMA,2024-09-17,1866.1,0.17
SUNPHARMA,2024-09-18,1836.0,-1.61
SUNPHARMA,2024-09-19,1846.05,0.55
SUNPHARMA,2024-09-20,1865.75,1.07
SUNPHARMA,2024-09-23,1862.7,-0.16
SUNPHARMA,2024-09-24,1868.1,0.29
SUNPHARMA,2024-09-25,1870.55,0.13
SUNPHARMA,2024-09-26,1898.4,1.49
SUNPHARMA,2024-09-27,1948.7,2.65
SUNPHARMA,2024-09-30,1926.7,-1.13
SUNPHARMA,2024-10-01,1919.95,-0.35
SUNPHARMA,2024-10-03,1910.85,-0.47
SUNPHARMA,2024-10-04,1910.05,-0.04
SUNPHARMA,2024-10-07,1905.25,-0.25
SUNPHARMA,2024-10-08,1917.15,0.62
SUNPHARMA,2024-10-09,1930.85,0.71
SUNPHARMA,2024-10-10,1887.75,-2.23
SUNPHARMA,2024-10-11,1901.95,0.75
SUNPHARMA,2024-10-14,1909.75,0.41
SUNPHARMA,2024-10-15,1898.45,-0.59
SUNPHARMA,2024-10-16,1898.5,0.0
SUNPHARMA,2024-10-17,1889.55,-0.47
SUNPHARMA,2024-10-18,1910.35,1.1
SUNPHARMA,2024-10-21,1897.0,-0.7
SUNPHARMA,2024-10-22,1887.55,-0.5
SUNPHARMA,2024-10-23,1839.35,-2.55
SUNPHARMA,2024-10-24,1848.9,0.52
SUNPHARMA,2024-10-25,1860.4,0.62
SUNPHARMA,2024-10-28,1902.9,2.28
SUNPHARMA,2024-10-29,1871.6,-1.64
SUNPHARMA,2024-10-30,1852.1,-1.04
SUNPHARMA,2024-10-31,1848.9,-0.17
SUNPHARMA,2024-11-01,1858.4,0.51
SUNPHARMA,2024-11-04,1808.9,-2.66
SUNPHARMA,2024-11-05,1803.6,-0.29
SUNPHARMA,2024-11-06,1827.45,1.32
SUNPHARMA,2024-11-07,1790.95,-2.0
SUNPHARMA,2024-11-08,1809.6,1.04
SUNPHARMA,2024-11-11,1794.6,-0.83
SUNPHARMA,2024-11-12,1800.85,0.35
SUNPHARMA,2024-11-13,1779.0,-1.21
SUNPHARMA,2024-11-14,1768.2,-0.61
SUNPHARMA,2024-11-18,1747.75,-1.16
SUNPHARMA,2024-11-19,1777.25,1.69
SUNPHARMA,2024-11-21,1780.0,0.15
SUNPHARMA,2024-11-22,1795.3,0.86
TATACONSUM,2023-10-03,861.2,
TATACONSUM,2023-10-04,854.13,-0.82
TATACONSUM,2023-10-05,849.64,-0.53
TATACONSUM,2023-10-06,864.01,1.69
TATACONSUM,2023-10-09,869.84,0.67
TATACONSUM,2023-10-10,877.84,0.92
TATACONSUM,2023-10-11,877.49,-0.04
TATACONSUM,2023-10-12,881.39,0.44
TATACONSUM,2023-10-13,902.14,2.35
TATACONSUM,2023-10-16,897.45,-0.52
TATACONSUM,2023-10-17,896.7,-0.08
TATACONSUM,2023-10-18,884.7,-1.34
TATACONSUM,2023-10-19,884.41,-0.03
TATACONSUM,2023-10-20,887.91,0.4
TATACONSUM,2023-10-23,872.26,-1.76
TATACONSUM,2023-10-25,879.07,0.78
TATACONSUM,2023-10-26,869.54,-1.08
TATACONSUM,2023-10-27,880.16,1.22
TATACONSUM,2023-10-30,882.58,0.27
TATACONSUM,2023-10-31,889.44,0.78
TATACONSUM,2023-11-01,892.06,0.29
TATACONSUM,2023-11-02,900.06,0.9
TATACONSUM,2023-11-03,902.48,0.27
TATACONSUM,2023-11-06,907.37,0.54
TATACONSUM,2023-11-07,910.73,0.37
TATACONSUM,2023-11-08,905.05,-0.62
TATACONSUM,2023-11-09,891.77,-1.47
TATACONSUM,2023-11-10,901.49,1.09
TATACONSUM,2023-11-12,904.06,0.29
TATACONSUM,2023-11-13,905.3,0.14
TATACONSUM,2023-11-15,918.19,1.42
TATACONSUM,2023-11-16,908.75,-1.03
TATACONSUM,2023-11-17,919.42,1.17
TATACONSUM,2023-11-20,919.42,0.0
TATACONSUM,2023-11-21,916.31,-0.34
TATACONSUM,2023-11-22,916.85,0.06
TATACONSUM,2023-11-23,921.55,0.51
TATACONSUM,2023-11-24,915.52,-0.65
TATACONSUM,2023-11-28,920.41,0.53
TATACONSUM,2023-11-29,922.09,0.18
TATACONSUM,2023-11-30,929.2,0.77
TATACONSUM,2023-12-01,931.27,0.22
TATACONSUM,2023-12-04,935.03,0.4
TATACONSUM,2023-12-05,938.39,0.36
TATACONSUM,2023-12-06,940.02,0.17
TATACONSUM,2023-12-07,945.15,0.55
TATACONSUM,2023-12-08,934.98,-1.08
TATACONSUM,2023-12-11,938.78,0.41
TATACONSUM,2023-12-12,937.1,-0.18
TATACONSUM,2023-12-13,945.55,0.9
TATACONSUM,2023-12-14,938.78,-0.72
TATACONSUM,2023-12-15,942.98,0.45
TATACONSUM,2023-12-18,938.04,-0.52
TATACONSUM,2023-12-19,954.29,1.73
TATACONSUM,2023-12-20,964.31,1.05
TATACONSUM,2023-12-21,967.28,0.31
TATACONSUM,2023-12-22,980.61,1.38
TATACONSUM,2023-12-26,994.98,1.47
TATACONSUM,2023-12-27,1014.14,1.93
TATACONSUM,2023-12-28,1028.22,1.39
TATACONSUM,2023-12-29,1073.46,4.4
TATACONSUM,2024-01-01,1066.84,-0.62
TATACONSUM,2024-01-02,1084.27,1.63
TATACONSUM,2024-01-03,1071.63,-1.17
TATACONSUM,2024-01-04,1111.73,3.74
TATACONSUM,2024-01-05,1109.16,-0.23
TATACONSUM,2024-01-08,1091.38,-1.6
TATACONSUM,2024-01-09,1098.0,0.61
TATACONSUM,2024-01-10,1100.27,0.21
TATACONSUM,2024-01-11,1105.51,0.48
TATACONSUM,2024-01-12,1144.77,3.55
TATACONSUM,2024-01-15,1136.67,-0.71
TATACONSUM,2024-01-16,1129.66,-0.62
TATACONSUM,2024-01-17,1124.62,-0.45
TATACONSUM,2024-01-18,1132.72,0.72
TATACONSUM,2024-01-19,1147.44,1.3
TATACONSUM,2024-01-20,1135.98,-1.0
TATACONSUM,2024-01-23,1131.58,-0.39
TATACONSUM,2024-01-24,1144.77,1.17
TATACONSUM,2024-01-25,1122.79,-1.92
TATACONSUM,2024-01-29,1127.04,0.38
TATACONSUM,2024-01-30,1109.11,-1.59
TATACONSUM,2024-01-31,1104.27,-0.44
TATACONSUM,2024-02-01,1115.78,1.04
TATACONSUM,2024-02-02,1148.47,2.93
TATACONSUM,2024-02-05,1136.62,-1.03
TATACONSUM,2024-02-06,1149.27,1.11
TATACONSUM,2024-02-07,1151.88,0.23
TATACONSUM,2024-02-08,1123.93,-2.43
TATACONSUM,2024-02-09,1115.39,-0.76
TATACONSUM,2024-02-12,1108.42,-0.62
TATACONSUM,2024-02-13,1123.83,1.39
TATACONSUM,2024-02-14,1121.66,-0.19
TATACONSUM,2024-02-15,1117.51,-0.37
TATACONSUM,2024-02-16,1133.36,1.42
TATACONSUM,2024-02-19,1140.82,0.66
TATACONSUM,2024-02-20,1140.23,-0.05
TATACONSUM,2024-02-21,1146.5,0.55
TATACONSUM,2024-02-22,1145.26,-0.11
TATACONSUM,2024-02-23,1146.05,0.07
TATACONSUM,2024-02-26,1162.65,1.45
TATACONSUM,2024-02-27,1169.07,0.55
TATACONSUM,2024-02-28,1153.61,-1.32
TATACONSUM,2024-02-29,1175.44,1.89
TATACONSUM,2024-03-01,1186.26,0.92
TATACONSUM,2024-03-02,1192.43,0.52
TATACONSUM,2024-03-04,1188.48,-0.33
TATACONSUM,2024-03-05,1185.86,-0.22
TATACONSUM,2024-03-06,1205.07,1.62
TATACONSUM,2024-03-07,1246.06,3.4
TATACONSUM,2024-03-11,1205.66,-3.24
TATACONSUM,2024-03-12,1200.28,-0.45
TATACONSUM,2024-03-13,1164.48,-2.98
TATACONSUM,2024-03-14,1183.64,1.65
TATACONSUM,2024-03-15,1197.27,1.15
TATACONSUM,2024-03-18,1172.38,-2.08
TATACONSUM,2024-03-19,1132.18,-3.43
TATACONSUM,2024-03-20,1110.25,-1.94
TATACONSUM,2024-03-21,1120.03,0.88
TATACONSUM,2024-03-22,1108.97,-0.99
TATACONSUM,2024-03-26,1098.89,-0.91
TATACONSUM,2024-03-27,1077.66,-1.93
TATACONSUM,2024-03-28,1082.74,0.47
TATACONSUM,2024-04-01,1073.56,-0.85
TATACONSUM,2024-04-02,1117.26,4.07
TATACONSUM,2024-04-03,1105.76,-1.03
TATACONSUM,2024-04-04,1104.22,-0.14
TATACONSUM,2024-04-05,1101.85,-0.21
TATACONSUM,2024-04-08,1123.39,1.95
TATACONSUM,2024-04-09,1111.78,-1.03
TATACONSUM,2024-04-10,1131.24,1.75
TATACONSUM,2024-04-12,1135.34,0.36
TATACONSUM,2024-04-15,1116.77,-1.64
TATACONSUM,2024-04-16,1121.71,0.44
TATACONSUM,2024-04-18,1120.62,-0.1
TATACONSUM,2024-04-19,1124.13,0.31
TATACONSUM,2024-04-22,1156.57,2.89
TATACONSUM,2024-04-23,1158.94,0.2
TATACONSUM,2024-04-24,1096.52,-5.39
TATACONSUM,2024-04-25,1092.67,-0.35
TATACONSUM,2024-04-26,1089.11,-0.33
TATACONSUM,2024-04-29,1085.01,-0.38
TATACONSUM,2024-04-30,1094.74,0.9
TATACONSUM,2024-05-02,1077.75,-1.55
TATACONSUM,2024-05-03,1080.87,0.29
TATACONSUM,2024-05-06,1084.67,0.35
TATACONSUM,2024-05-07,1085.9,0.11
TATACONSUM,2024-05-08,1101.36,1.42
TATACONSUM,2024-05-09,1071.73,-2.69
TATACONSUM,2024-05-10,1077.56,0.54
TATACONSUM,2024-05-13,1083.48,0.55
TATACONSUM,2024-05-14,1072.12,-1.05
TATACONSUM,2024-05-15,1055.78,-1.52
TATACONSUM,2024-05-16,1086.25,2.89
TATACONSUM,2024-05-17,1081.75,-0.41
TATACONSUM,2024-05-18,1081.75,0.0
TATACONSUM,2024-05-21,1080.52,-0.11
TATACONSUM,2024-05-22,1106.6,2.41
TATACONSUM,2024-05-23,1104.22,-0.22
TATACONSUM,2024-05-24,1084.77,-1.76
TATACONSUM,2024-05-27,1074.54,-0.94
TATACONSUM,2024-05-28,1082.1,0.7
TATACONSUM,2024-05-29,1058.15,-2.21
TATACONSUM,2024-05-30,1054.1,-0.38
TATACONSUM,2024-05-31,1047.23,-0.65
TATACONSUM,2024-06-03,1056.02,0.84
TATACONSUM,2024-06-04,1073.65,1.67
TATACONSUM,2024-06-05,1128.37,5.1
TATACONSUM,2024-06-06,1125.91,-0.22
TATACONSUM,2024-06-07,1121.71,-0.37
TATACONSUM,2024-06-10,1119.14,-0.23
TATACONSUM,2024-06-11,1121.66,0.23
TATACONSUM,2024-06-12,1110.84,-0.96
TATACONSUM,2024-06-13,1100.92,-0.89
TATACONSUM,2024-06-14,1098.79,-0.19
TATACONSUM,2024-06-18,1113.07,1.3
TATACONSUM,2024-06-19,1092.03,-1.89
TATACONSUM,2024-06-20,1089.71,-0.21
TATACONSUM,2024-06-21,1071.58,-1.66
TATACONSUM,2024-06-24,1088.42,1.57
TATACONSUM,2024-06-25,1081.16,-0.67
TATACONSUM,2024-06-26,1073.56,-0.7
TATACONSUM,2024-06-27,1072.27,-0.12
TATACONSUM,2024-06-28,1083.98,1.09
TATACONSUM,2024-07-01,1081.11,-0.26
TATACONSUM,2024-07-02,1091.43,0.95
TATACONSUM,2024-07-03,1132.28,3.74
TATACONSUM,2024-07-04,1121.26,-0.97
TATACONSUM,2024-07-05,1123.44,0.19
TATACONSUM,2024-07-08,1136.67,1.18
TATACONSUM,2024-07-09,1128.18,-0.75
TATACONSUM,2024-07-10,1136.67,0.75
TATACONSUM,2024-07-11,1117.51,-1.69
TATACONSUM,2024-07-12,1138.1,1.84
TATACONSUM,2024-07-15,1134.7,-0.3
TATACONSUM,2024-07-16,1161.81,2.39
TATACONSUM,2024-07-18,1178.75,1.46
TATACONSUM,2024-07-19,1173.41,-0.45
TATACONSUM,2024-07-22,1190.01,1.41
TATACONSUM,2024-07-23,1241.47,4.32
TATACONSUM,2024-07-24,1216.13,-2.04
TATACONSUM,2024-07-25,1208.58,-0.62
TATACONSUM,2024-07-26,1213.65,0.42
TATACONSUM,2024-07-29,1201.4,-1.01
TATACONSUM,2024-07-30,1194.9,-0.54
TATACONSUM,2024-07-31,1188.95,-0.5
TATACONSUM,2024-08-01,1208.35,1.63
TATACONSUM,2024-08-02,1193.65,-1.22
TATACONSUM,2024-08-05,1199.4,0.48
TATACONSUM,2024-08-06,1185.6,-1.15
TATACONSUM,2024-08-07,1199.6,1.18
TATACONSUM,2024-08-08,1178.3,-1.78
TATACONSUM,2024-08-09,1186.15,0.67
TATACONSUM,2024-08-12,1170.8,-1.29
TATACONSUM,2024-08-13,1178.8,0.68
TATACONSUM,2024-08-14,1167.55,-0.95
TATACONSUM,2024-08-16,1187.75,1.73
TATACONSUM,2024-08-19,1177.4,-0.87
TATACONSUM,2024-08-20,1171.2,-0.53
TATACONSUM,2024-08-21,1177.55,0.54
TATACONSUM,2024-08-22,1205.8,2.4
TATACONSUM,2024-08-23,1196.8,-0.75
TATACONSUM,2024-08-26,1220.05,1.94
TATACONSUM,2024-08-27,1209.6,-0.86
TATACONSUM,2024-08-28,1201.15,-0.7
TATACONSUM,2024-08-29,1198.45,-0.22
TATACONSUM,2024-08-30,1200.15,0.14
TATACONSUM,2024-09-02,1199.7,-0.04
TATACONSUM,2024-09-03,1199.0,-0.06
TATACONSUM,2024-09-04,1194.95,-0.34
TATACONSUM,2024-09-05,1188.65,-0.53
TATACONSUM,2024-09-06,1173.85,-1.25
TATACONSUM,2024-09-09,1192.05,1.55
TATACONSUM,2024-09-10,1204.15,1.02
TATACONSUM,2024-09-11,1204.4,0.02
TATACONSUM,2024-09-12,1222.75,1.52
TATACONSUM,2024-09-13,1210.3,-1.02
TATACONSUM,2024-09-16,1218.5,0.68
TATACONSUM,2024-09-17,1220.25,0.14
TATACONSUM,2024-09-18,1200.85,-1.59
TATACONSUM,2024-09-19,1215.25,1.2
TATACONSUM,2024-09-20,1216.85,0.13
TATACONSUM,2024-09-23,1211.55,-0.44
TATACONSUM,2024-09-24,1211.65,0.01
TATACONSUM,2024-09-25,1189.6,-1.82
TATACONSUM,2024-09-26,1213.45,2.0
TATACONSUM,2024-09-27,1201.55,-0.98
TATACONSUM,2024-09-30,1196.95,-0.38
TATACONSUM,2024-10-01,1196.25,-0.06
TATACONSUM,2024-10-03,1152.75,-3.64
TATACONSUM,2024-10-04,1130.4,-1.94
TATACONSUM,2024-10-07,1111.4,-1.68
TATACONSUM,2024-10-08,1119.05,0.69
TATACONSUM,2024-10-09,1117.8,-0.11
TATACONSUM,2024-10-10,1114.15,-0.33
TATACONSUM,2024-10-11,1113.1,-0.09
TATACONSUM,2024-10-14,1113.55,0.04
TATACONSUM,2024-10-15,1115.25,0.15
TATACONSUM,2024-10-16,1113.95,-0.12
TATACONSUM,2024-10-17,1090.15,-2.14
TATACONSUM,2024-10-18,1093.25,0.28
TATACONSUM,2024-10-21,1017.05,-6.97
TATACONSUM,2024-10-22,998.25,-1.85
TATACONSUM,2024-10-23,1014.55,1.63
TATACONSUM,2024-10-24,996.45,-1.78
TATACONSUM,2024-10-25,973.05,-2.35
TATACONSUM,2024-10-28,975.9,0.29
TATACONSUM,2024-10-29,992.05,1.65
TATACONSUM,2024-10-30,1022.7,3.09
TATACONSUM,2024-10-31,1002.55,-1.97
TATACONSUM,2024-11-01,1004.1,0.15
TATACONSUM,2024-11-04,994.6,-0.95
TATACONSUM,2024-11-05,1000.75,0.62
TATACONSUM,2024-11-06,1007.05,0.63
TATACONSUM,2024-11-07,984.85,-2.2
TATACONSUM,2024-11-08,992.95,0.82
TATACONSUM,2024-11-11,975.95,-1.71
TATACONSUM,2024-11-12,967.55,-0.86
TATACONSUM,2024-11-13,952.75,-1.53
TATACONSUM,2024-11-14,925.0,-2.91
TATACONSUM,2024-11-18,930.75,0.62
TATACONSUM,2024-11-19,917.15,-1.46
TATACONSUM,2024-11-21,911.7,-0.59
TATACONSUM,2024-11-22,945.2,3.67
TATAMOTORS,2023-10-03,620.45,
TATAMOTORS,2023-10-04,613.6,-1.1
TATAMOTORS,2023-10-05,619.6,0.98
TATAMOTORS,2023-10-06,622.45,0.46
TATAMOTORS,2023-10-09,617.35,-0.82
TATAMOTORS,2023-10-10,630.55,2.14
TATAMOTORS,2023-10-11,634.0,0.55
TATAMOTORS,2023-10-12,636.95,0.47
TATAMOTORS,2023-10-13,667.1,4.73
TATAMOTORS,2023-10-16,666.2,-0.13
TATAMOTORS,2023-10-17,655.7,-1.58
TATAMOTORS,2023-10-18,668.5,1.95
TATAMOTORS,2023-10-19,668.8,0.04
TATAMOTORS,2023-10-20,663.2,-0.84
TATAMOTORS,2023-10-23,647.35,-2.39
TATAMOTORS,2023-10-25,637.85,-1.47
TATAMOTORS,2023-10-26,626.55,-1.77
TATAMOTORS,2023-10-27,641.05,2.31
TATAMOTORS,2023-10-30,628.5,-1.96
TATAMOTORS,2023-10-31,628.65,0.02
TATAMOTORS,2023-11-01,627.7,-0.15
TATAMOTORS,2023-11-02,636.45,1.39
TATAMOTORS,2023-11-03,647.5,1.74
TATAMOTORS,2023-11-06,646.05,-0.22
TATAMOTORS,2023-11-07,645.0,-0.16
TATAMOTORS,2023-11-08,642.55,-0.38
TATAMOTORS,2023-11-09,649.35,1.06
TATAMOTORS,2023-11-10,651.05,0.26
TATAMOTORS,2023-11-12,653.55,0.38
TATAMOTORS,2023-11-13,653.25,-0.05
TATAMOTORS,2023-11-15,671.55,2.8
TATAMOTORS,2023-11-16,680.4,1.32
TATAMOTORS,2023-11-17,681.55,0.17
TATAMOTORS,2023-11-20,674.3,-1.06
TATAMOTORS,2023-11-21,681.7,1.1
TATAMOTORS,2023-11-22,681.2,-0.07
TATAMOTORS,2023-11-23,679.95,-0.18
TATAMOTORS,2023-11-24,673.7,-0.92
TATAMOTORS,2023-11-28,697.5,3.53
TATAMOTORS,2023-11-29,712.35,2.13
TATAMOTORS,2023-11-30,706.4,-0.84
TATAMOTORS,2023-12-01,705.45,-0.13
TATAMOTORS,2023-12-04,705.6,0.02
TATAMOTORS,2023-12-05,708.95,0.47
TATAMOTORS,2023-12-06,722.45,1.9
TATAMOTORS,2023-12-07,721.95,-0.07
TATAMOTORS,2023-12-08,714.55,-1.03
TATAMOTORS,2023-12-11,720.8,0.87
TATAMOTORS,2023-12-12,715.4,-0.75
TATAMOTORS,2023-12-13,720.3,0.68
TATAMOTORS,2023-12-14,719.75,-0.08
TATAMOTORS,2023-12-15,732.4,1.76
TATAMOTORS,2023-12-18,730.8,-0.22
TATAMOTORS,2023-12-19,728.95,-0.25
TATAMOTORS,2023-12-20,705.25,-3.25
TATAMOTORS,2023-12-21,708.85,0.51
TATAMOTORS,2023-12-22,724.7,2.24
TATAMOTORS,2023-12-26,719.55,-0.71
TATAMOTORS,2023-12-27,740.9,2.97
TATAMOTORS,2023-12-28,753.9,1.75
TATAMOTORS,2023-12-29,779.95,3.46
TATAMOTORS,2024-01-01,790.6,1.37
TATAMOTORS,2024-01-02,784.4,-0.78
TATAMOTORS,2024-01-03,781.45,-0.38
TATAMOTORS,2024-01-04,795.75,1.83
TATAMOTORS,2024-01-05,790.95,-0.6
TATAMOTORS,2024-01-08,789.1,-0.23
TATAMOTORS,2024-01-09,799.8,1.36
TATAMOTORS,2024-01-10,808.45,1.08
TATAMOTORS,2024-01-11,815.65,0.89
TATAMOTORS,2024-01-12,816.45,0.1
TATAMOTORS,2024-01-15,812.45,-0.49
TATAMOTORS,2024-01-16,818.85,0.79
TATAMOTORS,2024-01-17,805.55,-1.62
TATAMOTORS,2024-01-18,819.05,1.68
TATAMOTORS,2024-01-19,823.55,0.55
TATAMOTORS,2024-01-20,818.9,-0.56
TATAMOTORS,2024-01-23,800.45,-2.25
TATAMOTORS,2024-01-24,810.9,1.31
TATAMOTORS,2024-01-25,811.85,0.12
TATAMOTORS,2024-01-29,841.0,3.59
TATAMOTORS,2024-01-30,858.85,2.12
TATAMOTORS,2024-01-31,884.2,2.95
TATAMOTORS,2024-02-01,878.5,-0.64
TATAMOTORS,2024-02-02,878.75,0.03
TATAMOTORS,2024-02-05,926.8,5.47
TATAMOTORS,2024-02-06,939.55,1.38
TATAMOTORS,2024-02-07,933.8,-0.61
TATAMOTORS,2024-02-08,924.3,-1.02
TATAMOTORS,2024-02-09,915.0,-1.01
TATAMOTORS,2024-02-12,911.6,-0.37
TATAMOTORS,2024-02-13,906.9,-0.52
TATAMOTORS,2024-02-14,918.3,1.26
TATAMOTORS,2024-02-15,920.55,0.25
TATAMOTORS,2024-02-16,938.6,1.96
TATAMOTORS,2024-02-19,932.6,-0.64
TATAMOTORS,2024-02-20,926.35,-0.67
TATAMOTORS,2024-02-21,921.05,-0.57
TATAMOTORS,2024-02-22,932.3,1.22
TATAMOTORS,2024-02-23,937.4,0.55
TATAMOTORS,2024-02-26,936.95,-0.05
TATAMOTORS,2024-02-27,962.7,2.75
TATAMOTORS,2024-02-28,958.05,-0.48
TATAMOTORS,2024-02-29,950.2,-0.82
TATAMOTORS,2024-03-01,977.4,2.86
TATAMOTORS,2024-03-02,988.35,1.12
TATAMOTORS,2024-03-04,987.2,-0.12
TATAMOTORS,2024-03-05,1021.9,3.51
TATAMOTORS,2024-03-06,1017.65,-0.42
TATAMOTORS,2024-03-07,1039.3,2.13
TATAMOTORS,2024-03-11,1028.0,-1.09
TATAMOTORS,2024-03-12,1016.5,-1.12
TATAMOTORS,2024-03-13,973.2,-4.26
TATAMOTORS,2024-03-14,967.75,-0.56
TATAMOTORS,2024-03-15,945.85,-2.26
TATAMOTORS,2024-03-18,972.45,2.81
TATAMOTORS,2024-03-19,957.75,-1.51
TATAMOTORS,2024-03-20,940.45,-1.81
TATAMOTORS,2024-03-21,964.9,2.6
TATAMOTORS,2024-03-22,979.8,1.54
TATAMOTORS,2024-03-26,986.2,0.65
TATAMOTORS,2024-03-27,978.65,-0.77
TATAMOTORS,2024-03-28,992.8,1.45
TATAMOTORS,2024-04-01,992.25,-0.06
TATAMOTORS,2024-04-02,1004.65,1.25
TATAMOTORS,2024-04-03,1009.15,0.45
TATAMOTORS,2024-04-04,1011.6,0.24
TATAMOTORS,2024-04-05,1007.1,-0.44
TATAMOTORS,2024-04-08,1013.2,0.61
TATAMOTORS,2024-04-09,1008.5,-0.46
TATAMOTORS,2024-04-10,1013.5,0.5
TATAMOTORS,2024-04-12,1018.5,0.49
TATAMOTORS,2024-04-15,998.8,-1.93
TATAMOTORS,2024-04-16,992.8,-0.6
TATAMOTORS,2024-04-18,971.35,-2.16
TATAMOTORS,2024-04-19,963.2,-0.84
TATAMOTORS,2024-04-22,973.55,1.07
TATAMOTORS,2024-04-23,986.75,1.36
TATAMOTORS,2024-04-24,991.65,0.5
TATAMOTORS,2024-04-25,1001.25,0.97
TATAMOTORS,2024-04-26,999.5,-0.17
TATAMOTORS,2024-04-29,1000.6,0.11
TATAMOTORS,2024-04-30,1007.9,0.73
TATAMOTORS,2024-05-02,1027.8,1.97
TATAMOTORS,2024-05-03,1013.4,-1.4
TATAMOTORS,2024-05-06,1016.2,0.28
TATAMOTORS,2024-05-07,988.55,-2.72
TATAMOTORS,2024-05-08,1012.1,2.38
TATAMOTORS,2024-05-09,1030.3,1.8
TATAMOTORS,2024-05-10,1046.65,1.59
TATAMOTORS,2024-05-13,959.75,-8.3
TATAMOTORS,2024-05-14,964.65,0.51
TATAMOTORS,2024-05-15,947.3,-1.8
TATAMOTORS,2024-05-16,936.4,-1.15
TATAMOTORS,2024-05-17,945.7,0.99
TATAMOTORS,2024-05-18,953.95,0.87
TATAMOTORS,2024-05-21,951.3,-0.28
TATAMOTORS,2024-05-22,947.5,-0.4
TATAMOTORS,2024-05-23,962.35,1.57
TATAMOTORS,2024-05-24,960.55,-0.19
TATAMOTORS,2024-05-27,958.5,-0.21
TATAMOTORS,2024-05-28,947.55,-1.14
TATAMOTORS,2024-05-29,943.6,-0.42
TATAMOTORS,2024-05-30,923.95,-2.08
TATAMOTORS,2024-05-31,923.0,-0.1
TATAMOTORS,2024-06-03,950.45,2.97
TATAMOTORS,2024-06-04,903.9,-4.9
TATAMOTORS,2024-06-05,929.95,2.88
TATAMOTORS,2024-06-06,938.25,0.89
TATAMOTORS,2024-06-07,970.5,3.44
TATAMOTORS,2024-06-10,975.15,0.48
TATAMOTORS,2024-06-11,987.1,1.23
TATAMOTORS,2024-06-12,988.7,0.16
TATAMOTORS,2024-06-13,985.85,-0.29
TATAMOTORS,2024-06-14,993.4,0.77
TATAMOTORS,2024-06-18,985.9,-0.75
TATAMOTORS,2024-06-19,977.35,-0.87
TATAMOTORS,2024-06-20,978.25,0.09
TATAMOTORS,2024-06-21,961.8,-1.68
TATAMOTORS,2024-06-24,958.05,-0.39
TATAMOTORS,2024-06-25,955.0,-0.32
TATAMOTORS,2024-06-26,951.85,-0.33
TATAMOTORS,2024-06-27,972.1,2.13
TATAMOTORS,2024-06-28,989.75,1.82
TATAMOTORS,2024-07-01,1002.05,1.24
TATAMOTORS,2024-07-02,981.3,-2.07
TATAMOTORS,2024-07-03,975.65,-0.58
TATAMOTORS,2024-07-04,998.2,2.31
TATAMOTORS,2024-07-05,993.65,-0.46
TATAMOTORS,2024-07-08,1002.6,0.9
TATAMOTORS,2024-07-09,1014.95,1.23
TATAMOTORS,2024-07-10,1005.5,-0.93
TATAMOTORS,2024-07-11,1020.8,1.52
TATAMOTORS,2024-07-12,1016.75,-0.4
TATAMOTORS,2024-07-15,1024.45,0.76
TATAMOTORS,2024-07-16,1021.15,-0.32
TATAMOTORS,2024-07-18,1024.55,0.33
TATAMOTORS,2024-07-19,990.0,-3.37
TATAMOTORS,2024-07-22,1003.15,1.33
TATAMOTORS,2024-07-23,1001.8,-0.13
TATAMOTORS,2024-07-24,1027.7,2.59
TATAMOTORS,2024-07-25,1090.95,6.15
TATAMOTORS,2024-07-26,1118.3,2.51
TATAMOTORS,2024-07-29,1124.0,0.51
TATAMOTORS,2024-07-30,1161.85,3.37
TATAMOTORS,2024-07-31,1156.65,-0.45
TATAMOTORS,2024-08-01,1144.4,-1.06
TATAMOTORS,2024-08-02,1096.65,-4.17
TATAMOTORS,2024-08-05,1016.45,-7.31
TATAMOTORS,2024-08-06,1013.75,-0.27
TATAMOTORS,2024-08-07,1025.3,1.14
TATAMOTORS,2024-08-08,1041.75,1.6
TATAMOTORS,2024-08-09,1068.1,2.53
TATAMOTORS,2024-08-12,1076.15,0.75
TATAMOTORS,2024-08-13,1053.45,-2.11
TATAMOTORS,2024-08-14,1062.35,0.84
TATAMOTORS,2024-08-16,1098.35,3.39
TATAMOTORS,2024-08-19,1087.7,-0.97
TATAMOTORS,2024-08-20,1086.9,-0.07
TATAMOTORS,2024-08-21,1085.2,-0.16
TATAMOTORS,2024-08-22,1068.45,-1.54
TATAMOTORS,2024-08-23,1085.15,1.56
TATAMOTORS,2024-08-26,1092.4,0.67
TATAMOTORS,2024-08-27,1077.25,-1.39
TATAMOTORS,2024-08-28,1074.55,-0.25
TATAMOTORS,2024-08-29,1121.65,4.38
TATAMOTORS,2024-08-30,1111.35,-0.92
TATAMOTORS,2024-09-02,1092.65,-1.68
TATAMOTORS,2024-09-03,1085.1,-0.69
TATAMOTORS,2024-09-04,1080.45,-0.43
TATAMOTORS,2024-09-05,1069.15,-1.05
TATAMOTORS,2024-09-06,1049.35,-1.85
TATAMOTORS,2024-09-09,1038.7,-1.01
TATAMOTORS,2024-09-10,1035.8,-0.28
TATAMOTORS,2024-09-11,976.3,-5.74
TATAMOTORS,2024-09-12,986.15,1.01
TATAMOTORS,2024-09-13,992.1,0.6
TATAMOTORS,2024-09-16,988.4,-0.37
TATAMOTORS,2024-09-17,974.95,-1.36
TATAMOTORS,2024-09-18,962.05,-1.32
TATAMOTORS,2024-09-19,967.0,0.51
TATAMOTORS,2024-09-20,970.85,0.4
TATAMOTORS,2024-09-23,971.8,0.1
TATAMOTORS,2024-09-24,977.3,0.57
TATAMOTORS,2024-09-25,963.6,-1.4
TATAMOTORS,2024-09-26,993.15,3.07
TATAMOTORS,2024-09-27,993.0,-0.02
TATAMOTORS,2024-09-30,974.65,-1.85
TATAMOTORS,2024-10-01,965.2,-0.97
TATAMOTORS,2024-10-03,925.7,-4.09
TATAMOTORS,2024-10-04,930.75,0.55
TATAMOTORS,2024-10-07,927.85,-0.31
TATAMOTORS,2024-10-08,919.8,-0.87
TATAMOTORS,2024-10-09,939.15,2.1
TATAMOTORS,2024-10-10,928.5,-1.13
TATAMOTORS,2024-10-11,930.7,0.24
TATAMOTORS,2024-10-14,928.25,-0.26
TATAMOTORS,2024-10-15,917.3,-1.18
TATAMOTORS,2024-10-16,907.45,-1.07
TATAMOTORS,2024-10-17,891.6,-1.75
TATAMOTORS,2024-10-18,910.15,2.08
TATAMOTORS,2024-10-21,903.3,-0.75
TATAMOTORS,2024-10-22,879.5,-2.63
TATAMOTORS,2024-10-23,877.65,-0.21
TATAMOTORS,2024-10-24,880.0,0.27
TATAMOTORS,2024-10-25,864.3,-1.78
TATAMOTORS,2024-10-28,878.45,1.64
TATAMOTORS,2024-10-29,842.75,-4.06
TATAMOTORS,2024-10-30,840.2,-0.3
TATAMOTORS,2024-10-31,834.05,-0.73
TATAMOTORS,2024-11-01,843.45,1.13
TATAMOTORS,2024-11-04,824.1,-2.29
TATAMOTORS,2024-11-05,835.65,1.4
TATAMOTORS,2024-11-06,839.7,0.48
TATAMOTORS,2024-11-07,819.75,-2.38
TATAMOTORS,2024-11-08,805.45,-1.74
TATAMOTORS,2024-11-11,804.7,-0.09
TATAMOTORS,2024-11-12,784.85,-2.47
TATAMOTORS,2024-11-13,786.25,0.18
TATAMOTORS,2024-11-14,774.3,-1.52
TATAMOTORS,2024-11-18,771.9,-0.31
TATAMOTORS,2024-11-19,783.2,1.46
TATAMOTORS,2024-11-21,773.85,-1.19
TATAMOTORS,2024-11-22,791.0,2.22
TATASTEEL,2023-10-03,128.0,
TATASTEEL,2023-10-04,125.3,-2.11
TATASTEEL,2023-10-05,125.25,-0.04
TATASTEEL,2023-10-06,125.9,0.52
TATASTEEL,2023-10-09,123.85,-1.63
TATASTEEL,2023-10-10,125.3,1.17
TATASTEEL,2023-10-11,124.95,-0.28
TATASTEEL,2023-10-12,125.9,0.76
TATASTEEL,2023-10-13,125.05,-0.68
TATASTEEL,2023-10-16,127.0,1.56
TATASTEEL,2023-10-17,127.4,0.31
TATASTEEL,2023-10-18,127.1,-0.24
TATASTEEL,2023-10-19,126.0,-0.87
TATASTEEL,2023-10-20,123.1,-2.3
TATASTEEL,2023-10-23,120.0,-2.52
TATASTEEL,2023-10-25,121.35,1.12
TATASTEEL,2023-10-26,119.9,-1.19
TATASTEEL,2023-10-27,119.9,0.0
TATASTEEL,2023-10-30,119.15,-0.63
TATASTEEL,2023-10-31,118.75,-0.34
TATASTEEL,2023-11-01,116.6,-1.81
TATASTEEL,2023-11-02,118.1,1.29
TATASTEEL,2023-11-03,117.3,-0.68
TATASTEEL,2023-11-06,119.4,1.79
TATASTEEL,2023-11-07,119.65,0.21
TATASTEEL,2023-11-08,119.05,-0.5
TATASTEEL,2023-11-09,119.65,0.5
TATASTEEL,2023-11-10,120.05,0.33
TATASTEEL,2023-11-12,120.85,0.67
TATASTEEL,2023-11-13,121.0,0.12
TATASTEEL,2023-11-15,124.05,2.52
TATASTEEL,2023-11-16,124.7,0.52
TATASTEEL,2023-11-17,125.2,0.4
TATASTEEL,2023-11-20,124.35,-0.68
TATASTEEL,2023-11-21,126.25,1.53
TATASTEEL,2023-11-22,126.1,-0.12
TATASTEEL,2023-11-23,126.7,0.48
TATASTEEL,2023-11-24,125.95,-0.59
TATASTEEL,2023-11-28,126.85,0.71
TATASTEEL,2023-11-29,127.75,0.71
TATASTEEL,2023-11-30,127.9,0.12
TATASTEEL,2023-12-01,130.0,1.64
TATASTEEL,2023-12-04,131.0,0.77
TATASTEEL,2023-12-05,131.6,0.46
TATASTEEL,2023-12-06,131.85,0.19
TATASTEEL,2023-12-07,130.0,-1.4
TATASTEEL,2023-12-08,129.2,-0.62
TATASTEEL,2023-12-11,130.05,0.66
TATASTEEL,2023-12-12,130.1,0.04
TATASTEEL,2023-12-13,131.4,1.0
TATASTEEL,2023-12-14,132.0,0.46
TATASTEEL,2023-12-15,136.45,3.37
TATASTEEL,2023-12-18,136.6,0.11
TATASTEEL,2023-12-19,135.4,-0.88
TATASTEEL,2023-12-20,129.75,-4.17
TATASTEEL,2023-12-21,131.0,0.96
TATASTEEL,2023-12-22,133.55,1.95
TATASTEEL,2023-12-26,135.2,1.24
TATASTEEL,2023-12-27,137.2,1.48
TATASTEEL,2023-12-28,138.15,0.69
TATASTEEL,2023-12-29,139.6,1.05
TATASTEEL,2024-01-01,139.85,0.18
TATASTEEL,2024-01-02,139.6,-0.18
TATASTEEL,2024-01-03,135.35,-3.04
TATASTEEL,2024-01-04,134.25,-0.81
TATASTEEL,2024-01-05,133.65,-0.45
TATASTEEL,2024-01-08,132.0,-1.23
TATASTEEL,2024-01-09,133.65,1.25
TATASTEEL,2024-01-10,134.1,0.34
TATASTEEL,2024-01-11,134.9,0.6
TATASTEEL,2024-01-12,135.3,0.3
TATASTEEL,2024-01-15,134.9,-0.3
TATASTEEL,2024-01-16,137.25,1.74
TATASTEEL,2024-01-17,131.65,-4.08
TATASTEEL,2024-01-18,131.0,-0.49
TATASTEEL,2024-01-19,134.25,2.48
TATASTEEL,2024-01-20,133.95,-0.22
TATASTEEL,2024-01-23,130.1,-2.87
TATASTEEL,2024-01-24,135.15,3.88
TATASTEEL,2024-01-25,133.75,-1.04
TATASTEEL,2024-01-29,135.0,0.93
TATASTEEL,2024-01-30,134.7,-0.22
TATASTEEL,2024-01-31,135.95,0.93
TATASTEEL,2024-02-01,134.8,-0.85
TATASTEEL,2024-02-02,138.7,2.89
TATASTEEL,2024-02-05,141.55,2.05
TATASTEEL,2024-02-06,144.65,2.19
TATASTEEL,2024-02-07,144.4,-0.17
TATASTEEL,2024-02-08,143.65,-0.52
TATASTEEL,2024-02-09,141.3,-1.64
TATASTEEL,2024-02-12,137.4,-2.76
TATASTEEL,2024-02-13,137.85,0.33
TATASTEEL,2024-02-14,141.2,2.43
TATASTEEL,2024-02-15,141.2,0.0
TATASTEEL,2024-02-16,142.3,0.78
TATASTEEL,2024-02-19,141.95,-0.25
TATASTEEL,2024-02-20,141.05,-0.63
TATASTEEL,2024-02-21,143.9,2.02
TATASTEEL,2024-02-22,145.9,1.39
TATASTEEL,2024-02-23,145.45,-0.31
TATASTEEL,2024-02-26,142.65,-1.93
TATASTEEL,2024-02-27,144.2,1.09
TATASTEEL,2024-02-28,140.75,-2.39
TATASTEEL,2024-02-29,140.85,0.07
TATASTEEL,2024-03-01,149.95,6.46
TATASTEEL,2024-03-02,155.25,3.53
TATASTEEL,2024-03-04,153.1,-1.38
TATASTEEL,2024-03-05,151.85,-0.82
TATASTEEL,2024-03-06,151.6,-0.16
TATASTEEL,2024-03-07,157.25,3.73
TATASTEEL,2024-03-11,153.45,-2.42
TATASTEEL,2024-03-12,152.5,-0.62
TATASTEEL,2024-03-13,143.65,-5.8
TATASTEEL,2024-03-14,142.45,-0.84
TATASTEEL,2024-03-15,141.7,-0.53
TATASTEEL,2024-03-18,149.7,5.65
TATASTEEL,2024-03-19,148.75,-0.63
TATASTEEL,2024-03-20,145.65,-2.08
TATASTEEL,2024-03-21,150.1,3.06
TATASTEEL,2024-03-22,151.8,1.13
TATASTEEL,2024-03-26,152.4,0.4
TATASTEEL,2024-03-27,152.7,0.2
TATASTEEL,2024-03-28,155.85,2.06
TATASTEEL,2024-04-01,163.15,4.68
TATASTEEL,2024-04-02,164.65,0.92
TATASTEEL,2024-04-03,163.65,-0.61
TATASTEEL,2024-04-04,163.4,-0.15
TATASTEEL,2024-04-05,163.35,-0.03
TATASTEEL,2024-04-08,165.2,1.13
TATASTEEL,2024-04-09,166.0,0.48
TATASTEEL,2024-04-10,165.05,-0.57
TATASTEEL,2024-04-12,163.5,-0.94
TATASTEEL,2024-04-15,160.85,-1.62
TATASTEEL,2024-04-16,160.05,-0.5
TATASTEEL,2024-04-18,160.05,0.0
TATASTEEL,2024-04-19,162.1,1.28
TATASTEEL,2024-04-22,161.85,-0.15
TATASTEEL,2024-04-23,161.15,-0.43
TATASTEEL,2024-04-24,165.55,2.73
TATASTEEL,2024-04-25,167.7,1.3
TATASTEEL,2024-04-26,165.8,-1.13
TATASTEEL,2024-04-29,167.4,0.97
TATASTEEL,2024-04-30,165.0,-1.43
TATASTEEL,2024-05-02,167.35,1.42
TATASTEEL,2024-05-03,166.5,-0.51
TATASTEEL,2024-05-06,167.6,0.66
TATASTEEL,2024-05-07,164.25,-2.0
TATASTEEL,2024-05-08,166.05,1.1
TATASTEEL,2024-05-09,161.9,-2.5
TATASTEEL,2024-05-10,162.25,0.22
TATASTEEL,2024-05-13,163.85,0.99
TATASTEEL,2024-05-14,164.95,0.67
TATASTEEL,2024-05-15,165.6,0.39
TATASTEEL,2024-05-16,165.9,0.18
TATASTEEL,2024-05-17,167.35,0.87
TATASTEEL,2024-05-18,167.9,0.33
TATASTEEL,2024-05-21,174.35,3.84
TATASTEEL,2024-05-22,173.3,-0.6
TATASTEEL,2024-05-23,175.5,1.27
TATASTEEL,2024-05-24,174.85,-0.37
TATASTEEL,2024-05-27,175.5,0.37
TATASTEEL,2024-05-28,174.9,-0.34
TATASTEEL,2024-05-29,174.25,-0.37
TATASTEEL,2024-05-30,164.15,-5.8
TATASTEEL,2024-05-31,167.2,1.86
TATASTEEL,2024-06-03,174.25,4.22
TATASTEEL,2024-06-04,158.95,-8.78
TATASTEEL,2024-06-05,169.2,6.45
TATASTEEL,2024-06-06,172.05,1.68
TATASTEEL,2024-06-07,178.9,3.98
TATASTEEL,2024-06-10,180.29,0.78
TATASTEEL,2024-06-11,181.33,0.58
TATASTEEL,2024-06-12,182.23,0.5
TATASTEEL,2024-06-13,182.56,0.18
TATASTEEL,2024-06-14,183.15,0.32
TATASTEEL,2024-06-18,181.12,-1.11
TATASTEEL,2024-06-19,180.02,-0.61
TATASTEEL,2024-06-20,182.28,1.26
TATASTEEL,2024-06-21,179.94,-1.28
TATASTEEL,2024-06-24,177.96,-1.1
TATASTEEL,2024-06-25,175.68,-1.28
TATASTEEL,2024-06-26,172.56,-1.78
TATASTEEL,2024-06-27,174.16,0.93
TATASTEEL,2024-06-28,174.01,-0.09
TATASTEEL,2024-07-01,174.07,0.03
TATASTEEL,2024-07-02,174.54,0.27
TATASTEEL,2024-07-03,176.37,1.05
TATASTEEL,2024-07-04,176.29,-0.05
TATASTEEL,2024-07-05,174.71,-0.9
TATASTEEL,2024-07-08,172.28,-1.39
TATASTEEL,2024-07-09,171.8,-0.28
TATASTEEL,2024-07-10,167.98,-2.22
TATASTEEL,2024-07-11,168.92,0.56
TATASTEEL,2024-07-12,168.69,-0.14
TATASTEEL,2024-07-15,166.76,-1.14
TATASTEEL,2024-07-16,167.07,0.19
TATASTEEL,2024-07-18,166.36,-0.42
TATASTEEL,2024-07-19,157.77,-5.16
TATASTEEL,2024-07-22,160.32,1.62
TATASTEEL,2024-07-23,160.02,-0.19
TATASTEEL,2024-07-24,160.31,0.18
TATASTEEL,2024-07-25,157.39,-1.82
TATASTEEL,2024-07-26,162.55,3.28
TATASTEEL,2024-07-29,162.87,0.2
TATASTEEL,2024-07-30,164.07,0.74
TATASTEEL,2024-07-31,165.33,0.77
TATASTEEL,2024-08-01,163.06,-1.37
TATASTEEL,2024-08-02,158.22,-2.97
TATASTEEL,2024-08-05,149.82,-5.31
TATASTEEL,2024-08-06,150.32,0.33
TATASTEEL,2024-08-07,153.86,2.35
TATASTEEL,2024-08-08,150.28,-2.33
TATASTEEL,2024-08-09,151.81,1.02
TATASTEEL,2024-08-12,152.06,0.16
TATASTEEL,2024-08-13,148.88,-2.09
TATASTEEL,2024-08-14,146.17,-1.82
TATASTEEL,2024-08-16,149.52,2.29
TATASTEEL,2024-08-19,153.96,2.97
TATASTEEL,2024-08-20,153.93,-0.02
TATASTEEL,2024-08-21,151.92,-1.31
TATASTEEL,2024-08-22,154.14,1.46
TATASTEEL,2024-08-23,154.2,0.04
TATASTEEL,2024-08-26,155.7,0.97
TATASTEEL,2024-08-27,154.7,-0.64
TATASTEEL,2024-08-28,153.7,-0.65
TATASTEEL,2024-08-29,152.97,-0.47
TATASTEEL,2024-08-30,152.76,-0.14
TATASTEEL,2024-09-02,152.88,0.08
TATASTEEL,2024-09-03,152.15,-0.48
TATASTEEL,2024-09-04,151.18,-0.64
TATASTEEL,2024-09-05,151.72,0.36
TATASTEEL,2024-09-06,151.22,-0.33
TATASTEEL,2024-09-09,149.47,-1.16
TATASTEEL,2024-09-10,149.42,-0.03
TATASTEEL,2024-09-11,148.17,-0.84
TATASTEEL,2024-09-12,151.74,2.41
TATASTEEL,2024-09-13,153.49,1.15
TATASTEEL,2024-09-16,154.21,0.47
TATASTEEL,2024-09-17,152.82,-0.9
TATASTEEL,2024-09-18,150.6,-1.45
TATASTEEL,2024-09-19,149.54,-0.7
TATASTEEL,2024-09-20,152.02,1.66
TATASTEEL,2024-09-23,153.99,1.3
TATASTEEL,2024-09-24,160.53,4.25
TATASTEEL,2024-09-25,161.66,0.7
TATASTEEL,2024-09-26,165.61,2.44
TATASTEEL,2024-09-27,166.55,0.57
TATASTEEL,2024-09-30,168.55,1.2
TATASTEEL,2024-10-01,167.03,-0.9
TATASTEEL,2024-10-03,166.98,-0.03
TATASTEEL,2024-10-04,166.75,-0.14
TATASTEEL,2024-10-07,164.36,-1.43
TATASTEEL,2024-10-08,159.52,-2.94
TATASTEEL,2024-10-09,159.06,-0.29
TATASTEEL,2024-10-10,159.72,0.41
TATASTEEL,2024-10-11,160.66,0.59
TATASTEEL,2024-10-14,158.32,-1.46
TATASTEEL,2024-10-15,155.63,-1.7
TATASTEEL,2024-10-16,155.24,-0.25
TATASTEEL,2024-10-17,152.4,-1.83
TATASTEEL,2024-10-18,155.39,1.96
TATASTEEL,2024-10-21,155.03,-0.23
TATASTEEL,2024-10-22,150.39,-2.99
TATASTEEL,2024-10-23,148.78,-1.07
TATASTEEL,2024-10-24,148.98,0.13
TATASTEEL,2024-10-25,145.86,-2.09
TATASTEEL,2024-10-28,149.38,2.41
TATASTEEL,2024-10-29,150.06,0.46
TATASTEEL,2024-10-30,148.97,-0.73
TATASTEEL,2024-10-31,148.56,-0.28
TATASTEEL,2024-11-01,149.75,0.8
TATASTEEL,2024-11-04,146.95,-1.87
TATASTEEL,2024-11-05,152.29,3.63
TATASTEEL,2024-11-06,153.62,0.87
TATASTEEL,2024-11-07,150.95,-1.74
TATASTEEL,2024-11-08,147.57,-2.24
TATASTEEL,2024-11-11,145.01,-1.73
TATASTEEL,2024-11-12,144.17,-0.58
TATASTEEL,2024-11-13,139.17,-3.47
TATASTEEL,2024-11-14,137.98,-0.86
TATASTEEL,2024-11-18,141.21,2.34
TATASTEEL,2024-11-19,139.46,-1.24
TATASTEEL,2024-11-21,140.22,0.54
TATASTEEL,2024-11-22,142.78,1.83
TCS,2023-10-03,3513.85,
TCS,2023-10-04,3537.75,0.68
TCS,2023-10-05,3589.35,1.46
TCS,2023-10-06,3621.4,0.89
TCS,2023-10-09,3638.35,0.47
TCS,2023-10-10,3628.9,-0.26
TCS,2023-10-11,3609.9,-0.52
TCS,2023-10-12,3542.55,-1.87
TCS,2023-10-13,3570.85,0.8
TCS,2023-10-16,3524.05,-1.31
TCS,2023-10-17,3507.05,-0.48
TCS,2023-10-18,3487.25,-0.56
TCS,2023-10-19,3455.65,-0.91
TCS,2023-10-20,3494.55,1.13
TCS,2023-10-23,3410.15,-2.42
TCS,2023-10-25,3390.1,-0.59
TCS,2023-10-26,3336.75,-1.57
TCS,2023-10-27,3350.95,0.43
TCS,2023-10-30,3378.55,0.82
TCS,2023-10-31,3368.75,-0.29
TCS,2023-11-01,3330.65,-1.13
TCS,2023-11-02,3360.1,0.88
TCS,2023-11-03,3350.9,-0.27
TCS,2023-11-06,3380.25,0.88
TCS,2023-11-07,3370.45,-0.29
TCS,2023-11-08,3381.55,0.33
TCS,2023-11-09,3347.45,-1.01
TCS,2023-11-10,3333.45,-0.42
TCS,2023-11-12,3357.3,0.72
TCS,2023-11-13,3331.55,-0.77
TCS,2023-11-15,3404.3,2.18
TCS,2023-11-16,3497.85,2.75
TCS,2023-11-17,3502.45,0.13
TCS,2023-11-20,3519.6,0.49
TCS,2023-11-21,3510.2,-0.27
TCS,2023-11-22,3530.15,0.57
TCS,2023-11-23,3508.25,-0.62
TCS,2023-11-24,3457.1,-1.46
TCS,2023-11-28,3470.15,0.38
TCS,2023-11-29,3513.75,1.26
TCS,2023-11-30,3487.6,-0.74
TCS,2023-12-01,3511.65,0.69
TCS,2023-12-04,3512.45,0.02
TCS,2023-12-05,3531.6,0.55
TCS,2023-12-06,3604.1,2.05
TCS,2023-12-07,3614.9,0.3
TCS,2023-12-08,3626.7,0.33
TCS,2023-12-11,3642.9,0.45
TCS,2023-12-12,3672.1,0.8
TCS,2023-12-13,3593.55,-2.14
TCS,2023-12-14,3667.25,2.05
TCS,2023-12-15,3861.0,5.28
TCS,2023-12-18,3859.2,-0.05
TCS,2023-12-19,3816.2,-1.11
TCS,2023-12-20,3780.05,-0.95
TCS,2023-12-21,3787.5,0.2
TCS,2023-12-22,3824.0,0.96
TCS,2023-12-26,3795.55,-0.74
TCS,2023-12-27,3811.2,0.41
TCS,2023-12-28,3799.9,-0.3
TCS,2023-12-29,3793.4,-0.17
TCS,2024-01-01,3811.1,0.47
TCS,2024-01-02,3783.2,-0.73
TCS,2024-01-03,3691.75,-2.42
TCS,2024-01-04,3666.8,-0.68
TCS,2024-01-05,3737.9,1.94
TCS,2024-01-08,3678.3,-1.59
TCS,2024-01-09,3689.9,0.32
TCS,2024-01-10,3713.05,0.63
TCS,2024-01-11,3735.55,0.61
TCS,2024-01-12,3882.8,3.94
TCS,2024-01-15,3903.8,0.54
TCS,2024-01-16,3861.3,-1.09
TCS,2024-01-17,3884.6,0.6
TCS,2024-01-18,3902.6,0.46
TCS,2024-01-19,3943.05,1.04
TCS,2024-01-20,3860.65,-2.09
TCS,2024-01-23,3858.25,-0.06
TCS,2024-01-24,3841.8,-0.43
TCS,2024-01-25,3810.3,-0.82
TCS,2024-01-29,3801.0,-0.24
TCS,2024-01-30,3800.55,-0.01
TCS,2024-01-31,3815.95,0.41
TCS,2024-02-01,3854.15,1.0
TCS,2024-02-02,3966.3,2.91
TCS,2024-02-05,3973.3,0.18
TCS,2024-02-06,4136.0,4.09
TCS,2024-02-07,4083.4,-1.27
TCS,2024-02-08,4134.1,1.24
TCS,2024-02-09,4133.7,-0.01
TCS,2024-02-12,4120.7,-0.31
TCS,2024-02-13,4149.5,0.7
TCS,2024-02-14,4100.1,-1.19
TCS,2024-02-15,4103.2,0.08
TCS,2024-02-16,4128.3,0.61
TCS,2024-02-19,4103.8,-0.59
TCS,2024-02-20,4030.65,-1.78
TCS,2024-02-21,3991.5,-0.97
TCS,2024-02-22,4087.1,2.4
TCS,2024-02-23,4052.1,-0.86
TCS,2024-02-26,4001.05,-1.26
TCS,2024-02-27,4104.4,2.58
TCS,2024-02-28,4118.95,0.35
TCS,2024-02-29,4095.1,-0.58
TCS,2024-03-01,4094.35,-0.02
TCS,2024-03-02,4107.1,0.31
TCS,2024-03-04,4080.7,-0.64
TCS,2024-03-05,4012.1,-1.68
TCS,2024-03-06,4064.3,1.3
TCS,2024-03-07,4108.6,1.09
TCS,2024-03-11,4122.35,0.33
TCS,2024-03-12,4192.25,1.7
TCS,2024-03-13,4149.0,-1.03
TCS,2024-03-14,4207.6,1.41
TCS,2024-03-15,4219.25,0.28
TCS,2024-03-18,4152.5,-1.58
TCS,2024-03-19,3977.3,-4.22
TCS,2024-03-20,3970.9,-0.16
TCS,2024-03-21,3972.95,0.05
TCS,2024-03-22,3910.9,-1.56
TCS,2024-03-26,3877.5,-0.85
TCS,2024-03-27,3840.9,-0.94
TCS,2024-03-28,3876.3,0.92
TCS,2024-04-01,3916.75,1.04
TCS,2024-04-02,3883.8,-0.84
TCS,2024-04-03,3947.3,1.63
TCS,2024-04-04,4003.3,1.42
TCS,2024-04-05,3979.25,-0.6
TCS,2024-04-08,3972.55,-0.17
TCS,2024-04-09,3946.55,-0.65
TCS,2024-04-10,3984.65,0.97
TCS,2024-04-12,4001.4,0.42
TCS,2024-04-15,3941.2,-1.5
TCS,2024-04-16,3872.8,-1.74
TCS,2024-04-18,3862.0,-0.28
TCS,2024-04-19,3826.2,-0.93
TCS,2024-04-22,3864.6,1.0
TCS,2024-04-23,3874.7,0.26
TCS,2024-04-24,3831.05,-1.13
TCS,2024-04-25,3852.2,0.55
TCS,2024-04-26,3821.35,-0.8
TCS,2024-04-29,3870.2,1.28
TCS,2024-04-30,3820.65,-1.28
TCS,2024-05-02,3863.3,1.12
TCS,2024-05-03,3843.4,-0.52
TCS,2024-05-06,3921.05,2.02
TCS,2024-05-07,3978.95,1.48
TCS,2024-05-08,3976.95,-0.05
TCS,2024-05-09,3960.2,-0.42
TCS,2024-05-10,3893.9,-1.67
TCS,2024-05-13,3947.8,1.38
TCS,2024-05-14,3901.2,-1.18
TCS,2024-05-15,3880.4,-0.53
TCS,2024-05-16,3900.95,0.53
TCS,2024-05-17,3834.1,-1.71
TCS,2024-05-18,3851.45,0.45
TCS,2024-05-21,3820.2,-0.81
TCS,2024-05-22,3832.0,0.31
TCS,2024-05-23,3893.45,1.6
TCS,2024-05-24,3849.5,-1.13
TCS,2024-05-27,3847.05,-0.06
TCS,2024-05-28,3839.9,-0.19
TCS,2024-05-29,3803.65,-0.94
TCS,2024-05-30,3736.1,-1.78
TCS,2024-05-31,3670.95,-1.74
TCS,2024-06-03,3702.85,0.87
TCS,2024-06-04,3715.0,0.33
TCS,2024-06-05,3746.45,0.85
TCS,2024-06-06,3830.4,2.24
TCS,2024-06-07,3893.95,1.66
TCS,2024-06-10,3858.7,-0.91
TCS,2024-06-11,3852.1,-0.17
TCS,2024-06-12,3831.65,-0.53
TCS,2024-06-13,3878.15,1.21
TCS,2024-06-14,3832.05,-1.19
TCS,2024-06-18,3815.1,-0.44
TCS,2024-06-19,3801.7,-0.35
TCS,2024-06-20,3787.25,-0.38
TCS,2024-06-21,3810.75,0.62
TCS,2024-06-24,3816.8,0.16
TCS,2024-06-25,3838.45,0.57
TCS,2024-06-26,3855.85,0.45
TCS,2024-06-27,3934.15,2.03
TCS,2024-06-28,3904.15,-0.76
TCS,2024-07-01,3978.2,1.9
TCS,2024-07-02,4017.4,0.99
TCS,2024-07-03,3965.25,-1.3
TCS,2024-07-04,4020.95,1.4
TCS,2024-07-05,4011.8,-0.23
TCS,2024-07-08,3993.2,-0.46
TCS,2024-07-09,3985.5,-0.19
TCS,2024-07-10,3909.15,-1.92
TCS,2024-07-11,3923.7,0.37
TCS,2024-07-12,4183.95,6.63
TCS,2024-07-15,4169.2,-0.35
TCS,2024-07-16,4178.45,0.22
TCS,2024-07-18,4315.55,3.28
TCS,2024-07-19,4302.4,-0.3
TCS,2024-07-22,4287.35,-0.35
TCS,2024-07-23,4302.35,0.35
TCS,2024-07-24,4306.25,0.09
TCS,2024-07-25,4322.5,0.38
TCS,2024-07-26,4387.85,1.51
TCS,2024-07-29,4381.1,-0.15
TCS,2024-07-30,4365.35,-0.36
TCS,2024-07-31,4385.35,0.46
TCS,2024-08-01,4397.1,0.27
TCS,2024-08-02,4283.05,-2.59
TCS,2024-08-05,4155.05,-2.99
TCS,2024-08-06,4171.2,0.39
TCS,2024-08-07,4200.45,0.7
TCS,2024-08-08,4172.55,-0.66
TCS,2024-08-09,4228.75,1.35
TCS,2024-08-12,4195.65,-0.78
TCS,2024-08-13,4196.95,0.03
TCS,2024-08-14,4295.25,2.34
TCS,2024-08-16,4416.05,2.81
TCS,2024-08-19,4490.0,1.67
TCS,2024-08-20,4523.3,0.74
TCS,2024-08-21,4551.5,0.62
TCS,2024-08-22,4502.0,-1.09
TCS,2024-08-23,4463.9,-0.85
TCS,2024-08-26,4502.45,0.86
TCS,2024-08-27,4497.15,-0.12
TCS,2024-08-28,4506.05,0.2
TCS,2024-08-29,4511.8,0.13
TCS,2024-08-30,4553.75,0.93
TCS,2024-09-02,4521.05,-0.72
TCS,2024-09-03,4512.35,-0.19
TCS,2024-09-04,4479.25,-0.73
TCS,2024-09-05,4475.95,-0.07
TCS,2024-09-06,4456.75,-0.43
TCS,2024-09-09,4449.55,-0.16
TCS,2024-09-10,4507.85,1.31
TCS,2024-09-11,4479.35,-0.63
TCS,2024-09-12,4517.7,0.86
TCS,2024-09-13,4522.6,0.11
TCS,2024-09-16,4513.25,-0.21
TCS,2024-09-17,4505.65,-0.17
TCS,2024-09-18,4346.15,-3.54
TCS,2024-09-19,4296.15,-1.15
TCS,2024-09-20,4284.9,-0.26
TCS,2024-09-23,4268.5,-0.38
TCS,2024-09-24,4271.3,0.07
TCS,2024-09-25,4274.75,0.08
TCS,2024-09-26,4292.5,0.42
TCS,2024-09-27,4308.7,0.38
TCS,2024-09-30,4268.5,-0.93
TCS,2024-10-01,4287.9,0.45
TCS,2024-10-03,4232.75,-1.29
TCS,2024-10-04,4252.25,0.46
TCS,2024-10-07,4272.85,0.48
TCS,2024-10-08,4253.25,-0.46
TCS,2024-10-09,4252.95,-0.01
TCS,2024-10-10,4227.4,-0.6
TCS,2024-10-11,4149.2,-1.85
TCS,2024-10-14,4136.65,-0.3
TCS,2024-10-15,4116.8,-0.48
TCS,2024-10-16,4094.95,-0.53
TCS,2024-10-17,4109.0,0.34
TCS,2024-10-18,4123.05,0.34
TCS,2024-10-21,4079.85,-1.05
TCS,2024-10-22,4015.5,-1.58
TCS,2024-10-23,4066.25,1.26
TCS,2024-10-24,4047.9,-0.45
TCS,2024-10-25,4057.55,0.24
TCS,2024-10-28,4090.85,0.82
TCS,2024-10-29,4075.25,-0.38
TCS,2024-10-30,4084.65,0.23
TCS,2024-10-31,3968.45,-2.84
TCS,2024-11-01,3984.2,0.4
TCS,2024-11-04,3964.15,-0.5
TCS,2024-11-05,3971.35,0.18
TCS,2024-11-06,4139.65,4.24
TCS,2024-11-07,4150.9,0.27
TCS,2024-11-08,4147.0,-0.09
TCS,2024-11-11,4198.7,1.25
TCS,2024-11-12,4197.4,-0.03
TCS,2024-11-13,4150.35,-1.12
TCS,2024-11-14,4145.9,-0.11
TCS,2024-11-18,4019.5,-3.05
TCS,2024-11-19,4039.55,0.5
TCS,2024-11-21,4072.85,0.82
TCS,2024-11-22,4244.6,4.22
TECHM,2023-10-03,1216.2,
TECHM,2023-10-04,1205.0,-0.92
TECHM,2023-10-05,1205.6,0.05
TECHM,2023-10-06,1216.9,0.94
TECHM,2023-10-09,1212.65,-0.35
TECHM,2023-10-10,1227.75,1.25
TECHM,2023-10-11,1231.6,0.31
TECHM,2023-10-12,1198.75,-2.67
TECHM,2023-10-13,1194.1,-0.39
TECHM,2023-10-16,1184.6,-0.8
TECHM,2023-10-17,1197.6,1.1
TECHM,2023-10-18,1187.1,-0.88
TECHM,2023-10-19,1172.15,-1.26
TECHM,2023-10-20,1170.7,-0.12
TECHM,2023-10-23,1155.95,-1.26
TECHM,2023-10-25,1142.15,-1.19
TECHM,2023-10-26,1115.45,-2.34
TECHM,2023-10-27,1120.55,0.46
TECHM,2023-10-30,1126.9,0.57
TECHM,2023-10-31,1133.15,0.55
TECHM,2023-11-01,1125.1,-0.71
TECHM,2023-11-02,1115.5,-0.85
TECHM,2023-11-03,1133.1,1.58
TECHM,2023-11-06,1142.15,0.8
TECHM,2023-11-07,1149.0,0.6
TECHM,2023-11-08,1139.15,-0.86
TECHM,2023-11-09,1123.95,-1.33
TECHM,2023-11-10,1138.15,1.26
TECHM,2023-11-12,1142.15,0.35
TECHM,2023-11-13,1131.35,-0.95
TECHM,2023-11-15,1173.75,3.75
TECHM,2023-11-16,1207.2,2.85
TECHM,2023-11-17,1202.75,-0.37
TECHM,2023-11-20,1211.8,0.75
TECHM,2023-11-21,1204.5,-0.6
TECHM,2023-11-22,1215.4,0.9
TECHM,2023-11-23,1210.9,-0.37
TECHM,2023-11-24,1197.85,-1.08
TECHM,2023-11-28,1202.4,0.38
TECHM,2023-11-29,1221.7,1.61
TECHM,2023-11-30,1220.95,-0.06
TECHM,2023-12-01,1220.55,-0.03
TECHM,2023-12-04,1223.9,0.27
TECHM,2023-12-05,1220.6,-0.27
TECHM,2023-12-06,1225.2,0.38
TECHM,2023-12-07,1223.25,-0.16
TECHM,2023-12-08,1225.3,0.17
TECHM,2023-12-11,1233.3,0.65
TECHM,2023-12-12,1226.15,-0.58
TECHM,2023-12-13,1216.1,-0.82
TECHM,2023-12-14,1264.7,4.0
TECHM,2023-12-15,1306.1,3.27
TECHM,2023-12-18,1291.75,-1.1
TECHM,2023-12-19,1281.45,-0.8
TECHM,2023-12-20,1248.6,-2.56
TECHM,2023-12-21,1250.1,0.12
TECHM,2023-12-22,1275.15,2.0
TECHM,2023-12-26,1282.0,0.54
TECHM,2023-12-27,1280.15,-0.14
TECHM,2023-12-28,1285.95,0.45
TECHM,2023-12-29,1272.65,-1.03
TECHM,2024-01-01,1297.15,1.93
TECHM,2024-01-02,1278.1,-1.47
TECHM,2024-01-03,1244.2,-2.65
TECHM,2024-01-04,1247.5,0.27
TECHM,2024-01-05,1248.3,0.06
TECHM,2024-01-08,1228.95,-1.55
TECHM,2024-01-09,1235.65,0.55
TECHM,2024-01-10,1240.9,0.42
TECHM,2024-01-11,1249.4,0.68
TECHM,2024-01-12,1308.05,4.69
TECHM,2024-01-15,1337.65,2.26
TECHM,2024-01-16,1320.4,-1.29
TECHM,2024-01-17,1326.75,0.48
TECHM,2024-01-18,1355.15,2.14
TECHM,2024-01-19,1389.9,2.56
TECHM,2024-01-20,1385.6,-0.31
TECHM,2024-01-23,1366.65,-1.37
TECHM,2024-01-24,1407.95,3.02
TECHM,2024-01-25,1322.05,-6.1
TECHM,2024-01-29,1314.35,-0.58
TECHM,2024-01-30,1317.85,0.27
TECHM,2024-01-31,1333.65,1.2
TECHM,2024-02-01,1312.5,-1.59
TECHM,2024-02-02,1338.1,1.95
TECHM,2024-02-05,1332.75,-0.4
TECHM,2024-02-06,1351.05,1.37
TECHM,2024-02-07,1318.0,-2.45
TECHM,2024-02-08,1309.25,-0.66
TECHM,2024-02-09,1311.05,0.14
TECHM,2024-02-12,1318.8,0.59
TECHM,2024-02-13,1328.45,0.73
TECHM,2024-02-14,1292.9,-2.68
TECHM,2024-02-15,1300.35,0.58
TECHM,2024-02-16,1302.55,0.17
TECHM,2024-02-19,1310.0,0.57
TECHM,2024-02-20,1320.55,0.81
TECHM,2024-02-21,1296.6,-1.81
TECHM,2024-02-22,1328.1,2.43
TECHM,2024-02-23,1322.25,-0.44
TECHM,2024-02-26,1298.25,-1.82
TECHM,2024-02-27,1296.05,-0.17
TECHM,2024-02-28,1285.85,-0.79
TECHM,2024-02-29,1273.85,-0.93
TECHM,2024-03-01,1271.8,-0.16
TECHM,2024-03-02,1272.5,0.06
TECHM,2024-03-04,1280.05,0.59
TECHM,2024-03-05,1272.5,-0.59
TECHM,2024-03-06,1271.0,-0.12
TECHM,2024-03-07,1288.15,1.35
TECHM,2024-03-11,1289.0,0.07
TECHM,2024-03-12,1292.3,0.26
TECHM,2024-03-13,1277.2,-1.17
TECHM,2024-03-14,1293.35,1.26
TECHM,2024-03-15,1282.2,-0.86
TECHM,2024-03-18,1272.65,-0.74
TECHM,2024-03-19,1252.25,-1.6
TECHM,2024-03-20,1264.3,0.96
TECHM,2024-03-21,1282.75,1.46
TECHM,2024-03-22,1262.65,-1.57
TECHM,2024-03-26,1254.35,-0.66
TECHM,2024-03-27,1253.8,-0.04
TECHM,2024-03-28,1248.1,-0.45
TECHM,2024-04-01,1244.55,-0.28
TECHM,2024-04-02,1236.8,-0.62
TECHM,2024-04-03,1255.15,1.48
TECHM,2024-04-04,1279.25,1.92
TECHM,2024-04-05,1263.4,-1.24
TECHM,2024-04-08,1265.15,0.14
TECHM,2024-04-09,1251.4,-1.09
TECHM,2024-04-10,1266.3,1.19
TECHM,2024-04-12,1242.1,-1.91
TECHM,2024-04-15,1218.75,-1.88
TECHM,2024-04-16,1195.8,-1.88
TECHM,2024-04-18,1179.65,-1.35
TECHM,2024-04-19,1193.65,1.19
TECHM,2024-04-22,1208.05,1.21
TECHM,2024-04-23,1200.25,-0.65
TECHM,2024-04-24,1185.7,-1.21
TECHM,2024-04-25,1190.3,0.39
TECHM,2024-04-26,1278.75,7.43
TECHM,2024-04-29,1288.3,0.75
TECHM,2024-04-30,1263.5,-1.93
TECHM,2024-05-02,1266.9,0.27
TECHM,2024-05-03,1250.45,-1.3
TECHM,2024-05-06,1262.25,0.94
TECHM,2024-05-07,1292.45,2.39
TECHM,2024-05-08,1287.0,-0.42
TECHM,2024-05-09,1269.1,-1.39
TECHM,2024-05-10,1264.4,-0.37
TECHM,2024-05-13,1262.05,-0.19
TECHM,2024-05-14,1275.5,1.07
TECHM,2024-05-15,1274.5,-0.08
TECHM,2024-05-16,1307.95,2.62
TECHM,2024-05-17,1305.4,-0.19
TECHM,2024-05-18,1305.65,0.02
TECHM,2024-05-21,1323.9,1.4
TECHM,2024-05-22,1330.4,0.49
TECHM,2024-05-23,1337.5,0.53
TECHM,2024-05-24,1321.75,-1.18
TECHM,2024-05-27,1329.7,0.6
TECHM,2024-05-28,1315.1,-1.1
TECHM,2024-05-29,1286.45,-2.18
TECHM,2024-05-30,1240.85,-3.54
TECHM,2024-05-31,1228.45,-1.0
TECHM,2024-06-03,1245.35,1.38
TECHM,2024-06-04,1239.3,-0.49
TECHM,2024-06-05,1266.9,2.23
TECHM,2024-06-06,1317.45,3.99
TECHM,2024-06-07,1377.6,4.57
TECHM,2024-06-10,1340.35,-2.7
TECHM,2024-06-11,1349.45,0.68
TECHM,2024-06-12,1370.6,1.57
TECHM,2024-06-13,1388.95,1.34
TECHM,2024-06-14,1371.45,-1.26
TECHM,2024-06-18,1371.35,-0.01
TECHM,2024-06-19,1381.15,0.71
TECHM,2024-06-20,1393.1,0.87
TECHM,2024-06-21,1399.8,0.48
TECHM,2024-06-24,1401.7,0.14
TECHM,2024-06-25,1427.75,1.86
TECHM,2024-06-26,1413.05,-1.03
TECHM,2024-06-27,1432.25,1.36
TECHM,2024-06-28,1430.35,-0.13
TECHM,2024-07-01,1472.1,2.92
TECHM,2024-07-02,1472.15,0.0
TECHM,2024-07-03,1479.8,0.52
TECHM,2024-07-04,1459.15,-1.4
TECHM,2024-07-05,1461.35,0.15
TECHM,2024-07-08,1467.6,0.43
TECHM,2024-07-09,1465.75,-0.13
TECHM,2024-07-10,1463.35,-0.16
TECHM,2024-07-11,1460.6,-0.19
TECHM,2024-07-12,1505.05,3.04
TECHM,2024-07-15,1499.05,-0.4
TECHM,2024-07-16,1516.2,1.14
TECHM,2024-07-18,1539.35,1.53
TECHM,2024-07-19,1491.4,-3.11
TECHM,2024-07-22,1495.55,0.28
TECHM,2024-07-23,1493.4,-0.14
TECHM,2024-07-24,1533.3,2.67
TECHM,2024-07-25,1530.0,-0.22
TECHM,2024-07-26,1541.15,0.73
TECHM,2024-07-29,1525.35,-1.03
TECHM,2024-07-30,1538.05,0.83
TECHM,2024-07-31,1554.4,1.06
TECHM,2024-08-01,1544.45,-0.64
TECHM,2024-08-02,1507.7,-2.38
TECHM,2024-08-05,1456.35,-3.41
TECHM,2024-08-06,1483.4,1.86
TECHM,2024-08-07,1473.65,-0.66
TECHM,2024-08-08,1466.45,-0.49
TECHM,2024-08-09,1506.7,2.74
TECHM,2024-08-12,1512.5,0.38
TECHM,2024-08-13,1503.4,-0.6
TECHM,2024-08-14,1524.4,1.4
TECHM,2024-08-16,1585.3,4.0
TECHM,2024-08-19,1594.65,0.59
TECHM,2024-08-20,1628.6,2.13
TECHM,2024-08-21,1604.65,-1.47
TECHM,2024-08-22,1611.25,0.41
TECHM,2024-08-23,1598.4,-0.8
TECHM,2024-08-26,1640.15,2.61
TECHM,2024-08-27,1624.6,-0.95
TECHM,2024-08-28,1627.35,0.17
TECHM,2024-08-29,1647.35,1.23
TECHM,2024-08-30,1636.5,-0.66
TECHM,2024-09-02,1646.65,0.62
TECHM,2024-09-03,1644.1,-0.15
TECHM,2024-09-04,1645.3,0.07
TECHM,2024-09-05,1639.5,-0.35
TECHM,2024-09-06,1623.25,-0.99
TECHM,2024-09-09,1579.2,-2.71
TECHM,2024-09-10,1607.4,1.79
TECHM,2024-09-11,1602.6,-0.3
TECHM,2024-09-12,1643.25,2.54
TECHM,2024-09-13,1656.05,0.78
TECHM,2024-09-16,1649.0,-0.43
TECHM,2024-09-17,1651.55,0.15
TECHM,2024-09-18,1605.4,-2.79
TECHM,2024-09-19,1595.35,-0.63
TECHM,2024-09-20,1622.05,1.67
TECHM,2024-09-23,1607.15,-0.92
TECHM,2024-09-24,1637.1,1.86
TECHM,2024-09-25,1602.75,-2.1
TECHM,2024-09-26,1606.95,0.26
TECHM,2024-09-27,1609.25,0.14
TECHM,2024-09-30,1577.2,-1.99
TECHM,2024-10-01,1625.4,3.06
TECHM,2024-10-03,1604.05,-1.31
TECHM,2024-10-04,1616.45,0.77
TECHM,2024-10-07,1618.55,0.13
TECHM,2024-10-08,1629.1,0.65
TECHM,2024-10-09,1658.8,1.82
TECHM,2024-10-10,1619.7,-2.36
TECHM,2024-10-11,1647.05,1.69
TECHM,2024-10-14,1692.5,2.76
TECHM,2024-10-15,1675.35,-1.01
TECHM,2024-10-16,1660.3,-0.9
TECHM,2024-10-17,1699.0,2.33
TECHM,2024-10-18,1687.9,-0.65
TECHM,2024-10-21,1701.2,0.79
TECHM,2024-10-22,1696.55,-0.27
TECHM,2024-10-23,1735.95,2.32
TECHM,2024-10-24,1735.75,-0.01
TECHM,2024-10-25,1716.45,-1.11
TECHM,2024-10-28,1702.55,-0.81
TECHM,2024-10-29,1698.5,-0.24
TECHM,2024-10-30,1684.95,-0.8
TECHM,2024-10-31,1608.65,-4.53
TECHM,2024-11-01,1603.65,-0.31
TECHM,2024-11-04,1638.4,2.17
TECHM,2024-11-05,1632.65,-0.35
TECHM,2024-11-06,1693.55,3.73
TECHM,2024-11-07,1651.0,-2.51
TECHM,2024-11-08,1681.35,1.84
TECHM,2024-11-11,1704.15,1.36
TECHM,2024-11-12,1687.0,-1.01
TECHM,2024-11-13,1675.6,-0.68
TECHM,2024-11-14,1687.5,0.71
TECHM,2024-11-18,1660.8,-1.58
TECHM,2024-11-19,1699.65,2.34
TECHM,2024-11-21,1702.25,0.15
TECHM,2024-11-22,1747.45,2.66
TITAN,2023-10-03,3196.25,
TITAN,2023-10-04,3166.65,-0.93
TITAN,2023-10-05,3216.5,1.57
TITAN,2023-10-06,3309.75,2.9
TITAN,2023-10-09,3267.5,-1.28
TITAN,2023-10-10,3269.2,0.05
TITAN,2023-10-11,3280.5,0.35
TITAN,2023-10-12,3285.0,0.14
TITAN,2023-10-13,3283.75,-0.04
TITAN,2023-10-16,3301.4,0.54
TITAN,2023-10-17,3308.45,0.21
TITAN,2023-10-18,3282.75,-0.78
TITAN,2023-10-19,3284.65,0.06
TITAN,2023-10-20,3266.2,-0.56
TITAN,2023-10-23,3219.75,-1.42
TITAN,2023-10-25,3187.85,-0.99
TITAN,2023-10-26,3100.8,-2.73
TITAN,2023-10-27,3120.7,0.64
TITAN,2023-10-30,3116.45,-0.14
TITAN,2023-10-31,3189.65,2.35
TITAN,2023-11-01,3173.4,-0.51
TITAN,2023-11-02,3201.5,0.89
TITAN,2023-11-03,3274.5,2.28
TITAN,2023-11-06,3267.05,-0.23
TITAN,2023-11-07,3270.2,0.1
TITAN,2023-11-08,3311.85,1.27
TITAN,2023-11-09,3283.75,-0.85
TITAN,2023-11-10,3256.35,-0.83
TITAN,2023-11-12,3280.6,0.74
TITAN,2023-11-13,3264.75,-0.48
TITAN,2023-11-15,3295.95,0.96
TITAN,2023-11-16,3335.95,1.21
TITAN,2023-11-17,3338.85,0.09
TITAN,2023-11-20,3345.85,0.21
TITAN,2023-11-21,3394.45,1.45
TITAN,2023-11-22,3429.85,1.04
TITAN,2023-11-23,3408.4,-0.63
TITAN,2023-11-24,3396.95,-0.34
TITAN,2023-11-28,3442.4,1.34
TITAN,2023-11-29,3429.3,-0.38
TITAN,2023-11-30,3490.6,1.79
TITAN,2023-12-01,3489.5,-0.03
TITAN,2023-12-04,3488.4,-0.03
TITAN,2023-12-05,3545.3,1.63
TITAN,2023-12-06,3546.9,0.05
TITAN,2023-12-07,3585.4,1.09
TITAN,2023-12-08,3634.65,1.37
TITAN,2023-12-11,3630.5,-0.11
TITAN,2023-12-12,3571.4,-1.63
TITAN,2023-12-13,3602.35,0.87
TITAN,2023-12-14,3591.4,-0.3
TITAN,2023-12-15,3600.55,0.25
TITAN,2023-12-18,3619.6,0.53
TITAN,2023-12-19,3610.45,-0.25
TITAN,2023-12-20,3554.1,-1.56
TITAN,2023-12-21,3580.0,0.73
TITAN,2023-12-22,3627.35,1.32
TITAN,2023-12-26,3656.7,0.81
TITAN,2023-12-27,3689.25,0.89
TITAN,2023-12-28,3715.1,0.7
TITAN,2023-12-29,3675.45,-1.07
TITAN,2024-01-01,3677.15,0.05
TITAN,2024-01-02,3698.25,0.57
TITAN,2024-01-03,3693.05,-0.14
TITAN,2024-01-04,3719.7,0.72
TITAN,2024-01-05,3712.55,-0.19
TITAN,2024-01-08,3706.05,-0.18
TITAN,2024-01-09,3694.0,-0.33
TITAN,2024-01-10,3714.45,0.55
TITAN,2024-01-11,3698.6,-0.43
TITAN,2024-01-12,3726.0,0.74
TITAN,2024-01-15,3758.85,0.88
TITAN,2024-01-16,3820.3,1.63
TITAN,2024-01-17,3830.05,0.26
TITAN,2024-01-18,3734.7,-2.49
TITAN,2024-01-19,3810.6,2.03
TITAN,2024-01-20,3784.7,-0.68
TITAN,2024-01-23,3739.65,-1.19
TITAN,2024-01-24,3767.85,0.75
TITAN,2024-01-25,3770.2,0.06
TITAN,2024-01-29,3866.65,2.56
TITAN,2024-01-30,3735.75,-3.39
TITAN,2024-01-31,3697.55,-1.02
TITAN,2024-02-01,3627.45,-1.9
TITAN,2024-02-02,3612.4,-0.41
TITAN,2024-02-05,3552.05,-1.67
TITAN,2024-02-06,3559.15,0.2
TITAN,2024-02-07,3576.5,0.49
TITAN,2024-02-08,3549.1,-0.77
TITAN,2024-02-09,3591.6,1.2
TITAN,2024-02-12,3585.25,-0.18
TITAN,2024-02-13,3559.95,-0.71
TITAN,2024-02-14,3585.55,0.72
TITAN,2024-02-15,3622.05,1.02
TITAN,2024-02-16,3655.4,0.92
TITAN,2024-02-19,3695.05,1.08
TITAN,2024-02-20,3686.7,-0.23
TITAN,2024-02-21,3656.35,-0.82
TITAN,2024-02-22,3652.05,-0.12
TITAN,2024-02-23,3691.95,1.09
TITAN,2024-02-26,3622.5,-1.88
TITAN,2024-02-27,3653.85,0.87
TITAN,2024-02-28,3594.7,-1.62
TITAN,2024-02-29,3624.4,0.83
TITAN,2024-03-01,3765.9,3.9
TITAN,2024-03-02,3764.1,-0.05
TITAN,2024-03-04,3732.4,-0.84
TITAN,2024-03-05,3750.75,0.49
TITAN,2024-03-06,3810.75,1.6
TITAN,2024-03-07,3786.9,-0.63
TITAN,2024-03-11,3750.15,-0.97
TITAN,2024-03-12,3748.8,-0.04
TITAN,2024-03-13,3625.7,-3.28
TITAN,2024-03-14,3640.15,0.4
TITAN,2024-03-15,3633.2,-0.19
TITAN,2024-03-18,3579.7,-1.47
TITAN,2024-03-19,3583.4,0.1
TITAN,2024-03-20,3590.5,0.2
TITAN,2024-03-21,3627.55,1.03
TITAN,2024-03-22,3706.7,2.18
TITAN,2024-03-26,3698.2,-0.23
TITAN,2024-03-27,3759.4,1.65
TITAN,2024-03-28,3801.8,1.13
TITAN,2024-04-01,3738.4,-1.67
TITAN,2024-04-02,3755.95,0.47
TITAN,2024-04-03,3712.5,-1.16
TITAN,2024-04-04,3782.75,1.89
TITAN,2024-04-05,3754.45,-0.75
TITAN,2024-04-08,3748.9,-0.15
TITAN,2024-04-09,3679.35,-1.86
TITAN,2024-04-10,3711.2,0.87
TITAN,2024-04-12,3619.3,-2.48
TITAN,2024-04-15,3600.6,-0.52
TITAN,2024-04-16,3645.9,1.26
TITAN,2024-04-18,3525.1,-3.31
TITAN,2024-04-19,3563.05,1.08
TITAN,2024-04-22,3596.75,0.95
TITAN,2024-04-23,3633.0,1.01
TITAN,2024-04-24,3609.75,-0.64
TITAN,2024-04-25,3571.1,-1.07
TITAN,2024-04-26,3584.8,0.38
TITAN,2024-04-29,3604.85,0.56
TITAN,2024-04-30,3589.25,-0.43
TITAN,2024-05-02,3568.45,-0.58
TITAN,2024-05-03,3533.9,-0.97
TITAN,2024-05-06,3280.15,-7.18
TITAN,2024-05-07,3270.9,-0.28
TITAN,2024-05-08,3259.85,-0.34
TITAN,2024-05-09,3245.7,-0.43
TITAN,2024-05-10,3289.85,1.36
TITAN,2024-05-13,3253.65,-1.1
TITAN,2024-05-14,3288.9,1.08
TITAN,2024-05-15,3268.55,-0.62
TITAN,2024-05-16,3333.9,2.0
TITAN,2024-05-17,3361.15,0.82
TITAN,2024-05-18,3362.55,0.04
TITAN,2024-05-21,3377.0,0.43
TITAN,2024-05-22,3383.85,0.2
TITAN,2024-05-23,3452.05,2.02
TITAN,2024-05-24,3412.4,-1.15
TITAN,2024-05-27,3403.4,-0.26
TITAN,2024-05-28,3409.4,0.18
TITAN,2024-05-29,3380.4,-0.85
TITAN,2024-05-30,3271.85,-3.21
TITAN,2024-05-31,3241.9,-0.92
TITAN,2024-06-03,3261.2,0.6
TITAN,2024-06-04,3238.95,-0.68
TITAN,2024-06-05,3317.65,2.43
TITAN,2024-06-06,3321.65,0.12
TITAN,2024-06-07,3444.05,3.68
TITAN,2024-06-10,3422.2,-0.63
TITAN,2024-06-11,3410.7,-0.34
TITAN,2024-06-12,3382.3,-0.83
TITAN,2024-06-13,3472.2,2.66
TITAN,2024-06-14,3530.05,1.67
TITAN,2024-06-18,3589.0,1.67
TITAN,2024-06-19,3462.35,-3.53
TITAN,2024-06-20,3435.95,-0.76
TITAN,2024-06-21,3399.75,-1.05
TITAN,2024-06-24,3412.35,0.37
TITAN,2024-06-25,3402.45,-0.29
TITAN,2024-06-26,3372.75,-0.87
TITAN,2024-06-27,3380.6,0.23
TITAN,2024-06-28,3404.2,0.7
TITAN,2024-07-01,3431.45,0.8
TITAN,2024-07-02,3399.65,-0.93
TITAN,2024-07-03,3360.25,-1.16
TITAN,2024-07-04,3336.0,-0.72
TITAN,2024-07-05,3269.35,-2.0
TITAN,2024-07-08,3156.2,-3.46
TITAN,2024-07-09,3215.15,1.87
TITAN,2024-07-10,3225.0,0.31
TITAN,2024-07-11,3248.6,0.73
TITAN,2024-07-12,3229.85,-0.58
TITAN,2024-07-15,3224.2,-0.17
TITAN,2024-07-16,3234.05,0.31
TITAN,2024-07-18,3262.1,0.87
TITAN,2024-07-19,3259.0,-0.1
TITAN,2024-07-22,3254.45,-0.14
TITAN,2024-07-23,3466.85,6.53
TITAN,2024-07-24,3478.4,0.33
TITAN,2024-07-25,3405.8,-2.09
TITAN,2024-07-26,3494.15,2.59
TITAN,2024-07-29,3411.7,-2.36
TITAN,2024-07-30,3468.25,1.66
TITAN,2024-07-31,3458.95,-0.27
TITAN,2024-08-01,3468.35,0.27
TITAN,2024-08-02,3462.35,-0.17
TITAN,2024-08-05,3375.95,-2.5
TITAN,2024-08-06,3335.1,-1.21
TITAN,2024-08-07,3326.25,-0.27
TITAN,2024-08-08,3296.5,-0.89
TITAN,2024-08-09,3331.7,1.07
TITAN,2024-08-12,3320.85,-0.33
TITAN,2024-08-13,3383.55,1.89
TITAN,2024-08-14,3402.15,0.55
TITAN,2024-08-16,3444.75,1.25
TITAN,2024-08-19,3464.85,0.58
TITAN,2024-08-20,3474.9,0.29
TITAN,2024-08-21,3560.4,2.46
TITAN,2024-08-22,3604.4,1.24
TITAN,2024-08-23,3570.0,-0.95
TITAN,2024-08-26,3630.2,1.69
TITAN,2024-08-27,3551.25,-2.17
TITAN,2024-08-28,3527.5,-0.67
TITAN,2024-08-29,3533.2,0.16
TITAN,2024-08-30,3565.15,0.9
TITAN,2024-09-02,3587.55,0.63
TITAN,2024-09-03,3621.15,0.94
TITAN,2024-09-04,3607.7,-0.37
TITAN,2024-09-05,3722.85,3.19
TITAN,2024-09-06,3695.5,-0.73
TITAN,2024-09-09,3684.55,-0.3
TITAN,2024-09-10,3727.4,1.16
TITAN,2024-09-11,3711.1,-0.44
TITAN,2024-09-12,3764.25,1.43
TITAN,2024-09-13,3767.0,0.07
TITAN,2024-09-16,3740.65,-0.7
TITAN,2024-09-17,3767.4,0.72
TITAN,2024-09-18,3725.35,-1.12
TITAN,2024-09-19,3780.95,1.49
TITAN,2024-09-20,3797.2,0.43
TITAN,2024-09-23,3820.1,0.6
TITAN,2024-09-24,3784.9,-0.92
TITAN,2024-09-25,3737.25,-1.26
TITAN,2024-09-26,3757.55,0.54
TITAN,2024-09-27,3816.7,1.57
TITAN,2024-09-30,3823.95,0.19
TITAN,2024-10-01,3775.95,-1.26
TITAN,2024-10-03,3674.95,-2.67
TITAN,2024-10-04,3670.1,-0.13
TITAN,2024-10-07,3589.25,-2.2
TITAN,2024-10-08,3493.35,-2.67
TITAN,2024-10-09,3493.45,0.0
TITAN,2024-10-10,3447.25,-1.32
TITAN,2024-10-11,3474.4,0.79
TITAN,2024-10-14,3497.8,0.67
TITAN,2024-10-15,3508.5,0.31
TITAN,2024-10-16,3471.0,-1.07
TITAN,2024-10-17,3403.35,-1.95
TITAN,2024-10-18,3381.45,-0.64
TITAN,2024-10-21,3363.25,-0.54
TITAN,2024-10-22,3329.8,-0.99
TITAN,2024-10-23,3288.6,-1.24
TITAN,2024-10-24,3330.9,1.29
TITAN,2024-10-25,3266.55,-1.93
TITAN,2024-10-28,3283.05,0.51
TITAN,2024-10-29,3283.4,0.01
TITAN,2024-10-30,3308.45,0.76
TITAN,2024-10-31,3267.05,-1.25
TITAN,2024-11-01,3293.7,0.82
TITAN,2024-11-04,3222.0,-2.18
TITAN,2024-11-05,3230.25,0.26
TITAN,2024-11-06,3177.05,-1.65
TITAN,2024-11-07,3120.85,-1.77
TITAN,2024-11-08,3186.25,2.1
TITAN,2024-11-11,3206.6,0.64
TITAN,2024-11-12,3198.45,-0.25
TITAN,2024-11-13,3187.85,-0.33
TITAN,2024-11-14,3183.7,-0.13
TITAN,2024-11-18,3172.3,-0.36
TITAN,2024-11-19,3224.7,1.65
TITAN,2024-11-21,3178.45,-1.43
TITAN,2024-11-22,3308.7,4.1
TRENT,2023-10-03,2059.1,
TRENT,2023-10-04,2022.3,-1.79
TRENT,2023-10-05,2047.6,1.25
TRENT,2023-10-06,2072.1,1.2
TRENT,2023-10-09,2079.05,0.34
TRENT,2023-10-10,2050.8,-1.36
TRENT,2023-10-11,2101.3,2.46
TRENT,2023-10-12,2077.2,-1.15
TRENT,2023-10-13,2084.8,0.37
TRENT,2023-10-16,2107.65,1.1
TRENT,2023-10-17,2079.0,-1.36
TRENT,2023-10-18,2048.95,-1.45
TRENT,2023-10-19,2060.6,0.57
TRENT,2023-10-20,2036.15,-1.19
TRENT,2023-10-23,1991.95,-2.17
TRENT,2023-10-25,1993.25,0.07
TRENT,2023-10-26,2031.1,1.9
TRENT,2023-10-27,2122.1,4.48
TRENT,2023-10-30,2119.75,-0.11
TRENT,2023-10-31,2154.7,1.65
TRENT,2023-11-01,2197.65,1.99
TRENT,2023-11-02,2189.85,-0.35
TRENT,2023-11-03,2196.5,0.3
TRENT,2023-11-06,2233.2,1.67
TRENT,2023-11-07,2424.0,8.54
TRENT,2023-11-08,2452.85,1.19
TRENT,2023-11-09,2478.05,1.03
TRENT,2023-11-10,2489.35,0.46
TRENT,2023-11-12,2494.25,0.2
TRENT,2023-11-13,2559.05,2.6
TRENT,2023-11-15,2553.15,-0.23
TRENT,2023-11-16,2544.7,-0.33
TRENT,2023-11-17,2576.4,1.25
TRENT,2023-11-20,2622.75,1.8
TRENT,2023-11-21,2613.75,-0.34
TRENT,2023-11-22,2627.15,0.51
TRENT,2023-11-23,2655.05,1.06
TRENT,2023-11-24,2649.7,-0.2
TRENT,2023-11-28,2671.75,0.83
TRENT,2023-11-29,2676.4,0.17
TRENT,2023-11-30,2787.0,4.13
TRENT,2023-12-01,2807.7,0.74
TRENT,2023-12-04,2816.85,0.33
TRENT,2023-12-05,2874.75,2.06
TRENT,2023-12-06,2867.85,-0.24
TRENT,2023-12-07,2845.2,-0.79
TRENT,2023-12-08,2841.3,-0.14
TRENT,2023-12-11,2881.4,1.41
TRENT,2023-12-12,2883.55,0.07
TRENT,2023-12-13,2963.45,2.77
TRENT,2023-12-14,2984.75,0.72
TRENT,2023-12-15,2989.75,0.17
TRENT,2023-12-18,2971.45,-0.61
TRENT,2023-12-19,3000.8,0.99
TRENT,2023-12-20,2948.95,-1.73
TRENT,2023-12-21,2955.2,0.21
TRENT,2023-12-22,2965.5,0.35
TRENT,2023-12-26,2970.0,0.15
TRENT,2023-12-27,3010.75,1.37
TRENT,2023-12-28,3026.0,0.51
TRENT,2023-12-29,3054.95,0.96
TRENT,2024-01-01,3002.1,-1.73
TRENT,2024-01-02,2995.2,-0.23
TRENT,2024-01-03,3058.35,2.11
TRENT,2024-01-04,3067.85,0.31
TRENT,2024-01-05,3065.55,-0.07
TRENT,2024-01-08,3044.55,-0.69
TRENT,2024-01-09,3115.45,2.33
TRENT,2024-01-10,3173.6,1.87
TRENT,2024-01-11,3175.8,0.07
TRENT,2024-01-12,3212.15,1.14
TRENT,2024-01-15,3193.3,-0.59
TRENT,2024-01-16,3166.1,-0.85
TRENT,2024-01-17,3147.85,-0.58
TRENT,2024-01-18,3151.75,0.12
TRENT,2024-01-19,3210.05,1.85
TRENT,2024-01-20,3192.6,-0.54
TRENT,2024-01-23,3164.15,-0.89
TRENT,2024-01-24,3222.75,1.85
TRENT,2024-01-25,3231.8,0.28
TRENT,2024-01-29,3246.4,0.45
TRENT,2024-01-30,3054.95,-5.9
TRENT,2024-01-31,3086.95,1.05
TRENT,2024-02-01,3102.8,0.51
TRENT,2024-02-02,3126.05,0.75
TRENT,2024-02-05,3027.15,-3.16
TRENT,2024-02-06,3035.0,0.26
TRENT,2024-02-07,3607.5,18.86
TRENT,2024-02-08,3841.95,6.5
TRENT,2024-02-09,3759.55,-2.14
TRENT,2024-02-12,3802.05,1.13
TRENT,2024-02-13,3851.25,1.29
TRENT,2024-02-14,3921.0,1.81
TRENT,2024-02-15,3952.65,0.81
TRENT,2024-02-16,4024.6,1.82
TRENT,2024-02-19,4047.15,0.56
TRENT,2024-02-20,4025.9,-0.53
TRENT,2024-02-21,3894.75,-3.26
TRENT,2024-02-22,3954.0,1.52
TRENT,2024-02-23,3885.8,-1.72
TRENT,2024-02-26,3844.6,-1.06
TRENT,2024-02-27,3937.5,2.42
TRENT,2024-02-28,3924.8,-0.32
TRENT,2024-02-29,3881.8,-1.1
TRENT,2024-03-01,3901.25,0.5
TRENT,2024-03-02,3909.6,0.21
TRENT,2024-03-04,3919.8,0.26
TRENT,2024-03-05,3852.3,-1.72
TRENT,2024-03-06,3872.0,0.51
TRENT,2024-03-07,3952.2,2.07
TRENT,2024-03-11,4004.7,1.33
TRENT,2024-03-12,4008.6,0.1
TRENT,2024-03-13,3944.05,-1.61
TRENT,2024-03-14,4081.1,3.47
TRENT,2024-03-15,4063.9,-0.42
TRENT,2024-03-18,4071.05,0.18
TRENT,2024-03-19,3955.65,-2.83
TRENT,2024-03-20,3965.05,0.24
TRENT,2024-03-21,4001.85,0.93
TRENT,2024-03-22,3948.6,-1.33
TRENT,2024-03-26,3881.75,-1.69
TRENT,2024-03-27,3875.2,-0.17
TRENT,2024-03-28,3948.0,1.88
TRENT,2024-04-01,3886.8,-1.55
TRENT,2024-04-02,3891.9,0.13
TRENT,2024-04-03,3922.85,0.8
TRENT,2024-04-04,4003.2,2.05
TRENT,2024-04-05,3932.6,-1.76
TRENT,2024-04-08,3931.85,-0.02
TRENT,2024-04-09,3902.35,-0.75
TRENT,2024-04-10,4021.15,3.04
TRENT,2024-04-12,4053.85,0.81
TRENT,2024-04-15,3969.2,-2.09
TRENT,2024-04-16,3988.2,0.48
TRENT,2024-04-18,4087.1,2.48
TRENT,2024-04-19,4158.95,1.76
TRENT,2024-04-22,4168.6,0.23
TRENT,2024-04-23,4158.3,-0.25
TRENT,2024-04-24,4221.75,1.53
TRENT,2024-04-25,4323.15,2.4
TRENT,2024-04-26,4304.85,-0.42
TRENT,2024-04-29,4314.1,0.21
TRENT,2024-04-30,4409.9,2.22
TRENT,2024-05-02,4646.7,5.37
TRENT,2024-05-03,4523.65,-2.65
TRENT,2024-05-06,4509.05,-0.32
TRENT,2024-05-07,4503.95,-0.11
TRENT,2024-05-08,4498.6,-0.12
TRENT,2024-05-09,4407.95,-2.02
TRENT,2024-05-10,4471.4,1.44
TRENT,2024-05-13,4465.7,-0.13
TRENT,2024-05-14,4540.35,1.67
TRENT,2024-05-15,4527.0,-0.29
TRENT,2024-05-16,4596.65,1.54
TRENT,2024-05-17,4634.55,0.82
TRENT,2024-05-18,4643.0,0.18
TRENT,2024-05-21,4667.3,0.52
TRENT,2024-05-22,4646.95,-0.44
TRENT,2024-05-23,4698.55,1.11
TRENT,2024-05-24,4715.4,0.36
TRENT,2024-05-27,4682.0,-0.71
TRENT,2024-05-28,4615.9,-1.41
TRENT,2024-05-29,4672.05,1.22
TRENT,2024-05-30,4651.35,-0.44
TRENT,2024-05-31,4559.15,-1.98
TRENT,2024-06-03,4662.2,2.26
TRENT,2024-06-04,4538.15,-2.66
TRENT,2024-06-05,4903.8,8.06
TRENT,2024-06-06,4878.45,-0.52
TRENT,2024-06-07,4964.6,1.77
TRENT,2024-06-10,4969.45,0.1
TRENT,2024-06-11,4906.6,-1.26
TRENT,2024-06-12,5028.05,2.48
TRENT,2024-06-13,5023.85,-0.08
TRENT,2024-06-14,5245.55,4.41
TRENT,2024-06-18,5357.6,2.14
TRENT,2024-06-19,5356.8,-0.01
TRENT,2024-06-20,5337.15,-0.37
TRENT,2024-06-21,5266.35,-1.33
TRENT,2024-06-24,5395.75,2.46
TRENT,2024-06-25,5338.8,-1.06
TRENT,2024-06-26,5363.8,0.47
TRENT,2024-06-27,5329.0,-0.65
TRENT,2024-06-28,5479.85,2.83
TRENT,2024-07-01,5515.65,0.65
TRENT,2024-07-02,5535.9,0.37
TRENT,2024-07-03,5494.1,-0.76
TRENT,2024-07-04,5597.45,1.88
TRENT,2024-07-05,5619.9,0.4
TRENT,2024-07-08,5594.25,-0.46
TRENT,2024-07-09,5592.85,-0.03
TRENT,2024-07-10,5568.0,-0.44
TRENT,2024-07-11,5635.25,1.21
TRENT,2024-07-12,5651.25,0.28
TRENT,2024-07-15,5675.55,0.43
TRENT,2024-07-16,5647.3,-0.5
TRENT,2024-07-18,5308.5,-6.0
TRENT,2024-07-19,5166.35,-2.68
TRENT,2024-07-22,5210.2,0.85
TRENT,2024-07-23,5263.8,1.03
TRENT,2024-07-24,5286.85,0.44
TRENT,2024-07-25,5309.95,0.44
TRENT,2024-07-26,5393.35,1.57
TRENT,2024-07-29,5517.4,2.3
TRENT,2024-07-30,5620.5,1.87
TRENT,2024-07-31,5839.0,3.89
TRENT,2024-08-01,5770.8,-1.17
TRENT,2024-08-02,5538.25,-4.03
TRENT,2024-08-05,5346.9,-3.46
TRENT,2024-08-06,5220.7,-2.36
TRENT,2024-08-07,5472.45,4.82
TRENT,2024-08-08,5644.1,3.14
TRENT,2024-08-09,6275.35,11.18
TRENT,2024-08-12,6382.35,1.71
TRENT,2024-08-13,6381.7,-0.01
TRENT,2024-08-14,6438.35,0.89
TRENT,2024-08-16,6502.4,0.99
TRENT,2024-08-19,6689.9,2.88
TRENT,2024-08-20,6793.9,1.55
TRENT,2024-08-21,6783.2,-0.16
TRENT,2024-08-22,6989.8,3.05
TRENT,2024-08-23,6948.75,-0.59
TRENT,2024-08-26,6925.6,-0.33
TRENT,2024-08-27,6869.9,-0.8
TRENT,2024-08-28,7242.1,5.42
TRENT,2024-08-29,7170.65,-0.99
TRENT,2024-08-30,7158.75,-0.17
TRENT,2024-09-02,7148.2,-0.15
TRENT,2024-09-03,7042.8,-1.47
TRENT,2024-09-04,7139.9,1.38
TRENT,2024-09-05,7167.65,0.39
TRENT,2024-09-06,7103.55,-0.89
TRENT,2024-09-09,7136.65,0.47
TRENT,2024-09-10,7137.95,0.02
TRENT,2024-09-11,7148.85,0.15
TRENT,2024-09-12,7210.5,0.86
TRENT,2024-09-13,7233.15,0.31
TRENT,2024-09-16,7318.8,1.18
TRENT,2024-09-17,7403.45,1.16
TRENT,2024-09-18,7336.0,-0.91
TRENT,2024-09-19,7326.15,-0.13
TRENT,2024-09-20,7465.15,1.9
TRENT,2024-09-23,7623.45,2.12
TRENT,2024-09-24,7621.35,-0.03
TRENT,2024-09-25,7614.9,-0.08
TRENT,2024-09-26,7845.4,3.03
TRENT,2024-09-27,7833.7,-0.15
TRENT,2024-09-30,7574.65,-3.31
TRENT,2024-10-01,7612.7,0.5
TRENT,2024-10-03,7487.9,-1.64
TRENT,2024-10-04,7353.3,-1.8
TRENT,2024-10-07,7449.5,1.31
TRENT,2024-10-08,8041.95,7.95
TRENT,2024-10-09,8220.85,2.22
TRENT,2024-10-10,8028.85,-2.34
TRENT,2024-10-11,8234.95,2.57
TRENT,2024-10-14,8191.85,-0.52
TRENT,2024-10-15,8124.25,-0.83
TRENT,2024-10-16,7805.8,-3.92
TRENT,2024-10-17,7719.65,-1.1
TRENT,2024-10-18,7768.05,0.63
TRENT,2024-10-21,7606.55,-2.08
TRENT,2024-10-22,7497.35,-1.44
TRENT,2024-10-23,7511.3,0.19
TRENT,2024-10-24,7488.0,-0.31
TRENT,2024-10-25,7361.45,-1.69
TRENT,2024-10-28,7307.85,-0.73
TRENT,2024-10-29,7410.3,1.4
TRENT,2024-10-30,7252.45,-2.13
TRENT,2024-10-31,7128.35,-1.71
TRENT,2024-11-01,7149.0,0.29
TRENT,2024-11-04,7063.75,-1.19
TRENT,2024-11-05,6968.35,-1.35
TRENT,2024-11-06,6955.45,-0.19
TRENT,2024-11-07,6505.5,-6.47
TRENT,2024-11-08,6298.95,-3.18
TRENT,2024-11-11,6480.7,2.89
TRENT,2024-11-12,6528.55,0.74
TRENT,2024-11-13,6498.25,-0.46
TRENT,2024-11-14,6463.0,-0.54
TRENT,2024-11-18,6301.65,-2.5
TRENT,2024-11-19,6423.85,1.94
TRENT,2024-11-21,6460.45,0.57
TRENT,2024-11-22,6652.8,2.98
ULTRACEMCO,2023-10-03,8304.9,
ULTRACEMCO,2023-10-04,8120.85,-2.22
ULTRACEMCO,2023-10-05,8177.45,0.7
ULTRACEMCO,2023-10-06,8195.45,0.22
ULTRACEMCO,2023-10-09,8110.1,-1.04
ULTRACEMCO,2023-10-10,8158.3,0.59
ULTRACEMCO,2023-10-11,8343.0,2.26
ULTRACEMCO,2023-10-12,8351.75,0.1
ULTRACEMCO,2023-10-13,8369.0,0.21
ULTRACEMCO,2023-10-16,8292.2,-0.92
ULTRACEMCO,2023-10-17,8301.4,0.11
ULTRACEMCO,2023-10-18,8278.3,-0.28
ULTRACEMCO,2023-10-19,8518.55,2.9
ULTRACEMCO,2023-10-20,8461.05,-0.67
ULTRACEMCO,2023-10-23,8325.25,-1.61
ULTRACEMCO,2023-10-25,8256.35,-0.83
ULTRACEMCO,2023-10-26,8205.3,-0.62
ULTRACEMCO,2023-10-27,8210.15,0.06
ULTRACEMCO,2023-10-30,8401.6,2.33
ULTRACEMCO,2023-10-31,8422.25,0.25
ULTRACEMCO,2023-11-01,8381.45,-0.48
ULTRACEMCO,2023-11-02,8459.0,0.93
ULTRACEMCO,2023-11-03,8522.6,0.75
ULTRACEMCO,2023-11-06,8640.95,1.39
ULTRACEMCO,2023-11-07,8685.75,0.52
ULTRACEMCO,2023-11-08,8698.85,0.15
ULTRACEMCO,2023-11-09,8627.05,-0.83
ULTRACEMCO,2023-11-10,8710.85,0.97
ULTRACEMCO,2023-11-12,8711.1,0.0
ULTRACEMCO,2023-11-13,8677.4,-0.39
ULTRACEMCO,2023-11-15,8766.9,1.03
ULTRACEMCO,2023-11-16,8775.05,0.09
ULTRACEMCO,2023-11-17,8790.95,0.18
ULTRACEMCO,2023-11-20,8661.5,-1.47
ULTRACEMCO,2023-11-21,8708.35,0.54
ULTRACEMCO,2023-11-22,8759.9,0.59
ULTRACEMCO,2023-11-23,8605.25,-1.77
ULTRACEMCO,2023-11-24,8556.2,-0.57
ULTRACEMCO,2023-11-28,8726.5,1.99
ULTRACEMCO,2023-11-29,8732.75,0.07
ULTRACEMCO,2023-11-30,9003.65,3.1
ULTRACEMCO,2023-12-01,9033.85,0.34
ULTRACEMCO,2023-12-04,9317.75,3.14
ULTRACEMCO,2023-12-05,9329.75,0.13
ULTRACEMCO,2023-12-06,9213.0,-1.25
ULTRACEMCO,2023-12-07,9354.55,1.54
ULTRACEMCO,2023-12-08,9413.55,0.63
ULTRACEMCO,2023-12-11,9670.9,2.73
ULTRACEMCO,2023-12-12,9863.5,1.99
ULTRACEMCO,2023-12-13,9739.15,-1.26
ULTRACEMCO,2023-12-14,9963.3,2.3
ULTRACEMCO,2023-12-15,10029.5,0.66
ULTRACEMCO,2023-12-18,9970.35,-0.59
ULTRACEMCO,2023-12-19,10017.1,0.47
ULTRACEMCO,2023-12-20,9887.45,-1.29
ULTRACEMCO,2023-12-21,9954.45,0.68
ULTRACEMCO,2023-12-22,9969.0,0.15
ULTRACEMCO,2023-12-26,10018.7,0.5
ULTRACEMCO,2023-12-27,10436.1,4.17
ULTRACEMCO,2023-12-28,10426.3,-0.09
ULTRACEMCO,2023-12-29,10503.0,0.74
ULTRACEMCO,2024-01-01,10464.0,-0.37
ULTRACEMCO,2024-01-02,10204.7,-2.48
ULTRACEMCO,2024-01-03,10111.5,-0.91
ULTRACEMCO,2024-01-04,10014.8,-0.96
ULTRACEMCO,2024-01-05,10016.0,0.01
ULTRACEMCO,2024-01-08,9934.5,-0.81
ULTRACEMCO,2024-01-09,9899.1,-0.36
ULTRACEMCO,2024-01-10,9776.2,-1.24
ULTRACEMCO,2024-01-11,9920.45,1.48
ULTRACEMCO,2024-01-12,9808.45,-1.13
ULTRACEMCO,2024-01-15,9954.55,1.49
ULTRACEMCO,2024-01-16,9969.6,0.15
ULTRACEMCO,2024-01-17,9854.65,-1.15
ULTRACEMCO,2024-01-18,9892.25,0.38
ULTRACEMCO,2024-01-19,10093.7,2.04
ULTRACEMCO,2024-01-20,9997.4,-0.95
ULTRACEMCO,2024-01-23,9831.0,-1.66
ULTRACEMCO,2024-01-24,9990.5,1.62
ULTRACEMCO,2024-01-25,9969.35,-0.21
ULTRACEMCO,2024-01-29,10274.0,3.06
ULTRACEMCO,2024-01-30,9963.6,-3.02
ULTRACEMCO,2024-01-31,10167.3,2.04
ULTRACEMCO,2024-02-01,9922.3,-2.41
ULTRACEMCO,2024-02-02,10098.5,1.78
ULTRACEMCO,2024-02-05,9916.35,-1.8
ULTRACEMCO,2024-02-06,10048.8,1.34
ULTRACEMCO,2024-02-07,10226.5,1.77
ULTRACEMCO,2024-02-08,9997.65,-2.24
ULTRACEMCO,2024-02-09,9945.75,-0.52
ULTRACEMCO,2024-02-12,9963.85,0.18
ULTRACEMCO,2024-02-13,9852.4,-1.12
ULTRACEMCO,2024-02-14,9787.8,-0.66
ULTRACEMCO,2024-02-15,9814.3,0.27
ULTRACEMCO,2024-02-16,9916.2,1.04
ULTRACEMCO,2024-02-19,9902.2,-0.14
ULTRACEMCO,2024-02-20,9978.95,0.78
ULTRACEMCO,2024-02-21,9968.4,-0.11
ULTRACEMCO,2024-02-22,9961.2,-0.07
ULTRACEMCO,2024-02-23,10000.9,0.4
ULTRACEMCO,2024-02-26,9930.05,-0.71
ULTRACEMCO,2024-02-27,9951.1,0.21
ULTRACEMCO,2024-02-28,9804.95,-1.47
ULTRACEMCO,2024-02-29,9892.4,0.89
ULTRACEMCO,2024-03-01,10135.5,2.46
ULTRACEMCO,2024-03-02,10106.35,-0.29
ULTRACEMCO,2024-03-04,9978.4,-1.27
ULTRACEMCO,2024-03-05,9838.35,-1.4
ULTRACEMCO,2024-03-06,9641.05,-2.01
ULTRACEMCO,2024-03-07,9673.15,0.33
ULTRACEMCO,2024-03-11,9697.9,0.26
ULTRACEMCO,2024-03-12,9615.5,-0.85
ULTRACEMCO,2024-03-13,9593.55,-0.23
ULTRACEMCO,2024-03-14,9696.95,1.08
ULTRACEMCO,2024-03-15,9632.95,-0.66
ULTRACEMCO,2024-03-18,9611.35,-0.22
ULTRACEMCO,2024-03-19,9453.25,-1.64
ULTRACEMCO,2024-03-20,9484.55,0.33
ULTRACEMCO,2024-03-21,9600.75,1.23
ULTRACEMCO,2024-03-22,9681.75,0.84
ULTRACEMCO,2024-03-26,9600.7,-0.84
ULTRACEMCO,2024-03-27,9623.45,0.24
ULTRACEMCO,2024-03-28,9749.15,1.31
ULTRACEMCO,2024-04-01,9954.4,2.11
ULTRACEMCO,2024-04-02,10038.15,0.84
ULTRACEMCO,2024-04-03,10001.9,-0.36
ULTRACEMCO,2024-04-04,10005.1,0.03
ULTRACEMCO,2024-04-05,9823.6,-1.81
ULTRACEMCO,2024-04-08,9863.75,0.41
ULTRACEMCO,2024-04-09,9769.15,-0.96
ULTRACEMCO,2024-04-10,9817.85,0.5
ULTRACEMCO,2024-04-12,9652.55,-1.68
ULTRACEMCO,2024-04-15,9506.25,-1.52
ULTRACEMCO,2024-04-16,9463.8,-0.45
ULTRACEMCO,2024-04-18,9382.75,-0.86
ULTRACEMCO,2024-04-19,9363.95,-0.2
ULTRACEMCO,2024-04-22,9565.25,2.15
ULTRACEMCO,2024-04-23,9533.55,-0.33
ULTRACEMCO,2024-04-24,9658.85,1.31
ULTRACEMCO,2024-04-25,9683.75,0.26
ULTRACEMCO,2024-04-26,9700.9,0.18
ULTRACEMCO,2024-04-29,9964.45,2.72
ULTRACEMCO,2024-04-30,9971.85,0.07
ULTRACEMCO,2024-05-02,9983.45,0.12
ULTRACEMCO,2024-05-03,9816.3,-1.67
ULTRACEMCO,2024-05-06,9776.9,-0.4
ULTRACEMCO,2024-05-07,9682.4,-0.97
ULTRACEMCO,2024-05-08,9519.4,-1.68
ULTRACEMCO,2024-05-09,9446.1,-0.77
ULTRACEMCO,2024-05-10,9491.7,0.48
ULTRACEMCO,2024-05-13,9551.5,0.63
ULTRACEMCO,2024-05-14,9660.65,1.14
ULTRACEMCO,2024-05-15,9614.1,-0.48
ULTRACEMCO,2024-05-16,9709.1,0.99
ULTRACEMCO,2024-05-17,9890.35,1.87
ULTRACEMCO,2024-05-18,9865.6,-0.25
ULTRACEMCO,2024-05-21,9789.4,-0.77
ULTRACEMCO,2024-05-22,9894.85,1.08
ULTRACEMCO,2024-05-23,10170.55,2.79
ULTRACEMCO,2024-05-24,10231.1,0.6
ULTRACEMCO,2024-05-27,10225.5,-0.05
ULTRACEMCO,2024-05-28,10178.9,-0.46
ULTRACEMCO,2024-05-29,10023.4,-1.53
ULTRACEMCO,2024-05-30,9868.85,-1.54
ULTRACEMCO,2024-05-31,9915.5,0.47
ULTRACEMCO,2024-06-03,10470.05,5.59
ULTRACEMCO,2024-06-04,9918.3,-5.27
ULTRACEMCO,2024-06-05,10038.1,1.21
ULTRACEMCO,2024-06-06,10054.95,0.17
ULTRACEMCO,2024-06-07,10463.15,4.06
ULTRACEMCO,2024-06-10,10826.25,3.47
ULTRACEMCO,2024-06-11,10933.55,0.99
ULTRACEMCO,2024-06-12,11044.8,1.02
ULTRACEMCO,2024-06-13,11173.8,1.17
ULTRACEMCO,2024-06-14,11242.8,0.62
ULTRACEMCO,2024-06-18,11119.05,-1.1
ULTRACEMCO,2024-06-19,10995.55,-1.11
ULTRACEMCO,2024-06-20,10903.2,-0.84
ULTRACEMCO,2024-06-21,10662.4,-2.21
ULTRACEMCO,2024-06-24,10786.0,1.16
ULTRACEMCO,2024-06-25,10846.2,0.56
ULTRACEMCO,2024-06-26,11143.1,2.74
ULTRACEMCO,2024-06-27,11716.7,5.15
ULTRACEMCO,2024-06-28,11667.9,-0.42
ULTRACEMCO,2024-07-01,11904.65,2.03
ULTRACEMCO,2024-07-02,11853.95,-0.43
ULTRACEMCO,2024-07-03,11872.1,0.15
ULTRACEMCO,2024-07-04,11760.05,-0.94
ULTRACEMCO,2024-07-05,11690.15,-0.59
ULTRACEMCO,2024-07-08,11582.9,-0.92
ULTRACEMCO,2024-07-09,11679.8,0.84
ULTRACEMCO,2024-07-10,11634.25,-0.39
ULTRACEMCO,2024-07-11,11554.95,-0.68
ULTRACEMCO,2024-07-12,11602.3,0.41
ULTRACEMCO,2024-07-15,11833.65,1.99
ULTRACEMCO,2024-07-16,11658.7,-1.48
ULTRACEMCO,2024-07-18,11647.25,-0.1
ULTRACEMCO,2024-07-19,11258.3,-3.34
ULTRACEMCO,2024-07-22,11515.7,2.29
ULTRACEMCO,2024-07-23,11545.8,0.26
ULTRACEMCO,2024-07-24,11453.4,-0.8
ULTRACEMCO,2024-07-25,11441.5,-0.1
ULTRACEMCO,2024-07-26,11673.05,2.02
ULTRACEMCO,2024-07-29,11873.8,1.72
ULTRACEMCO,2024-07-30,11806.45,-0.57
ULTRACEMCO,2024-07-31,11887.2,0.68
ULTRACEMCO,2024-08-01,11984.5,0.82
ULTRACEMCO,2024-08-02,11764.5,-1.84
ULTRACEMCO,2024-08-05,11417.25,-2.95
ULTRACEMCO,2024-08-06,11325.3,-0.81
ULTRACEMCO,2024-08-07,11543.2,1.92
ULTRACEMCO,2024-08-08,11258.0,-2.47
ULTRACEMCO,2024-08-09,11300.35,0.38
ULTRACEMCO,2024-08-12,11302.85,0.02
ULTRACEMCO,2024-08-13,11271.2,-0.28
ULTRACEMCO,2024-08-14,11002.6,-2.38
ULTRACEMCO,2024-08-16,11295.7,2.66
ULTRACEMCO,2024-08-19,11315.35,0.17
ULTRACEMCO,2024-08-20,11349.7,0.3
ULTRACEMCO,2024-08-21,11200.9,-1.31
ULTRACEMCO,2024-08-22,11309.4,0.97
ULTRACEMCO,2024-08-23,11341.8,0.29
ULTRACEMCO,2024-08-26,11337.1,-0.04
ULTRACEMCO,2024-08-27,11300.35,-0.32
ULTRACEMCO,2024-08-28,11234.8,-0.58
ULTRACEMCO,2024-08-29,11222.0,-0.11
ULTRACEMCO,2024-08-30,11301.9,0.71
ULTRACEMCO,2024-09-02,11424.9,1.09
ULTRACEMCO,2024-09-03,11460.8,0.31
ULTRACEMCO,2024-09-04,11580.45,1.04
ULTRACEMCO,2024-09-05,11542.65,-0.33
ULTRACEMCO,2024-09-06,11432.85,-0.95
ULTRACEMCO,2024-09-09,11494.35,0.54
ULTRACEMCO,2024-09-10,11541.05,0.41
ULTRACEMCO,2024-09-11,11487.45,-0.46
ULTRACEMCO,2024-09-12,11710.25,1.94
ULTRACEMCO,2024-09-13,11717.95,0.07
ULTRACEMCO,2024-09-16,11642.65,-0.64
ULTRACEMCO,2024-09-17,11645.65,0.03
ULTRACEMCO,2024-09-18,11630.9,-0.13
ULTRACEMCO,2024-09-19,11627.5,-0.03
ULTRACEMCO,2024-09-20,11798.3,1.47
ULTRACEMCO,2024-09-23,11962.05,1.39
ULTRACEMCO,2024-09-24,11761.65,-1.68
ULTRACEMCO,2024-09-25,11816.3,0.46
ULTRACEMCO,2024-09-26,12065.0,2.1
ULTRACEMCO,2024-09-27,11952.3,-0.93
ULTRACEMCO,2024-09-30,11802.0,-1.26
ULTRACEMCO,2024-10-01,11837.15,0.3
ULTRACEMCO,2024-10-03,11724.8,-0.95
ULTRACEMCO,2024-10-04,11450.25,-2.34
ULTRACEMCO,2024-10-07,11230.35,-1.92
ULTRACEMCO,2024-10-08,11389.8,1.42
ULTRACEMCO,2024-10-09,11350.15,-0.35
ULTRACEMCO,2024-10-10,11430.05,0.7
ULTRACEMCO,2024-10-11,11421.3,-0.08
ULTRACEMCO,2024-10-14,11300.3,-1.06
ULTRACEMCO,2024-10-15,11416.9,1.03
ULTRACEMCO,2024-10-16,11322.3,-0.83
ULTRACEMCO,2024-10-17,11017.3,-2.69
ULTRACEMCO,2024-10-18,11069.3,0.47
ULTRACEMCO,2024-10-21,10869.3,-1.81
ULTRACEMCO,2024-10-22,10825.15,-0.41
ULTRACEMCO,2024-10-23,10753.05,-0.67
ULTRACEMCO,2024-10-24,11043.6,2.7
ULTRACEMCO,2024-10-25,10995.2,-0.44
ULTRACEMCO,2024-10-28,11092.6,0.89
ULTRACEMCO,2024-10-29,11112.1,0.18
ULTRACEMCO,2024-10-30,11205.1,0.84
ULTRACEMCO,2024-10-31,11065.65,-1.24
ULTRACEMCO,2024-11-01,11145.8,0.72
ULTRACEMCO,2024-11-04,11001.85,-1.29
ULTRACEMCO,2024-11-05,11176.35,1.59
ULTRACEMCO,2024-11-06,11274.4,0.88
ULTRACEMCO,2024-11-07,11050.8,-1.98
ULTRACEMCO,2024-11-08,11043.35,-0.07
ULTRACEMCO,2024-11-11,10970.45,-0.66
ULTRACEMCO,2024-11-12,10892.0,-0.72
ULTRACEMCO,2024-11-13,10782.2,-1.01
ULTRACEMCO,2024-11-14,10728.5,-0.5
ULTRACEMCO,2024-11-18,10630.9,-0.91
ULTRACEMCO,2024-11-19,10769.55,1.3
ULTRACEMCO,2024-11-21,10954.85,1.72
ULTRACEMCO,2024-11-22,11375.3,3.84
WIPRO,2023-10-03,405.45,
WIPRO,2023-10-04,404.9,-0.14
WIPRO,2023-10-05,406.8,0.47
WIPRO,2023-10-06,407.85,0.26
WIPRO,2023-10-09,405.6,-0.55
WIPRO,2023-10-10,407.75,0.53
WIPRO,2023-10-11,421.15,3.29
WIPRO,2023-10-12,417.1,-0.96
WIPRO,2023-10-13,411.05,-1.45
WIPRO,2023-10-16,410.2,-0.21
WIPRO,2023-10-17,411.4,0.29
WIPRO,2023-10-18,407.45,-0.96
WIPRO,2023-10-19,395.3,-2.98
WIPRO,2023-10-20,391.85,-0.87
WIPRO,2023-10-23,383.15,-2.22
WIPRO,2023-10-25,381.85,-0.34
WIPRO,2023-10-26,378.25,-0.94
WIPRO,2023-10-27,382.35,1.08
WIPRO,2023-10-30,382.0,-0.09
WIPRO,2023-10-31,381.8,-0.05
WIPRO,2023-11-01,380.95,-0.22
WIPRO,2023-11-02,383.65,0.71
WIPRO,2023-11-03,383.55,-0.03
WIPRO,2023-11-06,384.65,0.29
WIPRO,2023-11-07,383.3,-0.35
WIPRO,2023-11-08,382.2,-0.29
WIPRO,2023-11-09,380.85,-0.35
WIPRO,2023-11-10,379.3,-0.41
WIPRO,2023-11-12,382.45,0.83
WIPRO,2023-11-13,381.65,-0.21
WIPRO,2023-11-15,391.65,2.62
WIPRO,2023-11-16,397.1,1.39
WIPRO,2023-11-17,395.4,-0.43
WIPRO,2023-11-20,400.2,1.21
WIPRO,2023-11-21,400.65,0.11
WIPRO,2023-11-22,400.25,-0.1
WIPRO,2023-11-23,402.5,0.56
WIPRO,2023-11-24,396.0,-1.61
WIPRO,2023-11-28,396.85,0.21
WIPRO,2023-11-29,406.25,2.37
WIPRO,2023-11-30,413.05,1.67
WIPRO,2023-12-01,407.65,-1.31
WIPRO,2023-12-04,407.45,-0.05
WIPRO,2023-12-05,404.35,-0.76
WIPRO,2023-12-06,418.75,3.56
WIPRO,2023-12-07,418.25,-0.12
WIPRO,2023-12-08,422.6,1.04
WIPRO,2023-12-11,420.6,-0.47
WIPRO,2023-12-12,422.2,0.38
WIPRO,2023-12-13,419.65,-0.6
WIPRO,2023-12-14,434.4,3.51
WIPRO,2023-12-15,446.55,2.8
WIPRO,2023-12-18,445.25,-0.29
WIPRO,2023-12-19,438.7,-1.47
WIPRO,2023-12-20,431.95,-1.54
WIPRO,2023-12-21,434.0,0.47
WIPRO,2023-12-22,462.65,6.6
WIPRO,2023-12-26,470.1,1.61
WIPRO,2023-12-27,470.95,0.18
WIPRO,2023-12-28,469.45,-0.32
WIPRO,2023-12-29,471.3,0.39
WIPRO,2024-01-01,477.15,1.24
WIPRO,2024-01-02,469.2,-1.67
WIPRO,2024-01-03,455.9,-2.83
WIPRO,2024-01-04,452.4,-0.77
WIPRO,2024-01-05,456.6,0.93
WIPRO,2024-01-08,450.35,-1.37
WIPRO,2024-01-09,450.75,0.09
WIPRO,2024-01-10,453.6,0.63
WIPRO,2024-01-11,448.2,-1.19
WIPRO,2024-01-12,465.45,3.85
WIPRO,2024-01-15,494.6,6.26
WIPRO,2024-01-16,485.0,-1.94
WIPRO,2024-01-17,482.4,-0.54
WIPRO,2024-01-18,482.65,0.05
WIPRO,2024-01-19,485.05,0.5
WIPRO,2024-01-20,477.95,-1.46
WIPRO,2024-01-23,469.9,-1.68
WIPRO,2024-01-24,478.05,1.73
WIPRO,2024-01-25,470.0,-1.68
WIPRO,2024-01-29,473.0,0.64
WIPRO,2024-01-30,472.5,-0.11
WIPRO,2024-01-31,478.15,1.2
WIPRO,2024-02-01,471.35,-1.42
WIPRO,2024-02-02,483.15,2.5
WIPRO,2024-02-05,482.35,-0.17
WIPRO,2024-02-06,499.65,3.59
WIPRO,2024-02-07,495.2,-0.89
WIPRO,2024-02-08,488.85,-1.28
WIPRO,2024-02-09,490.45,0.33
WIPRO,2024-02-12,501.45,2.24
WIPRO,2024-02-13,511.6,2.02
WIPRO,2024-02-14,514.5,0.57
WIPRO,2024-02-15,518.5,0.78
WIPRO,2024-02-16,543.0,4.73
WIPRO,2024-02-19,535.95,-1.3
WIPRO,2024-02-20,531.95,-0.75
WIPRO,2024-02-21,521.4,-1.98
WIPRO,2024-02-22,531.05,1.85
WIPRO,2024-02-23,536.15,0.96
WIPRO,2024-02-26,532.9,-0.61
WIPRO,2024-02-27,531.45,-0.27
WIPRO,2024-02-28,517.7,-2.59
WIPRO,2024-02-29,518.6,0.17
WIPRO,2024-03-01,519.1,0.1
WIPRO,2024-03-02,522.85,0.72
WIPRO,2024-03-04,520.5,-0.45
WIPRO,2024-03-05,513.3,-1.38
WIPRO,2024-03-06,513.15,-0.03
WIPRO,2024-03-07,515.5,0.46
WIPRO,2024-03-11,514.55,-0.18
WIPRO,2024-03-12,510.85,-0.72
WIPRO,2024-03-13,504.4,-1.26
WIPRO,2024-03-14,517.95,2.69
WIPRO,2024-03-15,517.0,-0.18
WIPRO,2024-03-18,510.2,-1.32
WIPRO,2024-03-19,494.85,-3.01
WIPRO,2024-03-20,493.5,-0.27
WIPRO,2024-03-21,500.45,1.41
WIPRO,2024-03-22,487.1,-2.67
WIPRO,2024-03-26,479.85,-1.49
WIPRO,2024-03-27,472.3,-1.57
WIPRO,2024-03-28,480.1,1.65
WIPRO,2024-04-01,484.95,1.01
WIPRO,2024-04-02,481.2,-0.77
WIPRO,2024-04-03,483.2,0.42
WIPRO,2024-04-04,487.4,0.87
WIPRO,2024-04-05,485.05,-0.48
WIPRO,2024-04-08,479.9,-1.06
WIPRO,2024-04-09,475.8,-0.85
WIPRO,2024-04-10,477.3,0.32
WIPRO,2024-04-12,470.75,-1.37
WIPRO,2024-04-15,459.35,-2.42
WIPRO,2024-04-16,448.35,-2.39
WIPRO,2024-04-18,444.35,-0.89
WIPRO,2024-04-19,452.75,1.89
WIPRO,2024-04-22,462.0,2.04
WIPRO,2024-04-23,462.1,0.02
WIPRO,2024-04-24,459.9,-0.48
WIPRO,2024-04-25,461.0,0.24
WIPRO,2024-04-26,464.6,0.78
WIPRO,2024-04-29,462.95,-0.36
WIPRO,2024-04-30,462.4,-0.12
WIPRO,2024-05-02,457.4,-1.08
WIPRO,2024-05-03,457.35,-0.01
WIPRO,2024-05-06,458.65,0.28
WIPRO,2024-05-07,463.9,1.14
WIPRO,2024-05-08,463.2,-0.15
WIPRO,2024-05-09,455.9,-1.58
WIPRO,2024-05-10,451.85,-0.89
WIPRO,2024-05-13,451.95,0.02
WIPRO,2024-05-14,456.35,0.97
WIPRO,2024-05-15,458.3,0.43
WIPRO,2024-05-16,464.45,1.34
WIPRO,2024-05-17,461.0,-0.74
WIPRO,2024-05-18,462.55,0.34
WIPRO,2024-05-21,460.9,-0.36
WIPRO,2024-05-22,461.3,0.09
WIPRO,2024-05-23,465.8,0.98
WIPRO,2024-05-24,463.65,-0.46
WIPRO,2024-05-27,452.45,-2.42
WIPRO,2024-05-28,456.05,0.8
WIPRO,2024-05-29,450.8,-1.15
WIPRO,2024-05-30,436.95,-3.07
WIPRO,2024-05-31,438.2,0.29
WIPRO,2024-06-03,444.1,1.35
WIPRO,2024-06-04,438.15,-1.34
WIPRO,2024-06-05,451.5,3.05
WIPRO,2024-06-06,461.0,2.1
WIPRO,2024-06-07,484.55,5.11
WIPRO,2024-06-10,475.25,-1.92
WIPRO,2024-06-11,476.05,0.17
WIPRO,2024-06-12,476.9,0.18
WIPRO,2024-06-13,482.6,1.2
WIPRO,2024-06-14,477.5,-1.06
WIPRO,2024-06-18,491.85,3.01
WIPRO,2024-06-19,495.75,0.79
WIPRO,2024-06-20,490.4,-1.08
WIPRO,2024-06-21,490.55,0.03
WIPRO,2024-06-24,490.55,0.0
WIPRO,2024-06-25,496.85,1.28
WIPRO,2024-06-26,495.2,-0.33
WIPRO,2024-06-27,510.8,3.15
WIPRO,2024-06-28,514.85,0.79
WIPRO,2024-07-01,527.35,2.43
WIPRO,2024-07-02,538.2,2.06
WIPRO,2024-07-03,539.0,0.15
WIPRO,2024-07-04,530.7,-1.54
WIPRO,2024-07-05,535.1,0.83
WIPRO,2024-07-08,541.2,1.14
WIPRO,2024-07-09,541.0,-0.04
WIPRO,2024-07-10,535.55,-1.01
WIPRO,2024-07-11,534.1,-0.27
WIPRO,2024-07-12,560.15,4.88
WIPRO,2024-07-15,559.7,-0.08
WIPRO,2024-07-16,559.7,0.0
WIPRO,2024-07-18,573.2,2.41
WIPRO,2024-07-19,557.2,-2.79
WIPRO,2024-07-22,505.8,-9.22
WIPRO,2024-07-23,500.55,-1.04
WIPRO,2024-07-24,500.1,-0.09
WIPRO,2024-07-25,506.85,1.35
WIPRO,2024-07-26,524.8,3.54
WIPRO,2024-07-29,524.4,-0.08
WIPRO,2024-07-30,521.5,-0.55
WIPRO,2024-07-31,522.0,0.1
WIPRO,2024-08-01,521.55,-0.09
WIPRO,2024-08-02,502.15,-3.72
WIPRO,2024-08-05,485.0,-3.42
WIPRO,2024-08-06,489.5,0.93
WIPRO,2024-08-07,497.4,1.61
WIPRO,2024-08-08,487.3,-2.03
WIPRO,2024-08-09,491.3,0.82
WIPRO,2024-08-12,489.05,-0.46
WIPRO,2024-08-13,490.5,0.3
WIPRO,2024-08-14,495.15,0.95
WIPRO,2024-08-16,516.25,4.26
WIPRO,2024-08-19,519.75,0.68
WIPRO,2024-08-20,524.65,0.94
WIPRO,2024-08-21,526.35,0.32
WIPRO,2024-08-22,519.0,-1.4
WIPRO,2024-08-23,512.4,-1.27
WIPRO,2024-08-26,520.0,1.48
WIPRO,2024-08-27,517.15,-0.55
WIPRO,2024-08-28,534.6,3.37
WIPRO,2024-08-29,538.7,0.77
WIPRO,2024-08-30,538.4,-0.06
WIPRO,2024-09-02,532.45,-1.11
WIPRO,2024-09-03,536.05,0.68
WIPRO,2024-09-04,519.15,-3.15
WIPRO,2024-09-05,524.85,1.1
WIPRO,2024-09-06,520.6,-0.81
WIPRO,2024-09-09,514.85,-1.1
WIPRO,2024-09-10,525.75,2.12
WIPRO,2024-09-11,514.35,-2.17
WIPRO,2024-09-12,530.05,3.05
WIPRO,2024-09-13,550.6,3.88
WIPRO,2024-09-16,551.9,0.24
WIPRO,2024-09-17,551.9,0.0
WIPRO,2024-09-18,538.15,-2.49
WIPRO,2024-09-19,533.35,-0.89
WIPRO,2024-09-20,539.1,1.08
WIPRO,2024-09-23,534.9,-0.78
WIPRO,2024-09-24,539.55,0.87
WIPRO,2024-09-25,536.2,-0.62
WIPRO,2024-09-26,541.9,1.06
WIPRO,2024-09-27,541.8,-0.02
WIPRO,2024-09-30,541.45,-0.06
WIPRO,2024-10-01,546.75,0.98
WIPRO,2024-10-03,530.15,-3.04
WIPRO,2024-10-04,533.55,0.64
WIPRO,2024-10-07,531.45,-0.39
WIPRO,2024-10-08,526.95,-0.85
WIPRO,2024-10-09,531.15,0.8
WIPRO,2024-10-10,525.0,-1.16
WIPRO,2024-10-11,528.3,0.63
WIPRO,2024-10-14,549.55,4.02
WIPRO,2024-10-15,532.95,-3.02
WIPRO,2024-10-16,532.15,-0.15
WIPRO,2024-10-17,528.75,-0.64
WIPRO,2024-10-18,548.65,3.76
WIPRO,2024-10-21,548.1,-0.1
WIPRO,2024-10-22,545.45,-0.48
WIPRO,2024-10-23,547.2,0.32
WIPRO,2024-10-24,546.9,-0.05
WIPRO,2024-10-25,543.45,-0.63
WIPRO,2024-10-28,558.6,2.79
WIPRO,2024-10-29,562.2,0.64
WIPRO,2024-10-30,565.25,0.54
WIPRO,2024-10-31,551.8,-2.38
WIPRO,2024-11-01,551.35,-0.08
WIPRO,2024-11-04,540.8,-1.91
WIPRO,2024-11-05,543.7,0.54
WIPRO,2024-11-06,563.9,3.72
WIPRO,2024-11-07,563.4,-0.09
WIPRO,2024-11-08,569.0,0.99
WIPRO,2024-11-11,573.5,0.79
WIPRO,2024-11-12,570.65,-0.5
WIPRO,2024-11-13,569.0,-0.29
WIPRO,2024-11-14,566.7,-0.4
WIPRO,2024-11-18,552.85,-2.44
WIPRO,2024-11-19,562.0,1.66
WIPRO,2024-11-21,557.15,-0.86
WIPRO,2024-11-22,571.65,2.6
