ticker,trade_date,close_price,MA20,MA50
ADANIENT,2023-10-03,2387.25,,
ADANIENT,2023-10-04,2464.95,,
ADANIENT,2023-10-05,2466.35,,
ADANIENT,2023-10-06,2478.1,,
ADANIENT,2023-10-09,2442.6,,
ADANIENT,2023-10-10,2498.3,,
ADANIENT,2023-10-11,2488.6,,
ADANIENT,2023-10-12,2506.35,,
ADANIENT,2023-10-13,2454.55,,
ADANIENT,2023-10-16,2429.35,,
ADANIENT,2023-10-17,2428.4,,
ADANIENT,2023-10-18,2406.35,,
ADANIENT,2023-10-19,2402.2,,
ADANIENT,2023-10-20,2393.75,,
ADANIENT,2023-10-23,2308.65,,
ADANIENT,2023-10-25,2257.0,,
ADANIENT,2023-10-26,2203.2,,
ADANIENT,2023-10-27,2261.7,,
ADANIENT,2023-10-30,2299.1,,
ADANIENT,2023-10-31,2294.65,2393.57,
ADANIENT,2023-11-01,2217.3,2385.07,
ADANIENT,2023-11-02,2215.3,2372.59,
ADANIENT,2023-11-03,2229.85,2360.76,
ADANIENT,2023-11-06,2246.0,2349.16,
ADANIENT,2023-11-07,2233.35,2338.7,
ADANIENT,2023-11-08,2259.95,2326.78,
ADANIENT,2023-11-09,2214.65,2313.08,
ADANIENT,2023-11-10,2205.1,2298.02,
ADANIENT,2023-11-12,2211.35,2285.86,
ADANIENT,2023-11-13,2213.65,2275.07,
ADANIENT,2023-11-15,2225.4,2264.93,
ADANIENT,2023-11-16,2205.9,2254.9,
ADANIENT,2023-11-17,2208.8,2245.23,
ADANIENT,2023-11-20,2149.85,2233.04,
ADANIENT,2023-11-21,2196.65,2227.44,
ADANIENT,2023-11-22,2172.65,2223.22,
ADANIENT,2023-11-23,2175.25,2221.82,
ADANIENT,2023-11-24,2225.45,2220.01,
ADANIENT,2023-11-28,2423.5,2226.23,
ADANIENT,2023-11-29,2396.6,2231.33,
ADANIENT,2023-11-30,2358.55,2238.39,
ADANIENT,2023-12-01,2362.7,2245.76,
ADANIENT,2023-12-04,2531.2,2260.83,
ADANIENT,2023-12-05,2959.35,2296.5,
ADANIENT,2023-12-06,2883.95,2329.02,
ADANIENT,2023-12-07,2887.15,2360.38,
ADANIENT,2023-12-08,2822.15,2390.76,
ADANIENT,2023-12-11,2855.8,2423.29,
ADANIENT,2023-12-12,2857.65,2455.61,
ADANIENT,2023-12-13,2875.05,2488.68,2397.83
ADANIENT,2023-12-14,2894.05,2522.11,2407.97
ADANIENT,2023-12-15,2991.8,2561.41,2418.5
ADANIENT,2023-12-18,2980.6,2600.0,2428.79
ADANIENT,2023-12-19,2941.25,2639.57,2438.05
ADANIENT,2023-12-20,2783.85,2668.93,2444.88
ADANIENT,2023-12-21,2799.75,2700.28,2450.91
ADANIENT,2023-12-22,2808.35,2731.94,2457.3
ADANIENT,2023-12-26,2865.45,2763.94,2464.48
ADANIENT,2023-12-27,2843.35,2784.93,2472.26
ADANIENT,2023-12-28,2809.9,2805.6,2479.87
ADANIENT,2023-12-29,2848.95,2830.12,2488.28
ADANIENT,2024-01-01,2917.2,2857.84,2498.5
ADANIENT,2024-01-02,2932.4,2877.9,2509.1
ADANIENT,2024-01-03,3003.0,2880.08,2521.29
ADANIENT,2024-01-04,2998.3,2885.8,2535.08
ADANIENT,2024-01-05,3006.6,2891.77,2550.07
ADANIENT,2024-01-08,2963.5,2898.84,2565.28
ADANIENT,2024-01-09,3014.6,2906.78,2580.34
ADANIENT,2024-01-10,3098.2,2918.81,2596.32
ADANIENT,2024-01-11,3080.9,2929.1,2612.04
ADANIENT,2024-01-12,3104.1,2939.6,2629.78
ADANIENT,2024-01-15,3089.5,2944.49,2647.26
ADANIENT,2024-01-16,3056.5,2948.28,2663.8
ADANIENT,2024-01-17,2971.05,2949.77,2678.3
ADANIENT,2024-01-18,2918.9,2956.52,2692.01
ADANIENT,2024-01-19,2915.65,2962.32,2705.12
ADANIENT,2024-01-20,2987.9,2971.3,2720.59
ADANIENT,2024-01-23,2896.55,2972.85,2734.42
ADANIENT,2024-01-24,2903.45,2975.86,2748.26
ADANIENT,2024-01-25,2893.6,2980.04,2761.86
ADANIENT,2024-01-29,3064.65,2990.83,2778.64
ADANIENT,2024-01-30,3091.1,2999.52,2796.34
ADANIENT,2024-01-31,3142.0,3010.0,2815.01
ADANIENT,2024-02-01,3153.5,3017.53,2835.08
ADANIENT,2024-02-02,3157.45,3025.48,2854.3
ADANIENT,2024-02-05,3173.45,3033.83,2874.31
ADANIENT,2024-02-06,3203.75,3045.84,2894.88
ADANIENT,2024-02-07,3229.85,3056.6,2914.97
ADANIENT,2024-02-08,3168.6,3060.12,2929.87
ADANIENT,2024-02-09,3215.2,3066.84,2946.25
ADANIENT,2024-02-12,3169.75,3070.12,2962.47
ADANIENT,2024-02-13,3178.45,3074.57,2978.78
ADANIENT,2024-02-14,3207.2,3082.1,2992.3
ADANIENT,2024-02-15,3193.8,3093.24,2996.99
ADANIENT,2024-02-16,3223.6,3108.47,3003.79
ADANIENT,2024-02-19,3258.8,3125.63,3011.22
ADANIENT,2024-02-20,3228.6,3137.67,3019.35
ADANIENT,2024-02-21,3223.2,3154.0,3026.7
ADANIENT,2024-02-22,3263.05,3171.98,3034.8
ADANIENT,2024-02-23,3273.3,3190.96,3042.77
ADANIENT,2024-02-26,3327.75,3204.12,3051.44
ADANIENT,2024-02-27,3302.3,3214.68,3057.65
ADANIENT,2024-02-28,3219.0,3218.53,3062.42
ADANIENT,2024-02-29,3285.4,3225.12,3069.3
ADANIENT,2024-03-01,3318.75,3233.19,3080.0
ADANIENT,2024-03-02,3333.25,3241.18,3090.67
ADANIENT,2024-03-04,3317.15,3246.85,3100.85
ADANIENT,2024-03-05,3310.2,3250.87,3109.74
ADANIENT,2024-03-06,3233.95,3254.14,3117.56
ADANIENT,2024-03-07,3226.55,3254.7,3125.89
ADANIENT,2024-03-11,3207.35,3256.58,3133.06
ADANIENT,2024-03-12,3122.5,3253.79,3137.16
ADANIENT,2024-03-13,2906.2,3238.73,3136.64
ADANIENT,2024-03-14,3087.45,3233.42,3138.33
ADANIENT,2024-03-15,3132.2,3228.85,3141.01
ADANIENT,2024-03-18,3111.75,3221.5,3143.11
ADANIENT,2024-03-19,3052.7,3212.7,3144.89
ADANIENT,2024-03-20,3051.45,3204.11,3145.63
ADANIENT,2024-03-21,3066.5,3194.28,3145.0
ADANIENT,2024-03-22,3107.7,3186.0,3145.53
ADANIENT,2024-03-26,3109.95,3175.12,3145.65
ADANIENT,2024-03-27,3122.1,3166.1,3146.3
ADANIENT,2024-03-28,3197.1,3165.01,3149.11
ADANIENT,2024-04-01,3252.1,3163.34,3154.73
ADANIENT,2024-04-02,3268.75,3160.84,3161.73
ADANIENT,2024-04-03,3233.45,3155.86,3168.09
ADANIENT,2024-04-04,3210.8,3150.54,3172.54
ADANIENT,2024-04-05,3224.8,3146.27,3179.11
ADANIENT,2024-04-08,3224.55,3145.8,3185.53
ADANIENT,2024-04-09,3198.45,3144.39,3191.63
ADANIENT,2024-04-10,3242.0,3146.12,3195.18
ADANIENT,2024-04-12,3209.9,3150.5,3197.55
ADANIENT,2024-04-15,3147.45,3162.56,3197.66
ADANIENT,2024-04-16,3106.4,3163.5,3196.72
ADANIENT,2024-04-18,3019.3,3157.86,3193.96
ADANIENT,2024-04-19,3026.95,3153.62,3191.03
ADANIENT,2024-04-22,3063.35,3154.15,3188.22
ADANIENT,2024-04-23,3065.1,3154.84,3184.92
ADANIENT,2024-04-24,3043.55,3153.69,3182.42
ADANIENT,2024-04-25,3115.25,3154.06,3180.42
ADANIENT,2024-04-26,3080.4,3152.59,3178.64
ADANIENT,2024-04-29,3081.2,3150.54,3176.69
ADANIENT,2024-04-30,3054.7,3143.42,3173.64
ADANIENT,2024-05-02,3039.6,3132.8,3170.56
ADANIENT,2024-05-03,2993.25,3119.02,3165.95
ADANIENT,2024-05-06,2874.65,3101.08,3158.27
ADANIENT,2024-05-07,2835.95,3082.34,3150.41
ADANIENT,2024-05-08,2860.55,3064.13,3143.16
ADANIENT,2024-05-09,2766.65,3041.23,3133.23
ADANIENT,2024-05-10,2797.25,3021.17,3123.71
ADANIENT,2024-05-13,2879.6,3003.05,3114.75
ADANIENT,2024-05-14,3037.55,2994.44,3109.45
ADANIENT,2024-05-15,3049.75,2989.55,3106.07
ADANIENT,2024-05-16,3041.65,2986.31,3101.19
ADANIENT,2024-05-17,3060.5,2988.37,3096.03
ADANIENT,2024-05-18,3059.75,2990.01,3090.56
ADANIENT,2024-05-21,3117.5,2992.72,3086.57
ADANIENT,2024-05-22,3140.95,2996.51,3083.18
ADANIENT,2024-05-23,3387.3,3013.7,3086.25
ADANIENT,2024-05-24,3384.95,3027.19,3089.42
ADANIENT,2024-05-27,3289.05,3037.62,3091.05
ADANIENT,2024-05-28,3244.05,3045.76,3093.48
ADANIENT,2024-05-29,3258.8,3055.96,3100.53
ADANIENT,2024-05-30,3194.25,3063.7,3102.67
ADANIENT,2024-05-31,3411.35,3084.6,3108.25
ADANIENT,2024-06-03,3645.25,3123.13,3118.92
ADANIENT,2024-06-04,2941.25,3128.4,3116.69
ADANIENT,2024-06-05,3115.35,3141.14,3117.97
ADANIENT,2024-06-06,3185.65,3162.09,3120.35
ADANIENT,2024-06-07,3219.55,3183.2,3122.59
ADANIENT,2024-06-10,3220.1,3200.23,3124.79
ADANIENT,2024-06-11,3221.25,3209.41,3126.78
ADANIENT,2024-06-12,3219.05,3217.88,3127.22
ADANIENT,2024-06-13,3224.8,3227.04,3126.67
ADANIENT,2024-06-14,3261.75,3237.1,3126.53
ADANIENT,2024-06-18,3309.05,3249.56,3128.04
ADANIENT,2024-06-19,3261.9,3256.78,3129.06
ADANIENT,2024-06-20,3259.45,3262.71,3129.76
ADANIENT,2024-06-21,3189.3,3252.81,3129.05
ADANIENT,2024-06-24,3194.6,3243.29,3128.98
ADANIENT,2024-06-25,3171.1,3237.39,3127.56
ADANIENT,2024-06-26,3170.5,3233.72,3126.77
ADANIENT,2024-06-27,3175.15,3229.53,3127.32
ADANIENT,2024-06-28,3177.15,3228.68,3128.74
ADANIENT,2024-07-01,3183.8,3217.3,3132.03
ADANIENT,2024-07-02,3153.2,3192.7,3134.55
ADANIENT,2024-07-03,3190.95,3205.18,3137.1
ADANIENT,2024-07-04,3144.25,3206.63,3138.69
ADANIENT,2024-07-05,3147.9,3204.74,3140.78
ADANIENT,2024-07-08,3113.6,3199.44,3140.74
ADANIENT,2024-07-09,3110.75,3193.98,3141.35
ADANIENT,2024-07-10,3096.0,3187.71,3141.64
ADANIENT,2024-07-11,3078.3,3180.68,3142.12
ADANIENT,2024-07-12,3065.45,3172.71,3142.63
ADANIENT,2024-07-15,3090.4,3164.14,3144.58
ADANIENT,2024-07-16,3109.3,3154.15,3149.27
ADANIENT,2024-07-18,3092.2,3145.67,3154.4
ADANIENT,2024-07-19,3005.7,3132.98,3157.3
ADANIENT,2024-07-22,3000.85,3123.56,3161.98
ADANIENT,2024-07-23,2995.35,3113.6,3165.94
ADANIENT,2024-07-24,2970.7,3103.58,3167.77
ADANIENT,2024-07-25,2973.5,3093.72,3166.48
ADANIENT,2024-07-26,3080.5,3088.99,3167.1
ADANIENT,2024-07-29,3089.35,3084.6,3168.05
ADANIENT,2024-07-30,3128.75,3081.85,3169.42
ADANIENT,2024-07-31,3169.4,3082.66,3171.61
ADANIENT,2024-08-01,3217.25,3083.98,3173.61
ADANIENT,2024-08-02,3160.9,3084.81,3174.01
ADANIENT,2024-08-05,3038.2,3079.32,3167.02
ADANIENT,2024-08-06,3072.7,3077.28,3160.78
ADANIENT,2024-08-07,3185.95,3081.04,3158.72
ADANIENT,2024-08-08,3167.55,3084.62,3157.19
ADANIENT,2024-08-09,3187.55,3090.08,3155.76
ADANIENT,2024-08-12,3151.75,3094.39,3154.91
ADANIENT,2024-08-13,3092.2,3094.48,3148.53
ADANIENT,2024-08-14,3040.1,3091.02,3136.43
ADANIENT,2024-08-16,3108.8,3091.85,3139.78
ADANIENT,2024-08-19,3102.55,3096.7,3139.52
ADANIENT,2024-08-20,3070.65,3100.18,3137.22
ADANIENT,2024-08-21,3115.7,3106.2,3135.14
ADANIENT,2024-08-22,3099.05,3112.62,3132.72
ADANIENT,2024-08-23,3076.35,3117.76,3129.82
ADANIENT,2024-08-26,3069.0,3117.19,3126.82
ADANIENT,2024-08-27,3067.1,3116.08,3123.67
ADANIENT,2024-08-28,3028.0,3111.04,3119.0
ADANIENT,2024-08-29,3020.15,3103.58,3113.22
ADANIENT,2024-08-30,3019.35,3093.68,3108.37
ADANIENT,2024-09-02,3042.15,3087.74,3104.02
ADANIENT,2024-09-03,3036.1,3087.64,3100.96
ADANIENT,2024-09-04,3012.35,3084.62,3097.31
ADANIENT,2024-09-05,3015.35,3076.09,3094.2
ADANIENT,2024-09-06,2975.45,3066.48,3090.3
ADANIENT,2024-09-09,2964.15,3055.31,3086.08
ADANIENT,2024-09-10,2986.4,3047.05,3082.26
ADANIENT,2024-09-11,2937.85,3039.33,3077.34
ADANIENT,2024-09-12,2991.0,3036.88,3074.1
ADANIENT,2024-09-13,2968.35,3029.85,3069.64
ADANIENT,2024-09-16,2984.9,3023.97,3066.46
ADANIENT,2024-09-17,2975.2,3019.2,3063.0
ADANIENT,2024-09-18,2956.3,3011.23,3059.86
ADANIENT,2024-09-19,2943.15,3003.43,3056.51
ADANIENT,2024-09-20,3008.5,3000.04,3054.76
ADANIENT,2024-09-23,3043.95,2998.79,3054.07
ADANIENT,2024-09-24,3093.9,3000.13,3054.64
ADANIENT,2024-09-25,3105.1,3003.98,3054.93
ADANIENT,2024-09-26,3122.65,3009.11,3055.2
ADANIENT,2024-09-27,3130.3,3014.66,3055.96
ADANIENT,2024-09-30,3135.85,3019.34,3058.56
ADANIENT,2024-10-01,3186.1,3026.84,3062.27
ADANIENT,2024-10-03,3116.0,3032.02,3064.68
ADANIENT,2024-10-04,3110.65,3036.79,3067.48
ADANIENT,2024-10-07,3018.0,3038.92,3068.37
ADANIENT,2024-10-08,3160.7,3048.74,3069.98
ADANIENT,2024-10-09,3153.75,3057.11,3071.26
ADANIENT,2024-10-10,3174.2,3068.93,3072.17
ADANIENT,2024-10-11,3137.2,3076.24,3071.53
ADANIENT,2024-10-14,3101.1,3082.88,3069.2
ADANIENT,2024-10-15,3104.7,3088.86,3068.08
ADANIENT,2024-10-16,3085.9,3094.4,3069.04
ADANIENT,2024-10-17,3013.75,3097.27,3067.86
ADANIENT,2024-10-18,3002.0,3100.22,3064.18
ADANIENT,2024-10-21,2937.65,3096.67,3059.58
ADANIENT,2024-10-22,2823.8,3085.66,3052.3
ADANIENT,2024-10-23,2835.55,3072.75,3045.98
ADANIENT,2024-10-24,2830.2,3059.0,3040.74
ADANIENT,2024-10-25,2693.45,3037.54,3033.81
ADANIENT,2024-10-28,2798.65,3020.96,3027.6
ADANIENT,2024-10-29,2848.6,3006.6,3022.52
ADANIENT,2024-10-30,2969.3,2995.76,3020.5
ADANIENT,2024-10-31,2947.25,2987.32,3017.13
ADANIENT,2024-11-01,2949.5,2979.26,3014.14
ADANIENT,2024-11-04,2897.4,2973.23,3010.56
ADANIENT,2024-11-05,2915.55,2960.98,3007.49
ADANIENT,2024-11-06,3046.25,2955.6,3007.07
ADANIENT,2024-11-07,2970.1,2945.4,3005.92
ADANIENT,2024-11-08,2929.1,2934.99,3004.09
ADANIENT,2024-11-11,2903.65,2925.12,3001.78
ADANIENT,2024-11-12,2870.0,2913.38,2998.34
ADANIENT,2024-11-13,2816.7,2899.92,2993.95
ADANIENT,2024-11-14,2826.8,2890.58,2990.24
ADANIENT,2024-11-18,2818.7,2881.41,2986.3
ADANIENT,2024-11-19,2821.5,2875.6,2983.23
ADANIENT,2024-11-21,2183.65,2843.6,2967.62
ADANIENT,2024-11-22,2228.0,2813.22,2952.45
ADANIPORTS,2023-10-03,831.4,,
ADANIPORTS,2023-10-04,824.6,,
ADANIPORTS,2023-10-05,825.2,,
ADANIPORTS,2023-10-06,830.75,,
ADANIPORTS,2023-10-09,790.05,,
ADANIPORTS,2023-10-10,819.5,,
ADANIPORTS,2023-10-11,814.85,,
ADANIPORTS,2023-10-12,814.95,,
ADANIPORTS,2023-10-13,813.75,,
ADANIPORTS,2023-10-16,805.65,,
ADANIPORTS,2023-10-17,805.1,,
ADANIPORTS,2023-10-18,798.6,,
ADANIPORTS,2023-10-19,792.85,,
ADANIPORTS,2023-10-20,793.65,,
ADANIPORTS,2023-10-23,771.45,,
ADANIPORTS,2023-10-25,769.1,,
ADANIPORTS,2023-10-26,770.35,,
ADANIPORTS,2023-10-27,782.4,,
ADANIPORTS,2023-10-30,785.0,,
ADANIPORTS,2023-10-31,784.75,801.2,
ADANIPORTS,2023-11-01,769.1,798.08,
ADANIPORTS,2023-11-02,774.3,795.57,
ADANIPORTS,2023-11-03,795.4,794.08,
ADANIPORTS,2023-11-06,802.5,792.66,
ADANIPORTS,2023-11-07,797.55,793.04,
ADANIPORTS,2023-11-08,818.7,793.0,
ADANIPORTS,2023-11-09,806.2,792.57,
ADANIPORTS,2023-11-10,808.6,792.25,
ADANIPORTS,2023-11-12,812.25,792.18,
ADANIPORTS,2023-11-13,809.85,792.38,
ADANIPORTS,2023-11-15,810.75,792.67,
ADANIPORTS,2023-11-16,813.6,793.42,
ADANIPORTS,2023-11-17,810.05,794.28,
ADANIPORTS,2023-11-20,803.6,794.78,
ADANIPORTS,2023-11-21,801.35,796.27,
ADANIPORTS,2023-11-22,791.9,797.41,
ADANIPORTS,2023-11-23,793.1,798.55,
ADANIPORTS,2023-11-24,795.55,799.2,
ADANIPORTS,2023-11-28,837.7,801.84,
ADANIPORTS,2023-11-29,835.55,804.38,
ADANIPORTS,2023-11-30,825.5,807.2,
ADANIPORTS,2023-12-01,827.8,809.88,
ADANIPORTS,2023-12-04,878.65,814.04,
ADANIPORTS,2023-12-05,1013.1,824.57,
ADANIPORTS,2023-12-06,1017.95,835.59,
ADANIPORTS,2023-12-07,1039.65,846.64,
ADANIPORTS,2023-12-08,1022.95,857.47,
ADANIPORTS,2023-12-11,1031.9,868.64,
ADANIPORTS,2023-12-12,1041.95,880.12,
ADANIPORTS,2023-12-13,1063.5,892.8,837.49
ADANIPORTS,2023-12-14,1074.7,906.0,842.36
ADANIPORTS,2023-12-15,1078.55,919.25,847.44
ADANIPORTS,2023-12-18,1094.3,933.46,852.82
ADANIPORTS,2023-12-19,1074.0,946.98,857.68
ADANIPORTS,2023-12-20,1012.15,957.52,862.12
ADANIPORTS,2023-12-21,1018.95,968.88,866.11
ADANIPORTS,2023-12-22,1027.5,980.6,870.37
ADANIPORTS,2023-12-26,1028.75,992.26,874.64
ADANIPORTS,2023-12-27,1024.4,1001.59,878.86
ADANIPORTS,2023-12-28,1016.95,1010.66,883.08
ADANIPORTS,2023-12-29,1024.35,1020.6,887.47
ADANIPORTS,2024-01-01,1047.85,1031.6,892.45
ADANIPORTS,2024-01-02,1078.4,1041.59,898.16
ADANIPORTS,2024-01-03,1094.25,1045.65,904.17
ADANIPORTS,2024-01-04,1123.2,1050.91,911.21
ADANIPORTS,2024-01-05,1154.25,1056.64,918.91
ADANIPORTS,2024-01-08,1168.85,1063.94,926.88
ADANIPORTS,2024-01-09,1197.1,1072.2,935.18
ADANIPORTS,2024-01-10,1214.35,1080.82,943.76
ADANIPORTS,2024-01-11,1202.95,1087.79,952.13
ADANIPORTS,2024-01-12,1207.1,1094.41,960.89
ADANIPORTS,2024-01-15,1203.1,1100.64,969.46
ADANIPORTS,2024-01-16,1193.35,1105.59,977.42
ADANIPORTS,2024-01-17,1166.85,1110.23,984.71
ADANIPORTS,2024-01-18,1154.05,1117.33,991.84
ADANIPORTS,2024-01-19,1152.45,1124.0,998.51
ADANIPORTS,2024-01-20,1193.0,1132.28,1006.25
ADANIPORTS,2024-01-23,1137.1,1137.7,1012.82
ADANIPORTS,2024-01-24,1120.6,1142.51,1018.99
ADANIPORTS,2024-01-25,1146.3,1148.97,1025.72
ADANIPORTS,2024-01-29,1196.65,1157.59,1033.43
ADANIPORTS,2024-01-30,1187.35,1164.56,1040.91
ADANIPORTS,2024-01-31,1207.65,1171.02,1048.86
ADANIPORTS,2024-02-01,1218.85,1177.25,1057.17
ADANIPORTS,2024-02-02,1261.45,1184.17,1066.37
ADANIPORTS,2024-02-05,1258.55,1189.38,1075.7
ADANIPORTS,2024-02-06,1273.1,1194.59,1085.3
ADANIPORTS,2024-02-07,1255.65,1197.52,1094.5
ADANIPORTS,2024-02-08,1245.2,1199.06,1102.65
ADANIPORTS,2024-02-09,1271.5,1202.49,1111.37
ADANIPORTS,2024-02-12,1249.35,1204.6,1119.85
ADANIPORTS,2024-02-13,1264.8,1207.69,1128.59
ADANIPORTS,2024-02-14,1267.85,1211.42,1136.37
ADANIPORTS,2024-02-15,1267.05,1216.42,1141.45
ADANIPORTS,2024-02-16,1306.85,1224.06,1147.23
ADANIPORTS,2024-02-19,1307.0,1231.79,1152.58
ADANIPORTS,2024-02-20,1300.5,1237.17,1158.13
ADANIPORTS,2024-02-21,1291.0,1244.86,1163.31
ADANIPORTS,2024-02-22,1310.95,1254.38,1168.69
ADANIPORTS,2024-02-23,1320.7,1263.1,1173.83
ADANIPORTS,2024-02-26,1338.15,1270.18,1179.1
ADANIPORTS,2024-02-27,1329.45,1277.28,1184.12
ADANIPORTS,2024-02-28,1299.5,1281.87,1188.22
ADANIPORTS,2024-02-29,1320.5,1286.96,1193.16
ADANIPORTS,2024-03-01,1322.1,1289.99,1199.35
ADANIPORTS,2024-03-02,1338.3,1293.97,1205.74
ADANIPORTS,2024-03-04,1342.6,1297.45,1212.04
ADANIPORTS,2024-03-05,1338.3,1301.58,1218.23
ADANIPORTS,2024-03-06,1324.8,1305.56,1224.24
ADANIPORTS,2024-03-07,1325.45,1308.26,1230.41
ADANIPORTS,2024-03-11,1326.95,1312.14,1236.46
ADANIPORTS,2024-03-12,1301.3,1313.96,1241.53
ADANIPORTS,2024-03-13,1209.55,1311.05,1244.16
ADANIPORTS,2024-03-14,1267.85,1311.09,1247.63
ADANIPORTS,2024-03-15,1283.0,1309.9,1250.82
ADANIPORTS,2024-03-18,1266.6,1307.88,1253.07
ADANIPORTS,2024-03-19,1241.2,1304.91,1254.52
ADANIPORTS,2024-03-20,1245.4,1302.63,1255.48
ADANIPORTS,2024-03-21,1262.45,1300.21,1256.45
ADANIPORTS,2024-03-22,1281.6,1298.25,1258.02
ADANIPORTS,2024-03-26,1304.2,1296.56,1259.96
ADANIPORTS,2024-03-27,1322.8,1296.22,1262.36
ADANIPORTS,2024-03-28,1341.85,1298.34,1265.32
ADANIPORTS,2024-04-01,1375.9,1301.11,1269.51
ADANIPORTS,2024-04-02,1404.15,1305.21,1274.51
ADANIPORTS,2024-04-03,1397.2,1308.16,1279.4
ADANIPORTS,2024-04-04,1366.85,1309.37,1282.88
ADANIPORTS,2024-04-05,1375.55,1311.23,1287.65
ADANIPORTS,2024-04-08,1348.65,1312.42,1292.21
ADANIPORTS,2024-04-09,1356.5,1313.98,1296.41
ADANIPORTS,2024-04-10,1352.3,1315.24,1299.53
ADANIPORTS,2024-04-12,1344.2,1317.39,1302.66
ADANIPORTS,2024-04-15,1315.55,1322.69,1304.82
ADANIPORTS,2024-04-16,1304.35,1324.52,1306.53
ADANIPORTS,2024-04-18,1295.55,1325.14,1307.21
ADANIPORTS,2024-04-19,1310.0,1327.31,1308.24
ADANIPORTS,2024-04-22,1321.1,1331.31,1309.2
ADANIPORTS,2024-04-23,1322.1,1335.14,1310.53
ADANIPORTS,2024-04-24,1320.5,1338.04,1312.04
ADANIPORTS,2024-04-25,1330.55,1340.49,1313.22
ADANIPORTS,2024-04-26,1324.6,1341.51,1314.72
ADANIPORTS,2024-04-29,1317.25,1341.24,1315.77
ADANIPORTS,2024-04-30,1324.9,1340.39,1316.91
ADANIPORTS,2024-05-02,1338.8,1338.53,1318.35
ADANIPORTS,2024-05-03,1320.3,1334.34,1318.62
ADANIPORTS,2024-05-06,1289.95,1328.98,1318.28
ADANIPORTS,2024-05-07,1287.65,1325.02,1318.02
ADANIPORTS,2024-05-08,1277.25,1320.1,1317.74
ADANIPORTS,2024-05-09,1244.55,1314.9,1316.42
ADANIPORTS,2024-05-10,1266.75,1310.41,1315.34
ADANIPORTS,2024-05-13,1306.4,1308.12,1314.7
ADANIPORTS,2024-05-14,1331.25,1307.47,1314.74
ADANIPORTS,2024-05-15,1337.85,1308.58,1315.51
ADANIPORTS,2024-05-16,1345.05,1310.62,1316.0
ADANIPORTS,2024-05-17,1335.7,1312.62,1316.27
ADANIPORTS,2024-05-18,1340.2,1314.14,1316.31
ADANIPORTS,2024-05-21,1385.5,1317.36,1317.16
ADANIPORTS,2024-05-22,1378.2,1320.16,1317.96
ADANIPORTS,2024-05-23,1443.35,1326.3,1320.33
ADANIPORTS,2024-05-24,1416.1,1330.58,1322.15
ADANIPORTS,2024-05-27,1431.65,1335.93,1324.24
ADANIPORTS,2024-05-28,1400.5,1340.1,1326.22
ADANIPORTS,2024-05-29,1410.0,1344.35,1330.23
ADANIPORTS,2024-05-30,1383.5,1346.58,1332.55
ADANIPORTS,2024-05-31,1437.4,1352.44,1335.64
ADANIPORTS,2024-06-03,1583.95,1367.14,1341.98
ADANIPORTS,2024-06-04,1248.95,1365.2,1342.14
ADANIPORTS,2024-06-05,1354.6,1369.07,1344.32
ADANIPORTS,2024-06-06,1352.95,1374.49,1346.13
ADANIPORTS,2024-06-07,1378.85,1380.1,1348.08
ADANIPORTS,2024-06-10,1384.05,1383.98,1349.67
ADANIPORTS,2024-06-11,1403.45,1387.59,1351.29
ADANIPORTS,2024-06-12,1393.95,1390.4,1352.33
ADANIPORTS,2024-06-13,1404.45,1393.37,1352.9
ADANIPORTS,2024-06-14,1430.7,1398.12,1353.43
ADANIPORTS,2024-06-18,1445.0,1403.36,1354.39
ADANIPORTS,2024-06-19,1448.4,1406.5,1356.02
ADANIPORTS,2024-06-20,1469.4,1411.06,1357.89
ADANIPORTS,2024-06-21,1485.5,1413.17,1360.63
ADANIPORTS,2024-06-24,1460.25,1415.38,1362.71
ADANIPORTS,2024-06-25,1456.15,1416.6,1364.78
ADANIPORTS,2024-06-26,1467.8,1419.96,1367.26
ADANIPORTS,2024-06-27,1485.5,1423.74,1370.65
ADANIPORTS,2024-06-28,1478.1,1428.47,1374.13
ADANIPORTS,2024-07-01,1474.5,1430.32,1377.71
ADANIPORTS,2024-07-02,1474.85,1424.87,1381.0
ADANIPORTS,2024-07-03,1510.65,1437.96,1384.8
ADANIPORTS,2024-07-04,1503.65,1445.41,1388.43
ADANIPORTS,2024-07-05,1500.45,1452.78,1392.03
ADANIPORTS,2024-07-08,1475.3,1457.6,1394.92
ADANIPORTS,2024-07-09,1478.0,1462.3,1397.99
ADANIPORTS,2024-07-10,1487.8,1466.52,1401.4
ADANIPORTS,2024-07-11,1483.85,1471.02,1404.58
ADANIPORTS,2024-07-12,1486.7,1475.13,1407.54
ADANIPORTS,2024-07-15,1495.05,1478.34,1411.03
ADANIPORTS,2024-07-16,1499.05,1481.05,1415.21
ADANIPORTS,2024-07-18,1493.9,1483.32,1419.34
ADANIPORTS,2024-07-19,1469.3,1483.32,1423.18
ADANIPORTS,2024-07-22,1467.35,1482.41,1427.64
ADANIPORTS,2024-07-23,1507.35,1484.76,1432.45
ADANIPORTS,2024-07-24,1484.8,1486.2,1436.02
ADANIPORTS,2024-07-25,1487.0,1487.16,1439.13
ADANIPORTS,2024-07-26,1542.75,1490.02,1443.23
ADANIPORTS,2024-07-29,1548.7,1493.55,1447.3
ADANIPORTS,2024-07-30,1546.25,1497.14,1451.51
ADANIPORTS,2024-07-31,1569.9,1501.89,1456.11
ADANIPORTS,2024-08-01,1590.15,1505.86,1460.2
ADANIPORTS,2024-08-02,1588.0,1510.08,1464.4
ADANIPORTS,2024-08-05,1493.85,1509.75,1465.41
ADANIPORTS,2024-08-06,1494.1,1510.69,1466.97
ADANIPORTS,2024-08-07,1543.8,1513.98,1469.21
ADANIPORTS,2024-08-08,1519.0,1515.54,1471.58
ADANIPORTS,2024-08-09,1533.8,1518.04,1474.06
ADANIPORTS,2024-08-12,1501.4,1518.78,1476.41
ADANIPORTS,2024-08-13,1483.45,1518.2,1477.33
ADANIPORTS,2024-08-14,1461.95,1516.34,1474.89
ADANIPORTS,2024-08-16,1493.45,1516.32,1479.78
ADANIPORTS,2024-08-19,1496.45,1517.68,1482.62
ADANIPORTS,2024-08-20,1492.55,1518.94,1485.41
ADANIPORTS,2024-08-21,1503.5,1518.74,1487.91
ADANIPORTS,2024-08-22,1492.3,1519.12,1490.07
ADANIPORTS,2024-08-23,1491.3,1519.33,1491.83
ADANIPORTS,2024-08-26,1482.55,1516.32,1493.6
ADANIPORTS,2024-08-27,1478.35,1512.8,1495.08
ADANIPORTS,2024-08-28,1469.8,1508.98,1495.86
ADANIPORTS,2024-08-29,1476.05,1504.29,1496.48
ADANIPORTS,2024-08-30,1481.9,1498.88,1497.15
ADANIPORTS,2024-09-02,1494.5,1494.2,1497.65
ADANIPORTS,2024-09-03,1479.55,1493.49,1497.53
ADANIPORTS,2024-09-04,1472.1,1492.39,1497.77
ADANIPORTS,2024-09-05,1465.55,1488.48,1497.96
ADANIPORTS,2024-09-06,1442.4,1484.64,1497.45
ADANIPORTS,2024-09-09,1435.9,1479.75,1496.46
ADANIPORTS,2024-09-10,1453.4,1477.35,1495.96
ADANIPORTS,2024-09-11,1430.6,1474.71,1495.09
ADANIPORTS,2024-09-12,1472.6,1475.24,1495.04
ADANIPORTS,2024-09-13,1452.1,1473.17,1493.87
ADANIPORTS,2024-09-16,1440.7,1470.38,1492.61
ADANIPORTS,2024-09-17,1426.6,1467.09,1491.14
ADANIPORTS,2024-09-18,1428.8,1463.35,1490.2
ADANIPORTS,2024-09-19,1408.2,1459.15,1488.81
ADANIPORTS,2024-09-20,1438.7,1456.52,1487.83
ADANIPORTS,2024-09-23,1456.15,1455.2,1487.27
ADANIPORTS,2024-09-24,1456.65,1454.11,1486.67
ADANIPORTS,2024-09-25,1452.55,1453.25,1485.82
ADANIPORTS,2024-09-26,1472.6,1453.08,1485.29
ADANIPORTS,2024-09-27,1456.7,1451.82,1484.55
ADANIPORTS,2024-09-30,1448.2,1449.5,1484.13
ADANIPORTS,2024-10-01,1467.5,1448.9,1484.13
ADANIPORTS,2024-10-03,1425.2,1446.55,1482.49
ADANIPORTS,2024-10-04,1413.7,1443.96,1481.06
ADANIPORTS,2024-10-07,1355.2,1439.6,1478.43
ADANIPORTS,2024-10-08,1418.55,1438.74,1475.94
ADANIPORTS,2024-10-09,1408.15,1436.47,1473.13
ADANIPORTS,2024-10-10,1417.2,1435.8,1470.55
ADANIPORTS,2024-10-11,1408.25,1432.58,1467.32
ADANIPORTS,2024-10-14,1410.3,1430.5,1463.72
ADANIPORTS,2024-10-15,1420.3,1429.48,1460.37
ADANIPORTS,2024-10-16,1403.8,1428.34,1458.57
ADANIPORTS,2024-10-17,1394.7,1426.63,1456.58
ADANIPORTS,2024-10-18,1405.6,1426.5,1453.82
ADANIPORTS,2024-10-21,1375.5,1423.34,1450.95
ADANIPORTS,2024-10-22,1362.85,1418.68,1447.53
ADANIPORTS,2024-10-23,1340.45,1412.86,1444.31
ADANIPORTS,2024-10-24,1354.4,1407.96,1441.73
ADANIPORTS,2024-10-25,1318.7,1400.26,1438.86
ADANIPORTS,2024-10-28,1352.2,1395.04,1436.04
ADANIPORTS,2024-10-29,1372.7,1391.26,1433.56
ADANIPORTS,2024-10-30,1396.2,1387.7,1431.64
ADANIPORTS,2024-10-31,1375.95,1385.24,1429.08
ADANIPORTS,2024-11-01,1394.4,1384.27,1427.13
ADANIPORTS,2024-11-04,1349.25,1383.97,1424.28
ADANIPORTS,2024-11-05,1329.35,1379.51,1421.22
ADANIPORTS,2024-11-06,1370.0,1377.6,1419.05
ADANIPORTS,2024-11-07,1353.1,1374.4,1416.72
ADANIPORTS,2024-11-08,1362.1,1372.09,1414.44
ADANIPORTS,2024-11-11,1347.9,1368.97,1411.76
ADANIPORTS,2024-11-12,1326.0,1364.26,1408.39
ADANIPORTS,2024-11-13,1287.9,1358.46,1404.56
ADANIPORTS,2024-11-14,1264.55,1351.96,1400.41
ADANIPORTS,2024-11-18,1279.3,1345.64,1396.68
ADANIPORTS,2024-11-19,1289.65,1341.35,1393.63
ADANIPORTS,2024-11-21,1114.65,1328.94,1387.2
ADANIPORTS,2024-11-22,1136.75,1318.75,1380.87
APOLLOHOSP,2023-10-03,5118.95,,
APOLLOHOSP,2023-10-04,5047.4,,
APOLLOHOSP,2023-10-05,5047.05,,
APOLLOHOSP,2023-10-06,5060.25,,
APOLLOHOSP,2023-10-09,5047.3,,
APOLLOHOSP,2023-10-10,5066.7,,
APOLLOHOSP,2023-10-11,5092.85,,
APOLLOHOSP,2023-10-12,4993.85,,
APOLLOHOSP,2023-10-13,5017.3,,
APOLLOHOSP,2023-10-16,5021.7,,
APOLLOHOSP,2023-10-17,5028.8,,
APOLLOHOSP,2023-10-18,4977.25,,
APOLLOHOSP,2023-10-19,4997.05,,
APOLLOHOSP,2023-10-20,4977.55,,
APOLLOHOSP,2023-10-23,4969.55,,
APOLLOHOSP,2023-10-25,4859.9,,
APOLLOHOSP,2023-10-26,4760.3,,
APOLLOHOSP,2023-10-27,4830.2,,
APOLLOHOSP,2023-10-30,4841.75,,
APOLLOHOSP,2023-10-31,4819.9,4978.78,
APOLLOHOSP,2023-11-01,4796.55,4962.66,
APOLLOHOSP,2023-11-02,4887.0,4954.64,
APOLLOHOSP,2023-11-03,5153.2,4959.95,
APOLLOHOSP,2023-11-06,5164.95,4965.18,
APOLLOHOSP,2023-11-07,5136.85,4969.66,
APOLLOHOSP,2023-11-08,5110.95,4971.87,
APOLLOHOSP,2023-11-09,5297.6,4982.11,
APOLLOHOSP,2023-11-10,5278.5,4996.34,
APOLLOHOSP,2023-11-12,5275.55,5009.26,
APOLLOHOSP,2023-11-13,5220.65,5019.2,
APOLLOHOSP,2023-11-15,5224.95,5029.01,
APOLLOHOSP,2023-11-16,5338.75,5047.09,
APOLLOHOSP,2023-11-17,5478.95,5071.18,
APOLLOHOSP,2023-11-20,5473.95,5096.0,
APOLLOHOSP,2023-11-21,5466.8,5120.86,
APOLLOHOSP,2023-11-22,5532.0,5154.47,
APOLLOHOSP,2023-11-23,5493.95,5191.15,
APOLLOHOSP,2023-11-24,5401.3,5219.7,
APOLLOHOSP,2023-11-28,5366.8,5245.96,
APOLLOHOSP,2023-11-29,5421.95,5276.06,
APOLLOHOSP,2023-11-30,5528.95,5312.68,
APOLLOHOSP,2023-12-01,5591.15,5347.89,
APOLLOHOSP,2023-12-04,5622.55,5371.36,
APOLLOHOSP,2023-12-05,5580.2,5392.12,
APOLLOHOSP,2023-12-06,5543.1,5412.43,
APOLLOHOSP,2023-12-07,5461.4,5429.95,
APOLLOHOSP,2023-12-08,5555.35,5442.84,
APOLLOHOSP,2023-12-11,5547.35,5456.28,
APOLLOHOSP,2023-12-12,5428.95,5463.95,
APOLLOHOSP,2023-12-13,5426.75,5474.26,5207.65
APOLLOHOSP,2023-12-14,5515.9,5488.8,5215.59
APOLLOHOSP,2023-12-15,5551.2,5499.43,5225.67
APOLLOHOSP,2023-12-18,5498.65,5500.41,5234.7
APOLLOHOSP,2023-12-19,5555.5,5504.49,5244.6
APOLLOHOSP,2023-12-20,5402.2,5501.26,5251.7
APOLLOHOSP,2023-12-21,5475.85,5498.45,5259.88
APOLLOHOSP,2023-12-22,5541.4,5500.82,5268.86
APOLLOHOSP,2023-12-26,5633.15,5512.42,5281.64
APOLLOHOSP,2023-12-27,5687.45,5528.45,5295.04
APOLLOHOSP,2023-12-28,5760.5,5545.38,5309.82
APOLLOHOSP,2023-12-29,5704.1,5554.14,5323.33
APOLLOHOSP,2024-01-01,5750.05,5562.08,5338.78
APOLLOHOSP,2024-01-02,5746.35,5568.27,5353.77
APOLLOHOSP,2024-01-03,5768.3,5577.68,5369.58
APOLLOHOSP,2024-01-04,5762.2,5588.63,5385.44
APOLLOHOSP,2024-01-05,5754.25,5603.27,5403.32
APOLLOHOSP,2024-01-08,5682.0,5609.6,5421.76
APOLLOHOSP,2024-01-09,5797.65,5622.12,5441.11
APOLLOHOSP,2024-01-10,5800.9,5640.72,5460.29
APOLLOHOSP,2024-01-11,5869.9,5662.88,5481.29
APOLLOHOSP,2024-01-12,5795.7,5676.86,5501.27
APOLLOHOSP,2024-01-15,5896.4,5694.12,5521.46
APOLLOHOSP,2024-01-16,5904.55,5714.42,5536.49
APOLLOHOSP,2024-01-17,5925.9,5732.94,5551.71
APOLLOHOSP,2024-01-18,5990.85,5762.37,5568.79
APOLLOHOSP,2024-01-19,6094.65,5793.31,5588.46
APOLLOHOSP,2024-01-20,6122.55,5822.37,5604.96
APOLLOHOSP,2024-01-23,6153.75,5848.4,5622.46
APOLLOHOSP,2024-01-24,6213.35,5874.7,5641.22
APOLLOHOSP,2024-01-25,6168.85,5895.11,5660.18
APOLLOHOSP,2024-01-29,6329.75,5926.4,5682.28
APOLLOHOSP,2024-01-30,6309.8,5954.38,5701.7
APOLLOHOSP,2024-01-31,6352.95,5984.71,5719.18
APOLLOHOSP,2024-02-01,6287.95,6010.7,5735.46
APOLLOHOSP,2024-02-02,6320.55,6038.61,5752.54
APOLLOHOSP,2024-02-05,6234.5,6062.62,5766.59
APOLLOHOSP,2024-02-06,6197.3,6088.39,5780.65
APOLLOHOSP,2024-02-07,6177.95,6107.41,5796.19
APOLLOHOSP,2024-02-08,6231.0,6128.91,5813.47
APOLLOHOSP,2024-02-09,6437.35,6157.28,5833.78
APOLLOHOSP,2024-02-12,6614.45,6198.22,5855.49
APOLLOHOSP,2024-02-13,6718.9,6239.34,5878.04
APOLLOHOSP,2024-02-14,6754.1,6281.82,5900.67
APOLLOHOSP,2024-02-15,6627.6,6316.91,5921.62
APOLLOHOSP,2024-02-16,6600.55,6347.39,5942.77
APOLLOHOSP,2024-02-19,6657.15,6375.52,5966.69
APOLLOHOSP,2024-02-20,6759.45,6407.36,5990.77
APOLLOHOSP,2024-02-21,6760.15,6437.68,6015.02
APOLLOHOSP,2024-02-22,6769.2,6465.48,6041.83
APOLLOHOSP,2024-02-23,6774.05,6495.74,6068.78
APOLLOHOSP,2024-02-26,6584.0,6508.45,6090.14
APOLLOHOSP,2024-02-27,6620.6,6523.99,6111.52
APOLLOHOSP,2024-02-28,6362.35,6524.46,6128.8
APOLLOHOSP,2024-02-29,6101.6,6515.14,6139.72
APOLLOHOSP,2024-03-01,6085.4,6503.38,6153.38
APOLLOHOSP,2024-03-02,6133.3,6498.32,6166.53
APOLLOHOSP,2024-03-04,6033.3,6490.12,6176.37
APOLLOHOSP,2024-03-05,6061.1,6484.28,6184.93
APOLLOHOSP,2024-03-06,6054.3,6475.45,6192.27
APOLLOHOSP,2024-03-07,6048.8,6456.02,6198.03
APOLLOHOSP,2024-03-11,6204.7,6435.53,6208.05
APOLLOHOSP,2024-03-12,6144.8,6406.82,6215.94
APOLLOHOSP,2024-03-13,6008.4,6369.54,6221.18
APOLLOHOSP,2024-03-14,6023.15,6339.32,6226.28
APOLLOHOSP,2024-03-15,5983.2,6308.45,6230.7
APOLLOHOSP,2024-03-18,6136.55,6282.42,6238.34
APOLLOHOSP,2024-03-19,6113.2,6250.11,6246.97
APOLLOHOSP,2024-03-20,6174.05,6220.8,6254.5
APOLLOHOSP,2024-03-21,6182.5,6191.47,6262.13
APOLLOHOSP,2024-03-22,6375.9,6171.56,6272.25
APOLLOHOSP,2024-03-26,6322.45,6158.48,6282.78
APOLLOHOSP,2024-03-27,6231.45,6139.02,6289.48
APOLLOHOSP,2024-03-28,6356.8,6138.75,6298.53
APOLLOHOSP,2024-04-01,6457.25,6156.53,6309.16
APOLLOHOSP,2024-04-02,6419.75,6173.25,6317.74
APOLLOHOSP,2024-04-03,6375.05,6185.34,6323.34
APOLLOHOSP,2024-04-04,6440.6,6205.7,6329.7
APOLLOHOSP,2024-04-05,6397.75,6222.53,6334.58
APOLLOHOSP,2024-04-08,6307.75,6235.2,6336.47
APOLLOHOSP,2024-04-09,6505.05,6258.02,6343.2
APOLLOHOSP,2024-04-10,6489.85,6272.28,6346.4
APOLLOHOSP,2024-04-12,6406.55,6285.36,6348.33
APOLLOHOSP,2024-04-15,6303.15,6300.1,6347.34
APOLLOHOSP,2024-04-16,6334.75,6315.68,6348.27
APOLLOHOSP,2024-04-18,6074.15,6320.23,6343.34
APOLLOHOSP,2024-04-19,6169.55,6321.88,6342.05
APOLLOHOSP,2024-04-22,6238.55,6328.14,6342.87
APOLLOHOSP,2024-04-23,6194.9,6329.19,6343.21
APOLLOHOSP,2024-04-24,6283.35,6334.23,6344.26
APOLLOHOSP,2024-04-25,6384.1,6334.64,6343.19
APOLLOHOSP,2024-04-26,6258.6,6331.45,6336.08
APOLLOHOSP,2024-04-29,5968.35,6318.29,6321.06
APOLLOHOSP,2024-04-30,5947.1,6297.81,6304.92
APOLLOHOSP,2024-05-02,5958.55,6272.87,6291.54
APOLLOHOSP,2024-05-03,6009.6,6252.36,6279.72
APOLLOHOSP,2024-05-06,6056.7,6236.45,6267.72
APOLLOHOSP,2024-05-07,5900.25,6209.43,6250.53
APOLLOHOSP,2024-05-08,5846.5,6181.87,6232.26
APOLLOHOSP,2024-05-09,5806.4,6156.8,6213.0
APOLLOHOSP,2024-05-10,5842.45,6123.67,6194.37
APOLLOHOSP,2024-05-13,5830.15,6090.68,6179.29
APOLLOHOSP,2024-05-14,5862.8,6063.5,6164.14
APOLLOHOSP,2024-05-15,5848.8,6040.78,6153.87
APOLLOHOSP,2024-05-16,5931.7,6020.63,6150.47
APOLLOHOSP,2024-05-17,5953.05,6014.57,6147.82
APOLLOHOSP,2024-05-18,5953.95,6003.79,6144.23
APOLLOHOSP,2024-05-21,5948.25,5989.28,6142.53
APOLLOHOSP,2024-05-22,5868.15,5972.94,6138.67
APOLLOHOSP,2024-05-23,5970.05,5957.28,6136.99
APOLLOHOSP,2024-05-24,5914.35,5933.79,6134.3
APOLLOHOSP,2024-05-27,5939.3,5917.82,6128.99
APOLLOHOSP,2024-05-28,5904.5,5914.63,6124.19
APOLLOHOSP,2024-05-29,5903.45,5912.45,6122.09
APOLLOHOSP,2024-05-30,5766.45,5902.84,6116.95
APOLLOHOSP,2024-05-31,5839.2,5894.32,6114.07
APOLLOHOSP,2024-06-03,5851.2,5884.05,6108.37
APOLLOHOSP,2024-06-04,5845.7,5881.32,6103.02
APOLLOHOSP,2024-06-05,5934.65,5885.73,6098.23
APOLLOHOSP,2024-06-06,5962.0,5893.51,6093.82
APOLLOHOSP,2024-06-07,6014.55,5902.11,6086.59
APOLLOHOSP,2024-06-10,6056.7,5913.44,6081.28
APOLLOHOSP,2024-06-11,6107.95,5925.7,6078.81
APOLLOHOSP,2024-06-12,6168.6,5941.69,6075.04
APOLLOHOSP,2024-06-13,6206.2,5955.41,6070.02
APOLLOHOSP,2024-06-14,6207.6,5968.14,6065.78
APOLLOHOSP,2024-06-18,6236.35,5982.26,6063.0
APOLLOHOSP,2024-06-19,6173.55,5993.52,6057.66
APOLLOHOSP,2024-06-20,6175.85,6008.91,6053.22
APOLLOHOSP,2024-06-21,6170.0,6018.91,6050.47
APOLLOHOSP,2024-06-24,6259.55,6036.17,6045.56
APOLLOHOSP,2024-06-25,6295.35,6053.97,6041.67
APOLLOHOSP,2024-06-26,6136.8,6065.58,6036.28
APOLLOHOSP,2024-06-27,6192.5,6080.04,6034.06
APOLLOHOSP,2024-06-28,6185.7,6101.0,6031.08
APOLLOHOSP,2024-07-01,6140.5,6116.06,6032.41
APOLLOHOSP,2024-07-02,6097.6,6128.38,6030.97
APOLLOHOSP,2024-07-03,6192.7,6145.74,6030.05
APOLLOHOSP,2024-07-04,6225.05,6160.26,6030.66
APOLLOHOSP,2024-07-05,6328.55,6178.58,6031.56
APOLLOHOSP,2024-07-08,6317.45,6193.73,6030.23
APOLLOHOSP,2024-07-09,6320.3,6206.91,6031.46
APOLLOHOSP,2024-07-10,6375.7,6220.3,6039.61
APOLLOHOSP,2024-07-11,6389.05,6231.32,6048.45
APOLLOHOSP,2024-07-12,6353.9,6238.7,6056.35
APOLLOHOSP,2024-07-15,6437.25,6250.18,6064.91
APOLLOHOSP,2024-07-16,6453.7,6261.05,6072.85
APOLLOHOSP,2024-07-18,6520.85,6278.42,6085.26
APOLLOHOSP,2024-07-19,6381.95,6288.72,6095.97
APOLLOHOSP,2024-07-22,6402.15,6300.33,6107.88
APOLLOHOSP,2024-07-23,6403.6,6307.53,6119.1
APOLLOHOSP,2024-07-24,6422.6,6313.9,6130.95
APOLLOHOSP,2024-07-25,6385.8,6326.34,6141.41
APOLLOHOSP,2024-07-26,6664.55,6349.95,6157.73
APOLLOHOSP,2024-07-29,6681.65,6374.75,6172.73
APOLLOHOSP,2024-07-30,6641.0,6399.77,6186.49
APOLLOHOSP,2024-07-31,6615.3,6425.66,6199.71
APOLLOHOSP,2024-08-01,6706.4,6451.34,6214.88
APOLLOHOSP,2024-08-02,6710.15,6475.59,6231.72
APOLLOHOSP,2024-08-05,6687.6,6493.55,6246.07
APOLLOHOSP,2024-08-06,6657.7,6510.56,6260.94
APOLLOHOSP,2024-08-07,6720.35,6530.56,6276.56
APOLLOHOSP,2024-08-08,6541.9,6538.87,6289.3
APOLLOHOSP,2024-08-09,6587.85,6548.81,6302.99
APOLLOHOSP,2024-08-12,6502.4,6556.24,6317.71
APOLLOHOSP,2024-08-13,6589.4,6563.84,6332.72
APOLLOHOSP,2024-08-14,6515.85,6566.95,6346.01
APOLLOHOSP,2024-08-16,6686.9,6575.26,6362.83
APOLLOHOSP,2024-08-19,6724.9,6592.4,6378.64
APOLLOHOSP,2024-08-20,6672.9,6605.94,6392.86
APOLLOHOSP,2024-08-21,6752.45,6623.38,6407.61
APOLLOHOSP,2024-08-22,6830.55,6643.78,6423.09
APOLLOHOSP,2024-08-23,6860.7,6667.52,6438.14
APOLLOHOSP,2024-08-26,6780.0,6673.3,6450.37
APOLLOHOSP,2024-08-27,6781.45,6678.29,6461.88
APOLLOHOSP,2024-08-28,6776.45,6685.06,6473.26
APOLLOHOSP,2024-08-29,6857.2,6697.16,6485.67
APOLLOHOSP,2024-08-30,6927.5,6708.21,6500.75
APOLLOHOSP,2024-09-02,6880.05,6716.7,6514.84
APOLLOHOSP,2024-09-03,6844.85,6724.57,6528.33
APOLLOHOSP,2024-09-04,6930.9,6738.23,6541.76
APOLLOHOSP,2024-09-05,6934.3,6748.92,6554.54
APOLLOHOSP,2024-09-06,6906.8,6767.17,6569.94
APOLLOHOSP,2024-09-09,6860.7,6780.81,6583.3
APOLLOHOSP,2024-09-10,6921.55,6801.77,6598.02
APOLLOHOSP,2024-09-11,6900.25,6817.31,6613.21
APOLLOHOSP,2024-09-12,7061.8,6844.61,6632.5
APOLLOHOSP,2024-09-13,7019.15,6861.22,6649.03
APOLLOHOSP,2024-09-16,7031.35,6876.54,6665.15
APOLLOHOSP,2024-09-17,7008.05,6893.3,6678.74
APOLLOHOSP,2024-09-18,7035.9,6907.48,6693.11
APOLLOHOSP,2024-09-19,7030.25,6917.46,6707.31
APOLLOHOSP,2024-09-20,7082.65,6928.56,6721.45
APOLLOHOSP,2024-09-23,7152.8,6947.2,6736.72
APOLLOHOSP,2024-09-24,7122.0,6964.22,6752.09
APOLLOHOSP,2024-09-25,7133.45,6982.08,6766.01
APOLLOHOSP,2024-09-26,7167.85,6997.61,6780.29
APOLLOHOSP,2024-09-27,7234.0,7012.93,6794.56
APOLLOHOSP,2024-09-30,7199.15,7028.89,6810.9
APOLLOHOSP,2024-10-01,7153.35,7044.31,6825.92
APOLLOHOSP,2024-10-03,6905.95,7043.06,6835.97
APOLLOHOSP,2024-10-04,6773.6,7035.03,6842.99
APOLLOHOSP,2024-10-07,6773.15,7028.35,6850.74
APOLLOHOSP,2024-10-08,6924.3,7031.53,6855.93
APOLLOHOSP,2024-10-09,7008.9,7035.9,6862.48
APOLLOHOSP,2024-10-10,6955.05,7038.63,6868.76
APOLLOHOSP,2024-10-11,6983.4,7034.71,6876.12
APOLLOHOSP,2024-10-14,7092.6,7038.39,6883.85
APOLLOHOSP,2024-10-15,7140.15,7043.83,6892.45
APOLLOHOSP,2024-10-16,7071.3,7046.99,6900.12
APOLLOHOSP,2024-10-17,6989.3,7044.66,6906.75
APOLLOHOSP,2024-10-18,6982.9,7042.29,6912.0
APOLLOHOSP,2024-10-21,6986.4,7037.48,6920.89
APOLLOHOSP,2024-10-22,6891.95,7024.44,6926.98
APOLLOHOSP,2024-10-23,6906.75,7013.68,6935.06
APOLLOHOSP,2024-10-24,6954.15,7004.71,6942.36
APOLLOHOSP,2024-10-25,6944.85,6993.56,6950.94
APOLLOHOSP,2024-10-28,6926.3,6978.18,6955.72
APOLLOHOSP,2024-10-29,6987.45,6967.59,6960.98
APOLLOHOSP,2024-10-30,6982.5,6959.05,6967.17
APOLLOHOSP,2024-10-31,7022.7,6964.88,6972.57
APOLLOHOSP,2024-11-01,7031.95,6977.8,6976.6
APOLLOHOSP,2024-11-04,6958.4,6987.06,6978.56
APOLLOHOSP,2024-11-05,6966.3,6989.16,6982.28
APOLLOHOSP,2024-11-06,6968.1,6987.12,6986.01
APOLLOHOSP,2024-11-07,7424.85,7010.62,6998.98
APOLLOHOSP,2024-11-08,7421.4,7032.52,7010.27
APOLLOHOSP,2024-11-11,7155.45,7035.66,7014.82
APOLLOHOSP,2024-11-12,7019.55,7029.63,7017.62
APOLLOHOSP,2024-11-13,6858.85,7019.0,7017.9
APOLLOHOSP,2024-11-14,6860.65,7012.57,7016.49
APOLLOHOSP,2024-11-18,6741.9,7000.52,7012.64
APOLLOHOSP,2024-11-19,6686.9,6985.55,7008.24
APOLLOHOSP,2024-11-21,6742.5,6978.08,7005.88
APOLLOHOSP,2024-11-22,6935.1,6979.49,7006.15
ASIANPAINT,2023-10-03,3166.85,,
ASIANPAINT,2023-10-04,3169.9,,
ASIANPAINT,2023-10-05,3206.25,,
ASIANPAINT,2023-10-06,3195.75,,
ASIANPAINT,2023-10-09,3152.8,,
ASIANPAINT,2023-10-10,3151.5,,
ASIANPAINT,2023-10-11,3163.9,,
ASIANPAINT,2023-10-12,3159.1,,
ASIANPAINT,2023-10-13,3148.8,,
ASIANPAINT,2023-10-16,3112.05,,
ASIANPAINT,2023-10-17,3113.55,,
ASIANPAINT,2023-10-18,3096.45,,
ASIANPAINT,2023-10-19,3101.8,,
ASIANPAINT,2023-10-20,3105.85,,
ASIANPAINT,2023-10-23,3072.0,,
ASIANPAINT,2023-10-25,3060.8,,
ASIANPAINT,2023-10-26,2960.3,,
ASIANPAINT,2023-10-27,2955.15,,
ASIANPAINT,2023-10-30,2967.1,,
ASIANPAINT,2023-10-31,2995.7,3102.78,
ASIANPAINT,2023-11-01,2934.55,3091.16,
ASIANPAINT,2023-11-02,2955.4,3080.44,
ASIANPAINT,2023-11-03,2977.85,3069.02,
ASIANPAINT,2023-11-06,3029.3,3060.7,
ASIANPAINT,2023-11-07,3033.35,3054.72,
ASIANPAINT,2023-11-08,3095.25,3051.91,
ASIANPAINT,2023-11-09,3080.2,3047.73,
ASIANPAINT,2023-11-10,3076.45,3043.6,
ASIANPAINT,2023-11-12,3098.15,3041.06,
ASIANPAINT,2023-11-13,3085.6,3039.74,
ASIANPAINT,2023-11-15,3116.2,3039.87,
ASIANPAINT,2023-11-16,3130.3,3041.56,
ASIANPAINT,2023-11-17,3168.9,3044.92,
ASIANPAINT,2023-11-20,3140.35,3046.64,
ASIANPAINT,2023-11-21,3133.25,3049.71,
ASIANPAINT,2023-11-22,3133.0,3053.32,
ASIANPAINT,2023-11-23,3122.95,3061.45,
ASIANPAINT,2023-11-24,3136.15,3070.5,
ASIANPAINT,2023-11-28,3148.35,3079.56,
ASIANPAINT,2023-11-29,3148.35,3087.2,
ASIANPAINT,2023-11-30,3119.9,3096.46,
ASIANPAINT,2023-12-01,3173.4,3107.36,
ASIANPAINT,2023-12-04,3194.55,3118.2,
ASIANPAINT,2023-12-05,3226.25,3128.04,
ASIANPAINT,2023-12-06,3252.55,3139.0,
ASIANPAINT,2023-12-07,3251.8,3146.83,
ASIANPAINT,2023-12-08,3232.0,3154.42,
ASIANPAINT,2023-12-11,3233.0,3162.25,
ASIANPAINT,2023-12-12,3224.75,3168.58,
ASIANPAINT,2023-12-13,3243.65,3176.48,3119.03
ASIANPAINT,2023-12-14,3241.35,3182.74,3120.52
ASIANPAINT,2023-12-15,3313.9,3191.92,3123.4
ASIANPAINT,2023-12-18,3332.05,3200.08,3125.91
ASIANPAINT,2023-12-19,3336.05,3209.86,3128.72
ASIANPAINT,2023-12-20,3297.15,3218.06,3131.61
ASIANPAINT,2023-12-21,3302.95,3226.56,3134.64
ASIANPAINT,2023-12-22,3341.3,3237.47,3138.18
ASIANPAINT,2023-12-26,3383.35,3249.83,3142.67
ASIANPAINT,2023-12-27,3404.45,3262.64,3147.78
ASIANPAINT,2023-12-28,3397.25,3275.08,3153.48
ASIANPAINT,2023-12-29,3402.4,3289.21,3159.26
ASIANPAINT,2024-01-01,3396.1,3300.34,3165.26
ASIANPAINT,2024-01-02,3391.35,3310.18,3171.05
ASIANPAINT,2024-01-03,3373.6,3317.55,3176.4
ASIANPAINT,2024-01-04,3379.95,3323.92,3182.56
ASIANPAINT,2024-01-05,3355.55,3329.11,3188.46
ASIANPAINT,2024-01-08,3298.4,3332.43,3195.22
ASIANPAINT,2024-01-09,3267.5,3334.15,3201.46
ASIANPAINT,2024-01-10,3286.85,3337.26,3207.86
ASIANPAINT,2024-01-11,3288.2,3339.48,3213.71
ASIANPAINT,2024-01-12,3277.8,3341.31,3220.57
ASIANPAINT,2024-01-15,3273.9,3339.31,3226.94
ASIANPAINT,2024-01-16,3296.9,3337.55,3233.32
ASIANPAINT,2024-01-17,3242.3,3332.86,3237.58
ASIANPAINT,2024-01-18,3163.85,3326.2,3240.2
ASIANPAINT,2024-01-19,3165.85,3319.34,3241.61
ASIANPAINT,2024-01-20,3138.8,3309.22,3242.78
ASIANPAINT,2024-01-23,3054.7,3292.78,3242.34
ASIANPAINT,2024-01-24,2999.45,3272.54,3240.37
ASIANPAINT,2024-01-25,2949.2,3250.13,3237.64
ASIANPAINT,2024-01-29,2976.05,3228.81,3234.84
ASIANPAINT,2024-01-30,2954.1,3206.72,3231.32
ASIANPAINT,2024-01-31,2957.85,3185.04,3227.09
ASIANPAINT,2024-02-01,2929.35,3162.83,3222.87
ASIANPAINT,2024-02-02,2936.3,3140.64,3218.94
ASIANPAINT,2024-02-05,2917.35,3118.74,3214.62
ASIANPAINT,2024-02-06,2930.95,3100.36,3210.78
ASIANPAINT,2024-02-07,2981.15,3086.04,3207.68
ASIANPAINT,2024-02-08,2929.6,3068.18,3203.31
ASIANPAINT,2024-02-09,2951.65,3051.36,3199.37
ASIANPAINT,2024-02-12,2953.8,3035.16,3196.05
ASIANPAINT,2024-02-13,2971.6,3020.04,3192.02
ASIANPAINT,2024-02-14,2976.4,3004.02,3187.65
ASIANPAINT,2024-02-15,3016.55,2992.73,3183.46
ASIANPAINT,2024-02-16,3007.9,2984.93,3178.56
ASIANPAINT,2024-02-19,2998.1,2976.54,3173.49
ASIANPAINT,2024-02-20,3011.65,2970.18,3169.08
ASIANPAINT,2024-02-21,3001.8,2967.54,3164.46
ASIANPAINT,2024-02-22,3017.4,2968.44,3160.31
ASIANPAINT,2024-02-23,2985.95,2970.28,3155.16
ASIANPAINT,2024-02-26,2868.45,2964.9,3147.7
ASIANPAINT,2024-02-27,2859.55,2960.17,3138.61
ASIANPAINT,2024-02-28,2794.35,2951.99,3127.86
ASIANPAINT,2024-02-29,2821.9,2946.62,3117.58
ASIANPAINT,2024-03-01,2831.75,2941.39,3108.27
ASIANPAINT,2024-03-02,2849.8,2938.02,3099.21
ASIANPAINT,2024-03-04,2831.75,2933.06,3089.02
ASIANPAINT,2024-03-05,2820.4,2925.02,3077.76
ASIANPAINT,2024-03-06,2827.3,2919.9,3066.21
ASIANPAINT,2024-03-07,2870.55,2915.85,3055.68
ASIANPAINT,2024-03-11,2876.85,2912.0,3045.17
ASIANPAINT,2024-03-12,2876.15,2907.23,3034.77
ASIANPAINT,2024-03-13,2860.15,2901.42,3024.14
ASIANPAINT,2024-03-14,2892.25,2895.2,3014.52
ASIANPAINT,2024-03-15,2867.55,2888.18,3004.27
ASIANPAINT,2024-03-18,2846.5,2880.6,2994.09
ASIANPAINT,2024-03-19,2815.1,2870.78,2984.42
ASIANPAINT,2024-03-20,2824.9,2861.93,2975.57
ASIANPAINT,2024-03-21,2821.15,2852.12,2966.26
ASIANPAINT,2024-03-22,2841.5,2844.9,2957.32
ASIANPAINT,2024-03-26,2814.65,2842.21,2948.06
ASIANPAINT,2024-03-27,2830.5,2840.75,2939.19
ASIANPAINT,2024-03-28,2846.75,2843.37,2930.19
ASIANPAINT,2024-04-01,2871.0,2845.83,2922.76
ASIANPAINT,2024-04-02,2874.2,2847.95,2916.97
ASIANPAINT,2024-04-03,2869.35,2848.93,2911.04
ASIANPAINT,2024-04-04,2918.3,2853.26,2906.63
ASIANPAINT,2024-04-05,2883.45,2856.41,2903.2
ASIANPAINT,2024-04-08,2892.0,2859.64,2901.06
ASIANPAINT,2024-04-09,2857.15,2858.97,2899.22
ASIANPAINT,2024-04-10,2896.75,2859.97,2897.63
ASIANPAINT,2024-04-12,2854.5,2858.88,2895.64
ASIANPAINT,2024-04-15,2844.4,2858.1,2893.37
ASIANPAINT,2024-04-16,2830.0,2854.98,2891.38
ASIANPAINT,2024-04-18,2807.7,2851.99,2888.81
ASIANPAINT,2024-04-19,2808.55,2850.1,2886.63
ASIANPAINT,2024-04-22,2841.85,2851.43,2884.85
ASIANPAINT,2024-04-23,2874.9,2853.93,2882.73
ASIANPAINT,2024-04-24,2867.75,2856.26,2881.49
ASIANPAINT,2024-04-25,2861.45,2857.26,2879.68
ASIANPAINT,2024-04-26,2844.15,2858.73,2877.49
ASIANPAINT,2024-04-29,2868.2,2860.62,2875.42
ASIANPAINT,2024-04-30,2875.9,2862.08,2873.41
ASIANPAINT,2024-05-02,2975.4,2867.3,2872.59
ASIANPAINT,2024-05-03,2929.75,2870.08,2871.03
ASIANPAINT,2024-05-06,2932.15,2873.22,2869.71
ASIANPAINT,2024-05-07,2913.0,2872.95,2867.74
ASIANPAINT,2024-05-08,2843.3,2870.94,2864.57
ASIANPAINT,2024-05-09,2710.1,2861.85,2858.42
ASIANPAINT,2024-05-10,2771.25,2857.55,2854.13
ASIANPAINT,2024-05-13,2879.25,2856.68,2854.34
ASIANPAINT,2024-05-14,2866.15,2857.26,2854.47
ASIANPAINT,2024-05-15,2813.7,2855.72,2854.86
ASIANPAINT,2024-05-16,2814.05,2854.93,2854.7
ASIANPAINT,2024-05-17,2809.9,2855.04,2854.27
ASIANPAINT,2024-05-18,2816.35,2855.43,2853.6
ASIANPAINT,2024-05-21,2851.8,2855.92,2854.0
ASIANPAINT,2024-05-22,2885.75,2856.47,2855.31
ASIANPAINT,2024-05-23,2903.75,2858.27,2856.84
ASIANPAINT,2024-05-24,2874.75,2858.93,2856.92
ASIANPAINT,2024-05-27,2872.3,2860.34,2856.83
ASIANPAINT,2024-05-28,2911.2,2862.49,2857.53
ASIANPAINT,2024-05-29,2900.15,2863.7,2858.33
ASIANPAINT,2024-05-30,2883.7,2859.12,2858.16
ASIANPAINT,2024-05-31,2881.2,2856.69,2858.43
ASIANPAINT,2024-06-03,2866.45,2853.4,2858.83
ASIANPAINT,2024-06-04,2857.65,2850.64,2859.68
ASIANPAINT,2024-06-05,2961.75,2856.56,2862.42
ASIANPAINT,2024-06-06,2904.8,2866.29,2864.09
ASIANPAINT,2024-06-07,2927.7,2874.12,2865.82
ASIANPAINT,2024-06-10,2937.55,2877.03,2868.27
ASIANPAINT,2024-06-11,2902.45,2878.85,2869.71
ASIANPAINT,2024-06-12,2905.8,2883.45,2870.89
ASIANPAINT,2024-06-13,2910.0,2888.25,2871.67
ASIANPAINT,2024-06-14,2921.6,2893.84,2872.62
ASIANPAINT,2024-06-18,2918.5,2898.94,2873.6
ASIANPAINT,2024-06-19,2891.7,2900.94,2873.07
ASIANPAINT,2024-06-20,2915.5,2902.42,2873.71
ASIANPAINT,2024-06-21,2890.85,2901.78,2873.69
ASIANPAINT,2024-06-24,2896.05,2902.84,2874.47
ASIANPAINT,2024-06-25,2858.45,2902.15,2873.7
ASIANPAINT,2024-06-26,2863.35,2899.76,2873.88
ASIANPAINT,2024-06-27,2880.85,2898.79,2874.61
ASIANPAINT,2024-06-28,2917.05,2900.46,2876.35
ASIANPAINT,2024-07-01,2927.8,2902.79,2878.75
ASIANPAINT,2024-07-02,2925.6,2905.75,2881.09
ASIANPAINT,2024-07-03,2925.55,2909.14,2882.77
ASIANPAINT,2024-07-04,2934.9,2907.8,2883.97
ASIANPAINT,2024-07-05,2935.9,2909.36,2885.33
ASIANPAINT,2024-07-08,2898.15,2907.88,2886.06
ASIANPAINT,2024-07-09,2905.0,2906.25,2887.28
ASIANPAINT,2024-07-10,2996.45,2910.95,2889.84
ASIANPAINT,2024-07-11,3022.05,2916.77,2892.77
ASIANPAINT,2024-07-12,2999.15,2921.22,2893.24
ASIANPAINT,2024-07-15,2956.5,2922.97,2893.78
ASIANPAINT,2024-07-16,2974.45,2925.76,2894.62
ASIANPAINT,2024-07-18,2931.55,2927.76,2895.0
ASIANPAINT,2024-07-19,2946.05,2929.28,2897.05
ASIANPAINT,2024-07-22,2934.3,2931.46,2901.53
ASIANPAINT,2024-07-23,2897.1,2931.51,2904.05
ASIANPAINT,2024-07-24,2912.8,2934.23,2904.72
ASIANPAINT,2024-07-25,2901.4,2936.13,2905.43
ASIANPAINT,2024-07-26,2950.15,2939.6,2908.16
ASIANPAINT,2024-07-29,2954.7,2941.48,2910.97
ASIANPAINT,2024-07-30,3005.05,2945.34,2914.87
ASIANPAINT,2024-07-31,3084.45,2953.28,2920.23
ASIANPAINT,2024-08-01,3099.35,2961.97,2925.19
ASIANPAINT,2024-08-02,3106.7,2970.56,2929.6
ASIANPAINT,2024-08-05,3093.4,2978.44,2933.4
ASIANPAINT,2024-08-06,3101.75,2988.62,2937.94
ASIANPAINT,2024-08-07,3101.45,2998.44,2942.52
ASIANPAINT,2024-08-08,3005.4,2998.89,2944.4
ASIANPAINT,2024-08-09,3040.6,2999.82,2947.21
ASIANPAINT,2024-08-12,3053.2,3002.52,2950.6
ASIANPAINT,2024-08-13,3023.55,3005.87,2953.45
ASIANPAINT,2024-08-14,3025.85,3008.44,2956.64
ASIANPAINT,2024-08-16,3048.15,3014.27,2960.45
ASIANPAINT,2024-08-19,3076.3,3020.78,2962.74
ASIANPAINT,2024-08-20,3103.2,3029.23,2966.71
ASIANPAINT,2024-08-21,3151.55,3041.95,2971.18
ASIANPAINT,2024-08-22,3186.6,3055.64,2976.16
ASIANPAINT,2024-08-23,3154.65,3068.3,2981.21
ASIANPAINT,2024-08-26,3171.35,3079.36,2986.52
ASIANPAINT,2024-08-27,3166.2,3089.94,2991.64
ASIANPAINT,2024-08-28,3125.5,3095.96,2995.72
ASIANPAINT,2024-08-29,3115.85,3097.53,2999.67
ASIANPAINT,2024-08-30,3126.8,3098.9,3004.37
ASIANPAINT,2024-09-02,3150.95,3101.12,3009.08
ASIANPAINT,2024-09-03,3154.85,3104.19,3014.36
ASIANPAINT,2024-09-04,3231.65,3110.68,3021.07
ASIANPAINT,2024-09-05,3238.25,3117.52,3028.67
ASIANPAINT,2024-09-06,3273.7,3130.94,3036.88
ASIANPAINT,2024-09-09,3280.75,3142.94,3044.87
ASIANPAINT,2024-09-10,3295.05,3155.04,3052.43
ASIANPAINT,2024-09-11,3367.45,3172.23,3061.23
ASIANPAINT,2024-09-12,3383.25,3190.1,3070.38
ASIANPAINT,2024-09-13,3358.05,3205.6,3079.03
ASIANPAINT,2024-09-16,3335.8,3218.57,3087.05
ASIANPAINT,2024-09-17,3312.8,3229.05,3094.58
ASIANPAINT,2024-09-18,3274.65,3235.21,3102.12
ASIANPAINT,2024-09-19,3293.85,3240.57,3109.89
ASIANPAINT,2024-09-20,3306.95,3248.19,3116.1
ASIANPAINT,2024-09-23,3277.45,3253.49,3121.21
ASIANPAINT,2024-09-24,3248.4,3257.6,3126.2
ASIANPAINT,2024-09-25,3244.75,3263.56,3131.96
ASIANPAINT,2024-09-26,3277.05,3271.62,3138.01
ASIANPAINT,2024-09-27,3310.75,3280.82,3145.6
ASIANPAINT,2024-09-30,3329.1,3289.73,3153.26
ASIANPAINT,2024-10-01,3277.35,3295.85,3160.12
ASIANPAINT,2024-10-03,3149.3,3291.73,3165.16
ASIANPAINT,2024-10-04,3072.5,3283.45,3168.36
ASIANPAINT,2024-10-07,3062.25,3272.88,3171.57
ASIANPAINT,2024-10-08,3088.05,3263.24,3174.33
ASIANPAINT,2024-10-09,3078.85,3252.43,3176.81
ASIANPAINT,2024-10-10,3059.1,3237.01,3177.9
ASIANPAINT,2024-10-11,3037.2,3219.71,3176.95
ASIANPAINT,2024-10-14,3039.15,3203.77,3175.75
ASIANPAINT,2024-10-15,3067.1,3190.33,3174.95
ASIANPAINT,2024-10-16,3082.1,3178.8,3174.73
ASIANPAINT,2024-10-17,3055.85,3167.86,3173.81
ASIANPAINT,2024-10-18,2992.15,3152.77,3171.62
ASIANPAINT,2024-10-21,3049.2,3139.88,3172.5
ASIANPAINT,2024-10-22,3006.85,3126.35,3171.82
ASIANPAINT,2024-10-23,2989.7,3113.42,3170.55
ASIANPAINT,2024-10-24,2972.0,3099.78,3169.52
ASIANPAINT,2024-10-25,2958.0,3083.83,3168.17
ASIANPAINT,2024-10-28,3001.85,3068.38,3167.24
ASIANPAINT,2024-10-29,2992.85,3051.57,3165.57
ASIANPAINT,2024-10-30,2996.65,3037.54,3163.44
ASIANPAINT,2024-10-31,2935.65,3026.85,3159.12
ASIANPAINT,2024-11-01,2939.85,3020.22,3154.19
ASIANPAINT,2024-11-04,2915.3,3012.87,3149.4
ASIANPAINT,2024-11-05,2887.3,3002.84,3143.72
ASIANPAINT,2024-11-06,2897.3,2993.76,3138.34
ASIANPAINT,2024-11-07,2842.85,2982.94,3132.69
ASIANPAINT,2024-11-08,2769.45,2969.56,3125.76
ASIANPAINT,2024-11-11,2543.1,2944.76,3114.09
ASIANPAINT,2024-11-12,2474.85,2915.14,3100.56
ASIANPAINT,2024-11-13,2470.5,2884.56,3086.88
ASIANPAINT,2024-11-14,2483.15,2855.93,3071.91
ASIANPAINT,2024-11-18,2483.7,2830.5,3056.82
ASIANPAINT,2024-11-19,2483.7,2802.23,3041.02
ASIANPAINT,2024-11-21,2428.15,2773.29,3023.96
ASIANPAINT,2024-11-22,2472.2,2747.42,3007.51
AXISBANK,2023-10-03,1041.05,,
AXISBANK,2023-10-04,995.55,,
AXISBANK,2023-10-05,1003.25,,
AXISBANK,2023-10-06,1000.95,,
AXISBANK,2023-10-09,996.25,,
AXISBANK,2023-10-10,1012.25,,
AXISBANK,2023-10-11,1019.1,,
AXISBANK,2023-10-12,1018.45,,
AXISBANK,2023-10-13,994.05,,
AXISBANK,2023-10-16,1004.8,,
AXISBANK,2023-10-17,1008.05,,
AXISBANK,2023-10-18,992.85,,
AXISBANK,2023-10-19,991.4,,
AXISBANK,2023-10-20,980.35,,
AXISBANK,2023-10-23,964.3,,
AXISBANK,2023-10-25,955.45,,
AXISBANK,2023-10-26,972.05,,
AXISBANK,2023-10-27,1002.75,,
AXISBANK,2023-10-30,989.2,,
AXISBANK,2023-10-31,981.85,996.2,
AXISBANK,2023-11-01,971.8,992.74,
AXISBANK,2023-11-02,982.95,992.11,
AXISBANK,2023-11-03,988.85,991.38,
AXISBANK,2023-11-06,1009.4,991.81,
AXISBANK,2023-11-07,1020.9,993.04,
AXISBANK,2023-11-08,1021.7,993.51,
AXISBANK,2023-11-09,1021.9,993.65,
AXISBANK,2023-11-10,1029.2,994.19,
AXISBANK,2023-11-12,1029.95,995.98,
AXISBANK,2023-11-13,1025.35,997.01,
AXISBANK,2023-11-15,1041.35,998.68,
AXISBANK,2023-11-16,1026.35,1000.35,
AXISBANK,2023-11-17,994.35,1000.5,
AXISBANK,2023-11-20,988.7,1000.92,
AXISBANK,2023-11-21,991.8,1002.29,
AXISBANK,2023-11-22,998.1,1004.42,
AXISBANK,2023-11-23,999.05,1005.78,
AXISBANK,2023-11-24,1008.5,1006.06,
AXISBANK,2023-11-28,1021.15,1007.66,
AXISBANK,2023-11-29,1060.15,1011.58,
AXISBANK,2023-11-30,1074.25,1016.7,
AXISBANK,2023-12-01,1104.65,1022.78,
AXISBANK,2023-12-04,1125.6,1029.62,
AXISBANK,2023-12-05,1132.45,1035.77,
AXISBANK,2023-12-06,1120.5,1040.75,
AXISBANK,2023-12-07,1117.85,1045.56,
AXISBANK,2023-12-08,1131.2,1051.03,
AXISBANK,2023-12-11,1116.5,1055.39,
AXISBANK,2023-12-12,1131.0,1060.44,
AXISBANK,2023-12-13,1114.85,1064.92,1026.49
AXISBANK,2023-12-14,1120.45,1068.87,1028.07
AXISBANK,2023-12-15,1120.35,1073.57,1030.57
AXISBANK,2023-12-18,1111.35,1079.42,1032.73
AXISBANK,2023-12-19,1120.25,1086.0,1035.12
AXISBANK,2023-12-20,1110.25,1091.92,1037.4
AXISBANK,2023-12-21,1095.4,1096.79,1039.06
AXISBANK,2023-12-22,1088.3,1101.25,1040.44
AXISBANK,2023-12-26,1094.25,1105.54,1041.96
AXISBANK,2023-12-27,1106.35,1109.8,1044.21
AXISBANK,2023-12-28,1107.85,1112.18,1046.27
AXISBANK,2023-12-29,1102.3,1113.58,1048.15
AXISBANK,2024-01-01,1097.7,1113.24,1050.25
AXISBANK,2024-01-02,1093.25,1111.62,1052.29
AXISBANK,2024-01-03,1098.6,1109.93,1054.65
AXISBANK,2024-01-04,1123.4,1110.07,1057.83
AXISBANK,2024-01-05,1136.95,1111.03,1061.46
AXISBANK,2024-01-08,1122.0,1110.57,1064.46
AXISBANK,2024-01-09,1116.55,1110.57,1066.74
AXISBANK,2024-01-10,1107.0,1109.37,1069.1
AXISBANK,2024-01-11,1125.75,1109.92,1071.97
AXISBANK,2024-01-12,1120.35,1109.91,1074.94
AXISBANK,2024-01-15,1119.5,1109.87,1077.68
AXISBANK,2024-01-16,1119.1,1110.25,1080.28
AXISBANK,2024-01-17,1082.3,1108.36,1081.74
AXISBANK,2024-01-18,1097.5,1107.72,1083.27
AXISBANK,2024-01-19,1116.55,1108.78,1085.17
AXISBANK,2024-01-20,1121.0,1110.41,1087.15
AXISBANK,2024-01-23,1089.25,1110.16,1088.35
AXISBANK,2024-01-24,1059.15,1107.8,1088.93
AXISBANK,2024-01-25,1042.25,1104.52,1089.27
AXISBANK,2024-01-29,1061.25,1102.47,1089.67
AXISBANK,2024-01-30,1054.1,1100.29,1090.22
AXISBANK,2024-01-31,1067.75,1099.01,1091.69
AXISBANK,2024-02-01,1084.25,1098.3,1093.6
AXISBANK,2024-02-02,1067.05,1095.48,1095.11
AXISBANK,2024-02-05,1061.5,1091.71,1096.38
AXISBANK,2024-02-06,1050.05,1088.11,1097.4
AXISBANK,2024-02-07,1069.1,1085.74,1098.61
AXISBANK,2024-02-08,1035.9,1082.18,1098.9
AXISBANK,2024-02-09,1051.4,1078.46,1098.73
AXISBANK,2024-02-12,1046.7,1074.78,1098.18
AXISBANK,2024-02-13,1070.75,1072.34,1097.5
AXISBANK,2024-02-14,1096.85,1071.23,1096.92
AXISBANK,2024-02-15,1072.2,1070.73,1095.72
AXISBANK,2024-02-16,1068.75,1069.29,1094.68
AXISBANK,2024-02-19,1062.95,1066.61,1093.59
AXISBANK,2024-02-20,1088.6,1064.99,1092.73
AXISBANK,2024-02-21,1084.2,1064.74,1092.09
AXISBANK,2024-02-22,1100.9,1066.82,1091.49
AXISBANK,2024-02-23,1096.8,1069.55,1091.13
AXISBANK,2024-02-26,1085.2,1070.75,1090.42
AXISBANK,2024-02-27,1079.05,1072.0,1089.6
AXISBANK,2024-02-28,1074.2,1072.32,1088.85
AXISBANK,2024-02-29,1075.1,1071.86,1087.95
AXISBANK,2024-03-01,1099.25,1073.47,1087.73
AXISBANK,2024-03-02,1096.7,1075.23,1087.76
AXISBANK,2024-03-04,1106.75,1078.07,1088.12
AXISBANK,2024-03-05,1100.8,1079.65,1088.26
AXISBANK,2024-03-06,1125.0,1084.11,1088.63
AXISBANK,2024-03-07,1111.45,1087.11,1088.7
AXISBANK,2024-03-11,1105.1,1090.03,1088.76
AXISBANK,2024-03-12,1097.0,1091.34,1088.74
AXISBANK,2024-03-13,1080.4,1090.52,1088.48
AXISBANK,2024-03-14,1058.25,1089.82,1087.68
AXISBANK,2024-03-15,1046.4,1088.71,1086.14
AXISBANK,2024-03-18,1061.35,1088.62,1084.63
AXISBANK,2024-03-19,1050.8,1086.73,1083.2
AXISBANK,2024-03-20,1034.75,1084.26,1081.57
AXISBANK,2024-03-21,1035.6,1081.0,1080.14
AXISBANK,2024-03-22,1033.3,1077.82,1078.29
AXISBANK,2024-03-26,1040.55,1075.59,1076.69
AXISBANK,2024-03-27,1052.85,1074.28,1075.36
AXISBANK,2024-03-28,1047.2,1072.93,1073.92
AXISBANK,2024-04-01,1053.1,1071.83,1073.34
AXISBANK,2024-04-02,1047.2,1069.23,1072.33
AXISBANK,2024-04-03,1063.25,1067.55,1071.27
AXISBANK,2024-04-04,1062.95,1065.36,1070.1
AXISBANK,2024-04-05,1059.1,1063.28,1069.5
AXISBANK,2024-04-08,1076.05,1060.83,1069.84
AXISBANK,2024-04-09,1080.0,1059.26,1070.6
AXISBANK,2024-04-10,1087.8,1058.4,1071.13
AXISBANK,2024-04-12,1073.45,1057.22,1071.51
AXISBANK,2024-04-15,1057.95,1056.1,1071.32
AXISBANK,2024-04-16,1051.9,1055.78,1070.67
AXISBANK,2024-04-18,1024.0,1054.66,1069.81
AXISBANK,2024-04-19,1029.1,1053.04,1069.16
AXISBANK,2024-04-22,1053.95,1053.2,1069.24
AXISBANK,2024-04-23,1055.75,1054.25,1068.97
AXISBANK,2024-04-24,1063.25,1055.63,1069.52
AXISBANK,2024-04-25,1127.0,1060.32,1071.03
AXISBANK,2024-04-26,1130.3,1064.81,1072.7
AXISBANK,2024-04-29,1159.25,1070.13,1074.47
AXISBANK,2024-04-30,1165.9,1076.06,1075.85
AXISBANK,2024-05-02,1149.85,1080.9,1077.41
AXISBANK,2024-05-03,1141.5,1085.62,1078.86
AXISBANK,2024-05-06,1143.65,1089.64,1080.48
AXISBANK,2024-05-07,1127.7,1092.87,1081.26
AXISBANK,2024-05-08,1128.65,1096.35,1082.15
AXISBANK,2024-05-09,1115.65,1098.33,1082.44
AXISBANK,2024-05-10,1120.1,1100.34,1082.91
AXISBANK,2024-05-13,1132.0,1102.54,1083.84
AXISBANK,2024-05-14,1122.85,1105.01,1084.72
AXISBANK,2024-05-15,1128.05,1108.52,1085.8
AXISBANK,2024-05-16,1139.3,1112.89,1087.08
AXISBANK,2024-05-17,1141.35,1118.76,1087.92
AXISBANK,2024-05-18,1143.75,1124.49,1088.86
AXISBANK,2024-05-21,1137.65,1128.68,1089.48
AXISBANK,2024-05-22,1126.0,1132.19,1089.99
AXISBANK,2024-05-23,1165.25,1137.29,1090.79
AXISBANK,2024-05-24,1174.0,1139.64,1092.04
AXISBANK,2024-05-27,1187.0,1142.47,1093.68
AXISBANK,2024-05-28,1183.4,1143.68,1095.41
AXISBANK,2024-05-29,1159.75,1143.37,1096.99
AXISBANK,2024-05-30,1167.95,1144.28,1099.19
AXISBANK,2024-05-31,1162.15,1145.31,1101.5
AXISBANK,2024-06-03,1223.9,1149.32,1104.76
AXISBANK,2024-06-04,1131.25,1149.5,1106.36
AXISBANK,2024-06-05,1184.5,1152.29,1109.36
AXISBANK,2024-06-06,1170.95,1155.06,1112.07
AXISBANK,2024-06-07,1186.8,1158.39,1115.14
AXISBANK,2024-06-10,1200.0,1161.79,1118.32
AXISBANK,2024-06-11,1194.6,1165.38,1121.16
AXISBANK,2024-06-12,1187.9,1168.37,1123.97
AXISBANK,2024-06-13,1174.65,1170.14,1126.4
AXISBANK,2024-06-14,1181.05,1172.12,1129.08
AXISBANK,2024-06-18,1191.9,1174.53,1131.66
AXISBANK,2024-06-19,1226.65,1178.98,1134.93
AXISBANK,2024-06-20,1239.5,1184.66,1138.54
AXISBANK,2024-06-21,1237.45,1188.27,1141.77
AXISBANK,2024-06-24,1228.1,1190.97,1144.73
AXISBANK,2024-06-25,1271.45,1195.2,1148.4
AXISBANK,2024-06-26,1285.4,1200.3,1152.64
AXISBANK,2024-06-27,1288.95,1206.76,1157.26
AXISBANK,2024-06-28,1265.25,1211.62,1161.53
AXISBANK,2024-07-01,1261.9,1216.61,1166.28
AXISBANK,2024-07-02,1253.4,1218.08,1170.77
AXISBANK,2024-07-03,1280.0,1225.52,1175.29
AXISBANK,2024-07-04,1280.9,1230.34,1179.79
AXISBANK,2024-07-05,1287.05,1236.14,1184.27
AXISBANK,2024-07-08,1287.85,1241.2,1187.49
AXISBANK,2024-07-09,1289.4,1245.67,1190.67
AXISBANK,2024-07-10,1291.65,1250.52,1193.32
AXISBANK,2024-07-11,1296.75,1255.96,1195.93
AXISBANK,2024-07-12,1317.3,1263.1,1199.28
AXISBANK,2024-07-15,1307.45,1269.42,1202.6
AXISBANK,2024-07-16,1304.0,1275.02,1205.81
AXISBANK,2024-07-18,1309.4,1279.16,1209.44
AXISBANK,2024-07-19,1292.35,1281.8,1212.72
AXISBANK,2024-07-22,1282.5,1284.05,1216.05
AXISBANK,2024-07-23,1263.25,1285.81,1218.92
AXISBANK,2024-07-24,1239.25,1284.2,1221.06
AXISBANK,2024-07-25,1175.9,1278.72,1222.12
AXISBANK,2024-07-26,1177.35,1273.14,1223.11
AXISBANK,2024-07-29,1170.05,1268.38,1223.72
AXISBANK,2024-07-30,1170.0,1263.79,1224.3
AXISBANK,2024-07-31,1166.1,1259.42,1224.74
AXISBANK,2024-08-01,1172.3,1254.04,1225.44
AXISBANK,2024-08-02,1160.85,1248.04,1226.13
AXISBANK,2024-08-05,1133.5,1240.36,1225.5
AXISBANK,2024-08-06,1126.1,1232.27,1224.54
AXISBANK,2024-08-07,1136.8,1224.64,1223.54
AXISBANK,2024-08-08,1138.15,1216.97,1222.63
AXISBANK,2024-08-09,1142.75,1209.27,1222.29
AXISBANK,2024-08-12,1164.3,1201.62,1222.22
AXISBANK,2024-08-13,1159.6,1194.22,1222.17
AXISBANK,2024-08-14,1153.1,1186.68,1220.75
AXISBANK,2024-08-16,1166.85,1179.55,1221.46
AXISBANK,2024-08-19,1153.25,1172.6,1220.84
AXISBANK,2024-08-20,1168.0,1166.87,1220.78
AXISBANK,2024-08-21,1174.4,1162.43,1220.53
AXISBANK,2024-08-22,1169.95,1158.96,1219.93
AXISBANK,2024-08-23,1165.95,1158.47,1219.36
AXISBANK,2024-08-26,1170.3,1158.12,1219.01
AXISBANK,2024-08-27,1181.25,1158.67,1219.14
AXISBANK,2024-08-28,1170.95,1158.72,1218.94
AXISBANK,2024-08-29,1175.4,1159.19,1218.61
AXISBANK,2024-08-30,1175.25,1159.34,1217.58
AXISBANK,2024-09-02,1188.8,1160.73,1216.56
AXISBANK,2024-09-03,1191.6,1163.64,1215.65
AXISBANK,2024-09-04,1177.7,1166.22,1214.64
AXISBANK,2024-09-05,1180.55,1168.4,1212.82
AXISBANK,2024-09-06,1158.75,1169.44,1210.29
AXISBANK,2024-09-09,1170.85,1170.84,1207.93
AXISBANK,2024-09-10,1187.2,1171.99,1206.36
AXISBANK,2024-09-11,1186.1,1173.31,1204.85
AXISBANK,2024-09-12,1203.35,1175.82,1203.85
AXISBANK,2024-09-13,1217.45,1178.35,1202.6
AXISBANK,2024-09-16,1231.05,1182.24,1201.6
AXISBANK,2024-09-17,1232.1,1185.45,1200.5
AXISBANK,2024-09-18,1240.45,1188.75,1199.55
AXISBANK,2024-09-19,1242.7,1192.39,1198.62
AXISBANK,2024-09-20,1245.0,1196.34,1197.69
AXISBANK,2024-09-23,1246.8,1200.17,1196.69
AXISBANK,2024-09-24,1239.55,1203.08,1195.13
AXISBANK,2024-09-25,1268.1,1207.94,1194.34
AXISBANK,2024-09-26,1277.1,1213.02,1193.81
AXISBANK,2024-09-27,1273.15,1217.92,1193.08
AXISBANK,2024-09-30,1232.2,1220.09,1191.88
AXISBANK,2024-10-01,1226.65,1221.84,1190.76
AXISBANK,2024-10-03,1175.7,1221.74,1189.01
AXISBANK,2024-10-04,1178.4,1221.63,1187.79
AXISBANK,2024-10-07,1145.7,1220.98,1187.19
AXISBANK,2024-10-08,1153.3,1220.1,1186.71
AXISBANK,2024-10-09,1170.15,1219.25,1186.71
AXISBANK,2024-10-10,1184.25,1219.16,1187.0
AXISBANK,2024-10-11,1172.45,1217.61,1187.12
AXISBANK,2024-10-14,1164.35,1214.96,1186.96
AXISBANK,2024-10-15,1153.85,1211.1,1186.82
AXISBANK,2024-10-16,1153.2,1207.15,1187.22
AXISBANK,2024-10-17,1131.85,1201.72,1187.33
AXISBANK,2024-10-18,1196.85,1199.43,1188.53
AXISBANK,2024-10-21,1190.3,1196.7,1189.58
AXISBANK,2024-10-22,1175.75,1193.14,1190.24
AXISBANK,2024-10-23,1160.4,1189.18,1190.16
AXISBANK,2024-10-24,1167.35,1184.15,1190.31
AXISBANK,2024-10-25,1189.35,1179.76,1191.04
AXISBANK,2024-10-28,1171.6,1174.68,1191.13
AXISBANK,2024-10-29,1186.85,1172.42,1191.81
AXISBANK,2024-10-30,1170.4,1169.6,1191.85
AXISBANK,2024-10-31,1159.55,1168.8,1191.56
AXISBANK,2024-11-01,1169.55,1168.35,1191.55
AXISBANK,2024-11-04,1139.25,1168.03,1191.02
AXISBANK,2024-11-05,1171.7,1168.95,1191.04
AXISBANK,2024-11-06,1166.5,1168.77,1190.75
AXISBANK,2024-11-07,1159.9,1167.55,1190.53
AXISBANK,2024-11-08,1160.95,1166.97,1190.24
AXISBANK,2024-11-11,1171.0,1167.31,1190.15
AXISBANK,2024-11-12,1158.15,1167.52,1189.54
AXISBANK,2024-11-13,1139.15,1166.82,1188.49
AXISBANK,2024-11-14,1140.7,1167.26,1187.75
AXISBANK,2024-11-18,1126.2,1163.73,1186.66
AXISBANK,2024-11-19,1133.95,1160.91,1186.17
AXISBANK,2024-11-21,1139.15,1159.08,1185.53
AXISBANK,2024-11-22,1142.4,1158.18,1184.64
BAJAJ-AUTO,2023-10-03,5016.45,,
BAJAJ-AUTO,2023-10-04,4918.6,,
BAJAJ-AUTO,2023-10-05,5011.05,,
BAJAJ-AUTO,2023-10-06,5014.6,,
BAJAJ-AUTO,2023-10-09,5007.3,,
BAJAJ-AUTO,2023-10-10,5037.5,,
BAJAJ-AUTO,2023-10-11,5064.4,,
BAJAJ-AUTO,2023-10-12,5106.6,,
BAJAJ-AUTO,2023-10-13,5052.4,,
BAJAJ-AUTO,2023-10-16,5076.7,,
BAJAJ-AUTO,2023-10-17,5141.25,,
BAJAJ-AUTO,2023-10-18,5137.35,,
BAJAJ-AUTO,2023-10-19,5482.6,,
BAJAJ-AUTO,2023-10-20,5489.3,,
BAJAJ-AUTO,2023-10-23,5405.4,,
BAJAJ-AUTO,2023-10-25,5347.3,,
BAJAJ-AUTO,2023-10-26,5259.35,,
BAJAJ-AUTO,2023-10-27,5373.55,,
BAJAJ-AUTO,2023-10-30,5308.9,,
BAJAJ-AUTO,2023-10-31,5314.05,5178.23,
BAJAJ-AUTO,2023-11-01,5344.35,5194.63,
BAJAJ-AUTO,2023-11-02,5318.4,5214.62,
BAJAJ-AUTO,2023-11-03,5368.95,5232.51,
BAJAJ-AUTO,2023-11-06,5406.85,5252.12,
BAJAJ-AUTO,2023-11-07,5419.0,5272.71,
BAJAJ-AUTO,2023-11-08,5397.6,5290.72,
BAJAJ-AUTO,2023-11-09,5418.9,5308.44,
BAJAJ-AUTO,2023-11-10,5392.05,5322.71,
BAJAJ-AUTO,2023-11-12,5442.55,5342.22,
BAJAJ-AUTO,2023-11-13,5425.2,5359.64,
BAJAJ-AUTO,2023-11-15,5536.7,5379.42,
BAJAJ-AUTO,2023-11-16,5550.9,5400.1,
BAJAJ-AUTO,2023-11-17,5631.5,5407.54,
BAJAJ-AUTO,2023-11-20,5650.15,5415.58,
BAJAJ-AUTO,2023-11-21,5685.95,5429.61,
BAJAJ-AUTO,2023-11-22,5751.55,5449.82,
BAJAJ-AUTO,2023-11-23,5925.25,5483.12,
BAJAJ-AUTO,2023-11-24,5930.3,5510.96,
BAJAJ-AUTO,2023-11-28,5998.15,5545.42,
BAJAJ-AUTO,2023-11-29,6069.95,5583.21,
BAJAJ-AUTO,2023-11-30,6090.55,5620.52,
BAJAJ-AUTO,2023-12-01,6046.05,5656.9,
BAJAJ-AUTO,2023-12-04,6201.7,5698.54,
BAJAJ-AUTO,2023-12-05,6140.1,5735.2,
BAJAJ-AUTO,2023-12-06,6069.95,5767.75,
BAJAJ-AUTO,2023-12-07,6093.6,5802.55,
BAJAJ-AUTO,2023-12-08,6075.7,5835.39,
BAJAJ-AUTO,2023-12-11,6138.4,5872.71,
BAJAJ-AUTO,2023-12-12,6254.2,5913.29,
BAJAJ-AUTO,2023-12-13,6316.1,5957.84,5533.1
BAJAJ-AUTO,2023-12-14,6334.85,5997.75,5559.47
BAJAJ-AUTO,2023-12-15,6275.2,6033.96,5586.6
BAJAJ-AUTO,2023-12-18,6465.7,6075.67,5615.7
BAJAJ-AUTO,2023-12-19,6419.0,6114.11,5643.79
BAJAJ-AUTO,2023-12-20,6364.45,6148.04,5670.93
BAJAJ-AUTO,2023-12-21,6246.35,6172.78,5695.11
BAJAJ-AUTO,2023-12-22,6372.1,6195.12,5721.26
BAJAJ-AUTO,2023-12-26,6464.55,6221.83,5748.42
BAJAJ-AUTO,2023-12-27,6709.65,6257.41,5781.56
BAJAJ-AUTO,2023-12-28,6703.3,6289.08,5814.1
BAJAJ-AUTO,2023-12-29,6797.25,6324.41,5847.22
BAJAJ-AUTO,2024-01-01,6701.1,6357.16,5878.49
BAJAJ-AUTO,2024-01-02,6665.05,6380.33,5902.14
BAJAJ-AUTO,2024-01-03,6986.5,6422.65,5932.08
BAJAJ-AUTO,2024-01-04,6922.15,6465.26,5962.42
BAJAJ-AUTO,2024-01-05,6978.5,6509.5,5995.04
BAJAJ-AUTO,2024-01-08,6983.85,6554.91,6029.53
BAJAJ-AUTO,2024-01-09,7093.9,6602.69,6063.94
BAJAJ-AUTO,2024-01-10,7053.75,6642.67,6098.84
BAJAJ-AUTO,2024-01-11,7298.85,6691.8,6138.53
BAJAJ-AUTO,2024-01-12,7301.95,6740.16,6177.68
BAJAJ-AUTO,2024-01-15,7332.1,6793.0,6217.96
BAJAJ-AUTO,2024-01-16,7293.95,6834.41,6256.46
BAJAJ-AUTO,2024-01-17,7165.95,6871.76,6291.64
BAJAJ-AUTO,2024-01-18,7083.6,6907.72,6324.93
BAJAJ-AUTO,2024-01-19,7136.55,6952.23,6359.71
BAJAJ-AUTO,2024-01-20,7095.15,6988.38,6393.24
BAJAJ-AUTO,2024-01-23,7095.9,7019.95,6427.31
BAJAJ-AUTO,2024-01-24,7212.85,7045.11,6462.72
BAJAJ-AUTO,2024-01-25,7597.5,7089.82,6506.17
BAJAJ-AUTO,2024-01-29,7548.8,7127.4,6546.41
BAJAJ-AUTO,2024-01-30,7566.4,7170.66,6586.72
BAJAJ-AUTO,2024-01-31,7667.55,7220.79,6627.44
BAJAJ-AUTO,2024-02-01,7655.75,7254.25,6667.55
BAJAJ-AUTO,2024-02-02,7738.2,7295.05,6708.6
BAJAJ-AUTO,2024-02-05,7658.25,7329.04,6746.73
BAJAJ-AUTO,2024-02-06,7720.4,7365.87,6782.63
BAJAJ-AUTO,2024-02-07,7701.9,7396.27,6818.06
BAJAJ-AUTO,2024-02-08,7757.25,7431.44,6853.25
BAJAJ-AUTO,2024-02-09,7784.85,7455.74,6887.54
BAJAJ-AUTO,2024-02-12,7829.95,7482.14,6922.33
BAJAJ-AUTO,2024-02-13,7917.4,7511.41,6959.76
BAJAJ-AUTO,2024-02-14,8083.3,7550.88,6997.39
BAJAJ-AUTO,2024-02-15,8123.05,7598.73,7037.05
BAJAJ-AUTO,2024-02-16,8325.05,7660.8,7082.15
BAJAJ-AUTO,2024-02-19,8509.7,7729.46,7130.48
BAJAJ-AUTO,2024-02-20,8295.2,7789.46,7174.86
BAJAJ-AUTO,2024-02-21,8232.25,7846.28,7216.74
BAJAJ-AUTO,2024-02-22,8498.45,7910.56,7261.63
BAJAJ-AUTO,2024-02-23,8436.95,7952.53,7304.04
BAJAJ-AUTO,2024-02-26,8448.0,7997.49,7346.31
BAJAJ-AUTO,2024-02-27,8463.5,8042.35,7390.07
BAJAJ-AUTO,2024-02-28,8188.65,8068.4,7424.53
BAJAJ-AUTO,2024-02-29,7909.35,8081.08,7454.34
BAJAJ-AUTO,2024-03-01,8040.05,8096.18,7487.85
BAJAJ-AUTO,2024-03-02,8041.3,8115.33,7523.75
BAJAJ-AUTO,2024-03-04,8207.3,8139.67,7560.45
BAJAJ-AUTO,2024-03-05,8351.75,8172.16,7598.2
BAJAJ-AUTO,2024-03-06,8605.8,8214.59,7636.12
BAJAJ-AUTO,2024-03-07,8879.05,8269.3,7679.64
BAJAJ-AUTO,2024-03-11,8659.4,8310.78,7716.88
BAJAJ-AUTO,2024-03-12,8527.7,8341.29,7753.41
BAJAJ-AUTO,2024-03-13,8384.9,8356.37,7787.81
BAJAJ-AUTO,2024-03-14,8383.55,8369.4,7815.75
BAJAJ-AUTO,2024-03-15,8350.7,8370.68,7844.32
BAJAJ-AUTO,2024-03-18,8521.8,8371.28,7875.19
BAJAJ-AUTO,2024-03-19,8640.2,8388.53,7908.31
BAJAJ-AUTO,2024-03-20,8635.6,8408.7,7939.15
BAJAJ-AUTO,2024-03-21,8750.6,8421.31,7973.08
BAJAJ-AUTO,2024-03-22,8945.25,8446.72,8006.01
BAJAJ-AUTO,2024-03-26,8960.55,8472.35,8039.18
BAJAJ-AUTO,2024-03-27,9162.5,8507.3,8075.79
BAJAJ-AUTO,2024-03-28,9148.15,8555.28,8112.88
BAJAJ-AUTO,2024-04-01,9042.15,8611.92,8150.4
BAJAJ-AUTO,2024-04-02,9276.1,8673.72,8194.25
BAJAJ-AUTO,2024-04-03,9080.45,8725.67,8233.13
BAJAJ-AUTO,2024-04-04,9146.15,8772.62,8274.15
BAJAJ-AUTO,2024-04-05,9009.5,8805.51,8312.42
BAJAJ-AUTO,2024-04-08,9030.5,8826.74,8348.77
BAJAJ-AUTO,2024-04-09,8978.9,8831.73,8376.4
BAJAJ-AUTO,2024-04-10,9005.55,8849.04,8405.54
BAJAJ-AUTO,2024-04-12,9064.85,8875.9,8435.5
BAJAJ-AUTO,2024-04-15,8997.05,8906.51,8462.09
BAJAJ-AUTO,2024-04-16,8919.15,8933.28,8487.36
BAJAJ-AUTO,2024-04-18,9021.3,8966.81,8513.02
BAJAJ-AUTO,2024-04-19,8804.5,8980.95,8535.95
BAJAJ-AUTO,2024-04-22,8795.75,8988.73,8557.46
BAJAJ-AUTO,2024-04-23,8795.8,8996.74,8579.33
BAJAJ-AUTO,2024-04-24,8697.1,8994.06,8598.13
BAJAJ-AUTO,2024-04-25,8734.9,8983.54,8617.13
BAJAJ-AUTO,2024-04-26,8974.3,8984.23,8640.02
BAJAJ-AUTO,2024-04-29,8760.1,8964.11,8656.87
BAJAJ-AUTO,2024-04-30,8903.65,8951.89,8673.28
BAJAJ-AUTO,2024-05-02,9110.65,8955.31,8693.03
BAJAJ-AUTO,2024-05-03,9105.6,8946.79,8708.64
BAJAJ-AUTO,2024-05-06,9052.55,8945.39,8719.5
BAJAJ-AUTO,2024-05-07,8677.9,8921.98,8727.16
BAJAJ-AUTO,2024-05-08,8749.4,8908.98,8737.5
BAJAJ-AUTO,2024-05-09,8846.85,8899.79,8744.47
BAJAJ-AUTO,2024-05-10,8981.8,8899.94,8755.36
BAJAJ-AUTO,2024-05-13,8992.3,8899.28,8766.25
BAJAJ-AUTO,2024-05-14,9065.25,8899.3,8778.28
BAJAJ-AUTO,2024-05-15,8903.15,8894.6,8792.57
BAJAJ-AUTO,2024-05-16,8871.85,8892.24,8811.82
BAJAJ-AUTO,2024-05-17,8780.7,8880.2,8826.64
BAJAJ-AUTO,2024-05-18,8813.85,8880.67,8842.09
BAJAJ-AUTO,2024-05-21,8820.7,8881.92,8854.36
BAJAJ-AUTO,2024-05-22,8805.55,8882.41,8863.43
BAJAJ-AUTO,2024-05-23,8963.45,8895.72,8870.58
BAJAJ-AUTO,2024-05-24,8948.2,8906.39,8871.97
BAJAJ-AUTO,2024-05-27,8998.7,8907.61,8878.75
BAJAJ-AUTO,2024-05-28,8989.75,8919.09,8888.0
BAJAJ-AUTO,2024-05-29,9070.2,8927.42,8901.7
BAJAJ-AUTO,2024-05-30,8968.5,8920.31,8913.4
BAJAJ-AUTO,2024-05-31,9084.75,8919.27,8928.08
BAJAJ-AUTO,2024-06-03,9335.45,8933.41,8944.35
BAJAJ-AUTO,2024-06-04,9246.75,8961.86,8956.48
BAJAJ-AUTO,2024-06-05,9602.25,9004.5,8975.82
BAJAJ-AUTO,2024-06-06,9701.45,9047.23,8994.83
BAJAJ-AUTO,2024-06-07,9725.55,9084.42,9010.44
BAJAJ-AUTO,2024-06-10,9733.05,9121.45,9025.89
BAJAJ-AUTO,2024-06-11,9812.7,9158.83,9038.9
BAJAJ-AUTO,2024-06-12,9904.25,9208.88,9054.02
BAJAJ-AUTO,2024-06-13,9923.4,9261.46,9071.64
BAJAJ-AUTO,2024-06-14,9961.75,9320.51,9085.36
BAJAJ-AUTO,2024-06-18,9918.2,9375.73,9102.11
BAJAJ-AUTO,2024-06-19,9685.8,9418.98,9112.9
BAJAJ-AUTO,2024-06-20,9632.0,9460.31,9125.35
BAJAJ-AUTO,2024-06-21,9602.25,9492.25,9136.79
BAJAJ-AUTO,2024-06-24,9745.25,9532.1,9152.12
BAJAJ-AUTO,2024-06-25,9659.95,9565.16,9165.2
BAJAJ-AUTO,2024-06-26,9474.65,9589.41,9173.4
BAJAJ-AUTO,2024-06-27,9417.45,9606.77,9181.81
BAJAJ-AUTO,2024-06-28,9501.65,9633.43,9193.46
BAJAJ-AUTO,2024-07-01,9532.4,9655.81,9203.68
BAJAJ-AUTO,2024-07-02,9401.25,9659.1,9215.61
BAJAJ-AUTO,2024-07-03,9422.4,9667.88,9228.15
BAJAJ-AUTO,2024-07-04,9460.85,9660.81,9241.45
BAJAJ-AUTO,2024-07-05,9635.8,9657.53,9260.22
BAJAJ-AUTO,2024-07-08,9529.4,9647.72,9276.11
BAJAJ-AUTO,2024-07-09,9534.1,9637.78,9287.31
BAJAJ-AUTO,2024-07-10,9542.45,9624.26,9302.96
BAJAJ-AUTO,2024-07-11,9466.8,9602.39,9314.22
BAJAJ-AUTO,2024-07-12,9430.75,9577.76,9320.62
BAJAJ-AUTO,2024-07-15,9673.35,9563.34,9331.98
BAJAJ-AUTO,2024-07-16,9718.35,9553.34,9345.29
BAJAJ-AUTO,2024-07-18,9626.2,9550.37,9364.26
BAJAJ-AUTO,2024-07-19,9386.05,9538.07,9376.99
BAJAJ-AUTO,2024-07-22,9409.7,9528.44,9388.25
BAJAJ-AUTO,2024-07-23,9382.5,9510.3,9396.26
BAJAJ-AUTO,2024-07-24,9260.2,9490.31,9401.62
BAJAJ-AUTO,2024-07-25,9278.25,9480.49,9405.88
BAJAJ-AUTO,2024-07-26,9492.9,9484.27,9417.67
BAJAJ-AUTO,2024-07-29,9557.65,9487.07,9431.39
BAJAJ-AUTO,2024-07-30,9564.35,9488.67,9447.06
BAJAJ-AUTO,2024-07-31,9664.2,9501.81,9464.07
BAJAJ-AUTO,2024-08-01,9730.5,9517.22,9482.27
BAJAJ-AUTO,2024-08-02,9616.2,9524.98,9498.48
BAJAJ-AUTO,2024-08-05,9485.05,9517.45,9508.91
BAJAJ-AUTO,2024-08-06,9427.4,9512.35,9518.5
BAJAJ-AUTO,2024-08-07,9708.2,9521.05,9532.68
BAJAJ-AUTO,2024-08-08,9641.3,9525.99,9545.72
BAJAJ-AUTO,2024-08-09,9765.95,9540.95,9559.63
BAJAJ-AUTO,2024-08-12,9710.85,9554.96,9574.48
BAJAJ-AUTO,2024-08-13,9671.6,9554.87,9586.22
BAJAJ-AUTO,2024-08-14,9749.6,9556.43,9594.5
BAJAJ-AUTO,2024-08-16,9888.15,9569.53,9607.33
BAJAJ-AUTO,2024-08-19,9770.65,9588.76,9610.69
BAJAJ-AUTO,2024-08-20,9779.7,9607.26,9612.26
BAJAJ-AUTO,2024-08-21,9852.0,9630.73,9614.79
BAJAJ-AUTO,2024-08-22,9914.2,9663.44,9618.41
BAJAJ-AUTO,2024-08-23,10406.45,9719.85,9630.29
BAJAJ-AUTO,2024-08-26,10432.55,9766.83,9640.85
BAJAJ-AUTO,2024-08-27,10501.6,9814.02,9652.42
BAJAJ-AUTO,2024-08-28,10656.75,9868.64,9666.32
BAJAJ-AUTO,2024-08-29,10807.85,9925.83,9684.11
BAJAJ-AUTO,2024-08-30,10891.55,9983.88,9708.22
BAJAJ-AUTO,2024-09-02,11126.1,10059.38,9738.11
BAJAJ-AUTO,2024-09-03,11043.65,10137.3,9766.93
BAJAJ-AUTO,2024-09-04,10963.7,10214.12,9791.3
BAJAJ-AUTO,2024-09-05,10855.75,10271.5,9815.22
BAJAJ-AUTO,2024-09-06,10830.1,10330.94,9842.33
BAJAJ-AUTO,2024-09-09,10847.6,10385.02,9870.93
BAJAJ-AUTO,2024-09-10,10987.75,10448.86,9900.65
BAJAJ-AUTO,2024-09-11,11420.75,10536.32,9938.42
BAJAJ-AUTO,2024-09-12,11723.5,10635.02,9984.86
BAJAJ-AUTO,2024-09-13,11737.15,10727.47,10031.16
BAJAJ-AUTO,2024-09-16,11688.35,10823.35,10075.71
BAJAJ-AUTO,2024-09-17,11950.3,10931.88,10122.0
BAJAJ-AUTO,2024-09-18,11764.65,11027.52,10166.7
BAJAJ-AUTO,2024-09-19,11868.0,11125.2,10213.38
BAJAJ-AUTO,2024-09-20,11941.7,11201.97,10261.37
BAJAJ-AUTO,2024-09-23,12338.95,11297.29,10318.81
BAJAJ-AUTO,2024-09-24,12443.65,11394.39,10379.07
BAJAJ-AUTO,2024-09-25,12397.25,11481.42,10433.55
BAJAJ-AUTO,2024-09-26,12621.65,11572.1,10491.61
BAJAJ-AUTO,2024-09-27,12666.4,11660.85,10552.42
BAJAJ-AUTO,2024-09-30,12345.95,11721.84,10611.62
BAJAJ-AUTO,2024-10-01,12157.45,11777.53,10666.57
BAJAJ-AUTO,2024-10-03,11806.45,11819.67,10715.05
BAJAJ-AUTO,2024-10-04,11774.4,11865.6,10765.33
BAJAJ-AUTO,2024-10-07,11617.05,11904.95,10812.11
BAJAJ-AUTO,2024-10-08,11889.1,11957.02,10860.03
BAJAJ-AUTO,2024-10-09,11818.1,11998.54,10905.24
BAJAJ-AUTO,2024-10-10,11832.0,12019.1,10950.6
BAJAJ-AUTO,2024-10-11,11876.95,12026.78,10994.85
BAJAJ-AUTO,2024-10-14,11899.3,12034.88,11038.23
BAJAJ-AUTO,2024-10-15,11521.5,12026.54,11076.33
BAJAJ-AUTO,2024-10-16,11616.95,12009.87,11118.97
BAJAJ-AUTO,2024-10-17,10119.45,11927.61,11132.81
BAJAJ-AUTO,2024-10-18,10063.95,11837.41,11139.93
BAJAJ-AUTO,2024-10-21,10500.5,11765.35,11157.11
BAJAJ-AUTO,2024-10-22,10368.35,11666.82,11169.16
BAJAJ-AUTO,2024-10-23,10586.75,11573.98,11186.68
BAJAJ-AUTO,2024-10-24,10302.5,11469.24,11199.29
BAJAJ-AUTO,2024-10-25,10206.1,11348.46,11208.42
BAJAJ-AUTO,2024-10-28,10011.25,11215.7,11210.89
BAJAJ-AUTO,2024-10-29,9850.85,11090.95,11212.49
BAJAJ-AUTO,2024-10-30,9940.65,10980.11,11215.71
BAJAJ-AUTO,2024-10-31,9836.3,10881.6,11215.4
BAJAJ-AUTO,2024-11-01,9875.95,10786.68,11214.63
BAJAJ-AUTO,2024-11-04,9525.55,10682.1,11197.01
BAJAJ-AUTO,2024-11-05,9874.85,10581.39,11185.86
BAJAJ-AUTO,2024-11-06,10020.5,10491.51,11176.24
BAJAJ-AUTO,2024-11-07,9856.65,10392.74,11160.23
BAJAJ-AUTO,2024-11-08,9910.4,10294.42,11142.28
BAJAJ-AUTO,2024-11-11,9919.35,10195.42,11122.84
BAJAJ-AUTO,2024-11-12,9678.7,10103.28,11093.89
BAJAJ-AUTO,2024-11-13,9452.15,9995.04,11062.06
BAJAJ-AUTO,2024-11-14,9482.95,9963.21,11032.45
BAJAJ-AUTO,2024-11-18,9516.5,9935.84,11005.66
BAJAJ-AUTO,2024-11-19,9545.7,9888.1,10979.98
BAJAJ-AUTO,2024-11-21,9505.0,9844.93,10953.12
BAJAJ-AUTO,2024-11-22,9481.65,9789.68,10923.0
BAJAJFINSV,2023-10-03,1561.05,,
BAJAJFINSV,2023-10-04,1532.55,,
BAJAJFINSV,2023-10-05,1542.55,,
BAJAJFINSV,2023-10-06,1634.65,,
BAJAJFINSV,2023-10-09,1621.55,,
BAJAJFINSV,2023-10-10,1633.1,,
BAJAJFINSV,2023-10-11,1636.55,,
BAJAJFINSV,2023-10-12,1634.8,,
BAJAJFINSV,2023-10-13,1646.55,,
BAJAJFINSV,2023-10-16,1642.35,,
BAJAJFINSV,2023-10-17,1657.65,,
BAJAJFINSV,2023-10-18,1628.2,,
BAJAJFINSV,2023-10-19,1634.75,,
BAJAJFINSV,2023-10-20,1635.05,,
BAJAJFINSV,2023-10-23,1613.15,,
BAJAJFINSV,2023-10-25,1611.45,,
BAJAJFINSV,2023-10-26,1560.0,,
BAJAJFINSV,2023-10-27,1566.4,,
BAJAJFINSV,2023-10-30,1561.1,,
BAJAJFINSV,2023-10-31,1569.55,1606.15,
BAJAJFINSV,2023-11-01,1572.85,1606.74,
BAJAJFINSV,2023-11-02,1575.6,1608.89,
BAJAJFINSV,2023-11-03,1536.15,1608.57,
BAJAJFINSV,2023-11-06,1564.4,1605.06,
BAJAJFINSV,2023-11-07,1569.8,1602.47,
BAJAJFINSV,2023-11-08,1575.5,1599.59,
BAJAJFINSV,2023-11-09,1582.25,1596.88,
BAJAJFINSV,2023-11-10,1596.0,1594.94,
BAJAJFINSV,2023-11-12,1594.6,1592.34,
BAJAJFINSV,2023-11-13,1585.2,1589.48,
BAJAJFINSV,2023-11-15,1587.05,1585.95,
BAJAJFINSV,2023-11-16,1620.65,1585.58,
BAJAJFINSV,2023-11-17,1615.9,1584.63,
BAJAJFINSV,2023-11-20,1593.8,1582.57,
BAJAJFINSV,2023-11-21,1610.4,1582.43,
BAJAJFINSV,2023-11-22,1623.9,1583.05,
BAJAJFINSV,2023-11-23,1623.95,1586.25,
BAJAJFINSV,2023-11-24,1617.25,1588.8,
BAJAJFINSV,2023-11-28,1654.4,1593.46,
BAJAJFINSV,2023-11-29,1653.5,1597.66,
BAJAJFINSV,2023-11-30,1673.5,1602.69,
BAJAJFINSV,2023-12-01,1685.95,1608.21,
BAJAJFINSV,2023-12-04,1696.25,1616.21,
BAJAJFINSV,2023-12-05,1692.7,1622.63,
BAJAJFINSV,2023-12-06,1700.35,1629.16,
BAJAJFINSV,2023-12-07,1704.05,1635.58,
BAJAJFINSV,2023-12-08,1710.15,1641.98,
BAJAJFINSV,2023-12-11,1702.8,1647.32,
BAJAJFINSV,2023-12-12,1706.75,1652.92,
BAJAJFINSV,2023-12-13,1684.55,1657.89,1620.66
BAJAJFINSV,2023-12-14,1730.95,1665.09,1624.06
BAJAJFINSV,2023-12-15,1733.15,1670.71,1628.07
BAJAJFINSV,2023-12-18,1724.6,1676.15,1631.72
BAJAJFINSV,2023-12-19,1709.75,1681.95,1633.22
BAJAJFINSV,2023-12-20,1680.9,1685.47,1634.4
BAJAJFINSV,2023-12-21,1666.85,1687.62,1635.08
BAJAJFINSV,2023-12-22,1672.05,1690.02,1635.79
BAJAJFINSV,2023-12-26,1645.3,1691.42,1636.0
BAJAJFINSV,2023-12-27,1669.45,1692.18,1636.46
BAJAJFINSV,2023-12-28,1681.2,1693.56,1637.23
BAJAJFINSV,2023-12-29,1685.8,1694.18,1637.8
BAJAJFINSV,2024-01-01,1676.4,1693.7,1638.76
BAJAJFINSV,2024-01-02,1686.2,1693.2,1639.79
BAJAJFINSV,2024-01-03,1677.65,1692.45,1640.64
BAJAJFINSV,2024-01-04,1701.95,1692.52,1642.42
BAJAJFINSV,2024-01-05,1709.5,1692.8,1644.38
BAJAJFINSV,2024-01-08,1696.35,1692.11,1647.11
BAJAJFINSV,2024-01-09,1682.45,1691.09,1649.43
BAJAJFINSV,2024-01-10,1671.85,1689.34,1651.64
BAJAJFINSV,2024-01-11,1669.25,1688.58,1653.64
BAJAJFINSV,2024-01-12,1651.9,1684.63,1655.22
BAJAJFINSV,2024-01-15,1632.4,1679.59,1656.35
BAJAJFINSV,2024-01-16,1623.5,1674.54,1658.1
BAJAJFINSV,2024-01-17,1586.15,1668.36,1658.54
BAJAJFINSV,2024-01-18,1581.15,1663.37,1658.76
BAJAJFINSV,2024-01-19,1600.5,1660.05,1659.26
BAJAJFINSV,2024-01-20,1581.0,1655.5,1659.24
BAJAJFINSV,2024-01-23,1582.5,1652.36,1658.97
BAJAJFINSV,2024-01-24,1620.85,1649.93,1659.49
BAJAJFINSV,2024-01-25,1630.15,1647.38,1660.39
BAJAJFINSV,2024-01-29,1636.95,1644.93,1661.39
BAJAJFINSV,2024-01-30,1590.55,1640.64,1660.79
BAJAJFINSV,2024-01-31,1627.3,1637.7,1661.02
BAJAJFINSV,2024-02-01,1622.25,1634.92,1661.58
BAJAJFINSV,2024-02-02,1651.5,1632.4,1662.41
BAJAJFINSV,2024-02-05,1614.9,1627.67,1662.23
BAJAJFINSV,2024-02-06,1597.05,1622.71,1661.69
BAJAJFINSV,2024-02-07,1596.2,1618.4,1661.27
BAJAJFINSV,2024-02-08,1570.55,1613.33,1659.59
BAJAJFINSV,2024-02-09,1570.95,1608.42,1657.94
BAJAJFINSV,2024-02-12,1557.25,1603.68,1655.61
BAJAJFINSV,2024-02-13,1568.0,1600.46,1653.26
BAJAJFINSV,2024-02-14,1579.7,1598.27,1650.92
BAJAJFINSV,2024-02-15,1569.4,1597.44,1648.46
BAJAJFINSV,2024-02-16,1575.9,1597.17,1645.97
BAJAJFINSV,2024-02-19,1620.15,1598.16,1644.29
BAJAJFINSV,2024-02-20,1602.85,1599.25,1642.14
BAJAJFINSV,2024-02-21,1586.95,1599.47,1639.83
BAJAJFINSV,2024-02-22,1592.55,1598.06,1637.54
BAJAJFINSV,2024-02-23,1616.55,1597.38,1636.18
BAJAJFINSV,2024-02-26,1614.3,1596.24,1633.85
BAJAJFINSV,2024-02-27,1600.6,1596.74,1631.2
BAJAJFINSV,2024-02-28,1584.5,1594.6,1628.4
BAJAJFINSV,2024-02-29,1593.8,1593.18,1626.08
BAJAJFINSV,2024-03-01,1613.4,1591.28,1624.73
BAJAJFINSV,2024-03-02,1610.15,1591.04,1623.6
BAJAJFINSV,2024-03-04,1619.3,1592.15,1622.54
BAJAJFINSV,2024-03-05,1550.5,1589.87,1620.64
BAJAJFINSV,2024-03-06,1554.6,1589.07,1618.35
BAJAJFINSV,2024-03-07,1582.8,1589.66,1616.38
BAJAJFINSV,2024-03-11,1598.8,1591.74,1614.64
BAJAJFINSV,2024-03-12,1593.55,1593.02,1612.98
BAJAJFINSV,2024-03-13,1573.15,1592.69,1610.72
BAJAJFINSV,2024-03-14,1563.7,1592.4,1608.44
BAJAJFINSV,2024-03-15,1571.45,1592.18,1605.83
BAJAJFINSV,2024-03-18,1577.05,1590.03,1603.18
BAJAJFINSV,2024-03-19,1581.5,1588.96,1600.89
BAJAJFINSV,2024-03-20,1584.7,1588.85,1598.93
BAJAJFINSV,2024-03-21,1602.6,1589.35,1597.55
BAJAJFINSV,2024-03-22,1587.55,1587.9,1595.91
BAJAJFINSV,2024-03-26,1593.9,1586.88,1594.75
BAJAJFINSV,2024-03-27,1582.65,1585.98,1593.76
BAJAJFINSV,2024-03-28,1643.85,1588.95,1594.16
BAJAJFINSV,2024-04-01,1646.0,1591.56,1595.36
BAJAJFINSV,2024-04-02,1656.55,1593.72,1596.87
BAJAJFINSV,2024-04-03,1640.35,1595.23,1597.67
BAJAJFINSV,2024-04-04,1655.8,1597.05,1599.16
BAJAJFINSV,2024-04-05,1677.95,1603.42,1601.07
BAJAJFINSV,2024-04-08,1689.15,1610.15,1602.44
BAJAJFINSV,2024-04-09,1710.4,1616.53,1604.04
BAJAJFINSV,2024-04-10,1704.1,1621.8,1605.38
BAJAJFINSV,2024-04-12,1698.65,1627.05,1607.55
BAJAJFINSV,2024-04-15,1656.85,1631.24,1608.14
BAJAJFINSV,2024-04-16,1618.5,1633.98,1608.06
BAJAJFINSV,2024-04-18,1593.9,1635.1,1606.91
BAJAJFINSV,2024-04-19,1619.0,1637.2,1606.99
BAJAJFINSV,2024-04-22,1629.45,1639.6,1607.64
BAJAJFINSV,2024-04-23,1621.1,1641.42,1608.14
BAJAJFINSV,2024-04-24,1630.35,1642.8,1609.34
BAJAJFINSV,2024-04-25,1655.55,1646.2,1611.03
BAJAJFINSV,2024-04-26,1597.35,1646.38,1611.83
BAJAJFINSV,2024-04-29,1595.65,1647.02,1612.38
BAJAJFINSV,2024-04-30,1615.0,1645.58,1613.09
BAJAJFINSV,2024-05-02,1615.45,1644.05,1614.01
BAJAJFINSV,2024-05-03,1627.3,1642.59,1615.04
BAJAJFINSV,2024-05-06,1611.35,1641.14,1614.86
BAJAJFINSV,2024-05-07,1615.15,1639.11,1615.11
BAJAJFINSV,2024-05-08,1603.05,1635.36,1615.43
BAJAJFINSV,2024-05-09,1564.6,1629.14,1614.87
BAJAJFINSV,2024-05-10,1572.7,1622.25,1613.99
BAJAJFINSV,2024-05-13,1580.55,1616.08,1613.32
BAJAJFINSV,2024-05-14,1576.45,1609.96,1612.84
BAJAJFINSV,2024-05-15,1569.05,1605.58,1612.53
BAJAJFINSV,2024-05-16,1596.0,1604.45,1612.57
BAJAJFINSV,2024-05-17,1584.75,1603.99,1612.0
BAJAJFINSV,2024-05-18,1587.5,1602.42,1611.54
BAJAJFINSV,2024-05-21,1582.55,1600.07,1610.81
BAJAJFINSV,2024-05-22,1583.95,1598.22,1611.48
BAJAJFINSV,2024-05-23,1608.45,1597.12,1612.56
BAJAJFINSV,2024-05-24,1601.7,1594.43,1612.93
BAJAJFINSV,2024-05-27,1595.8,1594.35,1612.87
BAJAJFINSV,2024-05-28,1599.65,1594.55,1613.0
BAJAJFINSV,2024-05-29,1569.9,1592.3,1612.93
BAJAJFINSV,2024-05-30,1524.1,1587.73,1612.14
BAJAJFINSV,2024-05-31,1528.6,1582.79,1611.28
BAJAJFINSV,2024-06-03,1575.8,1581.02,1611.26
BAJAJFINSV,2024-06-04,1477.3,1574.12,1609.17
BAJAJFINSV,2024-06-05,1517.7,1569.86,1607.83
BAJAJFINSV,2024-06-06,1526.45,1567.95,1606.31
BAJAJFINSV,2024-06-07,1567.7,1567.7,1605.91
BAJAJFINSV,2024-06-10,1565.8,1566.96,1605.35
BAJAJFINSV,2024-06-11,1568.25,1566.55,1605.06
BAJAJFINSV,2024-06-12,1579.1,1567.05,1603.77
BAJAJFINSV,2024-06-13,1590.1,1566.76,1602.65
BAJAJFINSV,2024-06-14,1591.75,1567.11,1601.35
BAJAJFINSV,2024-06-18,1597.95,1567.63,1600.5
BAJAJFINSV,2024-06-19,1594.9,1568.25,1599.29
BAJAJFINSV,2024-06-20,1586.0,1568.35,1597.45
BAJAJFINSV,2024-06-21,1578.9,1566.87,1595.24
BAJAJFINSV,2024-06-24,1587.65,1566.17,1592.79
BAJAJFINSV,2024-06-25,1603.35,1566.55,1590.77
BAJAJFINSV,2024-06-26,1600.25,1566.58,1588.8
BAJAJFINSV,2024-06-27,1603.1,1568.24,1587.73
BAJAJFINSV,2024-06-28,1588.15,1571.44,1587.12
BAJAJFINSV,2024-07-01,1580.2,1574.02,1586.85
BAJAJFINSV,2024-07-02,1579.75,1574.22,1586.06
BAJAJFINSV,2024-07-03,1594.15,1580.06,1585.36
BAJAJFINSV,2024-07-04,1585.7,1583.46,1584.65
BAJAJFINSV,2024-07-05,1579.6,1586.12,1583.64
BAJAJFINSV,2024-07-08,1570.1,1586.24,1581.93
BAJAJFINSV,2024-07-09,1581.6,1587.03,1581.61
BAJAJFINSV,2024-07-10,1582.55,1587.74,1581.35
BAJAJFINSV,2024-07-11,1587.85,1588.18,1580.81
BAJAJFINSV,2024-07-12,1597.25,1588.54,1580.44
BAJAJFINSV,2024-07-15,1602.2,1589.06,1579.94
BAJAJFINSV,2024-07-16,1609.55,1589.64,1579.9
BAJAJFINSV,2024-07-18,1651.25,1592.46,1580.63
BAJAJFINSV,2024-07-19,1640.25,1595.17,1581.37
BAJAJFINSV,2024-07-22,1631.15,1597.78,1582.7
BAJAJFINSV,2024-07-23,1618.85,1599.34,1583.62
BAJAJFINSV,2024-07-24,1579.25,1598.14,1583.6
BAJAJFINSV,2024-07-25,1571.95,1596.72,1583.51
BAJAJFINSV,2024-07-26,1586.45,1595.89,1583.86
BAJAJFINSV,2024-07-29,1617.15,1597.34,1584.28
BAJAJFINSV,2024-07-30,1642.65,1600.46,1585.44
BAJAJFINSV,2024-07-31,1651.65,1604.06,1586.72
BAJAJFINSV,2024-08-01,1634.8,1606.09,1587.76
BAJAJFINSV,2024-08-02,1623.45,1607.98,1588.56
BAJAJFINSV,2024-08-05,1567.7,1607.38,1587.74
BAJAJFINSV,2024-08-06,1564.1,1607.08,1586.99
BAJAJFINSV,2024-08-07,1571.4,1606.57,1586.5
BAJAJFINSV,2024-08-08,1540.05,1604.45,1585.31
BAJAJFINSV,2024-08-09,1560.2,1603.06,1585.11
BAJAJFINSV,2024-08-12,1559.0,1601.15,1585.81
BAJAJFINSV,2024-08-13,1543.35,1598.21,1586.11
BAJAJFINSV,2024-08-14,1529.15,1594.19,1585.17
BAJAJFINSV,2024-08-16,1549.9,1589.12,1586.63
BAJAJFINSV,2024-08-19,1551.1,1584.66,1587.29
BAJAJFINSV,2024-08-20,1602.1,1583.21,1588.81
BAJAJFINSV,2024-08-21,1620.95,1583.32,1589.87
BAJAJFINSV,2024-08-22,1625.7,1585.64,1591.07
BAJAJFINSV,2024-08-23,1639.9,1589.04,1592.5
BAJAJFINSV,2024-08-26,1686.2,1594.02,1594.64
BAJAJFINSV,2024-08-27,1719.0,1599.12,1597.22
BAJAJFINSV,2024-08-28,1713.5,1602.66,1599.66
BAJAJFINSV,2024-08-29,1755.65,1607.86,1602.81
BAJAJFINSV,2024-08-30,1783.05,1615.27,1606.58
BAJAJFINSV,2024-09-02,1840.55,1626.13,1611.67
BAJAJFINSV,2024-09-03,1865.6,1641.02,1617.4
BAJAJFINSV,2024-09-04,1871.9,1656.41,1623.08
BAJAJFINSV,2024-09-05,1864.95,1671.09,1628.32
BAJAJFINSV,2024-09-06,1857.15,1686.95,1633.46
BAJAJFINSV,2024-09-09,1860.45,1701.96,1638.6
BAJAJFINSV,2024-09-10,1824.5,1715.23,1643.33
BAJAJFINSV,2024-09-11,1833.15,1729.72,1648.39
BAJAJFINSV,2024-09-12,1854.85,1746.01,1653.89
BAJAJFINSV,2024-09-13,1894.45,1763.24,1659.9
BAJAJFINSV,2024-09-16,1857.6,1778.56,1665.33
BAJAJFINSV,2024-09-17,1848.7,1790.89,1670.72
BAJAJFINSV,2024-09-18,1888.2,1804.25,1677.08
BAJAJFINSV,2024-09-19,1890.4,1817.49,1683.25
BAJAJFINSV,2024-09-20,1916.8,1831.33,1689.94
BAJAJFINSV,2024-09-23,1919.95,1843.02,1696.58
BAJAJFINSV,2024-09-24,1904.65,1852.3,1702.73
BAJAJFINSV,2024-09-25,1928.5,1863.05,1709.26
BAJAJFINSV,2024-09-26,1982.8,1874.41,1716.72
BAJAJFINSV,2024-09-27,2010.7,1885.79,1723.91
BAJAJFINSV,2024-09-30,1973.4,1892.44,1730.57
BAJAJFINSV,2024-10-01,1975.25,1897.92,1737.45
BAJAJFINSV,2024-10-03,1913.4,1899.99,1743.34
BAJAJFINSV,2024-10-04,1884.55,1900.97,1749.45
BAJAJFINSV,2024-10-07,1879.3,1902.08,1755.6
BAJAJFINSV,2024-10-08,1838.15,1900.96,1760.63
BAJAJFINSV,2024-10-09,1866.95,1903.09,1765.63
BAJAJFINSV,2024-10-10,1875.7,1905.22,1770.29
BAJAJFINSV,2024-10-11,1876.4,1906.29,1774.78
BAJAJFINSV,2024-10-14,1867.2,1904.93,1779.43
BAJAJFINSV,2024-10-15,1853.95,1904.75,1784.04
BAJAJFINSV,2024-10-16,1862.05,1905.41,1789.93
BAJAJFINSV,2024-10-17,1815.8,1901.8,1794.96
BAJAJFINSV,2024-10-18,1819.9,1898.27,1799.93
BAJAJFINSV,2024-10-21,1758.4,1890.35,1804.3
BAJAJFINSV,2024-10-22,1722.6,1880.48,1807.55
BAJAJFINSV,2024-10-23,1739.7,1872.24,1811.16
BAJAJFINSV,2024-10-24,1742.1,1862.91,1815.14
BAJAJFINSV,2024-10-25,1707.4,1849.14,1818.7
BAJAJFINSV,2024-10-28,1730.45,1835.13,1822.31
BAJAJFINSV,2024-10-29,1766.7,1824.8,1826.62
BAJAJFINSV,2024-10-30,1752.45,1813.66,1829.63
BAJAJFINSV,2024-10-31,1750.75,1805.52,1832.23
BAJAJFINSV,2024-11-01,1754.7,1799.03,1834.81
BAJAJFINSV,2024-11-04,1712.5,1790.69,1836.26
BAJAJFINSV,2024-11-05,1735.65,1785.57,1837.25
BAJAJFINSV,2024-11-06,1748.7,1779.66,1837.84
BAJAJFINSV,2024-11-07,1729.7,1772.36,1838.17
BAJAJFINSV,2024-11-08,1739.75,1765.52,1837.85
BAJAJFINSV,2024-11-11,1717.45,1758.04,1836.54
BAJAJFINSV,2024-11-12,1691.75,1749.92,1833.56
BAJAJFINSV,2024-11-13,1664.45,1740.04,1829.54
BAJAJFINSV,2024-11-14,1639.8,1731.24,1824.9
BAJAJFINSV,2024-11-18,1616.0,1721.05,1819.92
BAJAJFINSV,2024-11-19,1596.35,1712.95,1814.7
BAJAJFINSV,2024-11-21,1569.25,1705.28,1808.88
BAJAJFINSV,2024-11-22,1600.85,1698.34,1804.4
BAJFINANCE,2023-10-03,7967.6,,
BAJFINANCE,2023-10-04,7854.05,,
BAJFINANCE,2023-10-05,7850.9,,
BAJFINANCE,2023-10-06,8168.55,,
BAJFINANCE,2023-10-09,8027.7,,
BAJFINANCE,2023-10-10,8083.6,,
BAJFINANCE,2023-10-11,8101.95,,
BAJFINANCE,2023-10-12,8014.3,,
BAJFINANCE,2023-10-13,8051.65,,
BAJFINANCE,2023-10-16,8036.0,,
BAJFINANCE,2023-10-17,8093.0,,
BAJFINANCE,2023-10-18,7866.55,,
BAJFINANCE,2023-10-19,7841.55,,
BAJFINANCE,2023-10-20,7769.2,,
BAJFINANCE,2023-10-23,7798.9,,
BAJFINANCE,2023-10-25,7694.45,,
BAJFINANCE,2023-10-26,7421.8,,
BAJFINANCE,2023-10-27,7507.2,,
BAJFINANCE,2023-10-30,7503.05,,
BAJFINANCE,2023-10-31,7492.65,7857.23,
BAJFINANCE,2023-11-01,7471.9,7832.45,
BAJFINANCE,2023-11-02,7449.1,7812.2,
BAJFINANCE,2023-11-03,7411.5,7790.23,
BAJFINANCE,2023-11-06,7562.05,7759.91,
BAJFINANCE,2023-11-07,7495.6,7733.3,
BAJFINANCE,2023-11-08,7459.95,7702.12,
BAJFINANCE,2023-11-09,7386.7,7666.36,
BAJFINANCE,2023-11-10,7444.8,7637.88,
BAJFINANCE,2023-11-12,7456.9,7608.14,
BAJFINANCE,2023-11-13,7360.85,7574.38,
BAJFINANCE,2023-11-15,7224.3,7530.95,
BAJFINANCE,2023-11-16,7362.45,7505.74,
BAJFINANCE,2023-11-17,7221.0,7474.72,
BAJFINANCE,2023-11-20,7068.6,7439.69,
BAJFINANCE,2023-11-21,7103.15,7404.9,
BAJFINANCE,2023-11-22,7128.35,7376.59,
BAJFINANCE,2023-11-23,7073.65,7359.19,
BAJFINANCE,2023-11-24,7020.8,7334.87,
BAJFINANCE,2023-11-28,7127.55,7316.09,
BAJFINANCE,2023-11-29,7130.1,7297.97,
BAJFINANCE,2023-11-30,7121.9,7280.47,
BAJFINANCE,2023-12-01,7259.35,7270.98,
BAJFINANCE,2023-12-04,7407.65,7270.79,
BAJFINANCE,2023-12-05,7349.8,7260.17,
BAJFINANCE,2023-12-06,7427.1,7256.75,
BAJFINANCE,2023-12-07,7391.2,7253.31,
BAJFINANCE,2023-12-08,7307.6,7249.35,
BAJFINANCE,2023-12-11,7292.75,7241.75,
BAJFINANCE,2023-12-12,7314.55,7234.64,
BAJFINANCE,2023-12-13,7258.0,7229.49,7524.68
BAJFINANCE,2023-12-14,7474.2,7241.99,7514.81
BAJFINANCE,2023-12-15,7515.05,7249.62,7508.03
BAJFINANCE,2023-12-18,7587.6,7267.95,7502.76
BAJFINANCE,2023-12-19,7632.65,7296.15,7492.04
BAJFINANCE,2023-12-20,7493.95,7315.69,7481.37
BAJFINANCE,2023-12-21,7367.15,7327.63,7467.04
BAJFINANCE,2023-12-22,7295.3,7338.71,7450.91
BAJFINANCE,2023-12-26,7162.3,7345.79,7433.87
BAJFINANCE,2023-12-27,7232.8,7351.05,7417.49
BAJFINANCE,2023-12-28,7258.65,7357.48,7401.94
BAJFINANCE,2023-12-29,7327.75,7367.77,7386.64
BAJFINANCE,2024-01-01,7299.05,7369.75,7375.29
BAJFINANCE,2024-01-02,7430.05,7370.88,7367.06
BAJFINANCE,2024-01-03,7384.8,7372.62,7359.37
BAJFINANCE,2024-01-04,7705.55,7386.55,7357.5
BAJFINANCE,2024-01-05,7711.15,7402.54,7357.84
BAJFINANCE,2024-01-08,7736.0,7423.97,7364.12
BAJFINANCE,2024-01-09,7725.45,7445.6,7368.49
BAJFINANCE,2024-01-10,7680.55,7463.9,7372.04
BAJFINANCE,2024-01-11,7669.75,7484.49,7375.58
BAJFINANCE,2024-01-12,7661.05,7493.83,7379.36
BAJFINANCE,2024-01-15,7478.0,7491.98,7379.94
BAJFINANCE,2024-01-16,7456.65,7485.43,7380.84
BAJFINANCE,2024-01-17,7358.85,7471.74,7376.78
BAJFINANCE,2024-01-18,7265.55,7460.32,7372.18
BAJFINANCE,2024-01-19,7319.1,7457.92,7369.36
BAJFINANCE,2024-01-20,7301.3,7458.22,7367.65
BAJFINANCE,2024-01-23,7070.7,7453.64,7360.17
BAJFINANCE,2024-01-24,7055.3,7444.76,7352.14
BAJFINANCE,2024-01-25,7085.5,7436.1,7346.63
BAJFINANCE,2024-01-29,7191.65,7429.3,7345.98
BAJFINANCE,2024-01-30,6817.2,7405.21,7335.07
BAJFINANCE,2024-01-31,6862.9,7376.85,7327.91
BAJFINANCE,2024-02-01,6743.3,7344.78,7321.41
BAJFINANCE,2024-02-02,6848.3,7301.91,7316.31
BAJFINANCE,2024-02-05,6608.2,7246.76,7305.91
BAJFINANCE,2024-02-06,6598.15,7189.87,7296.4
BAJFINANCE,2024-02-07,6709.2,7139.06,7290.16
BAJFINANCE,2024-02-08,6575.65,7083.82,7279.13
BAJFINANCE,2024-02-09,6654.5,7033.05,7269.61
BAJFINANCE,2024-02-12,6569.15,6978.46,7258.56
BAJFINANCE,2024-02-13,6603.65,6934.74,7245.44
BAJFINANCE,2024-02-14,6646.5,6894.23,7230.22
BAJFINANCE,2024-02-15,6619.4,6857.26,7215.61
BAJFINANCE,2024-02-16,6619.2,6824.94,7199.46
BAJFINANCE,2024-02-19,6712.8,6794.63,7185.89
BAJFINANCE,2024-02-20,6763.6,6767.74,7175.01
BAJFINANCE,2024-02-21,6688.8,6748.65,7162.93
BAJFINANCE,2024-02-22,6674.95,6729.63,7150.14
BAJFINANCE,2024-02-23,6697.85,6710.25,7138.93
BAJFINANCE,2024-02-26,6643.25,6682.83,7122.32
BAJFINANCE,2024-02-27,6556.25,6669.78,7103.14
BAJFINANCE,2024-02-28,6498.7,6651.57,7081.36
BAJFINANCE,2024-02-29,6495.35,6639.17,7058.62
BAJFINANCE,2024-03-01,6571.45,6625.33,7040.16
BAJFINANCE,2024-03-02,6584.35,6624.14,7024.51
BAJFINANCE,2024-03-04,6602.45,6624.35,7010.65
BAJFINANCE,2024-03-05,6324.25,6605.1,6993.89
BAJFINANCE,2024-03-06,6311.25,6591.88,6975.46
BAJFINANCE,2024-03-07,6421.05,6580.21,6958.71
BAJFINANCE,2024-03-11,6433.75,6573.44,6940.83
BAJFINANCE,2024-03-12,6436.05,6565.06,6923.57
BAJFINANCE,2024-03-13,6456.15,6555.54,6904.09
BAJFINANCE,2024-03-14,6397.45,6544.45,6884.34
BAJFINANCE,2024-03-15,6514.35,6539.2,6860.52
BAJFINANCE,2024-03-18,6504.65,6528.8,6836.39
BAJFINANCE,2024-03-19,6596.25,6520.43,6813.59
BAJFINANCE,2024-03-20,6649.5,6518.46,6792.08
BAJFINANCE,2024-03-21,6715.75,6520.5,6772.78
BAJFINANCE,2024-03-22,6760.9,6523.66,6754.6
BAJFINANCE,2024-03-26,6910.1,6537.0,6739.58
BAJFINANCE,2024-03-27,7022.75,6560.32,6730.48
BAJFINANCE,2024-03-28,7245.25,6597.65,6726.25
BAJFINANCE,2024-04-01,7250.95,6635.43,6724.09
BAJFINANCE,2024-04-02,7207.4,6667.23,6722.93
BAJFINANCE,2024-04-03,7309.25,6703.48,6722.73
BAJFINANCE,2024-04-04,7283.4,6737.52,6722.37
BAJFINANCE,2024-04-05,7175.65,6780.09,6724.47
BAJFINANCE,2024-04-08,7178.55,6823.46,6726.94
BAJFINANCE,2024-04-09,7193.6,6862.09,6729.1
BAJFINANCE,2024-04-10,7230.25,6901.91,6729.87
BAJFINANCE,2024-04-12,7229.55,6941.58,6738.12
BAJFINANCE,2024-04-15,7076.25,6972.59,6742.39
BAJFINANCE,2024-04-16,6954.25,7000.43,6746.6
BAJFINANCE,2024-04-18,6893.2,7019.37,6747.5
BAJFINANCE,2024-04-19,7119.5,7050.12,6757.73
BAJFINANCE,2024-04-22,7292.2,7084.91,6771.61
BAJFINANCE,2024-04-23,7259.9,7115.43,6782.62
BAJFINANCE,2024-04-24,7329.15,7146.1,6797.69
BAJFINANCE,2024-04-25,7294.9,7172.8,6810.5
BAJFINANCE,2024-04-26,6731.2,7163.86,6813.74
BAJFINANCE,2024-04-29,6826.6,7154.05,6818.2
BAJFINANCE,2024-04-30,6923.55,7137.97,6823.74
BAJFINANCE,2024-05-02,6882.7,7119.55,6829.01
BAJFINANCE,2024-05-03,6931.5,7105.76,6835.26
BAJFINANCE,2024-05-06,6859.85,7083.29,6838.2
BAJFINANCE,2024-05-07,6872.55,7062.75,6840.38
BAJFINANCE,2024-05-08,6799.45,7043.94,6842.59
BAJFINANCE,2024-05-09,6605.15,7015.26,6841.19
BAJFINANCE,2024-05-10,6684.15,6989.79,6840.92
BAJFINANCE,2024-05-13,6718.75,6964.22,6842.43
BAJFINANCE,2024-05-14,6675.7,6936.52,6844.82
BAJFINANCE,2024-05-15,6680.0,6916.71,6848.44
BAJFINANCE,2024-05-16,6747.15,6906.36,6853.48
BAJFINANCE,2024-05-17,6727.4,6898.07,6856.6
BAJFINANCE,2024-05-18,6738.0,6878.99,6859.67
BAJFINANCE,2024-05-21,6742.85,6851.52,6862.48
BAJFINANCE,2024-05-22,6744.55,6825.76,6870.88
BAJFINANCE,2024-05-23,6826.65,6800.63,6881.19
BAJFINANCE,2024-05-24,6836.9,6777.73,6889.51
BAJFINANCE,2024-05-27,6895.5,6785.95,6898.74
BAJFINANCE,2024-05-28,6873.05,6788.27,6907.48
BAJFINANCE,2024-05-29,6806.7,6782.43,6914.5
BAJFINANCE,2024-05-30,6616.45,6769.12,6918.88
BAJFINANCE,2024-05-31,6697.7,6757.42,6922.54
BAJFINANCE,2024-06-03,6915.55,6760.21,6930.76
BAJFINANCE,2024-06-04,6509.55,6742.06,6929.03
BAJFINANCE,2024-06-05,6836.65,6743.92,6932.77
BAJFINANCE,2024-06-06,6925.8,6759.95,6936.97
BAJFINANCE,2024-06-07,7191.4,6785.32,6945.58
BAJFINANCE,2024-06-10,7088.85,6803.82,6949.16
BAJFINANCE,2024-06-11,7138.1,6826.94,6951.46
BAJFINANCE,2024-06-12,7217.75,6853.83,6950.91
BAJFINANCE,2024-06-13,7294.95,6881.22,6951.79
BAJFINANCE,2024-06-14,7341.55,6911.92,6954.48
BAJFINANCE,2024-06-18,7334.7,6941.76,6954.98
BAJFINANCE,2024-06-19,7233.95,6966.32,6954.0
BAJFINANCE,2024-06-20,7207.1,6989.44,6954.62
BAJFINANCE,2024-06-21,7134.25,7004.82,6953.74
BAJFINANCE,2024-06-24,7081.85,7017.07,6951.5
BAJFINANCE,2024-06-25,7074.45,7026.02,6948.39
BAJFINANCE,2024-06-26,7158.2,7040.28,6946.96
BAJFINANCE,2024-06-27,7166.75,7058.28,6948.77
BAJFINANCE,2024-06-28,7115.55,7083.23,6952.0
BAJFINANCE,2024-07-01,7276.75,7112.18,6959.67
BAJFINANCE,2024-07-02,7165.6,7124.69,6960.59
BAJFINANCE,2024-07-03,7258.8,7162.15,6959.92
BAJFINANCE,2024-07-04,7107.05,7175.67,6956.86
BAJFINANCE,2024-07-05,7138.0,7186.28,6953.04
BAJFINANCE,2024-07-08,7098.25,7181.62,6949.11
BAJFINANCE,2024-07-09,7068.05,7180.58,6955.85
BAJFINANCE,2024-07-10,7054.95,7176.42,6960.41
BAJFINANCE,2024-07-11,6950.3,7163.05,6960.95
BAJFINANCE,2024-07-12,7004.3,7148.52,6963.38
BAJFINANCE,2024-07-15,7063.75,7134.63,6966.02
BAJFINANCE,2024-07-16,7059.1,7120.85,6970.01
BAJFINANCE,2024-07-18,7110.0,7114.65,6974.76
BAJFINANCE,2024-07-19,6932.3,7100.91,6977.42
BAJFINANCE,2024-07-22,6884.25,7088.41,6983.0
BAJFINANCE,2024-07-23,6727.1,7070.68,6983.86
BAJFINANCE,2024-07-24,6607.15,7047.31,6981.62
BAJFINANCE,2024-07-25,6647.75,7021.79,6981.07
BAJFINANCE,2024-07-26,6789.75,7002.94,6983.26
BAJFINANCE,2024-07-29,6812.45,6987.78,6984.57
BAJFINANCE,2024-07-30,6823.6,6965.12,6986.49
BAJFINANCE,2024-07-31,6806.95,6947.19,6987.87
BAJFINANCE,2024-08-01,6771.65,6922.83,6988.45
BAJFINANCE,2024-08-02,6725.0,6903.73,6988.06
BAJFINANCE,2024-08-05,6596.7,6876.67,6983.46
BAJFINANCE,2024-08-06,6538.35,6848.67,6977.48
BAJFINANCE,2024-08-07,6637.15,6827.13,6972.32
BAJFINANCE,2024-08-08,6582.2,6803.49,6966.5
BAJFINANCE,2024-08-09,6618.2,6786.88,6962.73
BAJFINANCE,2024-08-12,6608.15,6767.08,6962.56
BAJFINANCE,2024-08-13,6465.05,6737.14,6957.91
BAJFINANCE,2024-08-14,6458.5,6707.11,6948.77
BAJFINANCE,2024-08-16,6590.9,6681.16,6950.4
BAJFINANCE,2024-08-19,6616.35,6665.36,6945.99
BAJFINANCE,2024-08-20,6722.2,6657.26,6941.92
BAJFINANCE,2024-08-21,6735.35,6657.67,6932.8
BAJFINANCE,2024-08-22,6743.6,6664.49,6925.89
BAJFINANCE,2024-08-23,6735.85,6668.9,6917.85
BAJFINANCE,2024-08-26,6778.35,6668.33,6909.06
BAJFINANCE,2024-08-27,6863.6,6670.88,6900.43
BAJFINANCE,2024-08-28,6900.0,6674.7,6891.6
BAJFINANCE,2024-08-29,7063.55,6687.54,6886.18
BAJFINANCE,2024-08-30,7200.15,6708.96,6885.5
BAJFINANCE,2024-09-02,7440.05,6744.71,6890.16
BAJFINANCE,2024-09-03,7353.8,6782.57,6894.55
BAJFINANCE,2024-09-04,7299.5,6820.62,6898.91
BAJFINANCE,2024-09-05,7244.9,6851.01,6902.32
BAJFINANCE,2024-09-06,7317.15,6887.76,6905.5
BAJFINANCE,2024-09-09,7347.45,6924.22,6909.11
BAJFINANCE,2024-09-10,7241.85,6955.91,6911.64
BAJFINANCE,2024-09-11,7345.55,6999.93,6913.01
BAJFINANCE,2024-09-12,7428.3,7048.42,6918.26
BAJFINANCE,2024-09-13,7598.5,7098.8,6925.06
BAJFINANCE,2024-09-16,7345.75,7135.27,6929.83
BAJFINANCE,2024-09-17,7365.5,7167.44,6934.38
BAJFINANCE,2024-09-18,7631.1,7212.22,6945.04
BAJFINANCE,2024-09-19,7590.35,7254.56,6955.49
BAJFINANCE,2024-09-20,7582.45,7296.89,6966.04
BAJFINANCE,2024-09-23,7595.1,7337.73,6978.93
BAJFINANCE,2024-09-24,7554.2,7372.26,6989.93
BAJFINANCE,2024-09-25,7623.9,7408.46,7001.13
BAJFINANCE,2024-09-26,7768.4,7443.7,7015.32
BAJFINANCE,2024-09-27,7756.0,7471.49,7028.24
BAJFINANCE,2024-09-30,7703.0,7484.64,7043.65
BAJFINANCE,2024-10-01,7703.0,7502.1,7060.03
BAJFINANCE,2024-10-03,7433.85,7508.82,7074.16
BAJFINANCE,2024-10-04,7211.35,7507.14,7086.25
BAJFINANCE,2024-10-07,7269.4,7504.75,7098.68
BAJFINANCE,2024-10-08,7186.95,7496.72,7106.62
BAJFINANCE,2024-10-09,7300.45,7499.66,7116.38
BAJFINANCE,2024-10-10,7319.7,7498.36,7126.31
BAJFINANCE,2024-10-11,7302.0,7492.05,7136.21
BAJFINANCE,2024-10-14,7208.8,7472.56,7144.95
BAJFINANCE,2024-10-15,7016.9,7456.12,7150.79
BAJFINANCE,2024-10-16,6956.35,7435.66,7157.98
BAJFINANCE,2024-10-17,6899.5,7399.08,7165.2
BAJFINANCE,2024-10-18,6899.55,7364.54,7170.45
BAJFINANCE,2024-10-21,6780.9,7324.46,7174.43
BAJFINANCE,2024-10-22,6677.9,7278.6,7175.62
BAJFINANCE,2024-10-23,6995.8,7250.68,7183.37
BAJFINANCE,2024-10-24,7040.9,7221.53,7194.89
BAJFINANCE,2024-10-25,6910.15,7178.62,7203.92
BAJFINANCE,2024-10-28,6911.35,7136.39,7210.33
BAJFINANCE,2024-10-29,7022.5,7102.36,7218.46
BAJFINANCE,2024-10-30,6955.0,7064.96,7223.11
BAJFINANCE,2024-10-31,6889.75,7037.76,7226.2
BAJFINANCE,2024-11-01,6923.6,7023.37,7229.8
BAJFINANCE,2024-11-04,6843.7,7002.09,7231.96
BAJFINANCE,2024-11-05,6930.35,6989.26,7235.0
BAJFINANCE,2024-11-06,7006.2,6974.54,7237.85
BAJFINANCE,2024-11-07,6904.5,6953.79,7237.94
BAJFINANCE,2024-11-08,6895.95,6933.48,7234.59
BAJFINANCE,2024-11-11,6778.8,6911.98,7226.16
BAJFINANCE,2024-11-12,6638.2,6893.05,7210.12
BAJFINANCE,2024-11-13,6566.0,6873.53,7194.37
BAJFINANCE,2024-11-14,6549.15,6856.01,7179.36
BAJFINANCE,2024-11-18,6567.95,6839.43,7165.82
BAJFINANCE,2024-11-19,6595.3,6830.15,7151.38
BAJFINANCE,2024-11-21,6465.65,6819.54,7133.75
BAJFINANCE,2024-11-22,6683.95,6803.95,7122.59
BEL,2023-10-03,139.2,,
BEL,2023-10-04,138.85,,
BEL,2023-10-05,138.95,,
BEL,2023-10-06,139.0,,
BEL,2023-10-09,135.75,,
BEL,2023-10-10,139.95,,
BEL,2023-10-11,137.75,,
BEL,2023-10-12,138.2,,
BEL,2023-10-13,137.45,,
BEL,2023-10-16,137.4,,
BEL,2023-10-17,138.55,,
BEL,2023-10-18,137.05,,
BEL,2023-10-19,137.0,,
BEL,2023-10-20,134.2,,
BEL,2023-10-23,132.7,,
BEL,2023-10-25,131.2,,
BEL,2023-10-26,128.85,,
BEL,2023-10-27,132.2,,
BEL,2023-10-30,131.95,,
BEL,2023-10-31,133.25,135.97,
BEL,2023-11-01,132.4,135.63,
BEL,2023-11-02,134.75,135.43,
BEL,2023-11-03,135.95,135.28,
BEL,2023-11-06,137.65,135.21,
BEL,2023-11-07,138.05,135.32,
BEL,2023-11-08,140.4,135.35,
BEL,2023-11-09,137.95,135.36,
BEL,2023-11-10,138.8,135.39,
BEL,2023-11-12,139.6,135.5,
BEL,2023-11-13,143.4,135.8,
BEL,2023-11-15,143.05,136.02,
BEL,2023-11-16,142.6,136.3,
BEL,2023-11-17,146.1,136.75,
BEL,2023-11-20,143.85,137.24,
BEL,2023-11-21,142.85,137.74,
BEL,2023-11-22,141.85,138.28,
BEL,2023-11-23,139.35,138.8,
BEL,2023-11-24,140.35,139.21,
BEL,2023-11-28,141.3,139.68,
BEL,2023-11-29,141.0,140.06,
BEL,2023-11-30,145.9,140.74,
BEL,2023-12-01,147.45,141.37,
BEL,2023-12-04,153.55,142.25,
BEL,2023-12-05,152.0,142.97,
BEL,2023-12-06,156.15,143.88,
BEL,2023-12-07,160.35,144.87,
BEL,2023-12-08,158.75,145.91,
BEL,2023-12-11,161.25,147.04,
BEL,2023-12-12,160.8,148.1,
BEL,2023-12-13,162.85,149.07,141.6
BEL,2023-12-14,164.0,150.12,142.09
BEL,2023-12-15,169.05,151.44,142.7
BEL,2023-12-18,172.7,152.77,143.37
BEL,2023-12-19,173.05,154.23,144.05
BEL,2023-12-20,167.25,155.45,144.68
BEL,2023-12-21,170.65,156.89,145.29
BEL,2023-12-22,174.8,158.66,146.04
BEL,2023-12-26,181.95,160.74,146.91
BEL,2023-12-27,180.2,162.68,147.77
BEL,2023-12-28,182.7,164.77,148.67
BEL,2023-12-29,184.2,166.68,149.58
BEL,2024-01-01,184.95,168.56,150.54
BEL,2024-01-02,182.15,169.99,151.45
BEL,2024-01-03,182.35,171.51,152.41
BEL,2024-01-04,186.9,173.04,153.49
BEL,2024-01-05,185.95,174.32,154.59
BEL,2024-01-08,183.6,175.57,155.68
BEL,2024-01-09,184.65,176.74,156.73
BEL,2024-01-10,185.6,177.98,157.8
BEL,2024-01-11,184.35,179.05,158.83
BEL,2024-01-12,183.5,180.03,159.85
BEL,2024-01-15,188.65,181.01,160.93
BEL,2024-01-16,186.8,181.71,161.94
BEL,2024-01-17,185.65,182.34,162.9
BEL,2024-01-18,188.2,183.39,163.91
BEL,2024-01-19,191.85,184.45,164.94
BEL,2024-01-20,193.4,185.38,166.04
BEL,2024-01-23,187.1,185.64,167.01
BEL,2024-01-24,189.25,186.09,168.0
BEL,2024-01-25,189.7,186.44,168.93
BEL,2024-01-29,190.9,186.78,169.89
BEL,2024-01-30,187.9,186.92,170.79
BEL,2024-01-31,185.9,187.11,171.59
BEL,2024-02-01,183.4,187.16,172.38
BEL,2024-02-02,184.6,187.05,173.22
BEL,2024-02-05,181.55,186.83,174.01
BEL,2024-02-06,183.1,186.8,174.88
BEL,2024-02-07,181.7,186.66,175.71
BEL,2024-02-08,184.8,186.62,176.58
BEL,2024-02-09,180.65,186.43,177.37
BEL,2024-02-12,174.65,185.99,177.95
BEL,2024-02-13,176.6,185.39,178.53
BEL,2024-02-14,181.6,185.12,179.09
BEL,2024-02-15,185.95,185.14,179.77
BEL,2024-02-16,188.3,185.14,180.42
BEL,2024-02-19,188.75,184.99,180.98
BEL,2024-02-20,190.65,184.85,181.62
BEL,2024-02-21,188.7,184.93,182.17
BEL,2024-02-22,194.75,185.21,182.85
BEL,2024-02-23,205.3,185.99,183.7
BEL,2024-02-26,204.25,186.66,184.5
BEL,2024-02-27,205.35,187.53,185.23
BEL,2024-02-28,205.65,188.52,185.89
BEL,2024-02-29,205.1,189.6,186.53
BEL,2024-03-01,205.6,190.65,187.3
BEL,2024-03-02,206.75,191.91,188.02
BEL,2024-03-04,209.6,193.24,188.71
BEL,2024-03-05,210.75,194.69,189.29
BEL,2024-03-06,210.45,195.97,189.9
BEL,2024-03-07,215.2,197.7,190.54
BEL,2024-03-11,212.55,199.59,191.11
BEL,2024-03-12,204.25,200.98,191.5
BEL,2024-03-13,190.3,201.41,191.66
BEL,2024-03-14,195.25,201.88,191.92
BEL,2024-03-15,188.85,201.9,191.96
BEL,2024-03-18,189.9,201.96,192.04
BEL,2024-03-19,185.4,201.7,192.07
BEL,2024-03-20,187.45,201.64,192.13
BEL,2024-03-21,196.85,201.74,192.35
BEL,2024-03-22,197.5,201.35,192.62
BEL,2024-03-26,199.4,201.11,192.94
BEL,2024-03-27,199.45,200.81,193.15
BEL,2024-03-28,201.5,200.6,193.44
BEL,2024-04-01,211.1,200.9,193.95
BEL,2024-04-02,221.0,201.68,194.61
BEL,2024-04-03,221.5,202.41,195.2
BEL,2024-04-04,220.3,202.95,195.74
BEL,2024-04-05,224.5,203.64,196.49
BEL,2024-04-08,223.55,204.29,197.18
BEL,2024-04-09,228.15,204.94,197.94
BEL,2024-04-10,228.75,205.75,198.7
BEL,2024-04-12,233.5,207.21,199.61
BEL,2024-04-15,234.45,209.42,200.58
BEL,2024-04-16,233.45,211.33,201.58
BEL,2024-04-18,231.15,213.44,202.52
BEL,2024-04-19,233.3,215.61,203.55
BEL,2024-04-22,233.3,218.01,204.56
BEL,2024-04-23,234.35,220.35,205.61
BEL,2024-04-24,236.5,222.33,206.64
BEL,2024-04-25,237.6,224.34,207.78
BEL,2024-04-26,238.95,226.32,209.07
BEL,2024-04-29,235.4,228.12,210.24
BEL,2024-04-30,233.75,229.73,211.29
BEL,2024-05-02,234.75,230.91,212.26
BEL,2024-05-03,234.1,231.56,213.18
BEL,2024-05-06,231.85,232.08,214.04
BEL,2024-05-07,227.4,232.44,214.78
BEL,2024-05-08,231.6,232.79,215.63
BEL,2024-05-09,226.2,232.92,216.26
BEL,2024-05-10,227.1,232.87,216.7
BEL,2024-05-13,224.75,232.67,217.11
BEL,2024-05-14,230.95,232.54,217.62
BEL,2024-05-15,232.85,232.46,218.16
BEL,2024-05-16,237.9,232.69,218.82
BEL,2024-05-17,248.2,233.54,219.67
BEL,2024-05-18,258.8,234.82,220.71
BEL,2024-05-21,274.15,236.86,222.0
BEL,2024-05-22,283.6,239.32,223.46
BEL,2024-05-23,288.5,241.92,225.02
BEL,2024-05-24,297.2,244.9,226.66
BEL,2024-05-27,294.45,247.68,228.3
BEL,2024-05-28,289.1,250.36,230.0
BEL,2024-05-29,292.15,253.28,232.03
BEL,2024-05-30,290.65,256.08,233.94
BEL,2024-05-31,295.95,259.17,236.08
BEL,2024-06-03,318.65,263.51,238.66
BEL,2024-06-04,255.55,264.92,240.06
BEL,2024-06-05,260.35,266.35,241.52
BEL,2024-06-06,273.65,268.73,243.06
BEL,2024-06-07,283.2,271.53,244.77
BEL,2024-06-10,283.4,274.46,246.45
BEL,2024-06-11,286.2,277.23,248.18
BEL,2024-06-12,290.5,280.11,249.96
BEL,2024-06-13,300.9,283.26,251.76
BEL,2024-06-14,309.6,286.33,253.53
BEL,2024-06-18,318.25,289.3,255.47
BEL,2024-06-19,309.3,291.06,257.25
BEL,2024-06-20,311.9,292.47,259.0
BEL,2024-06-21,304.95,293.29,260.62
BEL,2024-06-24,309.75,293.92,262.26
BEL,2024-06-25,309.7,294.68,263.88
BEL,2024-06-26,306.85,295.57,265.34
BEL,2024-06-27,304.5,296.19,266.74
BEL,2024-06-28,305.9,296.95,268.19
BEL,2024-07-01,307.65,297.54,269.72
BEL,2024-07-02,306.1,296.91,271.18
BEL,2024-07-03,314.5,299.86,272.8
BEL,2024-07-04,317.35,302.71,274.46
BEL,2024-07-05,324.05,305.23,276.21
BEL,2024-07-08,334.6,307.8,278.15
BEL,2024-07-09,334.8,310.37,280.07
BEL,2024-07-10,333.85,312.75,282.04
BEL,2024-07-11,335.5,315.0,284.07
BEL,2024-07-12,333.1,316.61,286.04
BEL,2024-07-15,331.4,317.7,287.99
BEL,2024-07-16,326.15,318.09,289.87
BEL,2024-07-18,313.55,318.31,291.6
BEL,2024-07-19,306.3,318.03,293.09
BEL,2024-07-22,312.3,318.4,294.81
BEL,2024-07-23,301.45,317.98,296.3
BEL,2024-07-24,300.1,317.5,297.81
BEL,2024-07-25,301.45,317.23,299.22
BEL,2024-07-26,309.9,317.5,300.76
BEL,2024-07-29,321.35,318.27,302.43
BEL,2024-07-30,318.1,318.79,303.82
BEL,2024-07-31,316.05,319.29,304.97
BEL,2024-08-01,311.15,319.12,305.71
BEL,2024-08-02,302.95,318.41,306.1
BEL,2024-08-05,290.25,316.72,306.13
BEL,2024-08-06,287.25,314.35,305.93
BEL,2024-08-07,300.2,312.62,306.05
BEL,2024-08-08,298.25,310.84,306.23
BEL,2024-08-09,302.2,309.17,306.43
BEL,2024-08-12,301.4,307.59,306.65
BEL,2024-08-13,296.15,305.82,306.65
BEL,2024-08-14,293.7,304.2,306.15
BEL,2024-08-16,303.3,303.69,307.11
BEL,2024-08-19,302.15,303.48,307.94
BEL,2024-08-20,303.15,303.02,308.53
BEL,2024-08-21,305.4,303.22,308.98
BEL,2024-08-22,304.5,303.44,309.4
BEL,2024-08-23,306.0,303.67,309.79
BEL,2024-08-26,306.7,303.51,310.12
BEL,2024-08-27,300.9,302.49,310.12
BEL,2024-08-28,299.95,301.58,309.92
BEL,2024-08-29,296.2,300.59,309.48
BEL,2024-08-30,299.3,300.0,309.28
BEL,2024-09-02,296.9,299.69,308.98
BEL,2024-09-03,297.15,300.04,308.83
BEL,2024-09-04,298.95,300.62,308.61
BEL,2024-09-05,290.6,300.14,308.23
BEL,2024-09-06,283.6,299.41,307.76
BEL,2024-09-09,281.55,298.38,307.31
BEL,2024-09-10,285.75,297.6,306.9
BEL,2024-09-11,288.05,297.19,306.51
BEL,2024-09-12,291.7,297.09,306.22
BEL,2024-09-13,289.95,296.42,305.73
BEL,2024-09-16,290.4,295.83,305.19
BEL,2024-09-17,284.3,294.89,304.4
BEL,2024-09-18,282.85,293.76,303.36
BEL,2024-09-19,272.7,292.18,302.12
BEL,2024-09-20,277.35,290.74,300.99
BEL,2024-09-23,286.3,289.72,300.01
BEL,2024-09-24,291.8,289.27,299.18
BEL,2024-09-25,289.85,288.76,298.35
BEL,2024-09-26,290.5,288.48,297.64
BEL,2024-09-27,293.45,288.18,297.24
BEL,2024-09-30,285.1,287.59,296.81
BEL,2024-10-01,283.95,286.94,296.24
BEL,2024-10-03,278.7,285.92,295.79
BEL,2024-10-04,277.2,285.25,295.33
BEL,2024-10-07,267.35,284.44,294.65
BEL,2024-10-08,280.25,284.38,294.06
BEL,2024-10-09,282.4,284.21,293.28
BEL,2024-10-10,286.9,284.15,292.65
BEL,2024-10-11,285.9,283.86,292.05
BEL,2024-10-14,285.7,283.65,291.54
BEL,2024-10-15,288.85,283.57,291.26
BEL,2024-10-16,285.7,283.64,291.17
BEL,2024-10-17,284.55,283.73,291.11
BEL,2024-10-18,287.15,284.45,290.85
BEL,2024-10-21,282.3,284.7,290.53
BEL,2024-10-22,271.65,283.96,289.92
BEL,2024-10-23,268.65,282.8,289.27
BEL,2024-10-24,271.35,281.88,288.77
BEL,2024-10-25,272.35,280.97,288.35
BEL,2024-10-28,270.05,279.8,287.68
BEL,2024-10-29,283.65,279.73,287.31
BEL,2024-10-30,288.55,279.96,287.02
BEL,2024-10-31,284.9,280.27,286.61
BEL,2024-11-01,288.65,280.84,286.29
BEL,2024-11-04,284.15,281.68,285.85
BEL,2024-11-05,286.35,281.99,285.45
BEL,2024-11-06,301.85,282.96,285.47
BEL,2024-11-07,300.35,283.63,285.47
BEL,2024-11-08,297.75,284.23,285.5
BEL,2024-11-11,299.75,284.93,285.51
BEL,2024-11-12,290.15,284.99,285.38
BEL,2024-11-13,281.55,284.78,285.07
BEL,2024-11-14,280.95,284.6,284.71
BEL,2024-11-18,278.05,284.15,284.46
BEL,2024-11-19,279.0,283.98,284.36
BEL,2024-11-21,275.45,284.18,284.24
BEL,2024-11-22,280.85,284.79,284.14
BHARTIARTL,2023-10-03,925.3,,
BHARTIARTL,2023-10-04,924.25,,
BHARTIARTL,2023-10-05,928.85,,
BHARTIARTL,2023-10-06,926.05,,
BHARTIARTL,2023-10-09,924.55,,
BHARTIARTL,2023-10-10,948.35,,
BHARTIARTL,2023-10-11,955.6,,
BHARTIARTL,2023-10-12,950.35,,
BHARTIARTL,2023-10-13,954.2,,
BHARTIARTL,2023-10-16,946.55,,
BHARTIARTL,2023-10-17,953.65,,
BHARTIARTL,2023-10-18,952.85,,
BHARTIARTL,2023-10-19,942.95,,
BHARTIARTL,2023-10-20,945.2,,
BHARTIARTL,2023-10-23,939.3,,
BHARTIARTL,2023-10-25,922.6,,
BHARTIARTL,2023-10-26,905.5,,
BHARTIARTL,2023-10-27,914.6,,
BHARTIARTL,2023-10-30,926.25,,
BHARTIARTL,2023-10-31,914.4,935.07,
BHARTIARTL,2023-11-01,913.45,934.48,
BHARTIARTL,2023-11-02,923.85,934.46,
BHARTIARTL,2023-11-03,930.75,934.55,
BHARTIARTL,2023-11-06,939.2,935.21,
BHARTIARTL,2023-11-07,937.15,935.84,
BHARTIARTL,2023-11-08,936.75,935.26,
BHARTIARTL,2023-11-09,932.35,934.09,
BHARTIARTL,2023-11-10,935.5,933.35,
BHARTIARTL,2023-11-12,938.0,932.54,
BHARTIARTL,2023-11-13,935.0,931.96,
BHARTIARTL,2023-11-15,950.0,931.78,
BHARTIARTL,2023-11-16,949.55,931.62,
BHARTIARTL,2023-11-17,947.3,931.84,
BHARTIARTL,2023-11-20,961.4,932.64,
BHARTIARTL,2023-11-21,970.85,934.22,
BHARTIARTL,2023-11-22,969.75,936.58,
BHARTIARTL,2023-11-23,976.65,940.14,
BHARTIARTL,2023-11-24,973.15,943.06,
BHARTIARTL,2023-11-28,984.9,946.0,
BHARTIARTL,2023-11-29,995.4,950.05,
BHARTIARTL,2023-11-30,1014.7,955.11,
BHARTIARTL,2023-12-01,1014.7,959.65,
BHARTIARTL,2023-12-04,1032.9,964.76,
BHARTIARTL,2023-12-05,1031.1,969.36,
BHARTIARTL,2023-12-06,1024.45,973.72,
BHARTIARTL,2023-12-07,1000.0,976.88,
BHARTIARTL,2023-12-08,1000.25,980.28,
BHARTIARTL,2023-12-11,1000.85,983.54,
BHARTIARTL,2023-12-12,995.25,986.41,
BHARTIARTL,2023-12-13,999.9,989.65,956.33
BHARTIARTL,2023-12-14,1005.2,992.41,957.93
BHARTIARTL,2023-12-15,992.55,994.56,959.29
BHARTIARTL,2023-12-18,990.25,996.71,960.52
BHARTIARTL,2023-12-19,988.45,998.06,961.77
BHARTIARTL,2023-12-20,971.55,998.1,962.71
BHARTIARTL,2023-12-21,977.9,998.5,963.3
BHARTIARTL,2023-12-22,989.55,999.15,963.98
BHARTIARTL,2023-12-26,999.85,1000.48,964.97
BHARTIARTL,2023-12-27,1021.2,1002.3,966.31
BHARTIARTL,2023-12-28,1036.7,1004.36,968.11
BHARTIARTL,2023-12-29,1032.2,1005.24,969.68
BHARTIARTL,2024-01-01,1013.05,1005.16,970.89
BHARTIARTL,2024-01-02,1021.7,1004.6,972.46
BHARTIARTL,2024-01-03,1035.2,1004.8,974.26
BHARTIARTL,2024-01-04,1047.9,1005.98,976.43
BHARTIARTL,2024-01-05,1046.6,1008.3,978.91
BHARTIARTL,2024-01-08,1049.05,1010.74,981.78
BHARTIARTL,2024-01-09,1064.5,1013.93,984.78
BHARTIARTL,2024-01-10,1062.7,1017.3,987.51
BHARTIARTL,2024-01-11,1062.85,1020.45,990.48
BHARTIARTL,2024-01-12,1076.35,1024.01,993.74
BHARTIARTL,2024-01-15,1102.4,1029.5,997.31
BHARTIARTL,2024-01-16,1095.9,1034.78,1000.61
BHARTIARTL,2024-01-17,1085.25,1039.62,1003.53
BHARTIARTL,2024-01-18,1087.05,1045.4,1006.53
BHARTIARTL,2024-01-19,1125.0,1052.75,1010.3
BHARTIARTL,2024-01-20,1123.75,1059.46,1014.12
BHARTIARTL,2024-01-23,1158.0,1067.37,1018.57
BHARTIARTL,2024-01-24,1189.95,1075.8,1023.61
BHARTIARTL,2024-01-25,1160.55,1082.0,1028.12
BHARTIARTL,2024-01-29,1162.15,1088.5,1032.37
BHARTIARTL,2024-01-30,1158.65,1095.78,1036.55
BHARTIARTL,2024-01-31,1170.7,1103.22,1041.02
BHARTIARTL,2024-02-01,1151.2,1109.03,1044.81
BHARTIARTL,2024-02-02,1150.8,1114.17,1048.41
BHARTIARTL,2024-02-05,1113.55,1117.52,1051.29
BHARTIARTL,2024-02-06,1134.05,1121.77,1054.44
BHARTIARTL,2024-02-07,1134.3,1125.26,1057.66
BHARTIARTL,2024-02-08,1142.15,1129.23,1060.8
BHARTIARTL,2024-02-09,1120.25,1132.1,1063.3
BHARTIARTL,2024-02-12,1118.7,1134.22,1065.38
BHARTIARTL,2024-02-13,1117.85,1134.99,1067.44
BHARTIARTL,2024-02-14,1115.85,1135.99,1069.1
BHARTIARTL,2024-02-15,1120.7,1137.76,1070.9
BHARTIARTL,2024-02-16,1120.0,1139.41,1072.81
BHARTIARTL,2024-02-19,1142.2,1140.27,1075.65
BHARTIARTL,2024-02-20,1143.95,1141.28,1078.52
BHARTIARTL,2024-02-21,1139.9,1140.37,1081.3
BHARTIARTL,2024-02-22,1135.55,1137.65,1084.11
BHARTIARTL,2024-02-23,1125.75,1135.91,1086.63
BHARTIARTL,2024-02-26,1110.05,1133.31,1088.72
BHARTIARTL,2024-02-27,1127.5,1131.75,1091.42
BHARTIARTL,2024-02-28,1128.75,1129.65,1094.19
BHARTIARTL,2024-02-29,1123.35,1128.26,1096.89
BHARTIARTL,2024-03-01,1128.7,1127.16,1100.04
BHARTIARTL,2024-03-02,1131.1,1128.03,1103.1
BHARTIARTL,2024-03-04,1133.5,1128.0,1105.98
BHARTIARTL,2024-03-05,1168.9,1129.74,1109.36
BHARTIARTL,2024-03-06,1193.7,1132.31,1112.81
BHARTIARTL,2024-03-07,1199.7,1136.29,1116.07
BHARTIARTL,2024-03-11,1196.6,1140.18,1119.36
BHARTIARTL,2024-03-12,1204.25,1144.5,1123.18
BHARTIARTL,2024-03-13,1168.75,1147.14,1126.12
BHARTIARTL,2024-03-14,1194.6,1150.84,1129.31
BHARTIARTL,2024-03-15,1220.0,1155.84,1132.75
BHARTIARTL,2024-03-18,1225.3,1159.99,1136.33
BHARTIARTL,2024-03-19,1228.35,1164.21,1139.91
BHARTIARTL,2024-03-20,1231.8,1168.81,1143.26
BHARTIARTL,2024-03-21,1220.8,1173.07,1146.42
BHARTIARTL,2024-03-22,1236.1,1178.59,1149.88
BHARTIARTL,2024-03-26,1213.1,1183.74,1152.62
BHARTIARTL,2024-03-27,1224.8,1188.61,1155.07
BHARTIARTL,2024-03-28,1228.6,1193.6,1157.72
BHARTIARTL,2024-04-01,1217.35,1198.3,1160.36
BHARTIARTL,2024-04-02,1208.25,1202.28,1162.79
BHARTIARTL,2024-04-03,1225.7,1207.01,1164.8
BHARTIARTL,2024-04-04,1206.85,1210.68,1166.46
BHARTIARTL,2024-04-05,1191.0,1211.78,1167.12
BHARTIARTL,2024-04-08,1204.7,1212.33,1167.42
BHARTIARTL,2024-04-09,1204.45,1212.57,1168.3
BHARTIARTL,2024-04-10,1229.4,1214.21,1169.64
BHARTIARTL,2024-04-12,1225.55,1215.27,1170.98
BHARTIARTL,2024-04-15,1224.55,1218.06,1172.06
BHARTIARTL,2024-04-16,1216.45,1219.16,1173.36
BHARTIARTL,2024-04-18,1265.75,1221.44,1175.66
BHARTIARTL,2024-04-19,1289.0,1224.63,1179.17
BHARTIARTL,2024-04-22,1297.55,1228.09,1182.44
BHARTIARTL,2024-04-23,1342.35,1233.62,1186.6
BHARTIARTL,2024-04-24,1336.4,1239.4,1190.49
BHARTIARTL,2024-04-25,1338.7,1244.53,1194.86
BHARTIARTL,2024-04-26,1326.0,1250.17,1199.0
BHARTIARTL,2024-04-29,1332.45,1255.55,1203.29
BHARTIARTL,2024-04-30,1322.3,1260.24,1207.42
BHARTIARTL,2024-05-02,1304.05,1264.57,1211.09
BHARTIARTL,2024-05-03,1277.4,1268.03,1214.24
BHARTIARTL,2024-05-06,1283.4,1270.92,1217.06
BHARTIARTL,2024-05-07,1286.15,1274.88,1219.9
BHARTIARTL,2024-05-08,1288.6,1279.76,1222.88
BHARTIARTL,2024-05-09,1275.45,1283.3,1225.68
BHARTIARTL,2024-05-10,1301.15,1288.13,1229.18
BHARTIARTL,2024-05-13,1285.95,1290.96,1232.7
BHARTIARTL,2024-05-14,1284.3,1293.9,1235.84
BHARTIARTL,2024-05-15,1309.9,1298.17,1239.46
BHARTIARTL,2024-05-16,1345.1,1304.6,1243.9
BHARTIARTL,2024-05-17,1344.45,1308.53,1248.21
BHARTIARTL,2024-05-18,1347.75,1311.47,1252.54
BHARTIARTL,2024-05-21,1344.3,1313.81,1256.76
BHARTIARTL,2024-05-22,1347.9,1314.08,1260.34
BHARTIARTL,2024-05-23,1374.05,1315.97,1263.95
BHARTIARTL,2024-05-24,1388.5,1318.46,1267.72
BHARTIARTL,2024-05-27,1384.35,1321.38,1271.48
BHARTIARTL,2024-05-28,1371.05,1323.3,1274.82
BHARTIARTL,2024-05-29,1377.1,1326.04,1278.98
BHARTIARTL,2024-05-30,1377.15,1329.7,1282.63
BHARTIARTL,2024-05-31,1372.75,1334.47,1285.69
BHARTIARTL,2024-06-03,1391.1,1339.85,1289.0
BHARTIARTL,2024-06-04,1299.7,1340.53,1290.43
BHARTIARTL,2024-06-05,1344.35,1343.32,1292.68
BHARTIARTL,2024-06-06,1370.6,1348.08,1295.68
BHARTIARTL,2024-06-07,1425.25,1354.28,1299.46
BHARTIARTL,2024-06-10,1426.05,1361.28,1303.72
BHARTIARTL,2024-06-11,1427.25,1368.43,1307.77
BHARTIARTL,2024-06-12,1438.4,1374.86,1311.96
BHARTIARTL,2024-06-13,1425.75,1378.89,1316.13
BHARTIARTL,2024-06-14,1427.4,1383.04,1320.52
BHARTIARTL,2024-06-18,1428.35,1387.07,1324.57
BHARTIARTL,2024-06-19,1392.35,1389.47,1328.28
BHARTIARTL,2024-06-20,1381.15,1391.13,1332.08
BHARTIARTL,2024-06-21,1416.05,1393.23,1336.31
BHARTIARTL,2024-06-24,1419.8,1394.8,1340.62
BHARTIARTL,2024-06-25,1414.95,1396.33,1344.33
BHARTIARTL,2024-06-26,1459.5,1400.75,1349.01
BHARTIARTL,2024-06-27,1475.8,1405.68,1354.03
BHARTIARTL,2024-06-28,1444.05,1409.03,1358.58
BHARTIARTL,2024-07-01,1454.0,1413.09,1362.35
BHARTIARTL,2024-07-02,1418.95,1414.48,1364.95
BHARTIARTL,2024-07-03,1419.85,1420.49,1367.39
BHARTIARTL,2024-07-04,1423.05,1424.43,1369.01
BHARTIARTL,2024-07-05,1429.7,1427.38,1370.87
BHARTIARTL,2024-07-08,1435.15,1427.88,1372.8
BHARTIARTL,2024-07-09,1435.55,1428.35,1374.99
BHARTIARTL,2024-07-10,1445.05,1429.24,1377.24
BHARTIARTL,2024-07-11,1437.95,1429.22,1379.56
BHARTIARTL,2024-07-12,1433.25,1429.6,1382.14
BHARTIARTL,2024-07-15,1437.6,1430.1,1385.35
BHARTIARTL,2024-07-16,1466.5,1432.01,1389.01
BHARTIARTL,2024-07-18,1483.65,1436.58,1392.96
BHARTIARTL,2024-07-19,1461.75,1440.61,1396.42
BHARTIARTL,2024-07-22,1465.4,1443.08,1400.22
BHARTIARTL,2024-07-23,1465.7,1445.37,1403.51
BHARTIARTL,2024-07-24,1455.2,1447.38,1406.9
BHARTIARTL,2024-07-25,1449.15,1446.87,1410.19
BHARTIARTL,2024-07-26,1514.4,1448.79,1414.28
BHARTIARTL,2024-07-29,1481.35,1450.66,1417.01
BHARTIARTL,2024-07-30,1470.35,1451.48,1419.53
BHARTIARTL,2024-07-31,1491.55,1455.11,1422.4
BHARTIARTL,2024-08-01,1505.5,1459.39,1425.63
BHARTIARTL,2024-08-02,1493.8,1462.93,1428.54
BHARTIARTL,2024-08-05,1465.7,1464.73,1430.38
BHARTIARTL,2024-08-06,1443.55,1465.15,1431.48
BHARTIARTL,2024-08-07,1441.75,1465.46,1432.63
BHARTIARTL,2024-08-08,1451.8,1465.8,1434.24
BHARTIARTL,2024-08-09,1464.1,1467.1,1435.98
BHARTIARTL,2024-08-12,1458.6,1468.37,1437.61
BHARTIARTL,2024-08-13,1459.7,1469.48,1439.35
BHARTIARTL,2024-08-14,1471.7,1469.74,1440.96
BHARTIARTL,2024-08-16,1483.55,1469.73,1444.64
BHARTIARTL,2024-08-19,1469.65,1470.12,1447.14
BHARTIARTL,2024-08-20,1449.15,1469.31,1448.72
BHARTIARTL,2024-08-21,1463.45,1469.2,1449.48
BHARTIARTL,2024-08-22,1486.35,1470.76,1450.68
BHARTIARTL,2024-08-23,1506.75,1473.64,1452.28
BHARTIARTL,2024-08-26,1513.55,1473.6,1453.78
BHARTIARTL,2024-08-27,1522.75,1475.66,1455.72
BHARTIARTL,2024-08-28,1556.35,1479.96,1458.3
BHARTIARTL,2024-08-29,1565.9,1483.68,1461.05
BHARTIARTL,2024-08-30,1589.05,1487.86,1464.98
BHARTIARTL,2024-09-02,1571.35,1491.74,1468.79
BHARTIARTL,2024-09-03,1560.6,1496.48,1471.68
BHARTIARTL,2024-09-04,1561.9,1502.4,1474.52
BHARTIARTL,2024-09-05,1547.2,1507.67,1477.16
BHARTIARTL,2024-09-06,1539.25,1512.04,1478.76
BHARTIARTL,2024-09-09,1542.65,1515.97,1480.1
BHARTIARTL,2024-09-10,1577.85,1521.94,1482.77
BHARTIARTL,2024-09-11,1577.8,1527.84,1485.25
BHARTIARTL,2024-09-12,1646.75,1536.59,1489.8
BHARTIARTL,2024-09-13,1634.45,1544.14,1494.1
BHARTIARTL,2024-09-16,1635.45,1552.43,1498.34
BHARTIARTL,2024-09-17,1661.75,1563.06,1502.98
BHARTIARTL,2024-09-18,1654.9,1572.63,1507.38
BHARTIARTL,2024-09-19,1664.85,1581.55,1511.97
BHARTIARTL,2024-09-20,1711.75,1591.8,1517.3
BHARTIARTL,2024-09-23,1750.45,1603.65,1523.55
BHARTIARTL,2024-09-24,1756.65,1615.34,1530.02
BHARTIARTL,2024-09-25,1760.4,1625.55,1536.47
BHARTIARTL,2024-09-26,1771.1,1635.81,1542.57
BHARTIARTL,2024-09-27,1734.6,1643.08,1547.58
BHARTIARTL,2024-09-30,1709.55,1650.0,1552.54
BHARTIARTL,2024-10-01,1698.7,1656.9,1557.21
BHARTIARTL,2024-10-03,1673.45,1662.48,1561.36
BHARTIARTL,2024-10-04,1640.9,1667.16,1565.08
BHARTIARTL,2024-10-07,1662.05,1673.3,1569.33
BHARTIARTL,2024-10-08,1657.45,1679.04,1572.2
BHARTIARTL,2024-10-09,1678.1,1684.05,1576.13
BHARTIARTL,2024-10-10,1678.1,1689.07,1580.28
BHARTIARTL,2024-10-11,1687.4,1691.1,1584.2
BHARTIARTL,2024-10-14,1695.6,1694.16,1588.0
BHARTIARTL,2024-10-15,1717.25,1698.25,1592.47
BHARTIARTL,2024-10-16,1733.95,1701.86,1597.84
BHARTIARTL,2024-10-17,1701.15,1704.17,1602.99
BHARTIARTL,2024-10-18,1707.85,1706.32,1608.31
BHARTIARTL,2024-10-21,1692.55,1705.36,1613.13
BHARTIARTL,2024-10-22,1692.25,1702.45,1617.69
BHARTIARTL,2024-10-23,1685.8,1698.91,1622.23
BHARTIARTL,2024-10-24,1678.45,1694.81,1626.61
BHARTIARTL,2024-10-25,1666.0,1689.56,1630.5
BHARTIARTL,2024-10-28,1663.35,1686.0,1634.09
BHARTIARTL,2024-10-29,1637.1,1682.37,1637.44
BHARTIARTL,2024-10-30,1633.35,1679.1,1641.12
BHARTIARTL,2024-10-31,1612.6,1676.06,1644.11
BHARTIARTL,2024-11-01,1616.45,1674.84,1646.71
BHARTIARTL,2024-11-04,1591.25,1671.3,1648.4
BHARTIARTL,2024-11-05,1578.4,1667.35,1649.7
BHARTIARTL,2024-11-06,1598.8,1663.38,1651.22
BHARTIARTL,2024-11-07,1575.8,1658.27,1651.61
BHARTIARTL,2024-11-08,1569.9,1652.39,1651.69
BHARTIARTL,2024-11-11,1560.55,1645.64,1651.12
BHARTIARTL,2024-11-12,1555.65,1637.56,1650.8
BHARTIARTL,2024-11-13,1550.45,1628.38,1650.6
BHARTIARTL,2024-11-14,1550.5,1620.85,1650.37
BHARTIARTL,2024-11-18,1537.0,1612.31,1650.17
BHARTIARTL,2024-11-19,1525.5,1603.96,1649.89
BHARTIARTL,2024-11-21,1525.15,1595.6,1649.54
BHARTIARTL,2024-11-22,1569.3,1589.78,1649.37
BPCL,2023-10-03,170.68,,
BPCL,2023-10-04,170.68,,
BPCL,2023-10-05,172.23,,
BPCL,2023-10-06,173.6,,
BPCL,2023-10-09,170.0,,
BPCL,2023-10-10,170.2,,
BPCL,2023-10-11,171.28,,
BPCL,2023-10-12,174.35,,
BPCL,2023-10-13,173.85,,
BPCL,2023-10-16,173.63,,
BPCL,2023-10-17,177.35,,
BPCL,2023-10-18,175.1,,
BPCL,2023-10-19,176.85,,
BPCL,2023-10-20,173.2,,
BPCL,2023-10-23,171.4,,
BPCL,2023-10-25,169.98,,
BPCL,2023-10-26,167.5,,
BPCL,2023-10-27,167.48,,
BPCL,2023-10-30,173.45,,
BPCL,2023-10-31,174.63,172.37,
BPCL,2023-11-01,178.45,172.76,
BPCL,2023-11-02,180.28,173.24,
BPCL,2023-11-03,180.75,173.67,
BPCL,2023-11-06,183.13,174.14,
BPCL,2023-11-07,186.4,174.96,
BPCL,2023-11-08,192.1,176.06,
BPCL,2023-11-09,191.78,177.08,
BPCL,2023-11-10,192.03,177.97,
BPCL,2023-11-12,192.05,178.88,
BPCL,2023-11-13,193.55,179.87,
BPCL,2023-11-15,196.28,180.82,
BPCL,2023-11-16,199.33,182.03,
BPCL,2023-11-17,195.13,182.94,
BPCL,2023-11-20,196.0,184.08,
BPCL,2023-11-21,194.0,185.21,
BPCL,2023-11-22,201.05,186.77,
BPCL,2023-11-23,205.65,188.68,
BPCL,2023-11-24,205.3,190.57,
BPCL,2023-11-28,212.25,192.51,
BPCL,2023-11-29,214.33,194.49,
BPCL,2023-11-30,217.85,196.46,
BPCL,2023-12-01,219.0,198.4,
BPCL,2023-12-04,230.75,200.9,
BPCL,2023-12-05,236.1,203.55,
BPCL,2023-12-06,236.43,206.05,
BPCL,2023-12-07,237.35,208.31,
BPCL,2023-12-08,235.23,210.48,
BPCL,2023-12-11,232.75,212.52,
BPCL,2023-12-12,223.78,214.11,
BPCL,2023-12-13,223.75,215.62,192.61
BPCL,2023-12-14,222.85,216.94,193.65
BPCL,2023-12-15,224.5,218.2,194.73
BPCL,2023-12-18,223.63,219.63,195.75
BPCL,2023-12-19,224.88,221.07,196.78
BPCL,2023-12-20,219.73,222.36,197.77
BPCL,2023-12-21,224.78,223.54,198.86
BPCL,2023-12-22,223.33,224.43,199.91
BPCL,2023-12-26,225.8,225.45,200.94
BPCL,2023-12-27,227.35,226.21,202.0
BPCL,2023-12-28,232.9,227.14,203.19
BPCL,2023-12-29,225.33,227.51,204.15
BPCL,2024-01-01,226.03,227.86,205.17
BPCL,2024-01-02,228.13,227.73,206.19
BPCL,2024-01-03,230.53,227.45,207.34
BPCL,2024-01-04,226.33,226.95,208.44
BPCL,2024-01-05,226.55,226.41,209.57
BPCL,2024-01-08,227.5,226.02,210.77
BPCL,2024-01-09,229.98,225.88,212.02
BPCL,2024-01-10,225.63,225.98,213.06
BPCL,2024-01-11,229.35,226.26,214.16
BPCL,2024-01-12,229.13,226.57,215.17
BPCL,2024-01-15,229.98,226.84,216.17
BPCL,2024-01-16,236.43,227.48,217.28
BPCL,2024-01-17,235.83,228.03,218.33
BPCL,2024-01-18,236.6,228.87,219.34
BPCL,2024-01-19,240.48,229.66,220.31
BPCL,2024-01-20,241.55,230.57,221.3
BPCL,2024-01-23,231.53,230.86,222.09
BPCL,2024-01-24,238.58,231.42,223.02
BPCL,2024-01-25,237.2,231.63,223.89
BPCL,2024-01-29,246.33,232.68,224.9
BPCL,2024-01-30,252.1,233.99,225.95
BPCL,2024-01-31,251.18,235.14,227.07
BPCL,2024-02-01,254.23,236.32,228.24
BPCL,2024-02-02,279.18,238.97,229.94
BPCL,2024-02-05,287.38,242.01,231.67
BPCL,2024-02-06,304.65,245.87,233.65
BPCL,2024-02-07,301.02,249.42,235.56
BPCL,2024-02-08,310.25,253.65,237.52
BPCL,2024-02-09,307.15,257.54,239.38
BPCL,2024-02-12,295.23,260.84,240.93
BPCL,2024-02-13,292.15,263.95,242.39
BPCL,2024-02-14,311.83,267.72,244.01
BPCL,2024-02-15,326.38,272.25,245.82
BPCL,2024-02-16,327.3,276.78,247.63
BPCL,2024-02-19,326.27,281.07,249.41
BPCL,2024-02-20,328.8,285.44,251.28
BPCL,2024-02-21,316.6,289.69,252.96
BPCL,2024-02-22,312.95,293.41,254.74
BPCL,2024-02-23,308.98,297.0,256.45
BPCL,2024-02-26,313.58,300.36,258.26
BPCL,2024-02-27,312.52,303.38,260.02
BPCL,2024-02-28,304.65,306.05,261.64
BPCL,2024-02-29,301.93,308.44,263.18
BPCL,2024-03-01,311.65,310.06,265.02
BPCL,2024-03-02,312.6,311.32,266.78
BPCL,2024-03-04,320.23,312.1,268.72
BPCL,2024-03-05,322.55,313.18,270.65
BPCL,2024-03-06,319.18,313.63,272.49
BPCL,2024-03-07,312.35,313.89,274.08
BPCL,2024-03-11,313.2,314.78,275.83
BPCL,2024-03-12,312.73,315.81,277.57
BPCL,2024-03-13,298.88,315.17,278.98
BPCL,2024-03-14,304.38,314.07,280.46
BPCL,2024-03-15,293.23,312.36,281.8
BPCL,2024-03-18,291.15,310.61,283.09
BPCL,2024-03-19,278.85,308.11,284.12
BPCL,2024-03-20,283.33,306.45,285.18
BPCL,2024-03-21,293.9,305.49,286.55
BPCL,2024-03-22,296.4,304.86,287.89
BPCL,2024-03-26,299.93,304.18,289.31
BPCL,2024-03-27,297.6,303.44,290.66
BPCL,2024-03-28,301.2,303.26,291.96
BPCL,2024-04-01,300.35,303.18,293.25
BPCL,2024-04-02,307.9,303.0,294.67
BPCL,2024-04-03,305.48,302.64,295.97
BPCL,2024-04-04,299.25,301.59,297.13
BPCL,2024-04-05,295.23,300.23,298.4
BPCL,2024-04-08,295.98,299.07,299.55
BPCL,2024-04-09,292.88,298.09,300.66
BPCL,2024-04-10,302.38,297.55,301.78
BPCL,2024-04-12,300.6,296.95,302.75
BPCL,2024-04-15,294.77,296.74,303.62
BPCL,2024-04-16,296.15,296.33,304.46
BPCL,2024-04-18,294.8,296.41,304.77
BPCL,2024-04-19,292.9,296.49,304.88
BPCL,2024-04-22,301.73,297.64,304.83
BPCL,2024-04-23,296.5,298.3,304.74
BPCL,2024-04-24,296.68,298.44,304.46
BPCL,2024-04-25,301.7,298.7,304.36
BPCL,2024-04-26,304.73,298.94,304.55
BPCL,2024-04-29,309.4,299.53,304.89
BPCL,2024-04-30,303.68,299.65,304.73
BPCL,2024-05-02,317.33,300.5,304.55
BPCL,2024-05-03,314.93,300.85,304.3
BPCL,2024-05-06,305.13,300.84,303.88
BPCL,2024-05-07,302.15,300.98,303.34
BPCL,2024-05-08,310.15,301.73,303.21
BPCL,2024-05-09,296.08,301.73,302.88
BPCL,2024-05-10,309.33,302.56,302.88
BPCL,2024-05-13,303.45,302.61,302.68
BPCL,2024-05-14,302.98,302.73,302.49
BPCL,2024-05-15,312.52,303.62,302.65
BPCL,2024-05-16,309.38,304.28,302.8
BPCL,2024-05-17,314.15,305.24,302.85
BPCL,2024-05-18,314.5,306.32,302.89
BPCL,2024-05-21,322.0,307.34,302.92
BPCL,2024-05-22,320.25,308.53,302.87
BPCL,2024-05-23,323.73,309.88,302.97
BPCL,2024-05-24,327.05,311.15,303.26
BPCL,2024-05-27,328.03,312.31,303.56
BPCL,2024-05-28,323.25,313.0,303.77
BPCL,2024-05-29,316.77,313.66,304.12
BPCL,2024-05-30,312.88,313.44,304.29
BPCL,2024-05-31,313.9,313.38,304.71
BPCL,2024-06-03,333.08,314.78,305.55
BPCL,2024-06-04,290.1,314.18,305.77
BPCL,2024-06-05,290.55,313.2,305.92
BPCL,2024-06-06,292.08,313.0,305.88
BPCL,2024-06-07,299.9,312.53,305.95
BPCL,2024-06-10,301.3,312.42,305.98
BPCL,2024-06-11,303.6,312.45,306.1
BPCL,2024-06-12,306.68,312.16,306.21
BPCL,2024-06-13,309.68,312.17,306.39
BPCL,2024-06-14,313.33,312.13,306.5
BPCL,2024-06-18,315.45,312.18,306.7
BPCL,2024-06-19,307.9,311.48,306.87
BPCL,2024-06-20,313.13,311.12,307.23
BPCL,2024-06-21,307.6,310.31,307.46
BPCL,2024-06-24,305.25,309.22,307.71
BPCL,2024-06-25,296.3,307.64,307.59
BPCL,2024-06-26,298.4,306.39,307.55
BPCL,2024-06-27,304.85,305.8,307.75
BPCL,2024-06-28,303.95,305.35,307.9
BPCL,2024-07-01,304.55,304.88,308.1
BPCL,2024-07-02,304.4,303.45,308.33
BPCL,2024-07-03,306.6,304.27,308.43
BPCL,2024-07-04,303.0,304.9,308.56
BPCL,2024-07-05,306.65,305.63,308.76
BPCL,2024-07-08,299.5,305.61,308.71
BPCL,2024-07-09,300.2,305.55,308.62
BPCL,2024-07-10,300.35,305.39,308.44
BPCL,2024-07-11,306.6,305.38,308.5
BPCL,2024-07-12,304.55,305.13,308.24
BPCL,2024-07-15,307.75,304.85,308.1
BPCL,2024-07-16,315.95,304.87,308.32
BPCL,2024-07-18,318.15,305.39,308.64
BPCL,2024-07-19,303.8,304.92,308.51
BPCL,2024-07-22,308.25,304.95,308.75
BPCL,2024-07-23,306.0,304.99,308.69
BPCL,2024-07-24,314.95,305.92,308.92
BPCL,2024-07-25,326.15,307.31,309.38
BPCL,2024-07-26,328.8,308.51,309.7
BPCL,2024-07-29,337.9,310.2,310.27
BPCL,2024-07-30,348.2,312.39,310.96
BPCL,2024-07-31,350.05,314.67,311.67
BPCL,2024-08-01,349.1,316.79,312.21
BPCL,2024-08-02,347.1,319.0,312.75
BPCL,2024-08-05,341.7,320.75,313.11
BPCL,2024-08-06,334.7,322.51,313.26
BPCL,2024-08-07,343.65,324.68,313.57
BPCL,2024-08-08,338.3,326.58,313.87
BPCL,2024-08-09,333.4,327.92,314.2
BPCL,2024-08-12,333.4,329.36,314.61
BPCL,2024-08-13,321.7,330.06,314.77
BPCL,2024-08-14,325.05,330.52,314.61
BPCL,2024-08-16,332.5,331.24,315.46
BPCL,2024-08-19,343.8,333.24,316.52
BPCL,2024-08-20,349.4,335.29,317.67
BPCL,2024-08-21,351.2,337.55,318.7
BPCL,2024-08-22,350.1,339.31,319.67
BPCL,2024-08-23,352.2,340.61,320.64
BPCL,2024-08-26,351.15,341.73,321.53
BPCL,2024-08-27,349.05,342.29,322.32
BPCL,2024-08-28,348.15,342.28,323.02
BPCL,2024-08-29,356.45,342.6,323.84
BPCL,2024-08-30,357.65,343.03,324.83
BPCL,2024-09-02,358.45,343.6,325.74
BPCL,2024-09-03,355.4,344.28,326.69
BPCL,2024-09-04,357.25,345.41,327.73
BPCL,2024-09-05,360.7,346.26,329.02
BPCL,2024-09-06,352.15,346.96,330.1
BPCL,2024-09-09,347.8,347.68,330.96
BPCL,2024-09-10,345.95,348.3,331.8
BPCL,2024-09-11,340.25,349.23,332.51
BPCL,2024-09-12,344.3,350.2,333.31
BPCL,2024-09-13,342.3,350.68,334.02
BPCL,2024-09-16,340.65,350.53,334.78
BPCL,2024-09-17,338.4,349.98,335.41
BPCL,2024-09-18,336.1,349.22,336.14
BPCL,2024-09-19,324.45,347.94,336.63
BPCL,2024-09-20,331.2,346.89,337.24
BPCL,2024-09-23,338.1,346.24,337.87
BPCL,2024-09-24,339.15,345.74,338.57
BPCL,2024-09-25,339.8,345.32,339.21
BPCL,2024-09-26,345.1,344.76,339.79
BPCL,2024-09-27,367.3,345.24,340.77
BPCL,2024-09-30,369.95,345.82,342.1
BPCL,2024-10-01,368.25,346.46,343.3
BPCL,2024-10-03,348.85,346.04,344.15
BPCL,2024-10-04,340.25,345.02,344.66
BPCL,2024-10-07,335.0,344.16,344.84
BPCL,2024-10-08,338.0,343.67,345.02
BPCL,2024-10-09,338.85,343.31,345.04
BPCL,2024-10-10,335.45,343.07,344.78
BPCL,2024-10-11,337.65,342.74,344.54
BPCL,2024-10-14,340.75,342.66,344.37
BPCL,2024-10-15,348.75,343.07,344.4
BPCL,2024-10-16,350.75,343.68,344.58
BPCL,2024-10-17,342.7,344.02,344.74
BPCL,2024-10-18,342.5,344.92,344.72
BPCL,2024-10-21,331.65,344.94,344.59
BPCL,2024-10-22,322.9,344.18,344.38
BPCL,2024-10-23,323.05,343.38,344.17
BPCL,2024-10-24,321.45,342.46,344.16
BPCL,2024-10-25,306.3,340.52,343.79
BPCL,2024-10-28,310.4,337.67,343.35
BPCL,2024-10-29,311.45,334.75,342.7
BPCL,2024-10-30,311.3,331.9,341.94
BPCL,2024-10-31,310.75,330.0,341.13
BPCL,2024-11-01,313.0,328.63,340.39
BPCL,2024-11-04,303.45,327.05,339.41
BPCL,2024-11-05,307.95,325.55,338.55
BPCL,2024-11-06,317.0,324.46,337.91
BPCL,2024-11-07,315.0,323.44,337.24
BPCL,2024-11-08,310.45,322.08,336.32
BPCL,2024-11-11,312.55,320.67,335.42
BPCL,2024-11-12,309.8,318.72,334.45
BPCL,2024-11-13,305.85,316.48,333.46
BPCL,2024-11-14,298.2,314.25,332.28
BPCL,2024-11-18,289.2,311.58,330.85
BPCL,2024-11-19,287.5,309.38,329.56
BPCL,2024-11-21,282.4,307.35,328.25
BPCL,2024-11-22,285.85,305.49,327.04
BRITANNIA,2023-10-03,4495.45,,
BRITANNIA,2023-10-04,4532.5,,
BRITANNIA,2023-10-05,4533.9,,
BRITANNIA,2023-10-06,4538.45,,
BRITANNIA,2023-10-09,4522.5,,
BRITANNIA,2023-10-10,4529.95,,
BRITANNIA,2023-10-11,4554.95,,
BRITANNIA,2023-10-12,4560.75,,
BRITANNIA,2023-10-13,4574.7,,
BRITANNIA,2023-10-16,4586.05,,
BRITANNIA,2023-10-17,4600.35,,
BRITANNIA,2023-10-18,4607.7,,
BRITANNIA,2023-10-19,4602.45,,
BRITANNIA,2023-10-20,4580.0,,
BRITANNIA,2023-10-23,4530.6,,
BRITANNIA,2023-10-25,4533.75,,
BRITANNIA,2023-10-26,4507.8,,
BRITANNIA,2023-10-27,4514.3,,
BRITANNIA,2023-10-30,4461.6,,
BRITANNIA,2023-10-31,4426.5,4539.71,
BRITANNIA,2023-11-01,4397.3,4534.8,
BRITANNIA,2023-11-02,4527.25,4534.54,
BRITANNIA,2023-11-03,4539.55,4534.82,
BRITANNIA,2023-11-06,4623.6,4539.08,
BRITANNIA,2023-11-07,4655.2,4545.72,
BRITANNIA,2023-11-08,4670.6,4552.75,
BRITANNIA,2023-11-09,4652.1,4557.61,
BRITANNIA,2023-11-10,4681.95,4563.67,
BRITANNIA,2023-11-12,4676.6,4568.76,
BRITANNIA,2023-11-13,4696.35,4574.28,
BRITANNIA,2023-11-15,4710.8,4579.8,
BRITANNIA,2023-11-16,4702.1,4584.52,
BRITANNIA,2023-11-17,4718.3,4590.31,
BRITANNIA,2023-11-20,4712.0,4596.91,
BRITANNIA,2023-11-21,4699.75,4605.37,
BRITANNIA,2023-11-22,4694.2,4613.39,
BRITANNIA,2023-11-23,4705.8,4623.29,
BRITANNIA,2023-11-24,4644.15,4629.79,
BRITANNIA,2023-11-28,4713.45,4642.38,
BRITANNIA,2023-11-29,4803.65,4661.23,
BRITANNIA,2023-11-30,4852.65,4684.0,
BRITANNIA,2023-12-01,4970.75,4706.18,
BRITANNIA,2023-12-04,4937.75,4726.09,
BRITANNIA,2023-12-05,4948.4,4742.33,
BRITANNIA,2023-12-06,5003.15,4759.73,
BRITANNIA,2023-12-07,5016.0,4777.0,
BRITANNIA,2023-12-08,4942.2,4791.5,
BRITANNIA,2023-12-11,4944.15,4804.61,
BRITANNIA,2023-12-12,4903.05,4815.93,
BRITANNIA,2023-12-13,4919.3,4827.08,4669.13
BRITANNIA,2023-12-14,4946.65,4838.87,4678.15
BRITANNIA,2023-12-15,4913.9,4849.46,4685.78
BRITANNIA,2023-12-18,4879.5,4857.52,4692.69
BRITANNIA,2023-12-19,4911.25,4867.48,4700.15
BRITANNIA,2023-12-20,4954.95,4880.25,4708.8
BRITANNIA,2023-12-21,5059.6,4898.51,4719.39
BRITANNIA,2023-12-22,5161.1,4921.28,4731.51
BRITANNIA,2023-12-26,5235.95,4950.87,4745.02
BRITANNIA,2023-12-27,5216.8,4976.04,4757.86
BRITANNIA,2023-12-28,5282.0,4999.96,4771.78
BRITANNIA,2023-12-29,5338.45,5024.24,4786.54
BRITANNIA,2024-01-01,5319.8,5041.7,4800.78
BRITANNIA,2024-01-02,5288.85,5059.25,4814.51
BRITANNIA,2024-01-03,5253.8,5074.52,4827.98
BRITANNIA,2024-01-04,5361.3,5092.43,4844.6
BRITANNIA,2024-01-05,5272.35,5105.25,4859.37
BRITANNIA,2024-01-08,5177.35,5117.0,4872.76
BRITANNIA,2024-01-09,5122.4,5125.92,4884.92
BRITANNIA,2024-01-10,5086.65,5135.1,4897.42
BRITANNIA,2024-01-11,5136.7,5145.97,4911.63
BRITANNIA,2024-01-12,5151.1,5156.19,4926.7
BRITANNIA,2024-01-15,5177.35,5169.36,4939.71
BRITANNIA,2024-01-16,5130.6,5181.92,4951.53
BRITANNIA,2024-01-17,5061.7,5189.44,4960.29
BRITANNIA,2024-01-18,5015.15,5192.45,4967.49
BRITANNIA,2024-01-19,5138.65,5196.4,4976.85
BRITANNIA,2024-01-20,5166.4,5196.67,4987.14
BRITANNIA,2024-01-23,5048.1,5187.27,4994.46
BRITANNIA,2024-01-24,5142.25,5183.55,5003.77
BRITANNIA,2024-01-25,5141.9,5176.54,5012.68
BRITANNIA,2024-01-29,5136.9,5166.46,5021.2
BRITANNIA,2024-01-30,5091.75,5155.06,5029.0
BRITANNIA,2024-01-31,5198.4,5150.54,5038.6
BRITANNIA,2024-02-01,5148.6,5145.28,5047.33
BRITANNIA,2024-02-02,5148.85,5134.66,5056.31
BRITANNIA,2024-02-05,5124.5,5127.26,5064.92
BRITANNIA,2024-02-06,5007.05,5118.75,5070.94
BRITANNIA,2024-02-07,5078.25,5116.54,5079.63
BRITANNIA,2024-02-08,4875.55,5105.99,5082.87
BRITANNIA,2024-02-09,4971.5,5097.73,5086.23
BRITANNIA,2024-02-12,4970.2,5088.68,5088.58
BRITANNIA,2024-02-13,4981.6,5078.89,5088.79
BRITANNIA,2024-02-14,5010.65,5072.9,5090.25
BRITANNIA,2024-02-15,4950.55,5067.34,5090.3
BRITANNIA,2024-02-16,4913.7,5062.27,5088.51
BRITANNIA,2024-02-19,4925.25,5051.6,5086.69
BRITANNIA,2024-02-20,4921.15,5039.34,5086.27
BRITANNIA,2024-02-21,4923.0,5033.08,5085.85
BRITANNIA,2024-02-22,4956.95,5023.82,5086.92
BRITANNIA,2024-02-23,4936.35,5013.54,5087.27
BRITANNIA,2024-02-26,4901.9,5001.79,5086.37
BRITANNIA,2024-02-27,4904.35,4992.42,5086.18
BRITANNIA,2024-02-28,4887.8,4976.89,5086.35
BRITANNIA,2024-02-29,4965.2,4967.72,5087.42
BRITANNIA,2024-03-01,4927.7,4956.66,5086.88
BRITANNIA,2024-03-02,4922.55,4946.56,5084.14
BRITANNIA,2024-03-04,4838.9,4938.16,5077.7
BRITANNIA,2024-03-05,4825.65,4925.52,5069.49
BRITANNIA,2024-03-06,4880.75,4925.78,5062.77
BRITANNIA,2024-03-07,4889.15,4921.67,5054.91
BRITANNIA,2024-03-11,4937.4,4920.03,5046.89
BRITANNIA,2024-03-12,4869.15,4914.4,5037.88
BRITANNIA,2024-03-13,4856.65,4906.7,5029.23
BRITANNIA,2024-03-14,4938.9,4906.12,5022.94
BRITANNIA,2024-03-15,4974.2,4909.15,5015.19
BRITANNIA,2024-03-18,4980.0,4911.88,5009.35
BRITANNIA,2024-03-19,4816.95,4906.67,5002.14
BRITANNIA,2024-03-20,4802.9,4900.67,4995.75
BRITANNIA,2024-03-21,4806.7,4893.16,4990.15
BRITANNIA,2024-03-22,4865.0,4889.59,4984.72
BRITANNIA,2024-03-26,4961.45,4892.57,4980.92
BRITANNIA,2024-03-27,4920.2,4893.36,4975.78
BRITANNIA,2024-03-28,4911.25,4894.53,4971.39
BRITANNIA,2024-04-01,4895.2,4891.03,4968.06
BRITANNIA,2024-04-02,4899.95,4889.64,4965.76
BRITANNIA,2024-04-03,4834.6,4885.25,4959.68
BRITANNIA,2024-04-04,4813.6,4883.98,4952.62
BRITANNIA,2024-04-05,4813.05,4883.35,4947.92
BRITANNIA,2024-04-08,4826.8,4880.66,4941.61
BRITANNIA,2024-04-09,4794.7,4875.93,4934.67
BRITANNIA,2024-04-10,4808.7,4869.5,4928.1
BRITANNIA,2024-04-12,4751.75,4863.63,4921.3
BRITANNIA,2024-04-15,4761.9,4858.89,4912.57
BRITANNIA,2024-04-16,4740.7,4848.98,4904.42
BRITANNIA,2024-04-18,4695.0,4835.02,4895.34
BRITANNIA,2024-04-19,4668.3,4819.43,4886.21
BRITANNIA,2024-04-22,4753.3,4816.25,4881.14
BRITANNIA,2024-04-23,4797.8,4816.0,4875.53
BRITANNIA,2024-04-24,4828.95,4817.11,4874.6
BRITANNIA,2024-04-25,4844.15,4816.07,4872.05
BRITANNIA,2024-04-26,4800.45,4808.02,4868.66
BRITANNIA,2024-04-29,4799.85,4802.0,4865.02
BRITANNIA,2024-04-30,4775.95,4795.24,4860.33
BRITANNIA,2024-05-02,4759.65,4788.46,4856.51
BRITANNIA,2024-05-03,4744.6,4780.69,4853.13
BRITANNIA,2024-05-06,5061.6,4792.04,4855.85
BRITANNIA,2024-05-07,5173.85,4810.05,4860.91
BRITANNIA,2024-05-08,5228.4,4830.82,4867.02
BRITANNIA,2024-05-09,5070.1,4842.98,4869.28
BRITANNIA,2024-05-10,5066.8,4856.59,4871.89
BRITANNIA,2024-05-13,5130.55,4872.68,4876.46
BRITANNIA,2024-05-14,5140.8,4892.14,4881.19
BRITANNIA,2024-05-15,5064.0,4907.24,4884.71
BRITANNIA,2024-05-16,5137.75,4927.09,4888.16
BRITANNIA,2024-05-17,5086.8,4946.68,4891.35
BRITANNIA,2024-05-18,5096.05,4968.07,4894.82
BRITANNIA,2024-05-21,5178.1,4989.31,4901.6
BRITANNIA,2024-05-22,5267.4,5012.79,4910.44
BRITANNIA,2024-05-23,5281.15,5035.4,4918.44
BRITANNIA,2024-05-24,5240.7,5055.23,4925.48
BRITANNIA,2024-05-27,5212.25,5075.82,4930.97
BRITANNIA,2024-05-28,5250.55,5098.35,4938.6
BRITANNIA,2024-05-29,5229.8,5121.04,4946.06
BRITANNIA,2024-05-30,5198.55,5142.99,4951.26
BRITANNIA,2024-05-31,5179.8,5164.75,4955.37
BRITANNIA,2024-06-03,5167.8,5170.06,4959.12
BRITANNIA,2024-06-04,5325.1,5177.62,4969.29
BRITANNIA,2024-06-05,5486.65,5190.54,4982.96
BRITANNIA,2024-06-06,5440.45,5209.05,4995.64
BRITANNIA,2024-06-07,5463.55,5228.89,5007.61
BRITANNIA,2024-06-10,5488.4,5246.78,5018.15
BRITANNIA,2024-06-11,5517.75,5265.63,5030.1
BRITANNIA,2024-06-12,5439.3,5284.4,5040.66
BRITANNIA,2024-06-13,5379.45,5296.48,5050.34
BRITANNIA,2024-06-14,5393.65,5311.82,5060.22
BRITANNIA,2024-06-18,5395.85,5326.81,5071.44
BRITANNIA,2024-06-19,5360.65,5335.94,5082.38
BRITANNIA,2024-06-20,5378.45,5341.49,5093.69
BRITANNIA,2024-06-21,5330.3,5343.95,5103.76
BRITANNIA,2024-06-24,5297.75,5346.8,5113.82
BRITANNIA,2024-06-25,5352.05,5353.79,5124.69
BRITANNIA,2024-06-26,5421.7,5362.35,5138.09
BRITANNIA,2024-06-27,5430.3,5372.38,5151.46
BRITANNIA,2024-06-28,5475.55,5386.22,5166.15
BRITANNIA,2024-07-01,5476.5,5401.06,5181.78
BRITANNIA,2024-07-02,5401.65,5412.75,5196.45
BRITANNIA,2024-07-03,5449.1,5418.95,5210.37
BRITANNIA,2024-07-04,5426.25,5415.93,5222.94
BRITANNIA,2024-07-05,5546.8,5421.25,5237.29
BRITANNIA,2024-07-08,5568.55,5426.5,5251.78
BRITANNIA,2024-07-09,5668.85,5435.52,5269.15
BRITANNIA,2024-07-10,5755.55,5447.41,5288.26
BRITANNIA,2024-07-11,5761.3,5463.51,5307.97
BRITANNIA,2024-07-12,5787.05,5483.89,5328.52
BRITANNIA,2024-07-15,5809.7,5504.7,5349.82
BRITANNIA,2024-07-16,5862.35,5528.02,5365.84
BRITANNIA,2024-07-18,5871.5,5553.56,5379.79
BRITANNIA,2024-07-19,5877.95,5578.54,5392.78
BRITANNIA,2024-07-22,5887.85,5606.42,5409.13
BRITANNIA,2024-07-23,5944.75,5638.76,5426.69
BRITANNIA,2024-07-24,5829.5,5662.64,5440.67
BRITANNIA,2024-07-25,5829.6,5683.03,5454.45
BRITANNIA,2024-07-26,5872.8,5705.16,5470.62
BRITANNIA,2024-07-29,5897.6,5726.26,5485.82
BRITANNIA,2024-07-30,5842.2,5744.54,5500.93
BRITANNIA,2024-07-31,5784.45,5763.68,5514.7
BRITANNIA,2024-08-01,5730.15,5777.74,5525.74
BRITANNIA,2024-08-02,5720.35,5792.44,5534.8
BRITANNIA,2024-08-05,5697.9,5800.0,5543.13
BRITANNIA,2024-08-06,5854.5,5814.3,5555.41
BRITANNIA,2024-08-07,5836.8,5822.69,5567.9
BRITANNIA,2024-08-08,5744.65,5822.15,5577.78
BRITANNIA,2024-08-09,5740.3,5821.1,5587.99
BRITANNIA,2024-08-12,5645.75,5814.03,5596.94
BRITANNIA,2024-08-13,5666.5,5806.87,5606.67
BRITANNIA,2024-08-14,5659.15,5796.71,5616.5
BRITANNIA,2024-08-16,5729.65,5789.62,5624.59
BRITANNIA,2024-08-19,5732.5,5782.35,5629.5
BRITANNIA,2024-08-20,5765.8,5776.25,5636.01
BRITANNIA,2024-08-21,5837.35,5770.88,5643.49
BRITANNIA,2024-08-22,5836.8,5771.24,5650.46
BRITANNIA,2024-08-23,5792.65,5769.39,5655.95
BRITANNIA,2024-08-26,5796.95,5765.6,5663.11
BRITANNIA,2024-08-27,5764.3,5758.94,5670.8
BRITANNIA,2024-08-28,5703.35,5751.99,5677.0
BRITANNIA,2024-08-29,5831.4,5754.34,5685.71
BRITANNIA,2024-08-30,5855.25,5760.59,5695.6
BRITANNIA,2024-09-02,5922.15,5770.68,5706.47
BRITANNIA,2024-09-03,5916.05,5781.59,5718.19
BRITANNIA,2024-09-04,5926.55,5785.2,5730.76
BRITANNIA,2024-09-05,5850.0,5785.86,5740.72
BRITANNIA,2024-09-06,5843.55,5790.8,5749.16
BRITANNIA,2024-09-09,5939.45,5800.76,5759.34
BRITANNIA,2024-09-10,5969.9,5816.96,5769.23
BRITANNIA,2024-09-11,6008.65,5834.07,5779.87
BRITANNIA,2024-09-12,6109.25,5856.58,5794.03
BRITANNIA,2024-09-13,6133.1,5876.75,5807.71
BRITANNIA,2024-09-16,6063.0,5893.28,5820.44
BRITANNIA,2024-09-17,6111.05,5910.54,5831.73
BRITANNIA,2024-09-18,6123.25,5924.83,5842.82
BRITANNIA,2024-09-19,6134.5,5939.72,5852.13
BRITANNIA,2024-09-20,6210.55,5960.61,5861.23
BRITANNIA,2024-09-23,6211.2,5981.32,5870.23
BRITANNIA,2024-09-24,6203.15,6003.27,5878.55
BRITANNIA,2024-09-25,6180.3,6027.12,5885.96
BRITANNIA,2024-09-26,6254.1,6048.25,5893.8
BRITANNIA,2024-09-27,6268.8,6068.93,5901.75
BRITANNIA,2024-09-30,6338.15,6089.73,5910.95
BRITANNIA,2024-10-01,6446.05,6116.23,5922.11
BRITANNIA,2024-10-03,6331.75,6136.49,5929.85
BRITANNIA,2024-10-04,6206.0,6154.29,5937.38
BRITANNIA,2024-10-07,6120.3,6168.12,5943.2
BRITANNIA,2024-10-08,6204.4,6181.37,5949.83
BRITANNIA,2024-10-09,6097.25,6187.74,5953.82
BRITANNIA,2024-10-10,6002.15,6187.42,5957.02
BRITANNIA,2024-10-11,5978.5,6180.88,5960.9
BRITANNIA,2024-10-14,5978.05,6173.12,5965.86
BRITANNIA,2024-10-15,6068.7,6173.41,5972.83
BRITANNIA,2024-10-16,6090.1,6172.36,5980.67
BRITANNIA,2024-10-17,5988.5,6165.62,5983.35
BRITANNIA,2024-10-18,5887.2,6153.26,5984.36
BRITANNIA,2024-10-21,5778.3,6131.65,5985.03
BRITANNIA,2024-10-22,5727.0,6107.44,5984.77
BRITANNIA,2024-10-23,5748.85,6084.72,5986.83
BRITANNIA,2024-10-24,5612.4,6056.33,5985.75
BRITANNIA,2024-10-25,5669.4,6027.09,5985.95
BRITANNIA,2024-10-28,5722.3,5999.77,5985.8
BRITANNIA,2024-10-29,5667.5,5966.24,5984.5
BRITANNIA,2024-10-30,5782.5,5933.06,5984.84
BRITANNIA,2024-10-31,5726.9,5902.82,5982.63
BRITANNIA,2024-11-01,5693.05,5877.17,5979.76
BRITANNIA,2024-11-04,5625.2,5852.41,5976.41
BRITANNIA,2024-11-05,5605.1,5822.45,5972.57
BRITANNIA,2024-11-06,5694.9,5802.33,5971.18
BRITANNIA,2024-11-07,5688.9,5786.67,5970.89
BRITANNIA,2024-11-08,5747.15,5775.1,5969.21
BRITANNIA,2024-11-11,5434.65,5747.93,5960.8
BRITANNIA,2024-11-12,5027.55,5695.87,5942.9
BRITANNIA,2024-11-13,5046.5,5643.69,5925.51
BRITANNIA,2024-11-14,4915.6,5590.05,5905.29
BRITANNIA,2024-11-18,4911.35,5541.25,5886.52
BRITANNIA,2024-11-19,4892.7,5496.98,5867.5
BRITANNIA,2024-11-21,4803.35,5450.79,5844.78
BRITANNIA,2024-11-22,4848.35,5405.77,5822.35
CIPLA,2023-10-03,1182.8,,
CIPLA,2023-10-04,1167.05,,
CIPLA,2023-10-05,1161.1,,
CIPLA,2023-10-06,1163.0,,
CIPLA,2023-10-09,1159.5,,
CIPLA,2023-10-10,1155.05,,
CIPLA,2023-10-11,1171.95,,
CIPLA,2023-10-12,1157.9,,
CIPLA,2023-10-13,1167.75,,
CIPLA,2023-10-16,1164.4,,
CIPLA,2023-10-17,1173.5,,
CIPLA,2023-10-18,1210.6,,
CIPLA,2023-10-19,1223.3,,
CIPLA,2023-10-20,1200.2,,
CIPLA,2023-10-23,1183.8,,
CIPLA,2023-10-25,1157.45,,
CIPLA,2023-10-26,1150.85,,
CIPLA,2023-10-27,1174.25,,
CIPLA,2023-10-30,1193.45,,
CIPLA,2023-10-31,1200.0,1175.9,
CIPLA,2023-11-01,1201.25,1176.82,
CIPLA,2023-11-02,1208.5,1178.89,
CIPLA,2023-11-03,1206.35,1181.15,
CIPLA,2023-11-06,1204.1,1183.21,
CIPLA,2023-11-07,1216.45,1186.05,
CIPLA,2023-11-08,1241.0,1190.35,
CIPLA,2023-11-09,1238.15,1193.66,
CIPLA,2023-11-10,1240.1,1197.77,
CIPLA,2023-11-12,1243.95,1201.58,
CIPLA,2023-11-13,1240.55,1205.39,
CIPLA,2023-11-15,1241.75,1208.8,
CIPLA,2023-11-16,1234.8,1210.01,
CIPLA,2023-11-17,1249.4,1211.32,
CIPLA,2023-11-20,1247.1,1213.66,
CIPLA,2023-11-21,1253.25,1217.13,
CIPLA,2023-11-22,1271.5,1222.84,
CIPLA,2023-11-23,1170.65,1223.83,
CIPLA,2023-11-24,1198.65,1225.05,
CIPLA,2023-11-28,1192.3,1224.99,
CIPLA,2023-11-29,1201.55,1225.07,
CIPLA,2023-11-30,1212.3,1225.62,
CIPLA,2023-12-01,1205.7,1225.48,
CIPLA,2023-12-04,1216.5,1225.99,
CIPLA,2023-12-05,1224.45,1227.01,
CIPLA,2023-12-06,1205.2,1226.44,
CIPLA,2023-12-07,1222.8,1225.53,
CIPLA,2023-12-08,1219.1,1224.58,
CIPLA,2023-12-11,1202.3,1222.69,
CIPLA,2023-12-12,1198.65,1220.42,
CIPLA,2023-12-13,1216.5,1219.22,1202.86
CIPLA,2023-12-14,1204.65,1217.37,1203.29
CIPLA,2023-12-15,1207.1,1215.98,1204.09
CIPLA,2023-12-18,1216.8,1214.35,1205.21
CIPLA,2023-12-19,1237.1,1213.85,1206.69
CIPLA,2023-12-20,1236.2,1213.0,1208.22
CIPLA,2023-12-21,1221.85,1210.52,1209.56
CIPLA,2023-12-22,1235.6,1213.76,1210.83
CIPLA,2023-12-26,1244.95,1216.08,1212.57
CIPLA,2023-12-27,1239.75,1218.45,1214.01
CIPLA,2023-12-28,1260.8,1221.42,1215.94
CIPLA,2023-12-29,1246.3,1223.12,1217.4
CIPLA,2024-01-01,1251.0,1225.38,1218.2
CIPLA,2024-01-02,1281.55,1228.63,1219.37
CIPLA,2024-01-03,1300.15,1232.42,1221.37
CIPLA,2024-01-04,1296.65,1236.99,1223.63
CIPLA,2024-01-05,1286.9,1240.2,1226.21
CIPLA,2024-01-08,1271.75,1242.83,1228.63
CIPLA,2024-01-09,1289.35,1247.18,1230.94
CIPLA,2024-01-10,1329.2,1253.71,1233.65
CIPLA,2024-01-11,1325.65,1259.16,1236.16
CIPLA,2024-01-12,1308.0,1264.33,1238.3
CIPLA,2024-01-15,1313.15,1269.64,1240.39
CIPLA,2024-01-16,1302.35,1273.91,1242.31
CIPLA,2024-01-17,1294.0,1276.76,1244.11
CIPLA,2024-01-18,1322.95,1281.1,1246.24
CIPLA,2024-01-19,1327.95,1286.4,1247.98
CIPLA,2024-01-20,1316.25,1290.43,1249.54
CIPLA,2024-01-23,1409.0,1298.64,1252.92
CIPLA,2024-01-24,1417.35,1307.51,1256.39
CIPLA,2024-01-25,1369.65,1312.96,1258.97
CIPLA,2024-01-29,1336.85,1317.48,1260.87
CIPLA,2024-01-30,1317.1,1320.79,1262.52
CIPLA,2024-01-31,1351.0,1324.26,1264.55
CIPLA,2024-02-01,1387.65,1328.64,1267.36
CIPLA,2024-02-02,1392.65,1333.44,1270.15
CIPLA,2024-02-05,1433.9,1340.79,1273.4
CIPLA,2024-02-06,1425.45,1348.47,1278.49
CIPLA,2024-02-07,1438.75,1355.94,1283.29
CIPLA,2024-02-08,1420.2,1360.49,1287.85
CIPLA,2024-02-09,1439.75,1366.2,1292.62
CIPLA,2024-02-12,1434.75,1372.54,1297.06
CIPLA,2024-02-13,1457.75,1379.76,1302.1
CIPLA,2024-02-14,1425.35,1385.92,1306.28
CIPLA,2024-02-15,1422.35,1392.33,1310.24
CIPLA,2024-02-16,1440.7,1398.22,1314.95
CIPLA,2024-02-19,1470.35,1405.34,1319.9
CIPLA,2024-02-20,1451.65,1412.11,1324.55
CIPLA,2024-02-21,1447.3,1414.02,1329.45
CIPLA,2024-02-22,1453.3,1415.82,1334.54
CIPLA,2024-02-23,1466.4,1420.66,1339.54
CIPLA,2024-02-26,1469.85,1427.31,1344.85
CIPLA,2024-02-27,1487.45,1435.83,1350.45
CIPLA,2024-02-28,1477.0,1442.13,1355.66
CIPLA,2024-02-29,1480.35,1446.76,1360.52
CIPLA,2024-03-01,1470.9,1450.68,1365.22
CIPLA,2024-03-02,1482.3,1453.1,1370.43
CIPLA,2024-03-04,1471.5,1455.4,1375.14
CIPLA,2024-03-05,1473.45,1457.13,1379.71
CIPLA,2024-03-06,1485.25,1460.38,1384.62
CIPLA,2024-03-07,1483.15,1462.55,1389.07
CIPLA,2024-03-11,1504.1,1466.02,1394.23
CIPLA,2024-03-12,1465.75,1466.42,1398.52
CIPLA,2024-03-13,1471.25,1468.72,1402.32
CIPLA,2024-03-14,1496.65,1472.43,1406.25
CIPLA,2024-03-15,1488.05,1474.8,1410.07
CIPLA,2024-03-18,1488.45,1475.7,1414.1
CIPLA,2024-03-19,1435.7,1474.91,1417.38
CIPLA,2024-03-20,1417.4,1473.41,1419.94
CIPLA,2024-03-21,1448.7,1473.18,1422.34
CIPLA,2024-03-22,1481.25,1473.92,1425.45
CIPLA,2024-03-26,1472.25,1474.04,1428.73
CIPLA,2024-03-27,1463.35,1472.84,1431.74
CIPLA,2024-03-28,1496.95,1473.84,1435.63
CIPLA,2024-04-01,1498.65,1474.75,1439.72
CIPLA,2024-04-02,1489.4,1475.68,1443.05
CIPLA,2024-04-03,1471.5,1475.14,1445.92
CIPLA,2024-04-04,1459.55,1474.54,1448.79
CIPLA,2024-04-05,1449.4,1473.34,1449.6
CIPLA,2024-04-08,1462.45,1472.2,1450.5
CIPLA,2024-04-09,1450.3,1470.56,1452.11
CIPLA,2024-04-10,1422.95,1466.5,1453.83
CIPLA,2024-04-12,1396.8,1463.05,1455.43
CIPLA,2024-04-15,1381.4,1458.56,1456.03
CIPLA,2024-04-16,1375.2,1452.48,1455.78
CIPLA,2024-04-18,1347.3,1445.45,1454.88
CIPLA,2024-04-19,1345.75,1438.31,1453.12
CIPLA,2024-04-22,1354.85,1434.27,1451.7
CIPLA,2024-04-23,1346.7,1430.74,1449.86
CIPLA,2024-04-24,1398.2,1428.21,1449.42
CIPLA,2024-04-25,1406.2,1424.46,1448.75
CIPLA,2024-04-26,1409.15,1421.3,1448.24
CIPLA,2024-04-29,1408.0,1418.54,1447.24
CIPLA,2024-04-30,1400.0,1413.69,1446.74
CIPLA,2024-05-02,1420.05,1409.76,1446.69
CIPLA,2024-05-03,1424.75,1406.52,1446.37
CIPLA,2024-05-06,1423.4,1404.12,1445.43
CIPLA,2024-05-07,1387.2,1400.5,1444.14
CIPLA,2024-05-08,1384.75,1397.27,1442.89
CIPLA,2024-05-09,1358.8,1392.09,1441.0
CIPLA,2024-05-10,1339.55,1386.55,1438.47
CIPLA,2024-05-13,1414.65,1386.14,1437.36
CIPLA,2024-05-14,1357.35,1384.16,1434.76
CIPLA,2024-05-15,1406.7,1385.43,1433.35
CIPLA,2024-05-16,1421.1,1387.72,1432.17
CIPLA,2024-05-17,1399.05,1390.31,1430.73
CIPLA,2024-05-18,1404.05,1393.22,1429.17
CIPLA,2024-05-21,1442.3,1397.6,1428.58
CIPLA,2024-05-22,1482.3,1404.38,1428.76
CIPLA,2024-05-23,1489.15,1408.92,1428.84
CIPLA,2024-05-24,1486.45,1412.94,1428.9
CIPLA,2024-05-27,1478.65,1416.41,1428.4
CIPLA,2024-05-28,1479.45,1419.98,1428.67
CIPLA,2024-05-29,1493.55,1424.66,1429.12
CIPLA,2024-05-30,1466.6,1426.99,1428.51
CIPLA,2024-05-31,1447.2,1428.11,1427.7
CIPLA,2024-06-03,1452.35,1429.56,1426.98
CIPLA,2024-06-04,1462.55,1433.33,1427.51
CIPLA,2024-06-05,1496.95,1438.94,1429.1
CIPLA,2024-06-06,1477.0,1444.85,1429.67
CIPLA,2024-06-07,1497.25,1452.73,1429.99
CIPLA,2024-06-10,1534.25,1458.71,1431.23
CIPLA,2024-06-11,1530.25,1467.36,1432.57
CIPLA,2024-06-12,1540.95,1474.07,1433.45
CIPLA,2024-06-13,1544.55,1480.24,1434.36
CIPLA,2024-06-14,1564.75,1488.53,1435.87
CIPLA,2024-06-18,1574.8,1497.06,1437.94
CIPLA,2024-06-19,1559.8,1502.94,1439.94
CIPLA,2024-06-20,1544.85,1506.07,1441.85
CIPLA,2024-06-21,1541.55,1508.69,1443.43
CIPLA,2024-06-24,1504.4,1509.58,1444.52
CIPLA,2024-06-25,1499.7,1510.64,1446.05
CIPLA,2024-06-26,1479.1,1510.62,1447.7
CIPLA,2024-06-27,1480.9,1509.99,1449.69
CIPLA,2024-06-28,1480.8,1510.7,1451.8
CIPLA,2024-07-01,1479.1,1512.29,1454.44
CIPLA,2024-07-02,1488.65,1514.11,1457.29
CIPLA,2024-07-03,1483.75,1515.17,1459.87
CIPLA,2024-07-04,1480.75,1514.36,1462.55
CIPLA,2024-07-05,1509.9,1516.0,1464.79
CIPLA,2024-07-08,1487.05,1515.49,1466.4
CIPLA,2024-07-09,1512.05,1514.38,1468.46
CIPLA,2024-07-10,1513.2,1513.53,1470.56
CIPLA,2024-07-11,1506.0,1511.78,1472.68
CIPLA,2024-07-12,1512.05,1510.16,1474.52
CIPLA,2024-07-15,1517.2,1507.78,1476.37
CIPLA,2024-07-16,1510.4,1504.56,1478.11
CIPLA,2024-07-18,1506.65,1501.9,1480.5
CIPLA,2024-07-19,1485.5,1498.94,1482.52
CIPLA,2024-07-22,1490.0,1496.36,1485.14
CIPLA,2024-07-23,1497.9,1496.03,1488.31
CIPLA,2024-07-24,1503.5,1496.22,1490.09
CIPLA,2024-07-25,1500.05,1497.27,1492.94
CIPLA,2024-07-26,1575.0,1501.98,1496.31
CIPLA,2024-07-29,1553.95,1505.63,1498.96
CIPLA,2024-07-30,1528.9,1508.12,1501.56
CIPLA,2024-07-31,1544.3,1510.91,1504.36
CIPLA,2024-08-01,1546.2,1514.03,1506.44
CIPLA,2024-08-02,1528.8,1516.43,1507.37
CIPLA,2024-08-05,1515.05,1516.69,1507.89
CIPLA,2024-08-06,1531.9,1518.93,1508.8
CIPLA,2024-08-07,1553.55,1521.0,1510.3
CIPLA,2024-08-08,1569.95,1523.84,1512.11
CIPLA,2024-08-09,1574.75,1527.28,1513.73
CIPLA,2024-08-12,1586.25,1530.99,1516.12
CIPLA,2024-08-13,1583.45,1534.3,1518.85
CIPLA,2024-08-14,1563.8,1536.97,1521.08
CIPLA,2024-08-16,1576.1,1540.45,1523.35
CIPLA,2024-08-19,1575.5,1544.95,1524.92
CIPLA,2024-08-20,1562.85,1548.59,1526.64
CIPLA,2024-08-21,1594.6,1553.42,1528.58
CIPLA,2024-08-22,1585.8,1557.54,1529.62
CIPLA,2024-08-23,1574.55,1561.26,1530.5
CIPLA,2024-08-26,1593.95,1562.21,1531.56
CIPLA,2024-08-27,1598.05,1564.42,1532.63
CIPLA,2024-08-28,1618.2,1568.88,1533.7
CIPLA,2024-08-29,1618.55,1572.59,1534.58
CIPLA,2024-08-30,1654.9,1578.03,1536.48
CIPLA,2024-09-02,1646.65,1583.92,1538.51
CIPLA,2024-09-03,1653.2,1590.83,1540.75
CIPLA,2024-09-04,1651.9,1596.83,1543.7
CIPLA,2024-09-05,1627.75,1600.54,1546.26
CIPLA,2024-09-06,1611.05,1602.59,1548.9
CIPLA,2024-09-09,1620.15,1604.86,1551.68
CIPLA,2024-09-10,1632.0,1607.15,1554.71
CIPLA,2024-09-11,1628.35,1609.4,1557.69
CIPLA,2024-09-12,1657.25,1614.07,1561.06
CIPLA,2024-09-13,1659.7,1618.25,1564.58
CIPLA,2024-09-16,1659.4,1622.44,1568.16
CIPLA,2024-09-17,1671.8,1627.89,1571.39
CIPLA,2024-09-18,1651.6,1630.74,1574.68
CIPLA,2024-09-19,1637.7,1633.34,1577.2
CIPLA,2024-09-20,1638.65,1636.54,1579.71
CIPLA,2024-09-23,1658.15,1639.75,1582.75
CIPLA,2024-09-24,1637.55,1641.72,1585.26
CIPLA,2024-09-25,1643.2,1642.98,1587.78
CIPLA,2024-09-26,1621.8,1643.14,1590.01
CIPLA,2024-09-27,1672.5,1644.02,1593.32
CIPLA,2024-09-30,1654.1,1644.39,1596.7
CIPLA,2024-10-01,1664.85,1644.97,1600.19
CIPLA,2024-10-03,1656.55,1645.2,1603.37
CIPLA,2024-10-04,1623.3,1644.98,1605.76
CIPLA,2024-10-07,1624.65,1645.66,1608.25
CIPLA,2024-10-08,1640.7,1646.69,1609.57
CIPLA,2024-10-09,1680.5,1649.12,1612.1
CIPLA,2024-10-10,1618.9,1648.64,1613.9
CIPLA,2024-10-11,1595.75,1645.57,1614.93
CIPLA,2024-10-14,1598.45,1642.5,1615.97
CIPLA,2024-10-15,1571.75,1638.12,1616.83
CIPLA,2024-10-16,1562.2,1632.64,1617.78
CIPLA,2024-10-17,1558.7,1628.0,1618.31
CIPLA,2024-10-18,1551.7,1623.7,1618.27
CIPLA,2024-10-21,1523.75,1617.95,1617.35
CIPLA,2024-10-22,1510.35,1610.56,1616.06
CIPLA,2024-10-23,1485.6,1602.96,1614.05
CIPLA,2024-10-24,1492.3,1595.42,1612.23
CIPLA,2024-10-25,1488.9,1588.78,1610.73
CIPLA,2024-10-28,1503.15,1580.31,1609.27
CIPLA,2024-10-29,1477.55,1571.48,1607.31
CIPLA,2024-10-30,1418.25,1559.15,1604.42
CIPLA,2024-10-31,1551.75,1553.91,1603.56
CIPLA,2024-11-01,1559.55,1550.72,1603.04
CIPLA,2024-11-04,1584.6,1548.72,1603.24
CIPLA,2024-11-05,1601.2,1546.74,1603.38
CIPLA,2024-11-06,1594.05,1542.42,1603.3
CIPLA,2024-11-07,1576.15,1540.28,1602.46
CIPLA,2024-11-08,1592.6,1540.13,1601.94
CIPLA,2024-11-11,1552.8,1537.84,1599.9
CIPLA,2024-11-12,1525.15,1535.52,1597.47
CIPLA,2024-11-13,1505.6,1532.68,1594.52
CIPLA,2024-11-14,1499.75,1529.74,1591.48
CIPLA,2024-11-18,1465.25,1525.42,1588.22
CIPLA,2024-11-19,1471.55,1522.8,1585.44
CIPLA,2024-11-21,1465.5,1520.56,1582.34
CIPLA,2024-11-22,1486.5,1520.61,1579.43
COALINDIA,2023-10-03,291.9,,
COALINDIA,2023-10-04,287.95,,
COALINDIA,2023-10-05,289.35,,
COALINDIA,2023-10-06,287.8,,
COALINDIA,2023-10-09,287.8,,
COALINDIA,2023-10-10,303.25,,
COALINDIA,2023-10-11,301.85,,
COALINDIA,2023-10-12,307.2,,
COALINDIA,2023-10-13,307.95,,
COALINDIA,2023-10-16,312.0,,
COALINDIA,2023-10-17,317.4,,
COALINDIA,2023-10-18,316.95,,
COALINDIA,2023-10-19,314.8,,
COALINDIA,2023-10-20,312.4,,
COALINDIA,2023-10-23,306.1,,
COALINDIA,2023-10-25,310.3,,
COALINDIA,2023-10-26,305.25,,
COALINDIA,2023-10-27,313.95,,
COALINDIA,2023-10-30,314.55,,
COALINDIA,2023-10-31,314.25,305.15,
COALINDIA,2023-11-01,306.65,305.89,
COALINDIA,2023-11-02,308.85,306.93,
COALINDIA,2023-11-03,312.0,308.06,
COALINDIA,2023-11-06,316.55,309.5,
COALINDIA,2023-11-07,314.25,310.82,
COALINDIA,2023-11-08,317.4,311.53,
COALINDIA,2023-11-09,323.55,312.62,
COALINDIA,2023-11-10,323.4,313.43,
COALINDIA,2023-11-12,331.8,314.62,
COALINDIA,2023-11-13,349.35,316.49,
COALINDIA,2023-11-15,350.6,318.15,
COALINDIA,2023-11-16,345.8,319.59,
COALINDIA,2023-11-17,345.25,321.11,
COALINDIA,2023-11-20,347.75,322.88,
COALINDIA,2023-11-21,334.2,324.28,
COALINDIA,2023-11-22,332.15,325.38,
COALINDIA,2023-11-23,334.45,326.84,
COALINDIA,2023-11-24,332.8,327.78,
COALINDIA,2023-11-28,341.95,329.15,
COALINDIA,2023-11-29,342.35,330.56,
COALINDIA,2023-11-30,342.15,332.33,
COALINDIA,2023-12-01,346.65,334.22,
COALINDIA,2023-12-04,354.7,336.36,
COALINDIA,2023-12-05,355.55,338.3,
COALINDIA,2023-12-06,352.15,340.2,
COALINDIA,2023-12-07,351.95,341.93,
COALINDIA,2023-12-08,351.0,343.3,
COALINDIA,2023-12-11,353.65,344.81,
COALINDIA,2023-12-12,347.5,345.6,
COALINDIA,2023-12-13,345.2,345.39,324.29
COALINDIA,2023-12-14,347.6,345.24,325.41
COALINDIA,2023-12-15,350.0,345.45,326.65
COALINDIA,2023-12-18,347.65,345.57,327.81
COALINDIA,2023-12-19,366.95,346.53,329.4
COALINDIA,2023-12-20,352.15,347.43,330.68
COALINDIA,2023-12-21,355.5,348.6,331.73
COALINDIA,2023-12-22,363.25,350.04,332.96
COALINDIA,2023-12-26,366.05,351.7,334.13
COALINDIA,2023-12-27,365.6,352.88,335.29
COALINDIA,2023-12-28,380.95,354.81,336.66
COALINDIA,2023-12-29,376.0,356.5,337.84
COALINDIA,2024-01-01,381.8,358.26,339.13
COALINDIA,2024-01-02,392.65,360.16,340.69
COALINDIA,2024-01-03,384.55,361.61,342.13
COALINDIA,2024-01-04,384.75,363.24,343.71
COALINDIA,2024-01-05,384.25,364.85,345.19
COALINDIA,2024-01-08,380.4,366.32,346.69
COALINDIA,2024-01-09,385.35,367.91,348.12
COALINDIA,2024-01-10,382.05,369.64,349.47
COALINDIA,2024-01-11,384.35,371.59,350.87
COALINDIA,2024-01-12,381.1,373.27,352.36
COALINDIA,2024-01-15,384.65,375.0,353.87
COALINDIA,2024-01-16,381.9,376.71,355.27
COALINDIA,2024-01-17,379.65,377.35,356.53
COALINDIA,2024-01-18,375.65,378.52,357.76
COALINDIA,2024-01-19,383.25,379.91,359.08
COALINDIA,2024-01-20,398.8,381.69,360.58
COALINDIA,2024-01-23,375.3,382.15,361.62
COALINDIA,2024-01-24,382.6,383.0,362.64
COALINDIA,2024-01-25,389.4,383.42,363.44
COALINDIA,2024-01-29,412.8,385.26,364.68
COALINDIA,2024-01-30,402.55,386.3,365.82
COALINDIA,2024-01-31,406.15,386.98,367.04
COALINDIA,2024-02-01,406.7,388.08,368.22
COALINDIA,2024-02-02,419.8,389.84,369.93
COALINDIA,2024-02-05,440.25,392.64,372.09
COALINDIA,2024-02-06,448.65,396.05,374.37
COALINDIA,2024-02-07,452.65,399.41,376.77
COALINDIA,2024-02-08,459.2,403.27,379.12
COALINDIA,2024-02-09,456.2,406.86,381.39
COALINDIA,2024-02-12,432.8,409.45,383.2
COALINDIA,2024-02-13,452.35,412.83,385.32
COALINDIA,2024-02-14,466.35,417.06,387.55
COALINDIA,2024-02-15,476.85,421.92,389.98
COALINDIA,2024-02-16,480.0,427.13,392.54
COALINDIA,2024-02-19,461.0,431.02,394.72
COALINDIA,2024-02-20,446.5,433.4,396.63
COALINDIA,2024-02-21,432.95,436.29,398.21
COALINDIA,2024-02-22,445.15,439.42,400.16
COALINDIA,2024-02-23,443.9,442.14,402.14
COALINDIA,2024-02-26,442.3,443.62,404.03
COALINDIA,2024-02-27,441.4,445.56,405.86
COALINDIA,2024-02-28,434.2,446.96,407.59
COALINDIA,2024-02-29,436.7,448.46,408.99
COALINDIA,2024-03-01,446.35,449.79,410.87
COALINDIA,2024-03-02,448.5,450.2,412.73
COALINDIA,2024-03-04,455.4,450.54,414.57
COALINDIA,2024-03-05,460.65,450.94,416.47
COALINDIA,2024-03-06,461.6,451.06,418.39
COALINDIA,2024-03-07,458.6,451.18,419.94
COALINDIA,2024-03-11,453.9,452.23,421.5
COALINDIA,2024-03-12,449.3,452.08,422.85
COALINDIA,2024-03-13,417.05,449.61,423.34
COALINDIA,2024-03-14,427.7,447.16,424.2
COALINDIA,2024-03-15,415.25,443.92,424.81
COALINDIA,2024-03-18,421.85,441.96,425.56
COALINDIA,2024-03-19,419.05,440.59,426.33
COALINDIA,2024-03-20,419.5,439.92,427.02
COALINDIA,2024-03-21,432.05,439.26,428.02
COALINDIA,2024-03-22,431.95,438.67,428.97
COALINDIA,2024-03-26,435.95,438.35,430.06
COALINDIA,2024-03-27,429.45,437.75,430.96
COALINDIA,2024-03-28,434.1,437.74,432.0
COALINDIA,2024-04-01,442.05,438.01,433.25
COALINDIA,2024-04-02,443.2,437.86,434.6
COALINDIA,2024-04-03,445.5,437.71,435.85
COALINDIA,2024-04-04,448.85,437.38,436.85
COALINDIA,2024-04-05,446.95,436.69,438.28
COALINDIA,2024-04-08,447.4,435.98,439.58
COALINDIA,2024-04-09,439.85,435.04,440.59
COALINDIA,2024-04-10,456.35,435.17,441.46
COALINDIA,2024-04-12,455.6,435.48,442.52
COALINDIA,2024-04-15,451.0,437.18,443.42
COALINDIA,2024-04-16,453.2,438.46,444.35
COALINDIA,2024-04-18,438.6,439.62,444.72
COALINDIA,2024-04-19,435.3,440.3,444.62
COALINDIA,2024-04-22,442.95,441.49,444.51
COALINDIA,2024-04-23,440.95,442.56,444.28
COALINDIA,2024-04-24,443.85,443.15,443.97
COALINDIA,2024-04-25,452.45,444.18,443.89
COALINDIA,2024-04-26,455.8,445.17,444.35
COALINDIA,2024-04-29,453.25,446.36,444.37
COALINDIA,2024-04-30,454.3,447.37,444.13
COALINDIA,2024-05-02,453.9,447.96,443.67
COALINDIA,2024-05-03,474.6,449.53,443.56
COALINDIA,2024-05-06,460.6,450.29,443.56
COALINDIA,2024-05-07,456.0,450.64,443.75
COALINDIA,2024-05-08,464.45,451.52,444.38
COALINDIA,2024-05-09,443.5,451.32,444.34
COALINDIA,2024-05-10,449.4,451.8,444.45
COALINDIA,2024-05-13,444.0,451.19,444.49
COALINDIA,2024-05-14,448.7,450.84,444.63
COALINDIA,2024-05-15,467.85,451.68,445.31
COALINDIA,2024-05-16,468.3,452.44,445.94
COALINDIA,2024-05-17,470.25,454.02,446.42
COALINDIA,2024-05-18,469.7,455.74,446.84
COALINDIA,2024-05-21,490.65,458.12,447.54
COALINDIA,2024-05-22,501.7,461.16,448.37
COALINDIA,2024-05-23,497.3,463.83,449.08
COALINDIA,2024-05-24,501.0,466.26,449.93
COALINDIA,2024-05-27,494.45,468.2,450.74
COALINDIA,2024-05-28,487.65,469.92,451.51
COALINDIA,2024-05-29,486.45,471.52,452.89
COALINDIA,2024-05-30,482.15,472.94,453.98
COALINDIA,2024-05-31,491.2,473.76,455.5
COALINDIA,2024-06-03,512.35,476.35,457.31
COALINDIA,2024-06-04,441.9,475.65,457.77
COALINDIA,2024-06-05,460.55,475.45,458.59
COALINDIA,2024-06-06,472.95,476.92,459.41
COALINDIA,2024-06-07,479.15,478.41,460.35
COALINDIA,2024-06-10,477.7,480.1,461.19
COALINDIA,2024-06-11,476.35,481.48,462.12
COALINDIA,2024-06-12,488.7,482.52,463.22
COALINDIA,2024-06-13,487.9,483.5,464.13
COALINDIA,2024-06-14,486.95,484.34,465.01
COALINDIA,2024-06-18,489.05,485.3,465.88
COALINDIA,2024-06-19,477.95,484.67,466.46
COALINDIA,2024-06-20,483.15,483.74,467.19
COALINDIA,2024-06-21,480.2,482.89,467.84
COALINDIA,2024-06-24,473.7,481.52,468.52
COALINDIA,2024-06-25,469.25,480.26,468.78
COALINDIA,2024-06-26,468.75,479.32,469.04
COALINDIA,2024-06-27,467.05,478.35,469.36
COALINDIA,2024-06-28,473.15,477.9,469.76
COALINDIA,2024-07-01,474.8,477.08,470.48
COALINDIA,2024-07-02,479.1,475.42,471.36
COALINDIA,2024-07-03,484.95,477.57,472.2
COALINDIA,2024-07-04,489.55,479.02,473.17
COALINDIA,2024-07-05,491.5,479.94,474.12
COALINDIA,2024-07-08,493.3,480.65,474.94
COALINDIA,2024-07-09,493.8,481.46,475.7
COALINDIA,2024-07-10,490.75,482.18,476.45
COALINDIA,2024-07-11,500.05,482.74,477.37
COALINDIA,2024-07-12,496.2,483.16,478.21
COALINDIA,2024-07-15,497.75,483.7,478.68
COALINDIA,2024-07-16,512.45,484.87,479.71
COALINDIA,2024-07-18,505.25,486.24,480.7
COALINDIA,2024-07-19,488.0,486.48,481.17
COALINDIA,2024-07-22,491.2,487.03,482.12
COALINDIA,2024-07-23,487.0,487.69,482.88
COALINDIA,2024-07-24,493.8,488.92,483.87
COALINDIA,2024-07-25,494.0,490.18,484.78
COALINDIA,2024-07-26,509.85,492.32,485.62
COALINDIA,2024-07-29,512.15,494.27,486.49
COALINDIA,2024-07-30,519.35,496.5,487.48
COALINDIA,2024-07-31,522.2,498.66,488.53
COALINDIA,2024-08-01,540.4,501.43,489.52
COALINDIA,2024-08-02,524.5,503.18,489.98
COALINDIA,2024-08-05,506.8,503.94,490.17
COALINDIA,2024-08-06,499.6,504.26,490.14
COALINDIA,2024-08-07,531.5,506.14,490.88
COALINDIA,2024-08-08,523.45,507.78,491.6
COALINDIA,2024-08-09,529.8,509.26,492.46
COALINDIA,2024-08-12,523.95,510.65,493.3
COALINDIA,2024-08-13,521.75,511.85,493.91
COALINDIA,2024-08-14,504.7,511.46,493.76
COALINDIA,2024-08-16,512.3,511.81,495.16
COALINDIA,2024-08-19,522.0,513.52,496.39
COALINDIA,2024-08-20,524.6,515.19,497.43
COALINDIA,2024-08-21,532.2,517.45,498.49
COALINDIA,2024-08-22,528.85,519.2,499.51
COALINDIA,2024-08-23,538.85,521.44,500.76
COALINDIA,2024-08-26,538.1,522.85,501.75
COALINDIA,2024-08-27,531.4,523.81,502.62
COALINDIA,2024-08-28,526.35,524.16,503.41
COALINDIA,2024-08-29,527.55,524.43,504.18
COALINDIA,2024-08-30,524.95,523.66,505.12
COALINDIA,2024-09-02,520.85,523.48,505.87
COALINDIA,2024-09-03,519.6,524.12,506.66
COALINDIA,2024-09-04,503.65,524.32,507.26
COALINDIA,2024-09-05,497.0,522.6,507.81
COALINDIA,2024-09-06,488.55,520.85,508.21
COALINDIA,2024-09-09,484.45,518.58,508.56
COALINDIA,2024-09-10,491.1,516.94,508.92
COALINDIA,2024-09-11,483.95,515.05,509.1
COALINDIA,2024-09-12,495.65,514.6,509.43
COALINDIA,2024-09-13,490.25,513.5,509.54
COALINDIA,2024-09-16,493.25,512.06,509.61
COALINDIA,2024-09-17,488.5,510.25,509.55
COALINDIA,2024-09-18,487.1,508.0,509.43
COALINDIA,2024-09-19,477.95,505.45,509.11
COALINDIA,2024-09-20,490.95,503.06,509.11
COALINDIA,2024-09-23,500.6,501.18,509.12
COALINDIA,2024-09-24,504.3,499.83,509.29
COALINDIA,2024-09-25,505.3,498.78,509.44
COALINDIA,2024-09-26,506.55,497.72,509.32
COALINDIA,2024-09-27,516.1,497.28,509.54
COALINDIA,2024-09-30,510.15,496.75,509.98
COALINDIA,2024-10-01,508.5,496.19,510.32
COALINDIA,2024-10-03,502.35,496.13,510.63
COALINDIA,2024-10-04,497.2,496.14,510.7
COALINDIA,2024-10-07,480.45,495.73,510.43
COALINDIA,2024-10-08,491.85,496.1,510.07
COALINDIA,2024-10-09,486.95,495.9,509.57
COALINDIA,2024-10-10,488.1,496.1,508.94
COALINDIA,2024-10-11,492.95,495.97,508.36
COALINDIA,2024-10-14,498.3,496.37,507.51
COALINDIA,2024-10-15,494.45,496.43,506.91
COALINDIA,2024-10-16,495.75,496.79,506.69
COALINDIA,2024-10-17,489.9,496.93,506.5
COALINDIA,2024-10-18,492.2,497.64,505.71
COALINDIA,2024-10-21,485.4,497.37,504.95
COALINDIA,2024-10-22,468.35,495.76,503.72
COALINDIA,2024-10-23,474.1,494.24,502.72
COALINDIA,2024-10-24,477.25,492.84,501.83
COALINDIA,2024-10-25,461.1,490.57,500.96
COALINDIA,2024-10-28,441.65,486.85,499.55
COALINDIA,2024-10-29,445.55,483.62,498.02
COALINDIA,2024-10-30,449.15,480.65,496.51
COALINDIA,2024-10-31,452.05,478.14,494.91
COALINDIA,2024-11-01,454.15,475.98,493.41
COALINDIA,2024-11-04,443.3,474.12,491.5
COALINDIA,2024-11-05,434.9,471.28,489.44
COALINDIA,2024-11-06,435.8,468.72,487.53
COALINDIA,2024-11-07,435.35,466.08,485.71
COALINDIA,2024-11-08,424.05,462.64,483.64
COALINDIA,2024-11-11,421.55,458.8,481.57
COALINDIA,2024-11-12,414.05,454.78,479.43
COALINDIA,2024-11-13,406.9,450.34,477.18
COALINDIA,2024-11-14,409.75,446.33,475.3
COALINDIA,2024-11-18,413.35,442.39,473.63
COALINDIA,2024-11-19,412.25,438.73,472.1
COALINDIA,2024-11-21,406.0,435.61,470.53
COALINDIA,2024-11-22,414.05,432.61,468.99
DRREDDY,2023-10-03,1092.34,,
DRREDDY,2023-10-04,1083.56,,
DRREDDY,2023-10-05,1081.45,,
DRREDDY,2023-10-06,1084.98,,
DRREDDY,2023-10-09,1098.97,,
DRREDDY,2023-10-10,1095.71,,
DRREDDY,2023-10-11,1113.52,,
DRREDDY,2023-10-12,1106.04,,
DRREDDY,2023-10-13,1092.04,,
DRREDDY,2023-10-16,1098.62,,
DRREDDY,2023-10-17,1108.82,,
DRREDDY,2023-10-18,1135.49,,
DRREDDY,2023-10-19,1126.18,,
DRREDDY,2023-10-20,1113.86,,
DRREDDY,2023-10-23,1110.39,,
DRREDDY,2023-10-25,1102.77,,
DRREDDY,2023-10-26,1084.39,,
DRREDDY,2023-10-27,1079.46,,
DRREDDY,2023-10-30,1069.07,,
DRREDDY,2023-10-31,1073.51,1097.56,
DRREDDY,2023-11-01,1069.29,1096.41,
DRREDDY,2023-11-02,1067.7,1095.61,
DRREDDY,2023-11-03,1052.61,1094.17,
DRREDDY,2023-11-06,1067.62,1093.3,
DRREDDY,2023-11-07,1080.87,1092.4,
DRREDDY,2023-11-08,1090.71,1092.15,
DRREDDY,2023-11-09,1091.59,1091.05,
DRREDDY,2023-11-10,1084.98,1090.0,
DRREDDY,2023-11-12,1089.95,1089.89,
DRREDDY,2023-11-13,1083.97,1089.16,
DRREDDY,2023-11-15,1083.99,1087.92,
DRREDDY,2023-11-16,1108.85,1086.59,
DRREDDY,2023-11-17,1122.31,1086.39,
DRREDDY,2023-11-20,1120.83,1086.74,
DRREDDY,2023-11-21,1129.29,1087.69,
DRREDDY,2023-11-22,1132.91,1089.2,
DRREDDY,2023-11-23,1128.93,1091.42,
DRREDDY,2023-11-24,1129.23,1093.91,
DRREDDY,2023-11-28,1135.16,1097.21,
DRREDDY,2023-11-29,1143.07,1100.69,
DRREDDY,2023-11-30,1157.63,1105.11,
DRREDDY,2023-12-01,1149.88,1109.22,
DRREDDY,2023-12-04,1151.2,1114.15,
DRREDDY,2023-12-05,1155.29,1118.53,
DRREDDY,2023-12-06,1146.07,1121.79,
DRREDDY,2023-12-07,1157.02,1125.11,
DRREDDY,2023-12-08,1152.78,1128.17,
DRREDDY,2023-12-11,1094.7,1128.65,
DRREDDY,2023-12-12,1108.07,1129.56,
DRREDDY,2023-12-13,1119.73,1131.35,1107.15
DRREDDY,2023-12-14,1114.67,1132.88,1107.59
DRREDDY,2023-12-15,1117.89,1133.33,1108.28
DRREDDY,2023-12-18,1118.21,1133.13,1109.02
DRREDDY,2023-12-19,1127.49,1133.46,1109.87
DRREDDY,2023-12-20,1115.83,1132.79,1110.2
DRREDDY,2023-12-21,1110.9,1131.69,1110.51
DRREDDY,2023-12-22,1125.54,1131.52,1110.75
DRREDDY,2023-12-26,1126.43,1131.38,1111.16
DRREDDY,2023-12-27,1142.9,1131.76,1112.17
DRREDDY,2023-12-28,1171.71,1133.2,1113.63
DRREDDY,2023-12-29,1159.58,1133.29,1114.65
DRREDDY,2024-01-01,1164.33,1134.02,1115.23
DRREDDY,2024-01-02,1185.36,1135.72,1116.41
DRREDDY,2024-01-03,1186.38,1137.28,1117.86
DRREDDY,2024-01-04,1168.44,1138.4,1119.02
DRREDDY,2024-01-05,1167.13,1138.9,1120.31
DRREDDY,2024-01-08,1152.27,1138.88,1121.67
DRREDDY,2024-01-09,1149.96,1141.64,1123.08
DRREDDY,2024-01-10,1157.44,1144.11,1124.84
DRREDDY,2024-01-11,1138.49,1145.05,1126.14
DRREDDY,2024-01-12,1137.77,1146.2,1127.51
DRREDDY,2024-01-15,1156.65,1148.14,1129.29
DRREDDY,2024-01-16,1151.63,1149.81,1131.27
DRREDDY,2024-01-17,1129.99,1149.94,1132.52
DRREDDY,2024-01-18,1129.99,1150.64,1133.5
DRREDDY,2024-01-19,1133.64,1151.78,1134.36
DRREDDY,2024-01-20,1127.08,1151.86,1135.07
DRREDDY,2024-01-23,1134.88,1152.28,1136.07
DRREDDY,2024-01-24,1180.42,1154.16,1137.88
DRREDDY,2024-01-25,1171.1,1154.13,1139.62
DRREDDY,2024-01-29,1168.74,1154.58,1141.32
DRREDDY,2024-01-30,1168.19,1154.78,1142.5
DRREDDY,2024-01-31,1224.23,1156.72,1144.54
DRREDDY,2024-02-01,1198.63,1157.33,1146.1
DRREDDY,2024-02-02,1207.9,1159.31,1147.67
DRREDDY,2024-02-05,1218.89,1161.89,1149.39
DRREDDY,2024-02-06,1233.32,1165.95,1151.48
DRREDDY,2024-02-07,1235.95,1170.25,1153.61
DRREDDY,2024-02-08,1232.01,1173.97,1155.55
DRREDDY,2024-02-09,1231.17,1178.61,1157.31
DRREDDY,2024-02-12,1266.7,1185.06,1159.49
DRREDDY,2024-02-13,1267.07,1190.58,1161.84
DRREDDY,2024-02-14,1251.67,1195.58,1163.84
DRREDDY,2024-02-15,1250.53,1201.61,1165.75
DRREDDY,2024-02-16,1263.43,1208.28,1168.1
DRREDDY,2024-02-19,1283.43,1215.77,1170.62
DRREDDY,2024-02-20,1275.2,1223.17,1173.07
DRREDDY,2024-02-21,1269.83,1229.92,1176.58
DRREDDY,2024-02-22,1272.79,1234.54,1179.87
DRREDDY,2024-02-23,1288.43,1240.41,1183.24
DRREDDY,2024-02-26,1288.15,1246.38,1186.71
DRREDDY,2024-02-27,1289.92,1252.46,1190.15
DRREDDY,2024-02-28,1285.61,1255.53,1193.5
DRREDDY,2024-02-29,1284.85,1259.84,1196.65
DRREDDY,2024-03-01,1238.71,1261.38,1199.11
DRREDDY,2024-03-02,1247.78,1262.83,1201.84
DRREDDY,2024-03-04,1267.02,1264.51,1204.67
DRREDDY,2024-03-05,1260.66,1265.75,1207.36
DRREDDY,2024-03-06,1262.93,1267.29,1209.76
DRREDDY,2024-03-07,1264.83,1268.98,1211.62
DRREDDY,2024-03-11,1277.49,1269.52,1213.98
DRREDDY,2024-03-12,1260.43,1269.18,1215.9
DRREDDY,2024-03-13,1260.76,1269.64,1217.41
DRREDDY,2024-03-14,1258.92,1270.06,1218.86
DRREDDY,2024-03-15,1256.98,1269.74,1220.63
DRREDDY,2024-03-18,1268.21,1268.97,1222.65
DRREDDY,2024-03-19,1226.98,1266.56,1224.15
DRREDDY,2024-03-20,1220.66,1264.11,1225.56
DRREDDY,2024-03-21,1225.64,1261.75,1226.93
DRREDDY,2024-03-22,1240.64,1259.36,1228.97
DRREDDY,2024-03-26,1226.97,1256.3,1230.75
DRREDDY,2024-03-27,1208.82,1252.24,1231.8
DRREDDY,2024-03-28,1231.58,1249.54,1233.4
DRREDDY,2024-04-01,1250.07,1247.8,1235.8
DRREDDY,2024-04-02,1247.51,1248.24,1238.15
DRREDDY,2024-04-03,1224.88,1247.1,1239.97
DRREDDY,2024-04-04,1228.5,1245.17,1242.0
DRREDDY,2024-04-05,1235.86,1243.93,1244.02
DRREDDY,2024-04-08,1234.91,1242.53,1245.11
DRREDDY,2024-04-09,1233.58,1240.97,1246.36
DRREDDY,2024-04-10,1231.58,1238.67,1247.62
DRREDDY,2024-04-12,1216.77,1236.49,1248.59
DRREDDY,2024-04-15,1202.17,1233.56,1248.15
DRREDDY,2024-04-16,1210.07,1231.12,1248.38
DRREDDY,2024-04-18,1191.43,1227.84,1248.05
DRREDDY,2024-04-19,1188.57,1223.86,1247.44
DRREDDY,2024-04-22,1203.22,1222.67,1246.84
DRREDDY,2024-04-23,1190.42,1221.16,1245.93
DRREDDY,2024-04-24,1190.16,1219.39,1245.09
DRREDDY,2024-04-25,1243.75,1219.54,1245.34
DRREDDY,2024-04-26,1250.42,1220.71,1245.02
DRREDDY,2024-04-29,1259.42,1223.24,1244.86
DRREDDY,2024-04-30,1240.86,1223.71,1244.65
DRREDDY,2024-05-02,1257.5,1224.08,1244.79
DRREDDY,2024-05-03,1269.91,1225.2,1244.92
DRREDDY,2024-05-06,1258.69,1226.89,1244.42
DRREDDY,2024-05-07,1251.52,1228.04,1243.95
DRREDDY,2024-05-08,1211.27,1226.81,1242.78
DRREDDY,2024-05-09,1175.47,1223.84,1240.83
DRREDDY,2024-05-10,1184.2,1221.37,1238.74
DRREDDY,2024-05-13,1181.71,1218.88,1236.62
DRREDDY,2024-05-14,1173.76,1216.73,1234.29
DRREDDY,2024-05-15,1175.0,1215.37,1232.08
DRREDDY,2024-05-16,1170.08,1213.37,1229.79
DRREDDY,2024-05-17,1159.91,1211.79,1228.21
DRREDDY,2024-05-18,1162.32,1210.48,1226.5
DRREDDY,2024-05-21,1155.96,1208.12,1224.28
DRREDDY,2024-05-22,1174.55,1207.32,1222.56
DRREDDY,2024-05-23,1179.54,1206.79,1220.89
DRREDDY,2024-05-24,1173.15,1203.26,1219.06
DRREDDY,2024-05-27,1174.54,1199.47,1217.0
DRREDDY,2024-05-28,1193.06,1196.15,1215.65
DRREDDY,2024-05-29,1200.15,1194.11,1214.44
DRREDDY,2024-05-30,1174.75,1189.98,1212.75
DRREDDY,2024-05-31,1158.37,1184.4,1210.78
DRREDDY,2024-06-03,1156.66,1179.3,1208.55
DRREDDY,2024-06-04,1146.16,1174.03,1206.93
DRREDDY,2024-06-05,1164.83,1171.71,1205.82
DRREDDY,2024-06-06,1178.19,1171.84,1204.87
DRREDDY,2024-06-07,1212.26,1173.25,1204.3
DRREDDY,2024-06-10,1221.23,1175.22,1204.19
DRREDDY,2024-06-11,1207.85,1176.93,1204.17
DRREDDY,2024-06-12,1212.01,1178.78,1203.78
DRREDDY,2024-06-13,1219.17,1181.23,1203.16
DRREDDY,2024-06-14,1217.05,1184.09,1202.55
DRREDDY,2024-06-18,1198.25,1185.89,1202.02
DRREDDY,2024-06-19,1191.24,1187.65,1201.27
DRREDDY,2024-06-20,1194.16,1188.63,1200.44
DRREDDY,2024-06-21,1202.29,1189.77,1199.78
DRREDDY,2024-06-24,1210.99,1191.66,1199.33
DRREDDY,2024-06-25,1215.68,1193.72,1199.01
DRREDDY,2024-06-26,1214.01,1194.76,1198.96
DRREDDY,2024-06-27,1247.18,1197.12,1199.86
DRREDDY,2024-06-28,1280.47,1202.4,1201.27
DRREDDY,2024-07-01,1270.74,1208.02,1202.85
DRREDDY,2024-07-02,1274.05,1213.89,1204.56
DRREDDY,2024-07-03,1285.18,1220.84,1206.2
DRREDDY,2024-07-04,1295.87,1227.39,1208.31
DRREDDY,2024-07-05,1304.0,1233.68,1210.59
DRREDDY,2024-07-08,1306.83,1238.41,1211.85
DRREDDY,2024-07-09,1316.57,1243.18,1213.17
DRREDDY,2024-07-10,1318.51,1248.71,1214.35
DRREDDY,2024-07-11,1318.95,1254.06,1215.92
DRREDDY,2024-07-12,1343.89,1260.3,1217.64
DRREDDY,2024-07-15,1358.95,1267.39,1219.42
DRREDDY,2024-07-16,1329.21,1273.94,1220.83
DRREDDY,2024-07-18,1333.5,1281.05,1222.47
DRREDDY,2024-07-19,1327.2,1287.7,1224.79
DRREDDY,2024-07-22,1354.18,1295.3,1228.37
DRREDDY,2024-07-23,1373.0,1303.4,1232.14
DRREDDY,2024-07-24,1364.03,1310.82,1235.79
DRREDDY,2024-07-25,1370.64,1318.65,1239.73
DRREDDY,2024-07-26,1375.73,1325.08,1243.74
DRREDDY,2024-07-29,1368.01,1329.45,1247.7
DRREDDY,2024-07-30,1360.83,1333.96,1251.72
DRREDDY,2024-07-31,1350.1,1337.76,1255.47
DRREDDY,2024-08-01,1377.59,1342.38,1259.91
DRREDDY,2024-08-02,1392.83,1347.23,1264.27
DRREDDY,2024-08-05,1362.41,1350.15,1267.93
DRREDDY,2024-08-06,1361.48,1352.88,1271.7
DRREDDY,2024-08-07,1385.27,1356.32,1275.91
DRREDDY,2024-08-08,1387.66,1359.77,1279.8
DRREDDY,2024-08-09,1402.7,1363.96,1283.85
DRREDDY,2024-08-12,1377.31,1365.63,1287.91
DRREDDY,2024-08-13,1389.68,1367.17,1292.53
DRREDDY,2024-08-14,1360.21,1368.72,1296.6
DRREDDY,2024-08-16,1358.72,1369.98,1300.85
DRREDDY,2024-08-19,1382.27,1372.73,1305.2
DRREDDY,2024-08-20,1393.07,1374.68,1309.5
DRREDDY,2024-08-21,1412.49,1376.65,1313.5
DRREDDY,2024-08-22,1393.81,1378.14,1316.96
DRREDDY,2024-08-23,1390.9,1379.15,1320.62
DRREDDY,2024-08-26,1388.66,1379.8,1324.15
DRREDDY,2024-08-27,1392.59,1381.03,1327.62
DRREDDY,2024-08-28,1399.86,1382.98,1331.28
DRREDDY,2024-08-29,1386.23,1384.79,1335.03
DRREDDY,2024-08-30,1406.27,1386.22,1339.34
DRREDDY,2024-09-02,1374.43,1385.3,1342.94
DRREDDY,2024-09-03,1370.77,1385.72,1346.31
DRREDDY,2024-09-04,1357.44,1385.52,1349.24
DRREDDY,2024-09-05,1339.15,1383.21,1351.71
DRREDDY,2024-09-06,1333.43,1380.5,1354.1
DRREDDY,2024-09-09,1331.18,1376.92,1355.78
DRREDDY,2024-09-10,1330.08,1374.56,1356.77
DRREDDY,2024-09-11,1322.5,1371.2,1357.8
DRREDDY,2024-09-12,1336.77,1370.03,1359.06
DRREDDY,2024-09-13,1332.14,1368.7,1360.0
DRREDDY,2024-09-16,1329.42,1366.06,1360.67
DRREDDY,2024-09-17,1326.33,1362.72,1361.12
DRREDDY,2024-09-18,1313.56,1357.78,1361.25
DRREDDY,2024-09-19,1300.51,1353.11,1360.93
DRREDDY,2024-09-20,1310.23,1349.08,1360.76
DRREDDY,2024-09-23,1330.89,1346.19,1361.0
DRREDDY,2024-09-24,1330.07,1343.06,1360.73
DRREDDY,2024-09-25,1338.29,1339.98,1360.31
DRREDDY,2024-09-26,1348.88,1338.12,1360.71
DRREDDY,2024-09-27,1349.98,1335.3,1361.04
DRREDDY,2024-09-30,1350.32,1334.1,1361.5
DRREDDY,2024-10-01,1349.82,1333.05,1361.41
DRREDDY,2024-10-03,1347.13,1332.53,1360.89
DRREDDY,2024-10-04,1326.65,1331.91,1360.15
DRREDDY,2024-10-07,1321.98,1331.34,1359.17
DRREDDY,2024-10-08,1331.21,1331.34,1358.28
DRREDDY,2024-10-09,1332.97,1331.48,1357.58
DRREDDY,2024-10-10,1316.62,1331.19,1356.7
DRREDDY,2024-10-11,1319.84,1330.34,1356.09
DRREDDY,2024-10-14,1331.98,1330.33,1355.18
DRREDDY,2024-10-15,1322.33,1329.98,1353.77
DRREDDY,2024-10-16,1342.18,1330.77,1353.37
DRREDDY,2024-10-17,1340.81,1332.13,1352.95
DRREDDY,2024-10-18,1348.22,1334.52,1352.21
DRREDDY,2024-10-21,1339.48,1335.98,1351.25
DRREDDY,2024-10-22,1332.48,1336.06,1349.84
DRREDDY,2024-10-23,1321.58,1335.64,1348.73
DRREDDY,2024-10-24,1316.54,1334.55,1347.27
DRREDDY,2024-10-25,1302.94,1332.25,1346.12
DRREDDY,2024-10-28,1311.5,1330.33,1345.18
DRREDDY,2024-10-29,1274.7,1326.55,1343.02
DRREDDY,2024-10-30,1249.85,1321.55,1340.16
DRREDDY,2024-10-31,1274.2,1317.9,1337.39
DRREDDY,2024-11-01,1259.6,1314.55,1334.71
DRREDDY,2024-11-04,1268.3,1311.87,1332.26
DRREDDY,2024-11-05,1272.2,1308.92,1329.93
DRREDDY,2024-11-06,1302.1,1307.37,1328.12
DRREDDY,2024-11-07,1287.35,1305.91,1325.87
DRREDDY,2024-11-08,1283.65,1304.1,1323.82
DRREDDY,2024-11-11,1287.9,1301.9,1321.45
DRREDDY,2024-11-12,1263.9,1298.97,1319.24
DRREDDY,2024-11-13,1245.0,1294.12,1316.72
DRREDDY,2024-11-14,1226.7,1288.41,1314.11
DRREDDY,2024-11-18,1193.55,1280.68,1311.2
DRREDDY,2024-11-19,1213.45,1274.37,1308.8
DRREDDY,2024-11-21,1195.35,1267.52,1306.08
DRREDDY,2024-11-22,1214.45,1262.16,1303.77
EICHERMOT,2023-10-03,3351.4,,
EICHERMOT,2023-10-04,3400.9,,
EICHERMOT,2023-10-05,3443.6,,
EICHERMOT,2023-10-06,3450.4,,
EICHERMOT,2023-10-09,3445.6,,
EICHERMOT,2023-10-10,3458.75,,
EICHERMOT,2023-10-11,3486.6,,
EICHERMOT,2023-10-12,3494.2,,
EICHERMOT,2023-10-13,3476.4,,
EICHERMOT,2023-10-16,3486.6,,
EICHERMOT,2023-10-17,3500.85,,
EICHERMOT,2023-10-18,3496.1,,
EICHERMOT,2023-10-19,3501.2,,
EICHERMOT,2023-10-20,3480.9,,
EICHERMOT,2023-10-23,3446.35,,
EICHERMOT,2023-10-25,3384.4,,
EICHERMOT,2023-10-26,3326.8,,
EICHERMOT,2023-10-27,3394.85,,
EICHERMOT,2023-10-30,3357.65,,
EICHERMOT,2023-10-31,3295.55,3433.96,
EICHERMOT,2023-11-01,3282.25,3430.5,
EICHERMOT,2023-11-02,3338.3,3427.37,
EICHERMOT,2023-11-03,3428.0,3426.59,
EICHERMOT,2023-11-06,3510.95,3429.62,
EICHERMOT,2023-11-07,3509.05,3432.79,
EICHERMOT,2023-11-08,3550.3,3437.36,
EICHERMOT,2023-11-09,3541.9,3440.13,
EICHERMOT,2023-11-10,3540.75,3442.46,
EICHERMOT,2023-11-12,3579.3,3447.6,
EICHERMOT,2023-11-13,3645.4,3455.54,
EICHERMOT,2023-11-15,3848.3,3472.92,
EICHERMOT,2023-11-16,3836.75,3489.95,
EICHERMOT,2023-11-17,3865.3,3508.15,
EICHERMOT,2023-11-20,3846.45,3526.43,
EICHERMOT,2023-11-21,3844.2,3546.32,
EICHERMOT,2023-11-22,3833.8,3568.79,
EICHERMOT,2023-11-23,3883.8,3596.64,
EICHERMOT,2023-11-24,3849.05,3619.35,
EICHERMOT,2023-11-28,3826.7,3642.8,
EICHERMOT,2023-11-29,3812.25,3668.64,
EICHERMOT,2023-11-30,3896.9,3699.37,
EICHERMOT,2023-12-01,3891.2,3727.02,
EICHERMOT,2023-12-04,4180.35,3764.64,
EICHERMOT,2023-12-05,4136.5,3795.91,
EICHERMOT,2023-12-06,4047.0,3822.81,
EICHERMOT,2023-12-07,4091.0,3849.84,
EICHERMOT,2023-12-08,4055.0,3875.5,
EICHERMOT,2023-12-11,4025.65,3899.74,
EICHERMOT,2023-12-12,3951.75,3918.37,
EICHERMOT,2023-12-13,4032.75,3937.73,3647.2
EICHERMOT,2023-12-14,4086.15,3949.63,3661.9
EICHERMOT,2023-12-15,4059.9,3960.78,3675.08
EICHERMOT,2023-12-18,4085.5,3971.8,3687.91
EICHERMOT,2023-12-19,4039.65,3981.45,3699.7
EICHERMOT,2023-12-20,3912.4,3984.86,3709.03
EICHERMOT,2023-12-21,3957.95,3991.07,3719.02
EICHERMOT,2023-12-22,4006.05,3997.19,3729.41
EICHERMOT,2023-12-26,4040.4,4006.75,3740.33
EICHERMOT,2023-12-27,4120.0,4021.42,3753.2
EICHERMOT,2023-12-28,4091.9,4035.4,3765.31
EICHERMOT,2023-12-29,4143.5,4047.73,3778.16
EICHERMOT,2024-01-01,4038.35,4055.09,3789.01
EICHERMOT,2024-01-02,3892.5,4040.7,3796.83
EICHERMOT,2024-01-03,3887.6,4028.25,3804.97
EICHERMOT,2024-01-04,3861.0,4018.95,3813.26
EICHERMOT,2024-01-05,3877.05,4008.25,3823.11
EICHERMOT,2024-01-08,3884.25,3999.71,3834.26
EICHERMOT,2024-01-09,3870.45,3991.96,3843.77
EICHERMOT,2024-01-10,3842.55,3986.5,3853.47
EICHERMOT,2024-01-11,3888.8,3979.3,3865.34
EICHERMOT,2024-01-12,3870.85,3968.53,3877.11
EICHERMOT,2024-01-15,3832.1,3957.14,3886.98
EICHERMOT,2024-01-16,3792.3,3942.48,3894.27
EICHERMOT,2024-01-17,3751.1,3928.06,3899.07
EICHERMOT,2024-01-18,3691.15,3916.99,3902.72
EICHERMOT,2024-01-19,3699.45,3904.07,3905.7
EICHERMOT,2024-01-20,3697.6,3888.64,3908.81
EICHERMOT,2024-01-23,3616.7,3867.46,3910.33
EICHERMOT,2024-01-24,3635.0,3843.21,3911.45
EICHERMOT,2024-01-25,3616.45,3819.44,3910.87
EICHERMOT,2024-01-29,3669.05,3795.72,3907.28
EICHERMOT,2024-01-30,3704.75,3779.04,3904.64
EICHERMOT,2024-01-31,3839.6,3776.39,3904.13
EICHERMOT,2024-02-01,3933.2,3778.67,3905.86
EICHERMOT,2024-02-02,3825.55,3776.9,3905.49
EICHERMOT,2024-02-05,3889.95,3777.54,3906.61
EICHERMOT,2024-02-06,3944.6,3780.56,3907.83
EICHERMOT,2024-02-07,3927.65,3783.42,3909.4
EICHERMOT,2024-02-08,3807.3,3781.66,3909.01
EICHERMOT,2024-02-09,3840.95,3779.27,3909.59
EICHERMOT,2024-02-12,3871.85,3779.32,3909.09
EICHERMOT,2024-02-13,3854.2,3780.42,3908.35
EICHERMOT,2024-02-14,3901.55,3785.88,3902.77
EICHERMOT,2024-02-15,3916.55,3794.16,3898.37
EICHERMOT,2024-02-16,3928.65,3806.03,3896.0
EICHERMOT,2024-02-19,3902.85,3816.2,3892.24
EICHERMOT,2024-02-20,3828.1,3822.72,3887.7
EICHERMOT,2024-02-21,3836.35,3833.71,3883.92
EICHERMOT,2024-02-22,3951.4,3849.53,3883.91
EICHERMOT,2024-02-23,3927.05,3865.06,3881.8
EICHERMOT,2024-02-26,3952.95,3879.25,3879.13
EICHERMOT,2024-02-27,4002.75,3894.15,3877.99
EICHERMOT,2024-02-28,3863.75,3895.36,3873.55
EICHERMOT,2024-02-29,3792.4,3888.32,3868.61
EICHERMOT,2024-03-01,3843.55,3889.22,3867.23
EICHERMOT,2024-03-02,3860.35,3887.74,3865.28
EICHERMOT,2024-03-04,3751.45,3878.08,3860.19
EICHERMOT,2024-03-05,3791.9,3871.29,3855.22
EICHERMOT,2024-03-06,3793.2,3870.59,3848.68
EICHERMOT,2024-03-07,3785.25,3867.8,3842.55
EICHERMOT,2024-03-11,3783.9,3863.41,3835.36
EICHERMOT,2024-03-12,3810.75,3861.23,3830.8
EICHERMOT,2024-03-13,3735.55,3852.94,3827.67
EICHERMOT,2024-03-14,3772.65,3845.74,3825.37
EICHERMOT,2024-03-15,3745.65,3836.59,3823.06
EICHERMOT,2024-03-18,3699.7,3826.43,3819.51
EICHERMOT,2024-03-19,3716.85,3820.87,3816.16
EICHERMOT,2024-03-20,3873.6,3822.73,3816.23
EICHERMOT,2024-03-21,3918.95,3821.11,3817.76
EICHERMOT,2024-03-22,3988.4,3824.18,3819.75
EICHERMOT,2024-03-26,3911.1,3822.08,3820.55
EICHERMOT,2024-03-27,3913.8,3817.64,3822.19
EICHERMOT,2024-03-28,4019.3,3825.42,3826.73
EICHERMOT,2024-04-01,3946.65,3833.13,3830.64
EICHERMOT,2024-04-02,3922.2,3837.06,3835.26
EICHERMOT,2024-04-03,3934.2,3840.75,3839.95
EICHERMOT,2024-04-04,4014.3,3853.89,3846.29
EICHERMOT,2024-04-05,4031.25,3865.86,3854.58
EICHERMOT,2024-04-08,4205.75,3886.49,3865.99
EICHERMOT,2024-04-09,4248.65,3909.66,3878.64
EICHERMOT,2024-04-10,4315.1,3936.22,3891.56
EICHERMOT,2024-04-12,4302.25,3960.79,3903.51
EICHERMOT,2024-04-15,4219.35,3984.98,3911.1
EICHERMOT,2024-04-16,4355.7,4014.14,3919.55
EICHERMOT,2024-04-18,4351.2,4044.41,3930.07
EICHERMOT,2024-04-19,4344.15,4076.64,3939.15
EICHERMOT,2024-04-22,4466.95,4114.14,3949.6
EICHERMOT,2024-04-23,4520.15,4146.47,3961.45
EICHERMOT,2024-04-24,4530.7,4177.06,3975.92
EICHERMOT,2024-04-25,4615.2,4208.4,3991.4
EICHERMOT,2024-04-26,4601.0,4242.89,4005.98
EICHERMOT,2024-04-29,4571.85,4275.8,4020.34
EICHERMOT,2024-04-30,4597.4,4304.7,4034.25
EICHERMOT,2024-05-02,4602.4,4337.49,4047.97
EICHERMOT,2024-05-03,4599.25,4371.34,4061.38
EICHERMOT,2024-05-06,4599.0,4404.58,4075.31
EICHERMOT,2024-05-07,4622.4,4434.99,4091.19
EICHERMOT,2024-05-08,4600.1,4463.43,4106.47
EICHERMOT,2024-05-09,4568.05,4481.54,4118.8
EICHERMOT,2024-05-10,4657.85,4502.0,4133.42
EICHERMOT,2024-05-13,4657.45,4519.12,4147.51
EICHERMOT,2024-05-14,4730.55,4540.54,4162.06
EICHERMOT,2024-05-15,4649.35,4562.04,4177.77
EICHERMOT,2024-05-16,4681.75,4578.34,4195.56
EICHERMOT,2024-05-17,4693.9,4595.47,4212.57
EICHERMOT,2024-05-18,4684.4,4612.48,4229.05
EICHERMOT,2024-05-21,4672.95,4622.78,4247.48
EICHERMOT,2024-05-22,4695.45,4631.55,4265.55
EICHERMOT,2024-05-23,4852.85,4647.66,4286.74
EICHERMOT,2024-05-24,4880.95,4660.94,4308.66
EICHERMOT,2024-05-27,4793.3,4670.56,4328.84
EICHERMOT,2024-05-28,4770.95,4680.52,4348.05
EICHERMOT,2024-05-29,4745.4,4687.92,4368.25
EICHERMOT,2024-05-30,4742.95,4694.94,4387.65
EICHERMOT,2024-05-31,4733.45,4701.65,4407.41
EICHERMOT,2024-06-03,4670.85,4705.25,4426.83
EICHERMOT,2024-06-04,4495.4,4698.89,4442.4
EICHERMOT,2024-06-05,4579.0,4697.84,4456.51
EICHERMOT,2024-06-06,4719.75,4705.42,4472.53
EICHERMOT,2024-06-07,4762.0,4710.63,4488.0
EICHERMOT,2024-06-10,4782.75,4716.9,4505.43
EICHERMOT,2024-06-11,4758.65,4718.3,4522.33
EICHERMOT,2024-06-12,4850.65,4728.37,4538.96
EICHERMOT,2024-06-13,4801.5,4734.36,4556.05
EICHERMOT,2024-06-14,4935.1,4746.41,4576.31
EICHERMOT,2024-06-18,4936.1,4759.0,4596.35
EICHERMOT,2024-06-19,4880.75,4769.39,4613.68
EICHERMOT,2024-06-20,4876.9,4778.46,4630.59
EICHERMOT,2024-06-21,4845.5,4778.09,4643.38
EICHERMOT,2024-06-24,4870.9,4777.59,4655.83
EICHERMOT,2024-06-25,4775.05,4776.68,4665.03
EICHERMOT,2024-06-26,4739.7,4775.12,4673.78
EICHERMOT,2024-06-27,4713.8,4773.54,4683.67
EICHERMOT,2024-06-28,4672.95,4770.04,4690.01
EICHERMOT,2024-07-01,4635.55,4765.14,4695.7
EICHERMOT,2024-07-02,4625.75,4762.89,4701.33
EICHERMOT,2024-07-03,4692.3,4772.73,4705.84
EICHERMOT,2024-07-04,4689.5,4778.26,4709.23
EICHERMOT,2024-07-05,4737.3,4779.14,4713.36
EICHERMOT,2024-07-08,4754.45,4778.76,4716.14
EICHERMOT,2024-07-09,4828.7,4781.06,4720.7
EICHERMOT,2024-07-10,4849.15,4785.58,4726.24
EICHERMOT,2024-07-11,4828.65,4784.48,4730.87
EICHERMOT,2024-07-12,4860.7,4787.44,4736.03
EICHERMOT,2024-07-15,4881.35,4784.75,4741.68
EICHERMOT,2024-07-16,4916.1,4783.75,4748.02
EICHERMOT,2024-07-18,4941.1,4786.77,4754.39
EICHERMOT,2024-07-19,4850.7,4785.46,4759.4
EICHERMOT,2024-07-22,4857.35,4786.05,4765.19
EICHERMOT,2024-07-23,4919.55,4788.48,4770.42
EICHERMOT,2024-07-24,4915.35,4795.5,4775.58
EICHERMOT,2024-07-25,4900.65,4803.55,4778.98
EICHERMOT,2024-07-26,5012.5,4818.48,4786.25
EICHERMOT,2024-07-29,4962.25,4832.95,4791.86
EICHERMOT,2024-07-30,4951.85,4848.76,4797.02
EICHERMOT,2024-07-31,4962.7,4865.61,4802.58
EICHERMOT,2024-08-01,4968.8,4879.44,4808.5
EICHERMOT,2024-08-02,4726.7,4881.3,4809.12
EICHERMOT,2024-08-05,4675.75,4878.22,4805.58
EICHERMOT,2024-08-06,4653.9,4873.19,4801.04
EICHERMOT,2024-08-07,4597.15,4861.61,4797.12
EICHERMOT,2024-08-08,4576.9,4848.0,4793.24
EICHERMOT,2024-08-09,4830.6,4848.1,4794.94
EICHERMOT,2024-08-12,4808.8,4845.5,4796.26
EICHERMOT,2024-08-13,4802.25,4841.55,4797.63
EICHERMOT,2024-08-14,4733.25,4832.4,4798.88
EICHERMOT,2024-08-16,4818.0,4826.25,4805.33
EICHERMOT,2024-08-19,4813.3,4824.38,4810.02
EICHERMOT,2024-08-20,4883.25,4825.68,4813.29
EICHERMOT,2024-08-21,4913.55,4825.38,4816.32
EICHERMOT,2024-08-22,4933.55,4826.28,4819.34
EICHERMOT,2024-08-23,4898.1,4826.16,4822.12
EICHERMOT,2024-08-26,4875.2,4819.29,4822.62
EICHERMOT,2024-08-27,4868.85,4814.62,4823.96
EICHERMOT,2024-08-28,4946.85,4814.37,4824.2
EICHERMOT,2024-08-29,4915.9,4812.03,4823.79
EICHERMOT,2024-08-30,4960.5,4811.62,4825.39
EICHERMOT,2024-09-02,4911.95,4820.88,4826.09
EICHERMOT,2024-09-03,4865.8,4830.38,4826.5
EICHERMOT,2024-09-04,4833.55,4839.36,4825.75
EICHERMOT,2024-09-05,4800.1,4849.51,4826.25
EICHERMOT,2024-09-06,4752.5,4858.29,4826.51
EICHERMOT,2024-09-09,4747.35,4854.13,4827.18
EICHERMOT,2024-09-10,4737.2,4850.55,4828.46
EICHERMOT,2024-09-11,4726.65,4846.77,4830.28
EICHERMOT,2024-09-12,4875.0,4853.86,4835.27
EICHERMOT,2024-09-13,4858.3,4855.87,4838.59
EICHERMOT,2024-09-16,4899.2,4860.17,4842.78
EICHERMOT,2024-09-17,4850.2,4858.52,4845.04
EICHERMOT,2024-09-18,4850.35,4855.36,4846.96
EICHERMOT,2024-09-19,4864.9,4851.92,4847.68
EICHERMOT,2024-09-20,4963.15,4855.18,4849.96
EICHERMOT,2024-09-23,4879.55,4855.39,4850.98
EICHERMOT,2024-09-24,4876.9,4855.8,4851.3
EICHERMOT,2024-09-25,4895.25,4853.22,4851.58
EICHERMOT,2024-09-26,4994.25,4857.13,4853.15
EICHERMOT,2024-09-27,5062.6,4862.24,4855.58
EICHERMOT,2024-09-30,5026.25,4867.95,4859.09
EICHERMOT,2024-10-01,4972.65,4873.3,4861.39
EICHERMOT,2024-10-03,4782.5,4870.74,4858.65
EICHERMOT,2024-10-04,4706.8,4866.08,4854.48
EICHERMOT,2024-10-07,4667.95,4861.85,4849.83
EICHERMOT,2024-10-08,4693.45,4859.16,4843.45
EICHERMOT,2024-10-09,4708.9,4857.74,4838.38
EICHERMOT,2024-10-10,4697.9,4856.3,4833.3
EICHERMOT,2024-10-11,4728.05,4848.96,4828.61
EICHERMOT,2024-10-14,4779.8,4845.03,4824.83
EICHERMOT,2024-10-15,4722.1,4836.18,4824.73
EICHERMOT,2024-10-16,4678.25,4827.58,4824.78
EICHERMOT,2024-10-17,4623.85,4816.25,4824.18
EICHERMOT,2024-10-18,4765.65,4811.29,4827.55
EICHERMOT,2024-10-21,4810.45,4803.66,4832.23
EICHERMOT,2024-10-22,4759.05,4797.63,4830.79
EICHERMOT,2024-10-23,4677.75,4787.67,4828.17
EICHERMOT,2024-10-24,4668.5,4776.34,4825.5
EICHERMOT,2024-10-25,4591.6,4756.2,4822.66
EICHERMOT,2024-10-28,4720.65,4739.11,4820.72
EICHERMOT,2024-10-29,4898.15,4732.7,4822.42
EICHERMOT,2024-10-30,4869.25,4727.53,4822.14
EICHERMOT,2024-10-31,4894.65,4733.14,4821.76
EICHERMOT,2024-11-01,4953.6,4745.48,4822.16
EICHERMOT,2024-11-04,4831.85,4753.67,4820.83
EICHERMOT,2024-11-05,4899.8,4763.99,4821.32
EICHERMOT,2024-11-06,4917.15,4774.4,4822.29
EICHERMOT,2024-11-07,4878.0,4783.41,4820.91
EICHERMOT,2024-11-08,4785.25,4786.27,4818.3
EICHERMOT,2024-11-11,4793.45,4786.95,4814.96
EICHERMOT,2024-11-12,4738.2,4787.75,4811.48
EICHERMOT,2024-11-13,4588.7,4783.28,4805.94
EICHERMOT,2024-11-14,4883.7,4796.27,4806.95
EICHERMOT,2024-11-18,4875.65,4801.77,4808.46
EICHERMOT,2024-11-19,4965.45,4809.52,4812.72
EICHERMOT,2024-11-21,4882.1,4815.67,4815.41
EICHERMOT,2024-11-22,4986.2,4831.09,4820.39
GRASIM,2023-10-03,1913.84,,
GRASIM,2023-10-04,1888.34,,
GRASIM,2023-10-05,1882.67,,
GRASIM,2023-10-06,1895.76,,
GRASIM,2023-10-09,1881.52,,
GRASIM,2023-10-10,1911.3,,
GRASIM,2023-10-11,1972.26,,
GRASIM,2023-10-12,1993.87,,
GRASIM,2023-10-13,1974.75,,
GRASIM,2023-10-16,1965.88,,
GRASIM,2023-10-17,1966.63,,
GRASIM,2023-10-18,1947.96,,
GRASIM,2023-10-19,1967.88,,
GRASIM,2023-10-20,1938.64,,
GRASIM,2023-10-23,1895.22,,
GRASIM,2023-10-25,1870.02,,
GRASIM,2023-10-26,1842.23,,
GRASIM,2023-10-27,1848.65,,
GRASIM,2023-10-30,1871.36,,
GRASIM,2023-10-31,1879.23,1915.4,
GRASIM,2023-11-01,1861.15,1912.77,
GRASIM,2023-11-02,1890.23,1912.86,
GRASIM,2023-11-03,1888.69,1913.16,
GRASIM,2023-11-06,1911.1,1913.93,
GRASIM,2023-11-07,1913.94,1915.55,
GRASIM,2023-11-08,1926.19,1916.29,
GRASIM,2023-11-09,1927.34,1914.05,
GRASIM,2023-11-10,1935.31,1911.12,
GRASIM,2023-11-12,1938.39,1909.3,
GRASIM,2023-11-13,1921.21,1907.07,
GRASIM,2023-11-15,1936.25,1905.55,
GRASIM,2023-11-16,1934.91,1904.9,
GRASIM,2023-11-17,1962.75,1904.64,
GRASIM,2023-11-20,1964.49,1905.93,
GRASIM,2023-11-21,1969.62,1909.65,
GRASIM,2023-11-22,1966.28,1914.47,
GRASIM,2023-11-23,1949.15,1919.81,
GRASIM,2023-11-24,1941.68,1924.46,
GRASIM,2023-11-28,1968.08,1929.3,
GRASIM,2023-11-29,1995.32,1935.1,
GRASIM,2023-11-30,1997.51,1941.92,
GRASIM,2023-12-01,2008.07,1947.81,
GRASIM,2023-12-04,2044.82,1955.62,
GRASIM,2023-12-05,2064.14,1963.27,
GRASIM,2023-12-06,2049.6,1970.06,
GRASIM,2023-12-07,2073.51,1977.42,
GRASIM,2023-12-08,2061.85,1984.15,
GRASIM,2023-12-11,2075.8,1991.17,
GRASIM,2023-12-12,2072.51,1997.88,
GRASIM,2023-12-13,2075.7,2005.6,1950.67
GRASIM,2023-12-14,2095.57,2013.57,1954.31
GRASIM,2023-12-15,2119.27,2022.79,1958.93
GRASIM,2023-12-18,2101.4,2029.72,1963.3
GRASIM,2023-12-19,2109.86,2036.99,1967.58
GRASIM,2023-12-20,2055.38,2041.28,1971.06
GRASIM,2023-12-21,2077.34,2046.83,1974.38
GRASIM,2023-12-22,2038.1,2051.28,1975.7
GRASIM,2023-12-26,2061.35,2057.26,1977.05
GRASIM,2023-12-27,2116.39,2064.67,1979.88
GRASIM,2023-12-28,2131.48,2071.48,1983.19
GRASIM,2023-12-29,2126.35,2077.92,1986.39
GRASIM,2024-01-01,2118.88,2083.46,1989.8
GRASIM,2024-01-02,2093.13,2085.88,1992.31
GRASIM,2024-01-03,2063.99,2085.87,1994.82
GRASIM,2024-01-04,2062.0,2086.49,1998.15
GRASIM,2024-01-05,2071.27,2086.38,2002.18
GRASIM,2024-01-08,2059.51,2086.26,2006.52
GRASIM,2024-01-09,2055.88,2085.27,2010.67
GRASIM,2024-01-10,2068.55,2085.07,2014.61
GRASIM,2024-01-11,2083.7,2085.47,2018.7
GRASIM,2024-01-12,2111.55,2086.27,2023.71
GRASIM,2024-01-15,2101.0,2085.36,2027.92
GRASIM,2024-01-16,2115.2,2086.05,2032.45
GRASIM,2024-01-17,2067.85,2083.95,2035.59
GRASIM,2024-01-18,2053.65,2083.86,2038.38
GRASIM,2024-01-19,2081.2,2084.05,2041.48
GRASIM,2024-01-20,2081.2,2086.21,2044.56
GRASIM,2024-01-23,2049.6,2085.62,2046.85
GRASIM,2024-01-24,2071.3,2083.36,2049.5
GRASIM,2024-01-25,2076.5,2080.62,2052.61
GRASIM,2024-01-29,2104.5,2079.52,2055.97
GRASIM,2024-01-30,2126.15,2079.89,2059.8
GRASIM,2024-01-31,2175.0,2083.98,2064.04
GRASIM,2024-02-01,2128.6,2087.21,2067.33
GRASIM,2024-02-02,2139.45,2091.08,2070.72
GRASIM,2024-02-05,2089.75,2092.01,2073.19
GRASIM,2024-02-06,2066.0,2092.33,2075.53
GRASIM,2024-02-07,2111.5,2095.11,2078.93
GRASIM,2024-02-08,2057.3,2094.55,2080.71
GRASIM,2024-02-09,2168.5,2098.79,2084.17
GRASIM,2024-02-12,2147.35,2100.58,2087.17
GRASIM,2024-02-13,2064.15,2098.74,2088.29
GRASIM,2024-02-14,2079.8,2096.97,2088.99
GRASIM,2024-02-15,2084.8,2097.82,2089.41
GRASIM,2024-02-16,2105.65,2100.42,2090.53
GRASIM,2024-02-19,2168.6,2104.79,2092.43
GRASIM,2024-02-20,2192.25,2110.34,2095.04
GRASIM,2024-02-21,2194.0,2117.56,2097.4
GRASIM,2024-02-22,2201.2,2124.05,2099.97
GRASIM,2024-02-23,2194.4,2129.95,2102.35
GRASIM,2024-02-26,2186.9,2134.07,2104.17
GRASIM,2024-02-27,2204.8,2138.0,2105.89
GRASIM,2024-02-28,2186.0,2138.55,2107.58
GRASIM,2024-02-29,2191.4,2141.69,2109.21
GRASIM,2024-03-01,2254.9,2147.46,2113.2
GRASIM,2024-03-02,2245.75,2155.26,2116.57
GRASIM,2024-03-04,2234.15,2163.67,2120.49
GRASIM,2024-03-05,2231.5,2169.67,2123.89
GRASIM,2024-03-06,2236.5,2178.63,2126.29
GRASIM,2024-03-07,2228.1,2181.61,2128.23
GRASIM,2024-03-11,2236.8,2186.08,2130.43
GRASIM,2024-03-12,2184.0,2192.07,2131.74
GRASIM,2024-03-13,2149.1,2195.54,2132.86
GRASIM,2024-03-14,2196.5,2201.12,2135.51
GRASIM,2024-03-15,2197.1,2205.7,2138.21
GRASIM,2024-03-18,2203.1,2207.42,2140.84
GRASIM,2024-03-19,2173.8,2206.5,2143.13
GRASIM,2024-03-20,2167.5,2205.18,2145.36
GRASIM,2024-03-21,2205.55,2205.39,2148.1
GRASIM,2024-03-22,2223.55,2206.85,2150.9
GRASIM,2024-03-26,2240.05,2209.51,2153.47
GRASIM,2024-03-27,2207.35,2209.63,2155.6
GRASIM,2024-03-28,2287.3,2214.7,2159.04
GRASIM,2024-04-01,2292.55,2219.76,2163.53
GRASIM,2024-04-02,2306.3,2222.33,2168.59
GRASIM,2024-04-03,2305.45,2225.31,2173.07
GRASIM,2024-04-04,2277.85,2227.5,2177.0
GRASIM,2024-04-05,2237.55,2227.8,2180.76
GRASIM,2024-04-08,2280.8,2230.02,2184.95
GRASIM,2024-04-09,2301.3,2233.68,2189.45
GRASIM,2024-04-10,2306.35,2237.15,2193.49
GRASIM,2024-04-12,2254.05,2240.65,2196.04
GRASIM,2024-04-15,2237.4,2245.07,2197.29
GRASIM,2024-04-16,2242.95,2247.39,2199.58
GRASIM,2024-04-18,2226.05,2248.84,2201.31
GRASIM,2024-04-19,2273.15,2252.34,2204.98
GRASIM,2024-04-22,2280.55,2257.68,2209.27
GRASIM,2024-04-23,2370.15,2267.81,2214.44
GRASIM,2024-04-24,2337.75,2274.42,2220.05
GRASIM,2024-04-25,2367.45,2281.62,2224.03
GRASIM,2024-04-26,2342.45,2286.74,2227.93
GRASIM,2024-04-29,2386.6,2295.7,2234.38
GRASIM,2024-04-30,2411.65,2301.92,2241.02
GRASIM,2024-05-02,2437.35,2309.16,2248.07
GRASIM,2024-05-03,2481.35,2317.91,2255.58
GRASIM,2024-05-06,2453.3,2325.3,2261.28
GRASIM,2024-05-07,2421.0,2332.46,2265.85
GRASIM,2024-05-08,2377.35,2339.45,2269.52
GRASIM,2024-05-09,2353.7,2343.1,2272.57
GRASIM,2024-05-10,2377.15,2346.89,2276.22
GRASIM,2024-05-13,2385.2,2350.83,2280.19
GRASIM,2024-05-14,2372.05,2356.73,2283.54
GRASIM,2024-05-15,2369.7,2363.35,2287.21
GRASIM,2024-05-16,2372.6,2369.83,2290.83
GRASIM,2024-05-17,2423.65,2379.71,2294.21
GRASIM,2024-05-18,2434.35,2387.77,2297.98
GRASIM,2024-05-21,2446.65,2396.07,2302.23
GRASIM,2024-05-22,2436.65,2399.4,2306.33
GRASIM,2024-05-23,2453.8,2405.2,2310.68
GRASIM,2024-05-24,2441.0,2408.88,2314.94
GRASIM,2024-05-27,2390.65,2411.29,2318.02
GRASIM,2024-05-28,2440.35,2413.98,2323.14
GRASIM,2024-05-29,2400.6,2413.42,2328.17
GRASIM,2024-05-30,2345.2,2408.82,2331.15
GRASIM,2024-05-31,2316.25,2400.56,2333.53
GRASIM,2024-06-03,2368.8,2396.34,2336.84
GRASIM,2024-06-04,2256.4,2388.1,2338.5
GRASIM,2024-06-05,2304.85,2384.48,2341.24
GRASIM,2024-06-06,2334.75,2383.53,2343.83
GRASIM,2024-06-07,2379.85,2383.67,2346.95
GRASIM,2024-06-10,2446.8,2386.75,2351.09
GRASIM,2024-06-11,2456.9,2390.99,2356.08
GRASIM,2024-06-12,2450.15,2395.01,2359.34
GRASIM,2024-06-13,2458.05,2399.28,2362.64
GRASIM,2024-06-14,2471.2,2401.66,2365.94
GRASIM,2024-06-18,2457.55,2402.82,2368.98
GRASIM,2024-06-19,2447.15,2402.85,2372.37
GRASIM,2024-06-20,2498.8,2405.96,2377.6
GRASIM,2024-06-21,2466.15,2406.57,2381.3
GRASIM,2024-06-24,2515.1,2410.28,2385.58
GRASIM,2024-06-25,2516.95,2416.59,2389.79
GRASIM,2024-06-26,2552.25,2422.19,2395.76
GRASIM,2024-06-27,2637.6,2434.04,2403.76
GRASIM,2024-06-28,2670.45,2450.3,2412.31
GRASIM,2024-07-01,2726.4,2470.81,2422.32
GRASIM,2024-07-02,2742.95,2489.52,2431.71
GRASIM,2024-07-03,2742.35,2513.81,2440.95
GRASIM,2024-07-04,2734.85,2535.31,2448.24
GRASIM,2024-07-05,2748.0,2555.98,2456.45
GRASIM,2024-07-08,2742.15,2574.09,2463.94
GRASIM,2024-07-09,2761.8,2589.84,2472.33
GRASIM,2024-07-10,2802.15,2607.1,2480.64
GRASIM,2024-07-11,2801.6,2624.68,2488.44
GRASIM,2024-07-12,2843.75,2643.96,2496.57
GRASIM,2024-07-15,2803.75,2660.59,2503.01
GRASIM,2024-07-16,2827.35,2679.08,2510.5
GRASIM,2024-07-18,2791.8,2696.31,2517.91
GRASIM,2024-07-19,2743.0,2708.52,2525.22
GRASIM,2024-07-22,2811.55,2725.79,2534.38
GRASIM,2024-07-23,2823.05,2741.19,2543.3
GRASIM,2024-07-24,2806.9,2755.69,2551.73
GRASIM,2024-07-25,2797.55,2767.95,2560.24
GRASIM,2024-07-26,2843.3,2778.24,2569.72
GRASIM,2024-07-29,2828.2,2786.12,2578.83
GRASIM,2024-07-30,2790.9,2789.35,2586.17
GRASIM,2024-07-31,2776.75,2791.04,2593.02
GRASIM,2024-08-01,2767.0,2792.27,2599.43
GRASIM,2024-08-02,2706.8,2790.87,2604.83
GRASIM,2024-08-05,2612.25,2784.08,2608.0
GRASIM,2024-08-06,2620.5,2778.0,2611.59
GRASIM,2024-08-07,2637.05,2771.76,2616.52
GRASIM,2024-08-08,2544.65,2758.88,2618.6
GRASIM,2024-08-09,2572.75,2747.44,2622.05
GRASIM,2024-08-12,2571.1,2733.81,2626.56
GRASIM,2024-08-13,2519.25,2719.58,2630.62
GRASIM,2024-08-14,2512.4,2703.84,2633.5
GRASIM,2024-08-16,2600.35,2694.26,2640.38
GRASIM,2024-08-19,2598.4,2687.04,2646.25
GRASIM,2024-08-20,2636.7,2678.29,2652.28
GRASIM,2024-08-21,2684.85,2671.38,2658.38
GRASIM,2024-08-22,2755.15,2668.8,2664.55
GRASIM,2024-08-23,2748.55,2666.34,2670.38
GRASIM,2024-08-26,2736.6,2661.01,2676.11
GRASIM,2024-08-27,2699.9,2654.6,2680.95
GRASIM,2024-08-28,2715.55,2650.83,2685.84
GRASIM,2024-08-29,2676.2,2645.8,2690.21
GRASIM,2024-08-30,2698.85,2642.39,2695.24
GRASIM,2024-09-02,2690.8,2641.59,2699.08
GRASIM,2024-09-03,2706.85,2646.32,2703.9
GRASIM,2024-09-04,2757.65,2653.18,2708.75
GRASIM,2024-09-05,2741.6,2658.41,2713.24
GRASIM,2024-09-06,2692.85,2665.82,2716.06
GRASIM,2024-09-09,2710.35,2672.7,2717.51
GRASIM,2024-09-10,2702.55,2679.27,2718.15
GRASIM,2024-09-11,2681.15,2687.36,2717.25
GRASIM,2024-09-12,2757.1,2699.6,2717.53
GRASIM,2024-09-13,2784.35,2708.8,2718.37
GRASIM,2024-09-16,2765.3,2717.14,2718.98
GRASIM,2024-09-17,2754.85,2723.05,2719.12
GRASIM,2024-09-18,2722.7,2724.94,2718.73
GRASIM,2024-09-19,2738.95,2724.14,2718.27
GRASIM,2024-09-20,2678.25,2720.62,2715.79
GRASIM,2024-09-23,2666.9,2717.14,2713.1
GRASIM,2024-09-24,2619.3,2713.1,2708.61
GRASIM,2024-09-25,2662.0,2710.43,2705.77
GRASIM,2024-09-26,2745.85,2713.91,2704.14
GRASIM,2024-09-27,2783.15,2718.12,2703.97
GRASIM,2024-09-30,2795.55,2723.36,2705.02
GRASIM,2024-10-01,2801.15,2728.08,2704.81
GRASIM,2024-10-03,2766.15,2728.5,2703.68
GRASIM,2024-10-04,2745.1,2728.68,2702.44
GRASIM,2024-10-07,2720.5,2730.06,2700.9
GRASIM,2024-10-08,2738.2,2731.45,2698.8
GRASIM,2024-10-09,2715.75,2732.11,2696.55
GRASIM,2024-10-10,2722.45,2734.18,2695.18
GRASIM,2024-10-11,2725.55,2732.6,2694.16
GRASIM,2024-10-14,2726.9,2729.73,2693.35
GRASIM,2024-10-15,2735.8,2728.25,2693.93
GRASIM,2024-10-16,2764.1,2728.72,2696.97
GRASIM,2024-10-17,2705.85,2727.87,2698.68
GRASIM,2024-10-18,2760.95,2728.97,2701.16
GRASIM,2024-10-21,2718.25,2730.97,2704.63
GRASIM,2024-10-22,2655.35,2730.4,2706.28
GRASIM,2024-10-23,2633.2,2731.09,2707.52
GRASIM,2024-10-24,2666.7,2731.32,2710.47
GRASIM,2024-10-25,2615.2,2724.79,2712.53
GRASIM,2024-10-28,2646.95,2717.98,2713.46
GRASIM,2024-10-29,2686.0,2712.5,2715.21
GRASIM,2024-10-30,2672.55,2706.08,2715.93
GRASIM,2024-10-31,2695.85,2702.56,2716.15
GRASIM,2024-11-01,2698.9,2700.25,2715.02
GRASIM,2024-11-04,2590.6,2693.76,2711.86
GRASIM,2024-11-05,2650.95,2689.39,2710.15
GRASIM,2024-11-06,2645.95,2685.9,2709.07
GRASIM,2024-11-07,2562.7,2677.92,2706.01
GRASIM,2024-11-08,2544.85,2668.88,2703.39
GRASIM,2024-11-11,2519.5,2658.51,2699.8
GRASIM,2024-11-12,2521.2,2647.78,2696.41
GRASIM,2024-11-13,2502.9,2634.72,2692.33
GRASIM,2024-11-14,2523.95,2625.62,2687.66
GRASIM,2024-11-18,2517.15,2613.44,2683.17
GRASIM,2024-11-19,2508.15,2602.93,2679.47
GRASIM,2024-11-21,2534.85,2596.9,2675.96
GRASIM,2024-11-22,2598.65,2595.18,2673.88
HCLTECH,2023-10-03,1238.7,,
HCLTECH,2023-10-04,1239.55,,
HCLTECH,2023-10-05,1235.45,,
HCLTECH,2023-10-06,1237.7,,
HCLTECH,2023-10-09,1249.6,,
HCLTECH,2023-10-10,1261.8,,
HCLTECH,2023-10-11,1245.6,,
HCLTECH,2023-10-12,1223.75,,
HCLTECH,2023-10-13,1255.9,,
HCLTECH,2023-10-16,1270.65,,
HCLTECH,2023-10-17,1277.15,,
HCLTECH,2023-10-18,1269.45,,
HCLTECH,2023-10-19,1267.35,,
HCLTECH,2023-10-20,1258.6,,
HCLTECH,2023-10-23,1236.65,,
HCLTECH,2023-10-25,1229.0,,
HCLTECH,2023-10-26,1231.8,,
HCLTECH,2023-10-27,1268.7,,
HCLTECH,2023-10-30,1264.75,,
HCLTECH,2023-10-31,1276.0,1251.91,
HCLTECH,2023-11-01,1258.95,1252.92,
HCLTECH,2023-11-02,1273.4,1254.61,
HCLTECH,2023-11-03,1266.25,1256.15,
HCLTECH,2023-11-06,1269.7,1257.75,
HCLTECH,2023-11-07,1273.95,1258.97,
HCLTECH,2023-11-08,1267.65,1259.26,
HCLTECH,2023-11-09,1267.5,1260.36,
HCLTECH,2023-11-10,1255.45,1261.94,
HCLTECH,2023-11-12,1260.2,1262.16,
HCLTECH,2023-11-13,1261.0,1261.68,
HCLTECH,2023-11-15,1276.65,1261.65,
HCLTECH,2023-11-16,1311.05,1263.73,
HCLTECH,2023-11-17,1309.15,1265.82,
HCLTECH,2023-11-20,1325.4,1269.16,
HCLTECH,2023-11-21,1326.6,1273.66,
HCLTECH,2023-11-22,1329.7,1278.69,
HCLTECH,2023-11-23,1329.0,1283.55,
HCLTECH,2023-11-24,1309.15,1285.58,
HCLTECH,2023-11-28,1316.65,1288.17,
HCLTECH,2023-11-29,1333.95,1291.07,
HCLTECH,2023-11-30,1340.9,1295.17,
HCLTECH,2023-12-01,1336.7,1298.33,
HCLTECH,2023-12-04,1337.95,1301.92,
HCLTECH,2023-12-05,1317.55,1304.31,
HCLTECH,2023-12-06,1329.55,1307.09,
HCLTECH,2023-12-07,1328.0,1310.1,
HCLTECH,2023-12-08,1364.1,1314.94,
HCLTECH,2023-12-11,1375.3,1320.93,
HCLTECH,2023-12-12,1375.3,1326.68,
HCLTECH,2023-12-13,1369.2,1332.09,1286.68
HCLTECH,2023-12-14,1414.6,1338.99,1290.2
HCLTECH,2023-12-15,1491.3,1348.0,1295.23
HCLTECH,2023-12-18,1504.3,1357.76,1300.61
HCLTECH,2023-12-19,1488.3,1365.9,1305.62
HCLTECH,2023-12-20,1439.95,1371.57,1309.43
HCLTECH,2023-12-21,1422.05,1376.19,1312.64
HCLTECH,2023-12-22,1462.7,1382.88,1316.98
HCLTECH,2023-12-26,1458.15,1390.32,1321.66
HCLTECH,2023-12-27,1472.05,1398.1,1325.99
HCLTECH,2023-12-28,1472.45,1405.02,1330.02
HCLTECH,2023-12-29,1466.1,1411.28,1333.8
HCLTECH,2024-01-01,1483.75,1418.63,1338.09
HCLTECH,2024-01-02,1469.55,1425.21,1342.13
HCLTECH,2024-01-03,1437.75,1431.22,1345.72
HCLTECH,2024-01-04,1419.95,1435.74,1349.38
HCLTECH,2024-01-05,1432.8,1440.98,1353.46
HCLTECH,2024-01-08,1447.9,1445.17,1357.78
HCLTECH,2024-01-09,1460.4,1449.43,1361.61
HCLTECH,2024-01-10,1492.1,1455.27,1366.16
HCLTECH,2024-01-11,1484.8,1461.05,1370.34
HCLTECH,2024-01-12,1540.8,1467.36,1375.97
HCLTECH,2024-01-15,1588.2,1472.2,1382.27
HCLTECH,2024-01-16,1555.45,1474.76,1388.05
HCLTECH,2024-01-17,1575.9,1479.14,1394.18
HCLTECH,2024-01-18,1567.55,1485.52,1400.05
HCLTECH,2024-01-19,1567.95,1492.82,1406.06
HCLTECH,2024-01-20,1544.0,1496.88,1411.59
HCLTECH,2024-01-23,1523.65,1500.16,1416.95
HCLTECH,2024-01-24,1576.4,1505.37,1423.27
HCLTECH,2024-01-25,1550.25,1509.26,1429.06
HCLTECH,2024-01-29,1574.55,1514.68,1435.02
HCLTECH,2024-01-30,1559.3,1518.46,1439.98
HCLTECH,2024-01-31,1576.0,1523.78,1445.32
HCLTECH,2024-02-01,1577.4,1530.77,1450.36
HCLTECH,2024-02-02,1583.75,1538.96,1455.5
HCLTECH,2024-02-05,1555.35,1545.08,1460.02
HCLTECH,2024-02-06,1623.75,1553.88,1465.91
HCLTECH,2024-02-07,1615.35,1561.62,1472.03
HCLTECH,2024-02-08,1633.8,1568.71,1478.38
HCLTECH,2024-02-09,1630.6,1576.0,1484.31
HCLTECH,2024-02-12,1666.95,1582.31,1490.83
HCLTECH,2024-02-13,1665.6,1586.18,1497.41
HCLTECH,2024-02-14,1671.5,1591.98,1504.08
HCLTECH,2024-02-15,1662.55,1596.31,1510.98
HCLTECH,2024-02-16,1667.45,1601.31,1517.74
HCLTECH,2024-02-19,1675.25,1606.67,1524.68
HCLTECH,2024-02-20,1663.05,1612.62,1530.66
HCLTECH,2024-02-21,1636.3,1618.26,1535.88
HCLTECH,2024-02-22,1686.4,1623.76,1542.1
HCLTECH,2024-02-23,1665.75,1629.53,1548.04
HCLTECH,2024-02-26,1649.8,1633.3,1552.74
HCLTECH,2024-02-27,1658.8,1638.27,1556.09
HCLTECH,2024-02-28,1651.9,1642.06,1559.04
HCLTECH,2024-02-29,1663.85,1646.39,1562.55
HCLTECH,2024-03-01,1644.1,1649.4,1566.64
HCLTECH,2024-03-02,1646.3,1653.95,1571.12
HCLTECH,2024-03-04,1637.95,1654.66,1574.62
HCLTECH,2024-03-05,1619.35,1654.86,1577.85
HCLTECH,2024-03-06,1644.2,1655.38,1581.29
HCLTECH,2024-03-07,1637.65,1655.74,1584.6
HCLTECH,2024-03-11,1638.65,1654.32,1588.05
HCLTECH,2024-03-12,1635.6,1652.82,1591.08
HCLTECH,2024-03-13,1631.5,1650.82,1594.32
HCLTECH,2024-03-14,1679.25,1651.66,1599.15
HCLTECH,2024-03-15,1647.3,1650.65,1603.7
HCLTECH,2024-03-18,1643.4,1649.05,1607.91
HCLTECH,2024-03-19,1599.15,1645.86,1610.94
HCLTECH,2024-03-20,1587.1,1643.4,1613.47
HCLTECH,2024-03-21,1595.8,1638.87,1615.54
HCLTECH,2024-03-22,1557.85,1633.48,1617.01
HCLTECH,2024-03-26,1562.25,1629.1,1617.44
HCLTECH,2024-03-27,1546.2,1623.47,1616.6
HCLTECH,2024-03-28,1543.55,1618.05,1616.36
HCLTECH,2024-04-01,1556.7,1612.69,1615.97
HCLTECH,2024-04-02,1528.3,1606.9,1615.19
HCLTECH,2024-04-03,1535.85,1601.38,1614.55
HCLTECH,2024-04-04,1539.65,1596.46,1614.46
HCLTECH,2024-04-05,1545.25,1592.76,1614.89
HCLTECH,2024-04-08,1540.05,1587.55,1614.16
HCLTECH,2024-04-09,1540.5,1582.7,1613.97
HCLTECH,2024-04-10,1539.15,1577.72,1613.26
HCLTECH,2024-04-12,1521.5,1572.02,1612.5
HCLTECH,2024-04-15,1505.05,1565.69,1611.09
HCLTECH,2024-04-16,1477.3,1555.6,1609.08
HCLTECH,2024-04-18,1466.85,1546.57,1606.75
HCLTECH,2024-04-19,1447.5,1536.78,1604.59
HCLTECH,2024-04-22,1465.9,1530.12,1601.43
HCLTECH,2024-04-23,1486.65,1525.09,1598.86
HCLTECH,2024-04-24,1479.25,1519.26,1595.77
HCLTECH,2024-04-25,1504.15,1516.58,1593.24
HCLTECH,2024-04-26,1473.85,1512.16,1589.38
HCLTECH,2024-04-29,1387.4,1504.22,1583.81
HCLTECH,2024-04-30,1366.6,1495.37,1577.71
HCLTECH,2024-05-02,1360.7,1485.57,1571.68
HCLTECH,2024-05-03,1348.05,1476.56,1565.29
HCLTECH,2024-05-06,1358.8,1467.71,1558.96
HCLTECH,2024-05-07,1330.95,1457.27,1552.32
HCLTECH,2024-05-08,1313.65,1445.69,1545.86
HCLTECH,2024-05-09,1320.05,1434.69,1538.54
HCLTECH,2024-05-10,1316.2,1423.48,1531.55
HCLTECH,2024-05-13,1312.9,1412.16,1524.81
HCLTECH,2024-05-14,1321.05,1402.14,1518.05
HCLTECH,2024-05-15,1332.9,1393.54,1511.67
HCLTECH,2024-05-16,1348.15,1387.08,1505.36
HCLTECH,2024-05-17,1333.2,1380.4,1499.14
HCLTECH,2024-05-18,1338.9,1374.96,1492.99
HCLTECH,2024-05-21,1341.9,1368.76,1487.07
HCLTECH,2024-05-22,1343.05,1361.58,1481.55
HCLTECH,2024-05-23,1353.55,1355.3,1475.73
HCLTECH,2024-05-24,1345.2,1347.35,1469.88
HCLTECH,2024-05-27,1353.3,1341.32,1464.18
HCLTECH,2024-05-28,1358.4,1339.88,1458.63
HCLTECH,2024-05-29,1353.1,1339.2,1453.07
HCLTECH,2024-05-30,1331.85,1337.76,1446.12
HCLTECH,2024-05-31,1324.1,1336.56,1439.65
HCLTECH,2024-06-03,1314.45,1334.34,1433.08
HCLTECH,2024-06-04,1303.55,1332.97,1427.16
HCLTECH,2024-06-05,1343.7,1334.48,1422.3
HCLTECH,2024-06-06,1397.5,1338.35,1418.33
HCLTECH,2024-06-07,1431.5,1344.11,1415.8
HCLTECH,2024-06-10,1418.75,1349.41,1412.93
HCLTECH,2024-06-11,1428.8,1354.79,1410.58
HCLTECH,2024-06-12,1438.75,1360.08,1408.49
HCLTECH,2024-06-13,1444.15,1364.88,1406.24
HCLTECH,2024-06-14,1431.05,1369.78,1404.29
HCLTECH,2024-06-18,1437.2,1374.69,1402.32
HCLTECH,2024-06-19,1445.85,1379.89,1400.44
HCLTECH,2024-06-20,1443.45,1384.91,1398.41
HCLTECH,2024-06-21,1447.85,1389.62,1396.56
HCLTECH,2024-06-24,1440.85,1394.41,1394.57
HCLTECH,2024-06-25,1447.95,1399.14,1392.75
HCLTECH,2024-06-26,1443.7,1403.4,1391.19
HCLTECH,2024-06-27,1454.9,1408.5,1390.19
HCLTECH,2024-06-28,1459.6,1414.88,1389.83
HCLTECH,2024-07-01,1468.85,1422.12,1389.87
HCLTECH,2024-07-02,1480.8,1430.44,1390.54
HCLTECH,2024-07-03,1481.0,1439.31,1390.84
HCLTECH,2024-07-04,1522.35,1448.24,1391.56
HCLTECH,2024-07-05,1519.4,1454.34,1392.36
HCLTECH,2024-07-08,1533.4,1459.43,1392.94
HCLTECH,2024-07-09,1531.1,1465.05,1394.09
HCLTECH,2024-07-10,1509.95,1469.11,1396.54
HCLTECH,2024-07-11,1511.9,1472.76,1399.44
HCLTECH,2024-07-12,1560.2,1478.57,1403.44
HCLTECH,2024-07-15,1569.6,1485.5,1407.87
HCLTECH,2024-07-16,1569.55,1492.11,1412.08
HCLTECH,2024-07-18,1594.55,1499.55,1417.35
HCLTECH,2024-07-19,1594.55,1507.1,1422.97
HCLTECH,2024-07-22,1577.1,1513.56,1428.11
HCLTECH,2024-07-23,1598.35,1521.44,1433.76
HCLTECH,2024-07-24,1583.7,1528.23,1439.17
HCLTECH,2024-07-25,1587.6,1535.42,1444.5
HCLTECH,2024-07-26,1635.35,1544.44,1450.55
HCLTECH,2024-07-29,1632.35,1553.08,1456.24
HCLTECH,2024-07-30,1630.25,1561.15,1462.18
HCLTECH,2024-07-31,1642.6,1569.24,1468.25
HCLTECH,2024-08-01,1640.55,1577.22,1474.22
HCLTECH,2024-08-02,1609.3,1581.57,1479.55
HCLTECH,2024-08-05,1562.4,1583.72,1483.72
HCLTECH,2024-08-06,1582.75,1586.18,1488.48
HCLTECH,2024-08-07,1594.6,1589.36,1493.3
HCLTECH,2024-08-08,1557.85,1591.76,1497.29
HCLTECH,2024-08-09,1589.95,1595.66,1502.03
HCLTECH,2024-08-12,1585.25,1596.91,1507.1
HCLTECH,2024-08-13,1592.65,1598.06,1512.47
HCLTECH,2024-08-14,1626.15,1600.89,1518.7
HCLTECH,2024-08-16,1668.25,1604.58,1526.0
HCLTECH,2024-08-19,1678.5,1608.78,1532.69
HCLTECH,2024-08-20,1686.75,1614.26,1538.48
HCLTECH,2024-08-21,1677.25,1618.2,1543.39
HCLTECH,2024-08-22,1676.15,1622.82,1548.54
HCLTECH,2024-08-23,1661.45,1626.52,1553.19
HCLTECH,2024-08-26,1719.45,1630.72,1558.81
HCLTECH,2024-08-27,1711.6,1634.68,1564.16
HCLTECH,2024-08-28,1719.45,1639.14,1569.92
HCLTECH,2024-08-29,1751.85,1644.61,1576.22
HCLTECH,2024-08-30,1753.25,1650.24,1582.36
HCLTECH,2024-09-02,1806.65,1660.11,1589.63
HCLTECH,2024-09-03,1790.45,1671.51,1596.48
HCLTECH,2024-09-04,1785.25,1681.64,1603.37
HCLTECH,2024-09-05,1790.55,1691.44,1610.22
HCLTECH,2024-09-06,1756.1,1701.35,1616.47
HCLTECH,2024-09-09,1746.75,1709.19,1622.3
HCLTECH,2024-09-10,1779.1,1718.88,1628.7
HCLTECH,2024-09-11,1778.75,1728.18,1634.89
HCLTECH,2024-09-12,1807.6,1737.26,1641.43
HCLTECH,2024-09-13,1812.8,1744.48,1648.06
HCLTECH,2024-09-16,1811.85,1751.15,1653.86
HCLTECH,2024-09-17,1813.75,1757.5,1659.74
HCLTECH,2024-09-18,1756.5,1761.46,1664.2
HCLTECH,2024-09-19,1736.5,1764.48,1668.31
HCLTECH,2024-09-20,1760.05,1769.41,1673.31
HCLTECH,2024-09-23,1752.8,1771.08,1678.13
HCLTECH,2024-09-24,1775.6,1774.28,1682.44
HCLTECH,2024-09-25,1782.4,1777.43,1686.7
HCLTECH,2024-09-26,1783.85,1779.03,1690.98
HCLTECH,2024-09-27,1808.4,1781.78,1695.26
HCLTECH,2024-09-30,1796.1,1781.26,1699.29
HCLTECH,2024-10-01,1816.5,1782.56,1704.08
HCLTECH,2024-10-03,1778.55,1782.22,1707.68
HCLTECH,2024-10-04,1776.6,1781.53,1711.54
HCLTECH,2024-10-07,1776.95,1782.57,1715.33
HCLTECH,2024-10-08,1789.45,1784.7,1718.41
HCLTECH,2024-10-09,1809.7,1786.24,1721.96
HCLTECH,2024-10-10,1808.65,1787.73,1725.52
HCLTECH,2024-10-11,1839.65,1789.33,1729.46
HCLTECH,2024-10-14,1855.9,1791.49,1733.77
HCLTECH,2024-10-15,1870.1,1794.4,1738.99
HCLTECH,2024-10-16,1865.25,1796.98,1745.04
HCLTECH,2024-10-17,1867.8,1802.54,1750.75
HCLTECH,2024-10-18,1857.7,1808.6,1756.01
HCLTECH,2024-10-21,1843.6,1812.78,1761.72
HCLTECH,2024-10-22,1822.75,1816.28,1766.38
HCLTECH,2024-10-23,1845.75,1819.78,1771.59
HCLTECH,2024-10-24,1844.9,1822.91,1776.63
HCLTECH,2024-10-25,1852.35,1826.33,1781.16
HCLTECH,2024-10-28,1871.75,1829.5,1785.23
HCLTECH,2024-10-29,1871.75,1833.28,1789.09
HCLTECH,2024-10-30,1838.8,1834.4,1792.13
HCLTECH,2024-10-31,1766.05,1833.77,1793.91
HCLTECH,2024-11-01,1757.4,1832.81,1795.54
HCLTECH,2024-11-04,1762.95,1832.11,1797.56
HCLTECH,2024-11-05,1773.55,1831.32,1798.65
HCLTECH,2024-11-06,1838.4,1832.75,1801.18
HCLTECH,2024-11-07,1831.95,1833.92,1803.43
HCLTECH,2024-11-08,1837.5,1833.81,1805.15
HCLTECH,2024-11-11,1867.3,1834.38,1807.43
HCLTECH,2024-11-12,1872.85,1834.52,1808.75
HCLTECH,2024-11-13,1864.75,1834.49,1810.24
HCLTECH,2024-11-14,1858.95,1834.05,1811.71
HCLTECH,2024-11-18,1835.0,1832.92,1812.6
HCLTECH,2024-11-19,1820.55,1831.76,1813.89
HCLTECH,2024-11-21,1836.35,1832.44,1815.68
HCLTECH,2024-11-22,1898.4,1835.08,1818.07
HDFCBANK,2023-10-03,1508.05,,
HDFCBANK,2023-10-04,1529.55,,
HDFCBANK,2023-10-05,1535.75,,
HDFCBANK,2023-10-06,1534.05,,
HDFCBANK,2023-10-09,1516.25,,
HDFCBANK,2023-10-10,1524.85,,
HDFCBANK,2023-10-11,1539.6,,
HDFCBANK,2023-10-12,1549.85,,
HDFCBANK,2023-10-13,1535.75,,
HDFCBANK,2023-10-16,1529.6,,
HDFCBANK,2023-10-17,1541.2,,
HDFCBANK,2023-10-18,1519.75,,
HDFCBANK,2023-10-19,1514.95,,
HDFCBANK,2023-10-20,1522.8,,
HDFCBANK,2023-10-23,1506.05,,
HDFCBANK,2023-10-25,1496.5,,
HDFCBANK,2023-10-26,1463.4,,
HDFCBANK,2023-10-27,1469.15,,
HDFCBANK,2023-10-30,1485.1,,
HDFCBANK,2023-10-31,1476.5,1514.94,
HDFCBANK,2023-11-01,1474.5,1513.26,
HDFCBANK,2023-11-02,1476.75,1510.62,
HDFCBANK,2023-11-03,1483.75,1508.02,
HDFCBANK,2023-11-06,1494.5,1506.04,
HDFCBANK,2023-11-07,1487.25,1504.59,
HDFCBANK,2023-11-08,1491.55,1502.92,
HDFCBANK,2023-11-09,1485.65,1500.23,
HDFCBANK,2023-11-10,1491.5,1497.31,
HDFCBANK,2023-11-12,1500.0,1495.52,
HDFCBANK,2023-11-13,1488.8,1493.48,
HDFCBANK,2023-11-15,1504.4,1491.64,
HDFCBANK,2023-11-16,1508.35,1491.07,
HDFCBANK,2023-11-17,1505.1,1490.58,
HDFCBANK,2023-11-20,1505.2,1489.7,
HDFCBANK,2023-11-21,1517.95,1490.3,
HDFCBANK,2023-11-22,1512.55,1491.1,
HDFCBANK,2023-11-23,1521.3,1493.99,
HDFCBANK,2023-11-24,1532.1,1497.14,
HDFCBANK,2023-11-28,1528.65,1499.32,
HDFCBANK,2023-11-29,1559.15,1503.45,
HDFCBANK,2023-11-30,1558.8,1507.66,
HDFCBANK,2023-12-01,1555.4,1511.6,
HDFCBANK,2023-12-04,1609.4,1517.88,
HDFCBANK,2023-12-05,1623.7,1524.34,
HDFCBANK,2023-12-06,1627.8,1531.37,
HDFCBANK,2023-12-07,1630.45,1538.31,
HDFCBANK,2023-12-08,1653.2,1546.69,
HDFCBANK,2023-12-11,1651.0,1554.67,
HDFCBANK,2023-12-12,1634.6,1561.4,
HDFCBANK,2023-12-13,1630.9,1568.5,1530.86
HDFCBANK,2023-12-14,1650.15,1575.79,1533.7
HDFCBANK,2023-12-15,1656.55,1583.2,1536.24
HDFCBANK,2023-12-18,1655.7,1590.73,1538.64
HDFCBANK,2023-12-19,1652.9,1598.11,1541.02
HDFCBANK,2023-12-20,1657.0,1605.06,1543.83
HDFCBANK,2023-12-21,1686.7,1613.77,1547.07
HDFCBANK,2023-12-22,1670.85,1621.25,1549.69
HDFCBANK,2023-12-26,1682.45,1628.77,1552.35
HDFCBANK,2023-12-27,1703.3,1637.5,1555.7
HDFCBANK,2023-12-28,1705.25,1644.8,1559.21
HDFCBANK,2023-12-29,1709.25,1652.33,1562.57
HDFCBANK,2024-01-01,1698.1,1659.46,1566.14
HDFCBANK,2024-01-02,1699.1,1663.95,1569.82
HDFCBANK,2024-01-03,1672.9,1666.41,1572.82
HDFCBANK,2024-01-04,1690.85,1669.56,1576.52
HDFCBANK,2024-01-05,1682.2,1672.15,1580.23
HDFCBANK,2024-01-08,1663.45,1672.66,1584.23
HDFCBANK,2024-01-09,1650.5,1672.63,1587.86
HDFCBANK,2024-01-10,1655.95,1673.7,1591.28
HDFCBANK,2024-01-11,1649.0,1674.61,1594.73
HDFCBANK,2024-01-12,1641.2,1674.16,1598.06
HDFCBANK,2024-01-15,1672.8,1674.97,1601.98
HDFCBANK,2024-01-16,1679.15,1676.14,1605.89
HDFCBANK,2024-01-17,1537.5,1670.38,1606.75
HDFCBANK,2024-01-18,1486.15,1661.83,1606.73
HDFCBANK,2024-01-19,1470.65,1651.03,1606.31
HDFCBANK,2024-01-20,1478.85,1641.43,1606.18
HDFCBANK,2024-01-23,1427.35,1628.68,1604.89
HDFCBANK,2024-01-24,1455.9,1616.3,1604.01
HDFCBANK,2024-01-25,1434.9,1602.79,1602.93
HDFCBANK,2024-01-29,1454.65,1590.06,1601.94
HDFCBANK,2024-01-30,1444.3,1577.37,1600.66
HDFCBANK,2024-01-31,1462.55,1565.54,1599.8
HDFCBANK,2024-02-01,1466.35,1555.21,1599.03
HDFCBANK,2024-02-02,1446.15,1542.98,1597.59
HDFCBANK,2024-02-05,1444.85,1531.11,1596.24
HDFCBANK,2024-02-06,1444.1,1520.14,1594.69
HDFCBANK,2024-02-07,1429.95,1509.12,1592.65
HDFCBANK,2024-02-08,1403.05,1496.47,1590.14
HDFCBANK,2024-02-09,1403.6,1484.2,1587.03
HDFCBANK,2024-02-12,1390.0,1471.64,1583.65
HDFCBANK,2024-02-13,1394.45,1457.72,1580.43
HDFCBANK,2024-02-14,1384.05,1442.97,1575.93
HDFCBANK,2024-02-15,1414.05,1436.8,1571.73
HDFCBANK,2024-02-16,1419.9,1433.48,1567.58
HDFCBANK,2024-02-19,1417.1,1430.8,1563.31
HDFCBANK,2024-02-20,1454.3,1429.58,1559.33
HDFCBANK,2024-02-21,1439.15,1430.17,1555.09
HDFCBANK,2024-02-22,1419.55,1428.35,1550.79
HDFCBANK,2024-02-23,1420.6,1427.64,1546.59
HDFCBANK,2024-02-26,1422.3,1426.02,1542.03
HDFCBANK,2024-02-27,1420.15,1424.81,1537.3
HDFCBANK,2024-02-28,1409.4,1422.15,1532.38
HDFCBANK,2024-02-29,1403.4,1419.0,1527.38
HDFCBANK,2024-03-01,1430.75,1418.24,1522.86
HDFCBANK,2024-03-02,1430.75,1417.53,1517.74
HDFCBANK,2024-03-04,1432.7,1416.96,1512.98
HDFCBANK,2024-03-05,1440.85,1417.5,1508.15
HDFCBANK,2024-03-06,1442.6,1419.48,1502.93
HDFCBANK,2024-03-07,1446.1,1421.61,1497.75
HDFCBANK,2024-03-11,1427.8,1423.5,1492.12
HDFCBANK,2024-03-12,1459.55,1426.75,1487.35
HDFCBANK,2024-03-13,1460.4,1430.57,1482.58
HDFCBANK,2024-03-14,1455.45,1432.64,1478.23
HDFCBANK,2024-03-15,1452.65,1434.28,1473.46
HDFCBANK,2024-03-18,1446.05,1435.72,1468.74
HDFCBANK,2024-03-19,1449.35,1435.48,1464.46
HDFCBANK,2024-03-20,1431.05,1435.07,1460.07
HDFCBANK,2024-03-21,1445.75,1436.38,1455.86
HDFCBANK,2024-03-22,1442.85,1437.5,1451.74
HDFCBANK,2024-03-26,1425.4,1437.65,1447.42
HDFCBANK,2024-03-27,1440.7,1438.68,1442.78
HDFCBANK,2024-03-28,1447.9,1440.6,1438.16
HDFCBANK,2024-04-01,1470.5,1443.96,1436.82
HDFCBANK,2024-04-02,1480.15,1446.43,1436.7
HDFCBANK,2024-04-03,1482.3,1449.0,1436.93
HDFCBANK,2024-04-04,1527.6,1453.75,1437.91
HDFCBANK,2024-04-05,1549.55,1459.18,1440.35
HDFCBANK,2024-04-08,1546.6,1464.38,1442.16
HDFCBANK,2024-04-09,1548.55,1469.51,1444.44
HDFCBANK,2024-04-10,1536.35,1474.94,1446.07
HDFCBANK,2024-04-12,1518.95,1477.91,1447.56
HDFCBANK,2024-04-15,1494.7,1479.62,1448.21
HDFCBANK,2024-04-16,1509.25,1482.31,1449.06
HDFCBANK,2024-04-18,1494.7,1484.41,1450.04
HDFCBANK,2024-04-19,1531.3,1488.68,1451.76
HDFCBANK,2024-04-22,1512.2,1491.82,1453.13
HDFCBANK,2024-04-23,1507.6,1495.64,1454.68
HDFCBANK,2024-04-24,1511.7,1498.94,1456.85
HDFCBANK,2024-04-25,1510.75,1502.34,1459.0
HDFCBANK,2024-04-26,1509.8,1506.56,1461.39
HDFCBANK,2024-04-29,1529.5,1511.0,1464.09
HDFCBANK,2024-04-30,1520.1,1514.61,1466.81
HDFCBANK,2024-05-02,1532.25,1517.7,1469.18
HDFCBANK,2024-05-03,1519.6,1519.67,1471.17
HDFCBANK,2024-05-06,1522.65,1521.68,1473.28
HDFCBANK,2024-05-07,1506.15,1520.61,1474.32
HDFCBANK,2024-05-08,1482.65,1517.27,1475.19
HDFCBANK,2024-05-09,1447.5,1512.31,1475.75
HDFCBANK,2024-05-10,1437.9,1506.78,1476.1
HDFCBANK,2024-05-13,1455.25,1502.72,1476.75
HDFCBANK,2024-05-14,1460.95,1499.82,1477.57
HDFCBANK,2024-05-15,1438.5,1497.02,1478.15
HDFCBANK,2024-05-16,1460.25,1494.56,1479.29
HDFCBANK,2024-05-17,1464.1,1493.04,1479.96
HDFCBANK,2024-05-18,1466.05,1489.77,1480.66
HDFCBANK,2024-05-21,1458.8,1487.1,1481.18
HDFCBANK,2024-05-22,1459.2,1484.68,1481.55
HDFCBANK,2024-05-23,1492.6,1483.73,1482.55
HDFCBANK,2024-05-24,1517.2,1484.05,1483.97
HDFCBANK,2024-05-27,1527.7,1484.94,1485.97
HDFCBANK,2024-05-28,1530.5,1485.0,1487.39
HDFCBANK,2024-05-29,1508.3,1484.4,1488.35
HDFCBANK,2024-05-30,1514.85,1483.54,1489.54
HDFCBANK,2024-05-31,1531.55,1484.13,1491.11
HDFCBANK,2024-06-03,1572.2,1486.61,1493.64
HDFCBANK,2024-06-04,1483.15,1485.46,1494.31
HDFCBANK,2024-06-05,1551.8,1488.92,1496.73
HDFCBANK,2024-06-06,1559.7,1494.53,1499.01
HDFCBANK,2024-06-07,1573.35,1501.3,1501.62
HDFCBANK,2024-06-10,1561.3,1506.6,1504.34
HDFCBANK,2024-06-11,1564.8,1511.79,1506.82
HDFCBANK,2024-06-12,1574.15,1518.58,1509.34
HDFCBANK,2024-06-13,1580.75,1524.6,1511.55
HDFCBANK,2024-06-14,1596.9,1531.24,1513.88
HDFCBANK,2024-06-18,1607.8,1538.33,1516.39
HDFCBANK,2024-06-19,1657.85,1548.28,1519.0
HDFCBANK,2024-06-20,1669.35,1558.79,1521.39
HDFCBANK,2024-06-21,1665.75,1567.45,1523.78
HDFCBANK,2024-06-24,1672.4,1575.21,1526.25
HDFCBANK,2024-06-25,1711.35,1584.39,1529.75
HDFCBANK,2024-06-26,1701.5,1592.94,1533.4
HDFCBANK,2024-06-27,1696.15,1602.33,1537.43
HDFCBANK,2024-06-28,1683.8,1610.78,1540.92
HDFCBANK,2024-07-01,1705.2,1619.46,1545.13
HDFCBANK,2024-07-02,1730.6,1627.38,1549.12
HDFCBANK,2024-07-03,1768.65,1641.66,1554.25
HDFCBANK,2024-07-04,1727.15,1650.42,1558.64
HDFCBANK,2024-07-05,1648.1,1654.84,1561.37
HDFCBANK,2024-07-08,1635.35,1657.95,1563.86
HDFCBANK,2024-07-09,1636.5,1661.7,1566.39
HDFCBANK,2024-07-10,1626.1,1664.77,1568.33
HDFCBANK,2024-07-11,1621.9,1667.16,1570.36
HDFCBANK,2024-07-12,1622.7,1669.26,1572.17
HDFCBANK,2024-07-15,1622.1,1670.52,1574.22
HDFCBANK,2024-07-16,1619.75,1671.11,1576.16
HDFCBANK,2024-07-18,1614.8,1668.96,1578.34
HDFCBANK,2024-07-19,1607.3,1665.86,1580.83
HDFCBANK,2024-07-22,1642.55,1664.7,1584.73
HDFCBANK,2024-07-23,1618.4,1662.0,1588.34
HDFCBANK,2024-07-24,1604.05,1656.63,1591.32
HDFCBANK,2024-07-25,1616.6,1652.39,1594.43
HDFCBANK,2024-07-26,1618.15,1648.49,1598.02
HDFCBANK,2024-07-29,1605.05,1644.55,1600.92
HDFCBANK,2024-07-30,1615.55,1640.07,1603.95
HDFCBANK,2024-07-31,1615.75,1634.32,1606.94
HDFCBANK,2024-08-01,1638.8,1627.83,1610.54
HDFCBANK,2024-08-02,1659.15,1624.43,1614.54
HDFCBANK,2024-08-05,1615.75,1622.82,1617.0
HDFCBANK,2024-08-06,1601.2,1621.11,1618.68
HDFCBANK,2024-08-07,1623.5,1620.46,1620.6
HDFCBANK,2024-08-08,1642.7,1621.29,1622.84
HDFCBANK,2024-08-09,1650.2,1622.7,1625.68
HDFCBANK,2024-08-12,1660.1,1624.57,1628.59
HDFCBANK,2024-08-13,1603.2,1623.63,1630.02
HDFCBANK,2024-08-14,1607.8,1623.03,1630.73
HDFCBANK,2024-08-16,1632.1,1623.9,1633.71
HDFCBANK,2024-08-19,1631.55,1625.11,1635.3
HDFCBANK,2024-08-20,1637.7,1624.86,1636.86
HDFCBANK,2024-08-21,1625.8,1625.24,1637.91
HDFCBANK,2024-08-22,1631.3,1626.6,1639.31
HDFCBANK,2024-08-23,1625.05,1627.02,1640.52
HDFCBANK,2024-08-26,1639.95,1628.11,1641.84
HDFCBANK,2024-08-27,1637.75,1629.74,1642.98
HDFCBANK,2024-08-28,1637.1,1630.82,1643.78
HDFCBANK,2024-08-29,1638.55,1631.96,1644.39
HDFCBANK,2024-08-30,1636.9,1631.87,1643.98
HDFCBANK,2024-09-02,1626.95,1630.26,1643.13
HDFCBANK,2024-09-03,1637.35,1631.34,1642.56
HDFCBANK,2024-09-04,1641.8,1633.37,1641.95
HDFCBANK,2024-09-05,1645.45,1634.46,1640.63
HDFCBANK,2024-09-06,1636.95,1634.18,1639.34
HDFCBANK,2024-09-09,1646.5,1633.99,1638.34
HDFCBANK,2024-09-10,1650.35,1633.5,1637.68
HDFCBANK,2024-09-11,1643.9,1635.54,1636.45
HDFCBANK,2024-09-12,1666.6,1638.48,1635.17
HDFCBANK,2024-09-13,1665.95,1640.17,1633.12
HDFCBANK,2024-09-16,1670.95,1642.14,1631.99
HDFCBANK,2024-09-17,1668.8,1643.7,1632.41
HDFCBANK,2024-09-18,1694.8,1647.15,1633.6
HDFCBANK,2024-09-19,1708.5,1651.01,1635.04
HDFCBANK,2024-09-20,1741.2,1656.82,1637.34
HDFCBANK,2024-09-23,1759.8,1662.81,1640.1
HDFCBANK,2024-09-24,1768.05,1669.32,1643.0
HDFCBANK,2024-09-25,1779.1,1676.42,1646.14
HDFCBANK,2024-09-26,1783.45,1683.67,1649.42
HDFCBANK,2024-09-27,1752.65,1689.46,1652.17
HDFCBANK,2024-09-30,1732.05,1694.71,1654.67
HDFCBANK,2024-10-01,1726.2,1699.15,1656.34
HDFCBANK,2024-10-03,1682.0,1701.16,1657.61
HDFCBANK,2024-10-04,1657.65,1701.77,1658.68
HDFCBANK,2024-10-07,1617.8,1700.82,1658.71
HDFCBANK,2024-10-08,1651.05,1701.04,1659.37
HDFCBANK,2024-10-09,1633.15,1700.18,1659.93
HDFCBANK,2024-10-10,1662.4,1701.11,1660.87
HDFCBANK,2024-10-11,1651.0,1700.33,1661.57
HDFCBANK,2024-10-14,1688.1,1701.44,1662.56
HDFCBANK,2024-10-15,1684.1,1702.09,1663.06
HDFCBANK,2024-10-16,1699.8,1703.64,1664.74
HDFCBANK,2024-10-17,1673.15,1702.56,1666.18
HDFCBANK,2024-10-18,1681.85,1701.23,1667.34
HDFCBANK,2024-10-21,1728.7,1700.6,1669.06
HDFCBANK,2024-10-22,1714.55,1698.34,1670.35
HDFCBANK,2024-10-23,1735.8,1696.73,1671.86
HDFCBANK,2024-10-24,1749.65,1695.26,1674.79
HDFCBANK,2024-10-25,1743.4,1693.25,1677.5
HDFCBANK,2024-10-28,1734.2,1692.33,1679.55
HDFCBANK,2024-10-29,1751.85,1693.32,1681.95
HDFCBANK,2024-10-30,1734.6,1693.74,1683.89
HDFCBANK,2024-10-31,1735.7,1696.42,1686.09
HDFCBANK,2024-11-01,1737.3,1700.41,1688.21
HDFCBANK,2024-11-04,1714.1,1705.22,1689.99
HDFCBANK,2024-11-05,1757.85,1710.56,1692.35
HDFCBANK,2024-11-06,1755.25,1716.67,1694.7
HDFCBANK,2024-11-07,1746.55,1720.88,1696.89
HDFCBANK,2024-11-08,1754.45,1726.05,1699.2
HDFCBANK,2024-11-11,1766.3,1729.96,1701.79
HDFCBANK,2024-11-12,1718.2,1731.66,1703.62
HDFCBANK,2024-11-13,1681.35,1730.74,1704.5
HDFCBANK,2024-11-14,1692.75,1731.72,1705.52
HDFCBANK,2024-11-18,1705.1,1732.88,1706.71
HDFCBANK,2024-11-19,1742.25,1733.56,1708.82
HDFCBANK,2024-11-21,1741.2,1734.89,1710.71
HDFCBANK,2024-11-22,1745.6,1735.38,1712.62
HDFCLIFE,2023-10-03,633.55,,
HDFCLIFE,2023-10-04,625.5,,
HDFCLIFE,2023-10-05,624.35,,
HDFCLIFE,2023-10-06,630.9,,
HDFCLIFE,2023-10-09,615.15,,
HDFCLIFE,2023-10-10,621.25,,
HDFCLIFE,2023-10-11,621.5,,
HDFCLIFE,2023-10-12,624.65,,
HDFCLIFE,2023-10-13,625.25,,
HDFCLIFE,2023-10-16,630.05,,
HDFCLIFE,2023-10-17,641.8,,
HDFCLIFE,2023-10-18,645.0,,
HDFCLIFE,2023-10-19,639.0,,
HDFCLIFE,2023-10-20,639.95,,
HDFCLIFE,2023-10-23,625.25,,
HDFCLIFE,2023-10-25,616.45,,
HDFCLIFE,2023-10-26,605.85,,
HDFCLIFE,2023-10-27,608.65,,
HDFCLIFE,2023-10-30,607.6,,
HDFCLIFE,2023-10-31,618.35,625.0,
HDFCLIFE,2023-11-01,620.05,624.33,
HDFCLIFE,2023-11-02,619.3,624.02,
HDFCLIFE,2023-11-03,622.1,623.9,
HDFCLIFE,2023-11-06,621.8,623.45,
HDFCLIFE,2023-11-07,622.45,623.81,
HDFCLIFE,2023-11-08,618.75,623.69,
HDFCLIFE,2023-11-09,621.35,623.68,
HDFCLIFE,2023-11-10,626.75,623.79,
HDFCLIFE,2023-11-12,626.9,623.87,
HDFCLIFE,2023-11-13,621.05,623.42,
HDFCLIFE,2023-11-15,636.15,623.14,
HDFCLIFE,2023-11-16,634.95,622.64,
HDFCLIFE,2023-11-17,651.8,623.28,
HDFCLIFE,2023-11-20,652.4,623.9,
HDFCLIFE,2023-11-21,667.9,626.03,
HDFCLIFE,2023-11-22,668.5,628.63,
HDFCLIFE,2023-11-23,665.0,631.59,
HDFCLIFE,2023-11-24,668.0,634.56,
HDFCLIFE,2023-11-28,673.3,637.84,
HDFCLIFE,2023-11-29,675.65,640.71,
HDFCLIFE,2023-11-30,690.75,644.24,
HDFCLIFE,2023-12-01,682.15,647.38,
HDFCLIFE,2023-12-04,674.95,650.03,
HDFCLIFE,2023-12-05,672.75,652.58,
HDFCLIFE,2023-12-06,677.35,655.32,
HDFCLIFE,2023-12-07,678.3,658.3,
HDFCLIFE,2023-12-08,671.25,660.79,
HDFCLIFE,2023-12-11,672.5,663.08,
HDFCLIFE,2023-12-12,707.35,667.1,
HDFCLIFE,2023-12-13,698.2,670.96,642.79
HDFCLIFE,2023-12-14,684.55,673.38,643.82
HDFCLIFE,2023-12-15,673.1,675.29,644.77
HDFCLIFE,2023-12-18,672.25,676.31,645.72
HDFCLIFE,2023-12-19,666.05,676.99,646.43
HDFCLIFE,2023-12-20,644.1,675.8,647.01
HDFCLIFE,2023-12-21,644.2,674.59,647.47
HDFCLIFE,2023-12-22,639.85,673.33,647.83
HDFCLIFE,2023-12-26,638.0,671.83,648.1
HDFCLIFE,2023-12-27,643.8,670.36,648.47
HDFCLIFE,2023-12-28,648.1,668.98,648.83
HDFCLIFE,2023-12-29,646.7,666.78,648.93
HDFCLIFE,2024-01-01,648.7,665.1,649.0
HDFCLIFE,2024-01-02,645.5,663.63,649.13
HDFCLIFE,2024-01-03,637.2,661.85,649.08
HDFCLIFE,2024-01-04,647.95,660.38,649.53
HDFCLIFE,2024-01-05,646.75,658.8,650.14
HDFCLIFE,2024-01-08,645.85,657.54,650.94
HDFCLIFE,2024-01-09,640.9,655.96,651.58
HDFCLIFE,2024-01-10,644.95,652.84,652.33
HDFCLIFE,2024-01-11,644.0,650.12,652.84
HDFCLIFE,2024-01-12,637.6,647.78,653.2
HDFCLIFE,2024-01-15,614.45,644.84,653.1
HDFCLIFE,2024-01-16,611.25,641.79,652.88
HDFCLIFE,2024-01-17,606.6,638.82,652.58
HDFCLIFE,2024-01-18,607.8,637.01,652.28
HDFCLIFE,2024-01-19,615.9,635.59,652.23
HDFCLIFE,2024-01-20,608.0,634.0,651.96
HDFCLIFE,2024-01-23,586.15,631.41,651.15
HDFCLIFE,2024-01-24,581.65,628.3,650.24
HDFCLIFE,2024-01-25,579.0,624.84,649.4
HDFCLIFE,2024-01-29,578.55,621.44,648.25
HDFCLIFE,2024-01-30,575.0,617.75,647.05
HDFCLIFE,2024-01-31,576.6,614.31,645.55
HDFCLIFE,2024-02-01,587.1,611.8,644.24
HDFCLIFE,2024-02-02,578.8,608.34,642.46
HDFCLIFE,2024-02-05,563.35,604.17,640.36
HDFCLIFE,2024-02-06,592.75,601.52,638.91
HDFCLIFE,2024-02-07,605.15,599.73,637.65
HDFCLIFE,2024-02-08,591.7,597.07,636.02
HDFCLIFE,2024-02-09,584.0,594.07,634.19
HDFCLIFE,2024-02-12,577.2,591.05,631.92
HDFCLIFE,2024-02-13,589.55,589.81,630.07
HDFCLIFE,2024-02-14,585.35,588.51,628.27
HDFCLIFE,2024-02-15,585.1,587.44,626.52
HDFCLIFE,2024-02-16,592.45,586.67,624.82
HDFCLIFE,2024-02-19,585.2,585.13,622.96
HDFCLIFE,2024-02-20,587.95,584.13,621.29
HDFCLIFE,2024-02-21,577.45,583.69,619.39
HDFCLIFE,2024-02-22,574.65,583.34,616.74
HDFCLIFE,2024-02-23,580.7,583.43,614.39
HDFCLIFE,2024-02-26,576.35,583.32,612.23
HDFCLIFE,2024-02-27,581.6,583.65,610.4
HDFCLIFE,2024-02-28,580.6,583.85,608.56
HDFCLIFE,2024-02-29,582.0,583.6,606.88
HDFCLIFE,2024-03-01,589.95,584.15,605.8
HDFCLIFE,2024-03-02,592.3,585.6,604.76
HDFCLIFE,2024-03-04,610.3,586.48,604.17
HDFCLIFE,2024-03-05,607.7,586.6,603.56
HDFCLIFE,2024-03-06,613.95,587.72,602.97
HDFCLIFE,2024-03-07,621.95,589.62,602.44
HDFCLIFE,2024-03-11,620.85,591.8,601.93
HDFCLIFE,2024-03-12,621.55,593.4,601.38
HDFCLIFE,2024-03-13,610.05,594.63,600.67
HDFCLIFE,2024-03-14,622.25,596.49,600.38
HDFCLIFE,2024-03-15,632.35,598.48,600.06
HDFCLIFE,2024-03-18,634.1,600.93,599.81
HDFCLIFE,2024-03-19,632.5,603.16,599.54
HDFCLIFE,2024-03-20,626.4,605.6,599.25
HDFCLIFE,2024-03-21,622.25,607.98,598.8
HDFCLIFE,2024-03-22,623.85,610.14,598.4
HDFCLIFE,2024-03-26,626.9,612.67,598.18
HDFCLIFE,2024-03-27,626.35,614.91,598.42
HDFCLIFE,2024-03-28,633.35,617.54,598.86
HDFCLIFE,2024-04-01,634.75,620.18,599.43
HDFCLIFE,2024-04-02,631.9,622.28,599.91
HDFCLIFE,2024-04-03,624.1,623.87,600.07
HDFCLIFE,2024-04-04,622.4,624.48,600.36
HDFCLIFE,2024-04-05,629.4,625.56,601.22
HDFCLIFE,2024-04-08,634.6,626.59,602.28
HDFCLIFE,2024-04-09,633.95,627.19,603.38
HDFCLIFE,2024-04-10,621.5,627.22,604.24
HDFCLIFE,2024-04-12,618.5,627.07,605.11
HDFCLIFE,2024-04-15,612.95,627.22,605.84
HDFCLIFE,2024-04-16,604.6,626.34,606.19
HDFCLIFE,2024-04-18,605.65,625.0,606.73
HDFCLIFE,2024-04-19,601.55,623.37,607.49
HDFCLIFE,2024-04-22,605.95,622.04,607.75
HDFCLIFE,2024-04-23,601.15,620.78,607.67
HDFCLIFE,2024-04-24,594.2,619.38,607.72
HDFCLIFE,2024-04-25,594.7,617.92,607.94
HDFCLIFE,2024-04-26,587.85,615.97,608.15
HDFCLIFE,2024-04-29,575.1,613.41,607.86
HDFCLIFE,2024-04-30,583.65,610.92,607.83
HDFCLIFE,2024-05-02,576.35,608.0,607.65
HDFCLIFE,2024-05-03,565.9,604.7,607.12
HDFCLIFE,2024-05-06,555.05,601.25,606.52
HDFCLIFE,2024-05-07,552.35,597.75,605.81
HDFCLIFE,2024-05-08,550.45,593.8,605.27
HDFCLIFE,2024-05-09,539.55,589.05,604.57
HDFCLIFE,2024-05-10,548.55,584.78,603.92
HDFCLIFE,2024-05-13,559.65,581.68,603.59
HDFCLIFE,2024-05-14,561.55,578.84,603.19
HDFCLIFE,2024-05-15,555.95,575.99,602.69
HDFCLIFE,2024-05-16,567.05,574.11,602.4
HDFCLIFE,2024-05-17,570.2,572.34,602.0
HDFCLIFE,2024-05-18,569.4,570.73,601.54
HDFCLIFE,2024-05-21,565.6,568.71,600.65
HDFCLIFE,2024-05-22,560.4,566.67,599.7
HDFCLIFE,2024-05-23,565.65,565.25,598.74
HDFCLIFE,2024-05-24,565.1,563.77,597.6
HDFCLIFE,2024-05-27,564.25,562.59,596.47
HDFCLIFE,2024-05-28,578.45,562.76,595.6
HDFCLIFE,2024-05-29,561.85,561.67,594.64
HDFCLIFE,2024-05-30,550.75,560.38,593.21
HDFCLIFE,2024-05-31,549.85,559.58,591.56
HDFCLIFE,2024-06-03,550.1,559.34,589.88
HDFCLIFE,2024-06-04,534.45,558.44,587.92
HDFCLIFE,2024-06-05,551.95,558.52,586.43
HDFCLIFE,2024-06-06,555.25,559.3,585.09
HDFCLIFE,2024-06-07,562.95,560.02,583.87
HDFCLIFE,2024-06-10,569.2,560.5,582.72
HDFCLIFE,2024-06-11,571.7,561.0,581.63
HDFCLIFE,2024-06-12,572.7,561.84,580.41
HDFCLIFE,2024-06-13,593.5,563.16,579.59
HDFCLIFE,2024-06-14,598.35,564.57,578.92
HDFCLIFE,2024-06-18,601.2,566.16,578.46
HDFCLIFE,2024-06-19,596.2,567.69,577.94
HDFCLIFE,2024-06-20,590.1,569.18,577.15
HDFCLIFE,2024-06-21,580.95,569.94,576.08
HDFCLIFE,2024-06-24,579.5,570.66,574.99
HDFCLIFE,2024-06-25,590.95,572.0,574.38
HDFCLIFE,2024-06-26,589.05,572.53,573.79
HDFCLIFE,2024-06-27,593.25,574.1,573.39
HDFCLIFE,2024-06-28,595.05,576.31,573.2
HDFCLIFE,2024-07-01,600.75,578.86,573.1
HDFCLIFE,2024-07-02,589.8,580.84,572.87
HDFCLIFE,2024-07-03,596.15,583.93,572.67
HDFCLIFE,2024-07-04,603.95,586.53,572.73
HDFCLIFE,2024-07-05,607.35,589.13,572.99
HDFCLIFE,2024-07-08,620.9,592.03,573.52
HDFCLIFE,2024-07-09,623.65,594.75,574.23
HDFCLIFE,2024-07-10,632.75,597.8,575.38
HDFCLIFE,2024-07-11,634.25,600.88,576.4
HDFCLIFE,2024-07-12,635.55,602.98,577.58
HDFCLIFE,2024-07-15,638.05,604.97,579.02
HDFCLIFE,2024-07-16,646.75,607.25,580.86
HDFCLIFE,2024-07-18,648.9,609.88,582.79
HDFCLIFE,2024-07-19,635.9,612.17,584.5
HDFCLIFE,2024-07-22,637.4,615.0,586.46
HDFCLIFE,2024-07-23,643.95,618.22,588.36
HDFCLIFE,2024-07-24,672.8,622.31,590.63
HDFCLIFE,2024-07-25,683.15,627.02,593.06
HDFCLIFE,2024-07-26,703.35,632.52,596.01
HDFCLIFE,2024-07-29,696.85,637.61,598.6
HDFCLIFE,2024-07-30,697.2,642.43,601.14
HDFCLIFE,2024-07-31,715.5,648.72,604.06
HDFCLIFE,2024-08-01,713.6,654.59,607.02
HDFCLIFE,2024-08-02,707.4,659.76,609.96
HDFCLIFE,2024-08-05,710.9,664.94,612.87
HDFCLIFE,2024-08-06,679.6,667.88,615.16
HDFCLIFE,2024-08-07,696.25,671.5,617.8
HDFCLIFE,2024-08-08,710.35,675.38,620.44
HDFCLIFE,2024-08-09,702.4,678.79,623.25
HDFCLIFE,2024-08-12,702.45,682.14,626.28
HDFCLIFE,2024-08-13,685.0,684.48,628.98
HDFCLIFE,2024-08-14,686.35,686.46,631.71
HDFCLIFE,2024-08-16,689.4,688.49,634.81
HDFCLIFE,2024-08-19,685.7,690.98,637.48
HDFCLIFE,2024-08-20,710.6,694.64,640.59
HDFCLIFE,2024-08-21,724.55,698.67,643.82
HDFCLIFE,2024-08-22,726.0,701.33,646.96
HDFCLIFE,2024-08-23,729.0,703.62,650.1
HDFCLIFE,2024-08-26,725.65,704.74,653.16
HDFCLIFE,2024-08-27,739.55,706.87,656.08
HDFCLIFE,2024-08-28,742.1,709.12,658.96
HDFCLIFE,2024-08-29,736.9,710.19,661.67
HDFCLIFE,2024-08-30,738.7,711.44,664.52
HDFCLIFE,2024-09-02,745.3,713.34,667.63
HDFCLIFE,2024-09-03,758.75,715.73,671.18
HDFCLIFE,2024-09-04,758.8,719.69,674.77
HDFCLIFE,2024-09-05,751.85,722.47,677.99
HDFCLIFE,2024-09-06,738.4,723.87,680.98
HDFCLIFE,2024-09-09,735.8,725.54,683.83
HDFCLIFE,2024-09-10,702.9,725.56,685.98
HDFCLIFE,2024-09-11,700.15,726.32,687.97
HDFCLIFE,2024-09-12,714.55,727.73,690.47
HDFCLIFE,2024-09-13,705.4,728.53,692.65
HDFCLIFE,2024-09-16,701.35,729.32,694.6
HDFCLIFE,2024-09-17,698.9,728.73,696.43
HDFCLIFE,2024-09-18,698.8,727.44,697.99
HDFCLIFE,2024-09-19,701.5,726.22,699.54
HDFCLIFE,2024-09-20,711.1,725.32,701.11
HDFCLIFE,2024-09-23,727.5,725.42,702.98
HDFCLIFE,2024-09-24,720.7,724.47,704.68
HDFCLIFE,2024-09-25,716.55,723.2,706.25
HDFCLIFE,2024-09-26,729.55,722.83,707.91
HDFCLIFE,2024-09-27,730.2,722.4,709.53
HDFCLIFE,2024-09-30,718.0,721.04,711.17
HDFCLIFE,2024-10-01,710.2,718.61,712.63
HDFCLIFE,2024-10-03,702.25,715.78,713.8
HDFCLIFE,2024-10-04,708.8,713.63,714.52
HDFCLIFE,2024-10-07,705.85,712.0,714.97
HDFCLIFE,2024-10-08,710.1,710.72,715.1
HDFCLIFE,2024-10-09,717.3,711.44,715.51
HDFCLIFE,2024-10-10,723.65,712.61,716.04
HDFCLIFE,2024-10-11,723.85,713.08,716.21
HDFCLIFE,2024-10-14,740.6,714.84,716.75
HDFCLIFE,2024-10-15,714.25,715.48,716.89
HDFCLIFE,2024-10-16,726.8,716.88,717.2
HDFCLIFE,2024-10-17,726.1,718.24,718.14
HDFCLIFE,2024-10-18,742.45,720.29,719.06
HDFCLIFE,2024-10-21,745.85,722.03,719.77
HDFCLIFE,2024-10-22,728.2,722.06,720.28
HDFCLIFE,2024-10-23,723.75,722.21,720.71
HDFCLIFE,2024-10-24,714.85,722.13,721.31
HDFCLIFE,2024-10-25,709.45,721.12,721.77
HDFCLIFE,2024-10-28,718.25,720.53,722.35
HDFCLIFE,2024-10-29,742.4,721.75,723.48
HDFCLIFE,2024-10-30,727.05,722.59,723.81
HDFCLIFE,2024-10-31,720.15,723.48,723.72
HDFCLIFE,2024-11-01,723.7,724.23,723.68
HDFCLIFE,2024-11-04,710.85,724.48,723.31
HDFCLIFE,2024-11-05,717.25,724.84,723.14
HDFCLIFE,2024-11-06,708.7,724.41,722.53
HDFCLIFE,2024-11-07,711.7,723.81,721.92
HDFCLIFE,2024-11-08,708.5,723.04,721.35
HDFCLIFE,2024-11-11,705.35,721.28,720.68
HDFCLIFE,2024-11-12,700.0,720.57,719.78
HDFCLIFE,2024-11-13,685.05,718.48,718.3
HDFCLIFE,2024-11-14,694.0,716.88,717.01
HDFCLIFE,2024-11-18,690.5,714.28,715.78
HDFCLIFE,2024-11-19,680.4,711.0,714.62
HDFCLIFE,2024-11-21,674.4,708.32,713.39
HDFCLIFE,2024-11-22,688.2,706.54,713.1
HEROMOTOCO,2023-10-03,3015.6,,
HEROMOTOCO,2023-10-04,2989.05,,
HEROMOTOCO,2023-10-05,3016.65,,
HEROMOTOCO,2023-10-06,3038.0,,
HEROMOTOCO,2023-10-09,2955.1,,
HEROMOTOCO,2023-10-10,2976.8,,
HEROMOTOCO,2023-10-11,3100.85,,
HEROMOTOCO,2023-10-12,3088.25,,
HEROMOTOCO,2023-10-13,3098.45,,
HEROMOTOCO,2023-10-16,3161.0,,
HEROMOTOCO,2023-10-17,3172.95,,
HEROMOTOCO,2023-10-18,3153.15,,
HEROMOTOCO,2023-10-19,3265.85,,
HEROMOTOCO,2023-10-20,3211.25,,
HEROMOTOCO,2023-10-23,3149.85,,
HEROMOTOCO,2023-10-25,3140.85,,
HEROMOTOCO,2023-10-26,3111.95,,
HEROMOTOCO,2023-10-27,3112.2,,
HEROMOTOCO,2023-10-30,3110.35,,
HEROMOTOCO,2023-10-31,3088.35,3097.82,
HEROMOTOCO,2023-11-01,3092.45,3101.67,
HEROMOTOCO,2023-11-02,3052.1,3104.82,
HEROMOTOCO,2023-11-03,3089.4,3108.46,
HEROMOTOCO,2023-11-06,3166.9,3114.9,
HEROMOTOCO,2023-11-07,3130.25,3123.66,
HEROMOTOCO,2023-11-08,3132.1,3131.42,
HEROMOTOCO,2023-11-09,3173.9,3135.08,
HEROMOTOCO,2023-11-10,3105.2,3135.92,
HEROMOTOCO,2023-11-12,3115.2,3136.76,
HEROMOTOCO,2023-11-13,3118.8,3134.65,
HEROMOTOCO,2023-11-15,3177.85,3134.9,
HEROMOTOCO,2023-11-16,3280.05,3141.24,
HEROMOTOCO,2023-11-17,3334.75,3144.69,
HEROMOTOCO,2023-11-20,3346.35,3151.44,
HEROMOTOCO,2023-11-21,3376.5,3162.77,
HEROMOTOCO,2023-11-22,3413.6,3176.41,
HEROMOTOCO,2023-11-23,3568.0,3199.22,
HEROMOTOCO,2023-11-24,3548.6,3221.04,
HEROMOTOCO,2023-11-28,3622.0,3246.62,
HEROMOTOCO,2023-11-29,3746.9,3279.54,
HEROMOTOCO,2023-11-30,3819.05,3315.88,
HEROMOTOCO,2023-12-01,3760.0,3351.27,
HEROMOTOCO,2023-12-04,3797.1,3386.66,
HEROMOTOCO,2023-12-05,3806.75,3418.65,
HEROMOTOCO,2023-12-06,3761.05,3450.19,
HEROMOTOCO,2023-12-07,3772.65,3482.21,
HEROMOTOCO,2023-12-08,3715.75,3509.31,
HEROMOTOCO,2023-12-11,3704.65,3539.28,
HEROMOTOCO,2023-12-12,3747.15,3570.88,
HEROMOTOCO,2023-12-13,3863.3,3608.1,3305.9
HEROMOTOCO,2023-12-14,3883.65,3643.39,3323.26
HEROMOTOCO,2023-12-15,3896.55,3674.22,3341.41
HEROMOTOCO,2023-12-18,3889.75,3701.97,3358.87
HEROMOTOCO,2023-12-19,3821.85,3725.74,3374.55
HEROMOTOCO,2023-12-20,3815.5,3747.69,3391.76
HEROMOTOCO,2023-12-21,3850.15,3769.52,3409.22
HEROMOTOCO,2023-12-22,3935.7,3787.9,3425.92
HEROMOTOCO,2023-12-26,4067.45,3813.85,3445.5
HEROMOTOCO,2023-12-27,4064.3,3835.96,3464.82
HEROMOTOCO,2023-12-28,4173.25,3857.28,3485.06
HEROMOTOCO,2023-12-29,4139.55,3873.3,3504.4
HEROMOTOCO,2024-01-01,4118.55,3891.23,3523.7
HEROMOTOCO,2024-01-02,4088.2,3905.79,3540.15
HEROMOTOCO,2024-01-03,3989.85,3914.94,3555.72
HEROMOTOCO,2024-01-04,3946.95,3924.24,3571.67
HEROMOTOCO,2024-01-05,3990.3,3935.12,3588.66
HEROMOTOCO,2024-01-08,4009.5,3949.81,3606.61
HEROMOTOCO,2024-01-09,4112.5,3970.2,3626.61
HEROMOTOCO,2024-01-10,4138.05,3989.75,3647.17
HEROMOTOCO,2024-01-11,4342.2,4013.69,3672.24
HEROMOTOCO,2024-01-12,4383.15,4038.66,3698.06
HEROMOTOCO,2024-01-15,4372.4,4062.46,3724.46
HEROMOTOCO,2024-01-16,4384.65,4087.2,3750.37
HEROMOTOCO,2024-01-17,4370.85,4114.65,3774.45
HEROMOTOCO,2024-01-18,4394.0,4143.58,3799.72
HEROMOTOCO,2024-01-19,4399.75,4171.06,3825.08
HEROMOTOCO,2024-01-20,4401.65,4194.36,3849.63
HEROMOTOCO,2024-01-23,4444.2,4213.19,3876.41
HEROMOTOCO,2024-01-24,4433.65,4231.66,3902.78
HEROMOTOCO,2024-01-25,4442.15,4245.11,3929.25
HEROMOTOCO,2024-01-29,4593.5,4267.8,3957.56
HEROMOTOCO,2024-01-30,4588.35,4291.29,3983.72
HEROMOTOCO,2024-01-31,4621.55,4317.96,4009.46
HEROMOTOCO,2024-02-01,4586.7,4347.8,4034.27
HEROMOTOCO,2024-02-02,4717.3,4386.32,4061.08
HEROMOTOCO,2024-02-05,4746.65,4424.14,4087.74
HEROMOTOCO,2024-02-06,4783.45,4462.84,4112.05
HEROMOTOCO,2024-02-07,4793.35,4496.88,4136.95
HEROMOTOCO,2024-02-08,4807.9,4530.37,4160.67
HEROMOTOCO,2024-02-09,4908.85,4558.7,4183.91
HEROMOTOCO,2024-02-12,4687.5,4573.92,4201.27
HEROMOTOCO,2024-02-13,4744.8,4592.54,4220.97
HEROMOTOCO,2024-02-14,4814.05,4614.01,4241.31
HEROMOTOCO,2024-02-15,4816.95,4636.31,4261.51
HEROMOTOCO,2024-02-16,4894.3,4661.33,4284.18
HEROMOTOCO,2024-02-19,4852.6,4683.97,4305.78
HEROMOTOCO,2024-02-20,4663.35,4697.06,4324.73
HEROMOTOCO,2024-02-21,4534.85,4701.59,4341.33
HEROMOTOCO,2024-02-22,4495.15,4704.66,4356.29
HEROMOTOCO,2024-02-23,4519.25,4708.52,4369.41
HEROMOTOCO,2024-02-26,4496.1,4703.65,4381.66
HEROMOTOCO,2024-02-27,4430.05,4695.73,4392.33
HEROMOTOCO,2024-02-28,4375.05,4683.41,4402.04
HEROMOTOCO,2024-02-29,4426.5,4675.4,4414.13
HEROMOTOCO,2024-03-01,4507.1,4664.89,4427.96
HEROMOTOCO,2024-03-02,4581.45,4656.63,4442.59
HEROMOTOCO,2024-03-04,4611.7,4648.04,4456.11
HEROMOTOCO,2024-03-05,4590.0,4637.88,4466.56
HEROMOTOCO,2024-03-06,4635.3,4629.24,4477.98
HEROMOTOCO,2024-03-07,4652.9,4616.45,4487.57
HEROMOTOCO,2024-03-11,4671.7,4615.66,4498.22
HEROMOTOCO,2024-03-12,4658.9,4611.36,4509.02
HEROMOTOCO,2024-03-13,4512.1,4596.27,4517.5
HEROMOTOCO,2024-03-14,4675.3,4589.18,4531.21
HEROMOTOCO,2024-03-15,4585.3,4573.73,4543.98
HEROMOTOCO,2024-03-18,4554.2,4558.81,4555.26
HEROMOTOCO,2024-03-19,4541.75,4552.73,4565.9
HEROMOTOCO,2024-03-20,4510.45,4551.51,4573.86
HEROMOTOCO,2024-03-21,4519.9,4552.75,4581.5
HEROMOTOCO,2024-03-22,4684.0,4560.99,4588.33
HEROMOTOCO,2024-03-26,4671.15,4569.74,4594.09
HEROMOTOCO,2024-03-27,4572.55,4576.86,4598.1
HEROMOTOCO,2024-03-28,4722.3,4594.23,4604.85
HEROMOTOCO,2024-04-01,4680.75,4606.94,4611.05
HEROMOTOCO,2024-04-02,4560.8,4609.62,4614.38
HEROMOTOCO,2024-04-03,4557.2,4608.41,4617.53
HEROMOTOCO,2024-04-04,4522.95,4603.98,4619.96
HEROMOTOCO,2024-04-05,4524.9,4600.72,4621.57
HEROMOTOCO,2024-04-08,4595.1,4598.71,4624.8
HEROMOTOCO,2024-04-09,4521.7,4592.15,4626.39
HEROMOTOCO,2024-04-10,4494.9,4583.31,4624.42
HEROMOTOCO,2024-04-12,4440.8,4572.41,4621.47
HEROMOTOCO,2024-04-15,4381.2,4565.86,4616.66
HEROMOTOCO,2024-04-16,4322.9,4548.24,4611.38
HEROMOTOCO,2024-04-18,4251.3,4531.54,4602.06
HEROMOTOCO,2024-04-19,4213.7,4514.52,4591.41
HEROMOTOCO,2024-04-22,4311.9,4503.02,4581.98
HEROMOTOCO,2024-04-23,4345.05,4494.75,4573.01
HEROMOTOCO,2024-04-24,4393.35,4488.42,4564.72
HEROMOTOCO,2024-04-25,4498.3,4479.14,4556.51
HEROMOTOCO,2024-04-26,4491.6,4470.16,4552.59
HEROMOTOCO,2024-04-29,4457.7,4464.42,4546.85
HEROMOTOCO,2024-04-30,4543.05,4455.46,4541.43
HEROMOTOCO,2024-05-02,4561.5,4449.5,4536.32
HEROMOTOCO,2024-05-03,4552.75,4449.09,4529.49
HEROMOTOCO,2024-05-06,4509.75,4446.72,4522.63
HEROMOTOCO,2024-05-07,4476.75,4444.41,4518.9
HEROMOTOCO,2024-05-08,4613.9,4448.86,4520.48
HEROMOTOCO,2024-05-09,4764.9,4457.35,4525.87
HEROMOTOCO,2024-05-10,4877.4,4475.14,4533.04
HEROMOTOCO,2024-05-13,4885.55,4494.67,4540.83
HEROMOTOCO,2024-05-14,5043.45,4524.8,4553.09
HEROMOTOCO,2024-05-15,5057.3,4558.61,4566.74
HEROMOTOCO,2024-05-16,5141.35,4599.53,4581.04
HEROMOTOCO,2024-05-17,5089.2,4641.42,4592.68
HEROMOTOCO,2024-05-18,5109.85,4686.23,4603.25
HEROMOTOCO,2024-05-21,5053.85,4723.33,4612.09
HEROMOTOCO,2024-05-22,4995.95,4755.87,4620.21
HEROMOTOCO,2024-05-23,5145.2,4793.46,4630.41
HEROMOTOCO,2024-05-24,5118.3,4824.46,4639.71
HEROMOTOCO,2024-05-27,5083.9,4854.08,4647.96
HEROMOTOCO,2024-05-28,5183.95,4890.39,4658.46
HEROMOTOCO,2024-05-29,5143.75,4920.43,4671.09
HEROMOTOCO,2024-05-30,5136.0,4949.15,4680.31
HEROMOTOCO,2024-05-31,5119.6,4977.5,4690.99
HEROMOTOCO,2024-06-03,5160.6,5010.04,4703.12
HEROMOTOCO,2024-06-04,5310.7,5051.73,4718.5
HEROMOTOCO,2024-06-05,5658.5,5103.96,4741.46
HEROMOTOCO,2024-06-06,5534.25,5142.43,4761.75
HEROMOTOCO,2024-06-07,5581.85,5177.66,4779.7
HEROMOTOCO,2024-06-10,5722.2,5219.49,4800.73
HEROMOTOCO,2024-06-11,5786.6,5256.64,4825.01
HEROMOTOCO,2024-06-12,5790.2,5293.29,4846.36
HEROMOTOCO,2024-06-13,5816.0,5327.02,4869.07
HEROMOTOCO,2024-06-14,5804.2,5362.77,4893.94
HEROMOTOCO,2024-06-18,5754.85,5395.02,4917.89
HEROMOTOCO,2024-06-19,5647.7,5424.72,4940.38
HEROMOTOCO,2024-06-20,5504.6,5450.15,4959.98
HEROMOTOCO,2024-06-21,5452.0,5465.49,4977.12
HEROMOTOCO,2024-06-24,5524.45,5485.8,4997.17
HEROMOTOCO,2024-06-25,5510.0,5507.1,5017.47
HEROMOTOCO,2024-06-26,5453.0,5520.55,5037.72
HEROMOTOCO,2024-06-27,5485.2,5537.62,5059.8
HEROMOTOCO,2024-06-28,5579.6,5559.8,5084.93
HEROMOTOCO,2024-07-01,5603.1,5583.98,5111.97
HEROMOTOCO,2024-07-02,5567.1,5604.3,5139.04
HEROMOTOCO,2024-07-03,5579.75,5617.76,5164.39
HEROMOTOCO,2024-07-04,5558.35,5612.75,5188.66
HEROMOTOCO,2024-07-05,5558.05,5613.94,5211.95
HEROMOTOCO,2024-07-08,5501.9,5609.94,5232.02
HEROMOTOCO,2024-07-09,5589.15,5603.29,5253.98
HEROMOTOCO,2024-07-10,5508.75,5589.4,5275.0
HEROMOTOCO,2024-07-11,5526.25,5576.2,5294.66
HEROMOTOCO,2024-07-12,5546.9,5562.74,5314.37
HEROMOTOCO,2024-07-15,5606.35,5552.85,5335.44
HEROMOTOCO,2024-07-16,5578.1,5544.02,5356.81
HEROMOTOCO,2024-07-18,5502.2,5536.74,5377.32
HEROMOTOCO,2024-07-19,5427.7,5532.9,5393.59
HEROMOTOCO,2024-07-22,5463.15,5533.45,5407.56
HEROMOTOCO,2024-07-23,5513.55,5532.91,5420.28
HEROMOTOCO,2024-07-24,5417.75,5528.3,5430.92
HEROMOTOCO,2024-07-25,5403.2,5525.8,5438.12
HEROMOTOCO,2024-07-26,5478.9,5525.49,5446.55
HEROMOTOCO,2024-07-29,5424.35,5517.73,5452.21
HEROMOTOCO,2024-07-30,5444.3,5509.79,5459.31
HEROMOTOCO,2024-07-31,5488.45,5505.86,5466.89
HEROMOTOCO,2024-08-01,5371.85,5495.46,5473.25
HEROMOTOCO,2024-08-02,5274.2,5481.25,5478.81
HEROMOTOCO,2024-08-05,5183.9,5462.54,5479.58
HEROMOTOCO,2024-08-06,5173.8,5446.14,5480.7
HEROMOTOCO,2024-08-07,5241.15,5428.74,5483.84
HEROMOTOCO,2024-08-08,5158.9,5411.25,5483.34
HEROMOTOCO,2024-08-09,5207.2,5395.3,5484.61
HEROMOTOCO,2024-08-12,5311.85,5383.54,5488.12
HEROMOTOCO,2024-08-13,5245.5,5365.5,5490.64
HEROMOTOCO,2024-08-14,5072.45,5340.22,5488.88
HEROMOTOCO,2024-08-16,5128.1,5321.51,5485.23
HEROMOTOCO,2024-08-19,5188.9,5309.57,5475.84
HEROMOTOCO,2024-08-20,5244.4,5298.64,5470.04
HEROMOTOCO,2024-08-21,5284.7,5287.19,5464.1
HEROMOTOCO,2024-08-22,5329.95,5282.8,5456.25
HEROMOTOCO,2024-08-23,5384.9,5281.89,5448.22
HEROMOTOCO,2024-08-26,5343.75,5275.13,5439.29
HEROMOTOCO,2024-08-27,5356.55,5271.74,5430.1
HEROMOTOCO,2024-08-28,5311.4,5265.09,5420.24
HEROMOTOCO,2024-08-29,5374.5,5259.4,5412.64
HEROMOTOCO,2024-08-30,5455.4,5263.58,5408.79
HEROMOTOCO,2024-09-02,5578.2,5278.78,5410.26
HEROMOTOCO,2024-09-03,5646.5,5301.91,5414.15
HEROMOTOCO,2024-09-04,5683.75,5327.4,5417.34
HEROMOTOCO,2024-09-05,5734.2,5352.06,5421.82
HEROMOTOCO,2024-09-06,5743.75,5381.3,5427.64
HEROMOTOCO,2024-09-09,5745.3,5408.2,5432.84
HEROMOTOCO,2024-09-10,5669.7,5426.09,5434.64
HEROMOTOCO,2024-09-11,5654.45,5446.54,5435.67
HEROMOTOCO,2024-09-12,5803.15,5483.08,5440.39
HEROMOTOCO,2024-09-13,5795.8,5516.46,5444.71
HEROMOTOCO,2024-09-16,5779.45,5545.99,5449.13
HEROMOTOCO,2024-09-17,5961.2,5581.83,5457.2
HEROMOTOCO,2024-09-18,5964.75,5615.83,5466.45
HEROMOTOCO,2024-09-19,6006.05,5649.64,5474.79
HEROMOTOCO,2024-09-20,6013.25,5681.05,5484.88
HEROMOTOCO,2024-09-23,6190.55,5723.4,5498.17
HEROMOTOCO,2024-09-24,6126.3,5761.88,5509.75
HEROMOTOCO,2024-09-25,6088.3,5800.73,5519.39
HEROMOTOCO,2024-09-26,6051.45,5834.58,5528.86
HEROMOTOCO,2024-09-27,5957.35,5859.67,5537.96
HEROMOTOCO,2024-09-30,5712.4,5866.38,5543.66
HEROMOTOCO,2024-10-01,5750.1,5871.56,5549.4
HEROMOTOCO,2024-10-03,5662.75,5870.51,5552.38
HEROMOTOCO,2024-10-04,5520.85,5859.84,5554.44
HEROMOTOCO,2024-10-07,5501.55,5847.74,5556.41
HEROMOTOCO,2024-10-08,5529.85,5836.96,5557.43
HEROMOTOCO,2024-10-09,5554.6,5831.21,5560.03
HEROMOTOCO,2024-10-10,5456.1,5821.29,5560.27
HEROMOTOCO,2024-10-11,5476.3,5804.95,5560.03
HEROMOTOCO,2024-10-14,5555.35,5792.92,5563.7
HEROMOTOCO,2024-10-15,5505.65,5779.24,5568.32
HEROMOTOCO,2024-10-16,5398.2,5751.08,5572.61
HEROMOTOCO,2024-10-17,5217.45,5713.72,5573.48
HEROMOTOCO,2024-10-18,5216.2,5674.23,5572.98
HEROMOTOCO,2024-10-21,5242.25,5635.68,5574.65
HEROMOTOCO,2024-10-22,5175.8,5584.94,5574.02
HEROMOTOCO,2024-10-23,5145.7,5535.91,5570.7
HEROMOTOCO,2024-10-24,5113.6,5487.18,5568.06
HEROMOTOCO,2024-10-25,4973.3,5433.27,5566.08
HEROMOTOCO,2024-10-28,4927.8,5381.79,5562.07
HEROMOTOCO,2024-10-29,4787.45,5335.54,5554.04
HEROMOTOCO,2024-10-30,4909.3,5293.5,5547.34
HEROMOTOCO,2024-10-31,4989.55,5259.84,5541.44
HEROMOTOCO,2024-11-01,5020.5,5234.82,5535.25
HEROMOTOCO,2024-11-04,4806.05,5200.05,5523.67
HEROMOTOCO,2024-11-05,4820.7,5164.59,5513.21
HEROMOTOCO,2024-11-06,4892.8,5131.5,5503.94
HEROMOTOCO,2024-11-07,4816.0,5099.5,5494.03
HEROMOTOCO,2024-11-08,4768.9,5064.13,5481.92
HEROMOTOCO,2024-11-11,4757.5,5024.24,5467.96
HEROMOTOCO,2024-11-12,4724.2,4985.16,5450.88
HEROMOTOCO,2024-11-13,4519.6,4941.23,5428.34
HEROMOTOCO,2024-11-14,4604.0,4910.56,5406.75
HEROMOTOCO,2024-11-18,4733.0,4886.4,5386.72
HEROMOTOCO,2024-11-19,4775.8,4863.08,5367.36
HEROMOTOCO,2024-11-21,4767.85,4842.68,5347.82
HEROMOTOCO,2024-11-22,4794.1,4825.1,5330.3
HINDALCO,2023-10-03,479.95,,
HINDALCO,2023-10-04,473.4,,
HINDALCO,2023-10-05,470.55,,
HINDALCO,2023-10-06,472.6,,
HINDALCO,2023-10-09,469.8,,
HINDALCO,2023-10-10,480.65,,
HINDALCO,2023-10-11,483.9,,
HINDALCO,2023-10-12,484.4,,
HINDALCO,2023-10-13,480.6,,
HINDALCO,2023-10-16,483.4,,
HINDALCO,2023-10-17,484.35,,
HINDALCO,2023-10-18,485.05,,
HINDALCO,2023-10-19,479.95,,
HINDALCO,2023-10-20,471.75,,
HINDALCO,2023-10-23,456.7,,
HINDALCO,2023-10-25,461.2,,
HINDALCO,2023-10-26,456.65,,
HINDALCO,2023-10-27,456.15,,
HINDALCO,2023-10-30,456.65,,
HINDALCO,2023-10-31,459.5,472.36,
HINDALCO,2023-11-01,462.7,471.5,
HINDALCO,2023-11-02,474.2,471.54,
HINDALCO,2023-11-03,475.2,471.77,
HINDALCO,2023-11-06,481.95,472.24,
HINDALCO,2023-11-07,484.55,472.98,
HINDALCO,2023-11-08,488.05,473.34,
HINDALCO,2023-11-09,484.45,473.37,
HINDALCO,2023-11-10,481.3,473.22,
HINDALCO,2023-11-12,482.45,473.31,
HINDALCO,2023-11-13,487.5,473.52,
HINDALCO,2023-11-15,505.4,474.57,
HINDALCO,2023-11-16,504.3,475.53,
HINDALCO,2023-11-17,497.75,476.42,
HINDALCO,2023-11-20,497.3,477.7,
HINDALCO,2023-11-21,506.85,480.21,
HINDALCO,2023-11-22,500.25,482.16,
HINDALCO,2023-11-23,501.95,484.42,
HINDALCO,2023-11-24,507.8,487.0,
HINDALCO,2023-11-28,515.6,489.95,
HINDALCO,2023-11-29,517.45,492.85,
HINDALCO,2023-11-30,515.65,495.5,
HINDALCO,2023-12-01,517.2,497.65,
HINDALCO,2023-12-04,519.25,499.85,
HINDALCO,2023-12-05,520.65,501.78,
HINDALCO,2023-12-06,523.0,503.71,
HINDALCO,2023-12-07,516.05,505.11,
HINDALCO,2023-12-08,520.35,506.9,
HINDALCO,2023-12-11,522.4,508.96,
HINDALCO,2023-12-12,527.45,511.21,
HINDALCO,2023-12-13,532.85,513.48,490.38
HINDALCO,2023-12-14,543.1,515.36,491.64
HINDALCO,2023-12-15,557.25,518.01,493.32
HINDALCO,2023-12-18,566.4,521.44,495.24
HINDALCO,2023-12-19,564.85,524.82,497.08
HINDALCO,2023-12-20,548.2,526.88,498.65
HINDALCO,2023-12-21,556.25,529.69,500.16
HINDALCO,2023-12-22,570.45,533.11,501.89
HINDALCO,2023-12-26,579.85,536.71,503.8
HINDALCO,2023-12-27,605.6,541.21,506.3
HINDALCO,2023-12-28,614.3,546.05,508.92
HINDALCO,2023-12-29,614.85,551.02,511.53
HINDALCO,2024-01-01,610.4,555.67,514.04
HINDALCO,2024-01-02,617.0,560.56,516.78
HINDALCO,2024-01-03,593.05,564.18,519.21
HINDALCO,2024-01-04,590.5,567.56,521.88
HINDALCO,2024-01-05,587.0,571.1,524.4
HINDALCO,2024-01-08,577.65,573.97,526.82
HINDALCO,2024-01-09,575.95,576.65,529.21
HINDALCO,2024-01-10,580.05,579.28,531.68
HINDALCO,2024-01-11,576.95,581.48,534.03
HINDALCO,2024-01-12,582.05,583.43,536.42
HINDALCO,2024-01-15,574.65,584.3,538.43
HINDALCO,2024-01-16,579.55,584.96,540.51
HINDALCO,2024-01-17,560.25,584.73,542.08
HINDALCO,2024-01-18,554.9,585.06,543.49
HINDALCO,2024-01-19,557.1,585.1,544.87
HINDALCO,2024-01-20,561.05,584.64,546.4
HINDALCO,2024-01-23,541.4,582.71,547.6
HINDALCO,2024-01-24,565.15,580.69,549.26
HINDALCO,2024-01-25,567.2,578.34,550.85
HINDALCO,2024-01-29,567.9,575.99,552.1
HINDALCO,2024-01-30,569.25,573.93,553.4
HINDALCO,2024-01-31,579.35,572.05,555.03
HINDALCO,2024-02-01,571.25,570.96,556.51
HINDALCO,2024-02-02,583.5,570.61,558.04
HINDALCO,2024-02-05,579.9,570.25,559.64
HINDALCO,2024-02-06,584.9,570.62,561.29
HINDALCO,2024-02-07,592.25,571.43,562.98
HINDALCO,2024-02-08,601.3,572.49,564.7
HINDALCO,2024-02-09,591.3,573.21,566.17
HINDALCO,2024-02-12,582.45,573.23,567.51
HINDALCO,2024-02-13,510.1,570.0,567.37
HINDALCO,2024-02-14,507.8,566.42,567.14
HINDALCO,2024-02-15,513.2,564.06,566.99
HINDALCO,2024-02-16,515.7,562.1,566.84
HINDALCO,2024-02-19,512.3,559.86,566.77
HINDALCO,2024-02-20,511.6,557.39,566.59
HINDALCO,2024-02-21,511.8,555.91,566.38
HINDALCO,2024-02-22,521.15,553.71,566.26
HINDALCO,2024-02-23,518.35,551.27,565.97
HINDALCO,2024-02-26,505.05,548.12,565.21
HINDALCO,2024-02-27,509.65,545.14,564.25
HINDALCO,2024-02-28,504.4,541.4,563.01
HINDALCO,2024-02-29,503.85,538.03,561.79
HINDALCO,2024-03-01,519.1,534.81,561.21
HINDALCO,2024-03-02,522.85,531.96,560.54
HINDALCO,2024-03-04,524.95,528.96,559.63
HINDALCO,2024-03-05,522.1,525.45,558.48
HINDALCO,2024-03-06,526.95,521.73,556.9
HINDALCO,2024-03-07,536.7,519.0,555.35
HINDALCO,2024-03-11,533.7,516.56,553.73
HINDALCO,2024-03-12,528.95,517.51,552.1
HINDALCO,2024-03-13,507.0,517.47,549.9
HINDALCO,2024-03-14,525.25,518.07,548.54
HINDALCO,2024-03-15,532.55,518.91,547.39
HINDALCO,2024-03-18,531.15,519.86,546.27
HINDALCO,2024-03-19,533.65,520.96,545.39
HINDALCO,2024-03-20,527.85,521.76,544.43
HINDALCO,2024-03-21,539.7,522.69,543.62
HINDALCO,2024-03-22,547.75,524.16,543.04
HINDALCO,2024-03-26,558.65,526.84,542.57
HINDALCO,2024-03-27,557.65,529.24,542.23
HINDALCO,2024-03-28,560.25,532.03,541.84
HINDALCO,2024-04-01,568.6,535.27,542.01
HINDALCO,2024-04-02,571.2,537.87,542.34
HINDALCO,2024-04-03,576.6,540.56,542.72
HINDALCO,2024-04-04,577.75,543.2,543.06
HINDALCO,2024-04-05,570.05,545.6,543.63
HINDALCO,2024-04-08,576.8,548.09,543.86
HINDALCO,2024-04-09,588.6,550.68,544.29
HINDALCO,2024-04-10,603.05,554.15,545.0
HINDALCO,2024-04-12,598.65,557.64,545.58
HINDALCO,2024-04-15,612.7,562.92,546.25
HINDALCO,2024-04-16,608.85,567.1,547.0
HINDALCO,2024-04-18,612.8,571.12,547.59
HINDALCO,2024-04-19,614.75,575.3,548.29
HINDALCO,2024-04-22,618.55,579.54,548.96
HINDALCO,2024-04-23,611.8,583.74,549.35
HINDALCO,2024-04-24,636.1,588.56,550.05
HINDALCO,2024-04-25,646.8,593.51,551.16
HINDALCO,2024-04-26,649.3,598.04,552.49
HINDALCO,2024-04-29,650.05,602.66,555.29
HINDALCO,2024-04-30,644.4,606.87,558.02
HINDALCO,2024-05-02,641.45,610.51,560.59
HINDALCO,2024-05-03,647.1,614.31,563.22
HINDALCO,2024-05-06,638.8,617.42,565.75
HINDALCO,2024-05-07,620.2,619.54,567.92
HINDALCO,2024-05-08,633.5,622.71,570.35
HINDALCO,2024-05-09,619.4,624.84,572.32
HINDALCO,2024-05-10,625.6,626.69,574.46
HINDALCO,2024-05-13,633.5,628.21,577.03
HINDALCO,2024-05-14,646.65,630.62,579.77
HINDALCO,2024-05-15,653.7,632.67,582.76
HINDALCO,2024-05-16,653.35,634.89,585.75
HINDALCO,2024-05-17,655.45,637.02,588.48
HINDALCO,2024-05-18,660.35,639.3,591.22
HINDALCO,2024-05-21,693.6,643.06,594.6
HINDALCO,2024-05-22,684.55,646.69,597.85
HINDALCO,2024-05-23,676.8,648.73,600.84
HINDALCO,2024-05-24,673.25,650.05,603.58
HINDALCO,2024-05-27,677.85,651.48,606.46
HINDALCO,2024-05-28,681.3,653.04,609.5
HINDALCO,2024-05-29,705.3,656.08,613.47
HINDALCO,2024-05-30,695.15,658.77,616.87
HINDALCO,2024-05-31,689.35,660.88,620.0
HINDALCO,2024-06-03,695.95,663.74,623.3
HINDALCO,2024-06-04,649.05,665.18,625.61
HINDALCO,2024-06-05,695.25,668.27,628.96
HINDALCO,2024-06-06,677.5,671.18,631.71
HINDALCO,2024-06-07,680.35,673.91,634.36
HINDALCO,2024-06-10,676.4,676.06,636.72
HINDALCO,2024-06-11,672.95,677.37,639.03
HINDALCO,2024-06-12,673.9,678.38,641.3
HINDALCO,2024-06-13,680.7,679.75,643.54
HINDALCO,2024-06-14,683.6,681.16,645.79
HINDALCO,2024-06-18,678.75,682.08,647.83
HINDALCO,2024-06-19,662.4,680.52,649.52
HINDALCO,2024-06-20,676.5,680.12,651.65
HINDALCO,2024-06-21,684.5,680.5,653.81
HINDALCO,2024-06-24,685.25,681.1,655.74
HINDALCO,2024-06-25,685.5,681.48,657.39
HINDALCO,2024-06-26,674.7,681.15,658.91
HINDALCO,2024-06-27,685.25,680.15,660.36
HINDALCO,2024-06-28,693.55,680.07,662.06
HINDALCO,2024-07-01,689.85,680.1,663.6
HINDALCO,2024-07-02,694.75,680.04,665.2
HINDALCO,2024-07-03,691.65,682.17,666.66
HINDALCO,2024-07-04,691.85,682.0,668.26
HINDALCO,2024-07-05,699.15,683.08,669.52
HINDALCO,2024-07-08,697.2,683.92,670.53
HINDALCO,2024-07-09,707.0,685.45,671.68
HINDALCO,2024-07-10,693.3,686.47,672.55
HINDALCO,2024-07-11,696.3,687.59,673.59
HINDALCO,2024-07-12,692.05,688.16,674.6
HINDALCO,2024-07-15,700.1,688.98,675.66
HINDALCO,2024-07-16,690.8,689.58,676.7
HINDALCO,2024-07-18,689.95,690.96,678.09
HINDALCO,2024-07-19,663.0,690.28,678.68
HINDALCO,2024-07-22,672.3,689.68,679.74
HINDALCO,2024-07-23,653.5,688.09,680.3
HINDALCO,2024-07-24,651.6,686.39,680.66
HINDALCO,2024-07-25,646.55,684.98,680.66
HINDALCO,2024-07-26,667.6,684.1,680.94
HINDALCO,2024-07-29,666.85,682.77,681.21
HINDALCO,2024-07-30,660.5,681.3,681.31
HINDALCO,2024-07-31,669.6,680.04,681.49
HINDALCO,2024-08-01,673.5,679.14,681.09
HINDALCO,2024-08-02,648.05,676.94,680.36
HINDALCO,2024-08-05,614.3,672.7,679.11
HINDALCO,2024-08-06,610.3,668.36,677.85
HINDALCO,2024-08-07,623.7,664.19,676.77
HINDALCO,2024-08-08,614.05,660.23,675.42
HINDALCO,2024-08-09,622.9,656.56,673.78
HINDALCO,2024-08-12,629.35,653.42,672.46
HINDALCO,2024-08-13,621.4,649.49,671.1
HINDALCO,2024-08-14,621.45,646.02,669.61
HINDALCO,2024-08-16,634.15,643.23,669.31
HINDALCO,2024-08-19,658.85,643.02,668.58
HINDALCO,2024-08-20,672.9,643.06,668.49
HINDALCO,2024-08-21,685.6,644.66,668.6
HINDALCO,2024-08-22,685.55,646.36,668.78
HINDALCO,2024-08-23,685.1,648.28,669.02
HINDALCO,2024-08-26,711.85,650.5,669.78
HINDALCO,2024-08-27,703.5,652.33,670.24
HINDALCO,2024-08-28,705.05,654.56,670.67
HINDALCO,2024-08-29,700.5,656.1,671.1
HINDALCO,2024-08-30,701.35,657.5,671.88
HINDALCO,2024-09-02,683.9,659.29,672.03
HINDALCO,2024-09-03,678.9,662.52,671.92
HINDALCO,2024-09-04,666.8,665.34,671.55
HINDALCO,2024-09-05,669.95,667.66,671.24
HINDALCO,2024-09-06,667.1,670.31,671.09
HINDALCO,2024-09-09,658.55,672.09,670.55
HINDALCO,2024-09-10,659.5,673.6,669.87
HINDALCO,2024-09-11,647.7,674.91,669.03
HINDALCO,2024-09-12,676.2,677.65,668.66
HINDALCO,2024-09-13,673.25,679.6,668.29
HINDALCO,2024-09-16,685.15,680.92,668.16
HINDALCO,2024-09-17,683.0,681.42,667.83
HINDALCO,2024-09-18,685.25,681.41,667.59
HINDALCO,2024-09-19,684.2,681.34,667.14
HINDALCO,2024-09-20,694.4,681.8,667.16
HINDALCO,2024-09-23,690.55,680.74,667.04
HINDALCO,2024-09-24,717.85,681.46,667.56
HINDALCO,2024-09-25,718.45,682.13,667.93
HINDALCO,2024-09-26,734.65,683.84,668.8
HINDALCO,2024-09-27,747.15,686.12,669.95
HINDALCO,2024-09-30,756.2,689.74,671.81
HINDALCO,2024-10-01,761.55,693.87,673.6
HINDALCO,2024-10-03,747.1,697.89,675.47
HINDALCO,2024-10-04,747.9,701.78,677.4
HINDALCO,2024-10-07,731.3,705.0,679.09
HINDALCO,2024-10-08,721.8,708.16,680.17
HINDALCO,2024-10-09,727.55,711.56,681.39
HINDALCO,2024-10-10,730.15,715.68,682.78
HINDALCO,2024-10-11,747.35,719.24,684.34
HINDALCO,2024-10-14,743.0,722.73,685.73
HINDALCO,2024-10-15,726.95,724.82,687.3
HINDALCO,2024-10-16,733.1,727.32,689.68
HINDALCO,2024-10-17,734.8,729.8,692.17
HINDALCO,2024-10-18,753.5,733.26,694.77
HINDALCO,2024-10-21,739.6,735.52,697.28
HINDALCO,2024-10-22,720.25,737.01,699.22
HINDALCO,2024-10-23,717.1,736.97,700.98
HINDALCO,2024-10-24,690.7,735.58,702.36
HINDALCO,2024-10-25,678.75,732.79,703.51
HINDALCO,2024-10-28,692.9,730.08,704.69
HINDALCO,2024-10-29,693.6,726.95,705.38
HINDALCO,2024-10-30,688.4,723.29,705.69
HINDALCO,2024-10-31,686.05,720.24,705.7
HINDALCO,2024-11-01,690.9,717.39,705.81
HINDALCO,2024-11-04,674.3,714.54,705.59
HINDALCO,2024-11-05,697.55,713.32,705.3
HINDALCO,2024-11-06,708.2,712.36,705.4
HINDALCO,2024-11-07,648.1,708.25,704.26
HINDALCO,2024-11-08,650.45,703.41,703.26
HINDALCO,2024-11-11,655.35,699.03,702.34
HINDALCO,2024-11-12,651.65,695.26,701.69
HINDALCO,2024-11-13,626.6,689.94,700.65
HINDALCO,2024-11-14,627.35,684.56,699.86
HINDALCO,2024-11-18,651.05,679.44,699.48
HINDALCO,2024-11-19,640.0,674.46,698.94
HINDALCO,2024-11-21,648.05,670.85,698.73
HINDALCO,2024-11-22,652.1,667.6,698.58
HINDUNILVR,2023-10-03,2468.9,,
HINDUNILVR,2023-10-04,2507.85,,
HINDUNILVR,2023-10-05,2519.55,,
HINDUNILVR,2023-10-06,2499.4,,
HINDUNILVR,2023-10-09,2511.3,,
HINDUNILVR,2023-10-10,2516.2,,
HINDUNILVR,2023-10-11,2556.4,,
HINDUNILVR,2023-10-12,2557.0,,
HINDUNILVR,2023-10-13,2569.45,,
HINDUNILVR,2023-10-16,2558.3,,
HINDUNILVR,2023-10-17,2556.15,,
HINDUNILVR,2023-10-18,2548.25,,
HINDUNILVR,2023-10-19,2548.1,,
HINDUNILVR,2023-10-20,2495.15,,
HINDUNILVR,2023-10-23,2483.5,,
HINDUNILVR,2023-10-25,2477.3,,
HINDUNILVR,2023-10-26,2476.4,,
HINDUNILVR,2023-10-27,2482.05,,
HINDUNILVR,2023-10-30,2478.9,,
HINDUNILVR,2023-10-31,2484.0,2514.71,
HINDUNILVR,2023-11-01,2472.25,2514.88,
HINDUNILVR,2023-11-02,2486.8,2513.82,
HINDUNILVR,2023-11-03,2509.25,2513.31,
HINDUNILVR,2023-11-06,2497.4,2513.21,
HINDUNILVR,2023-11-07,2496.45,2512.46,
HINDUNILVR,2023-11-08,2519.35,2512.62,
HINDUNILVR,2023-11-09,2476.7,2508.64,
HINDUNILVR,2023-11-10,2486.55,2505.12,
HINDUNILVR,2023-11-12,2491.55,2501.22,
HINDUNILVR,2023-11-13,2478.15,2497.21,
HINDUNILVR,2023-11-15,2486.4,2493.72,
HINDUNILVR,2023-11-16,2491.2,2490.87,
HINDUNILVR,2023-11-17,2528.8,2489.91,
HINDUNILVR,2023-11-20,2506.45,2490.47,
HINDUNILVR,2023-11-21,2505.25,2491.56,
HINDUNILVR,2023-11-22,2521.9,2493.79,
HINDUNILVR,2023-11-23,2519.9,2495.96,
HINDUNILVR,2023-11-24,2515.2,2497.62,
HINDUNILVR,2023-11-28,2510.55,2499.2,
HINDUNILVR,2023-11-29,2525.05,2501.26,
HINDUNILVR,2023-11-30,2545.55,2504.92,
HINDUNILVR,2023-12-01,2563.65,2508.76,
HINDUNILVR,2023-12-04,2602.3,2513.42,
HINDUNILVR,2023-12-05,2563.25,2516.71,
HINDUNILVR,2023-12-06,2567.65,2520.27,
HINDUNILVR,2023-12-07,2518.25,2520.22,
HINDUNILVR,2023-12-08,2522.3,2522.5,
HINDUNILVR,2023-12-11,2503.65,2523.35,
HINDUNILVR,2023-12-12,2502.75,2523.91,
HINDUNILVR,2023-12-13,2511.9,2525.6,2514.41
HINDUNILVR,2023-12-14,2516.35,2527.1,2515.36
HINDUNILVR,2023-12-15,2522.9,2528.68,2515.66
HINDUNILVR,2023-12-18,2535.5,2529.02,2515.98
HINDUNILVR,2023-12-19,2560.7,2531.73,2517.21
HINDUNILVR,2023-12-20,2557.5,2534.34,2518.13
HINDUNILVR,2023-12-21,2553.2,2535.91,2518.87
HINDUNILVR,2023-12-22,2575.6,2538.69,2519.25
HINDUNILVR,2023-12-26,2584.75,2542.17,2519.81
HINDUNILVR,2023-12-27,2608.3,2547.06,2520.59
HINDUNILVR,2023-12-28,2633.8,2552.49,2522.1
HINDUNILVR,2023-12-29,2663.95,2558.41,2524.25
HINDUNILVR,2024-01-01,2654.75,2562.97,2526.38
HINDUNILVR,2024-01-02,2613.8,2563.54,2527.7
HINDUNILVR,2024-01-03,2606.55,2565.71,2529.92
HINDUNILVR,2024-01-04,2592.55,2566.95,2532.1
HINDUNILVR,2024-01-05,2620.05,2572.04,2534.96
HINDUNILVR,2024-01-08,2578.25,2574.84,2537.0
HINDUNILVR,2024-01-09,2579.75,2578.64,2538.95
HINDUNILVR,2024-01-10,2577.4,2582.38,2540.92
HINDUNILVR,2024-01-11,2536.2,2583.59,2541.96
HINDUNILVR,2024-01-12,2544.0,2584.98,2543.4
HINDUNILVR,2024-01-15,2573.2,2587.49,2545.13
HINDUNILVR,2024-01-16,2569.1,2589.17,2546.32
HINDUNILVR,2024-01-17,2562.9,2589.28,2547.64
HINDUNILVR,2024-01-18,2548.0,2588.81,2548.67
HINDUNILVR,2024-01-19,2565.4,2589.42,2549.59
HINDUNILVR,2024-01-20,2468.9,2584.08,2549.43
HINDUNILVR,2024-01-23,2375.55,2573.62,2547.21
HINDUNILVR,2024-01-24,2441.65,2565.29,2546.21
HINDUNILVR,2024-01-25,2428.3,2555.01,2545.22
HINDUNILVR,2024-01-29,2444.4,2544.04,2544.38
HINDUNILVR,2024-01-30,2458.65,2534.23,2543.72
HINDUNILVR,2024-01-31,2481.55,2527.62,2542.78
HINDUNILVR,2024-02-01,2473.6,2520.97,2542.12
HINDUNILVR,2024-02-02,2452.6,2513.97,2541.07
HINDUNILVR,2024-02-05,2419.5,2503.95,2539.02
HINDUNILVR,2024-02-06,2426.35,2496.35,2537.15
HINDUNILVR,2024-02-07,2425.45,2488.63,2535.36
HINDUNILVR,2024-02-08,2417.05,2480.62,2533.49
HINDUNILVR,2024-02-09,2424.15,2475.02,2531.47
HINDUNILVR,2024-02-12,2385.65,2467.1,2528.27
HINDUNILVR,2024-02-13,2394.0,2458.14,2524.88
HINDUNILVR,2024-02-14,2387.95,2449.08,2520.59
HINDUNILVR,2024-02-15,2350.85,2438.48,2516.34
HINDUNILVR,2024-02-16,2375.25,2429.84,2512.49
HINDUNILVR,2024-02-19,2387.15,2420.93,2509.87
HINDUNILVR,2024-02-20,2404.1,2417.69,2507.51
HINDUNILVR,2024-02-21,2407.1,2419.26,2505.58
HINDUNILVR,2024-02-22,2388.1,2416.59,2503.28
HINDUNILVR,2024-02-23,2394.1,2414.88,2500.93
HINDUNILVR,2024-02-26,2404.25,2412.87,2498.69
HINDUNILVR,2024-02-27,2405.3,2410.2,2496.33
HINDUNILVR,2024-02-28,2421.55,2407.2,2494.05
HINDUNILVR,2024-02-29,2412.3,2404.14,2491.09
HINDUNILVR,2024-03-01,2409.7,2401.99,2488.13
HINDUNILVR,2024-03-02,2416.2,2401.83,2485.39
HINDUNILVR,2024-03-04,2422.0,2401.61,2482.32
HINDUNILVR,2024-03-05,2399.85,2400.33,2478.62
HINDUNILVR,2024-03-06,2400.8,2399.52,2474.47
HINDUNILVR,2024-03-07,2419.55,2399.29,2470.19
HINDUNILVR,2024-03-11,2389.85,2399.5,2464.7
HINDUNILVR,2024-03-12,2378.15,2398.7,2459.17
HINDUNILVR,2024-03-13,2312.6,2394.94,2453.15
HINDUNILVR,2024-03-14,2334.6,2394.12,2447.71
HINDUNILVR,2024-03-15,2327.7,2391.75,2442.41
HINDUNILVR,2024-03-18,2299.95,2387.39,2436.01
HINDUNILVR,2024-03-19,2266.95,2380.53,2429.78
HINDUNILVR,2024-03-20,2241.95,2372.27,2423.03
HINDUNILVR,2024-03-21,2242.35,2364.98,2416.33
HINDUNILVR,2024-03-22,2256.55,2358.11,2410.73
HINDUNILVR,2024-03-26,2240.0,2349.9,2404.65
HINDUNILVR,2024-03-27,2239.7,2341.62,2397.98
HINDUNILVR,2024-03-28,2264.35,2333.76,2391.89
HINDUNILVR,2024-04-01,2285.9,2327.44,2386.35
HINDUNILVR,2024-04-02,2286.7,2321.28,2381.12
HINDUNILVR,2024-04-03,2265.2,2313.74,2375.12
HINDUNILVR,2024-04-04,2264.95,2305.88,2371.04
HINDUNILVR,2024-04-05,2266.95,2299.24,2368.87
HINDUNILVR,2024-04-08,2268.95,2292.64,2365.41
HINDUNILVR,2024-04-09,2264.15,2284.88,2362.13
HINDUNILVR,2024-04-10,2260.9,2278.43,2358.46
HINDUNILVR,2024-04-12,2232.3,2271.13,2353.93
HINDUNILVR,2024-04-15,2194.05,2265.21,2348.18
HINDUNILVR,2024-04-16,2220.8,2259.52,2343.13
HINDUNILVR,2024-04-18,2214.8,2253.87,2338.37
HINDUNILVR,2024-04-19,2231.6,2250.46,2334.61
HINDUNILVR,2024-04-22,2241.5,2249.18,2330.92
HINDUNILVR,2024-04-23,2262.75,2250.22,2327.66
HINDUNILVR,2024-04-24,2260.25,2251.12,2324.53
HINDUNILVR,2024-04-25,2230.85,2249.83,2320.66
HINDUNILVR,2024-04-26,2222.65,2248.96,2317.4
HINDUNILVR,2024-04-29,2226.1,2248.28,2314.04
HINDUNILVR,2024-04-30,2230.45,2246.59,2310.89
HINDUNILVR,2024-05-02,2226.3,2243.61,2308.4
HINDUNILVR,2024-05-03,2217.05,2240.13,2305.24
HINDUNILVR,2024-05-06,2256.2,2239.68,2302.62
HINDUNILVR,2024-05-07,2379.4,2245.4,2302.12
HINDUNILVR,2024-05-08,2341.05,2249.11,2300.8
HINDUNILVR,2024-05-09,2325.65,2251.94,2299.55
HINDUNILVR,2024-05-10,2362.55,2256.86,2298.92
HINDUNILVR,2024-05-13,2360.65,2261.85,2298.05
HINDUNILVR,2024-05-14,2349.6,2267.71,2296.94
HINDUNILVR,2024-05-15,2323.3,2274.18,2294.97
HINDUNILVR,2024-05-16,2343.15,2280.29,2293.59
HINDUNILVR,2024-05-17,2320.35,2285.57,2291.8
HINDUNILVR,2024-05-18,2327.15,2290.35,2290.02
HINDUNILVR,2024-05-21,2310.7,2293.81,2287.8
HINDUNILVR,2024-05-22,2366.9,2299.02,2287.14
HINDUNILVR,2024-05-23,2382.5,2305.13,2286.77
HINDUNILVR,2024-05-24,2369.05,2312.04,2285.76
HINDUNILVR,2024-05-27,2384.5,2320.13,2285.65
HINDUNILVR,2024-05-28,2395.95,2328.62,2286.01
HINDUNILVR,2024-05-29,2373.4,2335.77,2287.23
HINDUNILVR,2024-05-30,2351.4,2342.02,2287.56
HINDUNILVR,2024-05-31,2329.05,2347.62,2287.59
HINDUNILVR,2024-06-03,2355.9,2352.61,2288.71
HINDUNILVR,2024-06-04,2496.3,2358.46,2293.3
HINDUNILVR,2024-06-05,2602.75,2371.54,2300.51
HINDUNILVR,2024-06-06,2549.6,2382.74,2306.66
HINDUNILVR,2024-06-07,2577.8,2393.5,2313.08
HINDUNILVR,2024-06-10,2565.35,2403.73,2319.59
HINDUNILVR,2024-06-11,2556.35,2414.07,2325.92
HINDUNILVR,2024-06-12,2528.7,2424.34,2331.21
HINDUNILVR,2024-06-13,2487.4,2431.55,2335.24
HINDUNILVR,2024-06-14,2479.75,2439.52,2339.1
HINDUNILVR,2024-06-18,2486.25,2447.48,2343.52
HINDUNILVR,2024-06-19,2457.0,2454.8,2347.36
HINDUNILVR,2024-06-20,2482.2,2460.56,2351.67
HINDUNILVR,2024-06-21,2441.3,2463.5,2355.11
HINDUNILVR,2024-06-24,2442.2,2467.16,2358.67
HINDUNILVR,2024-06-25,2432.2,2469.54,2362.1
HINDUNILVR,2024-06-26,2445.6,2472.02,2366.37
HINDUNILVR,2024-06-27,2462.15,2476.46,2371.73
HINDUNILVR,2024-06-28,2473.05,2482.54,2376.77
HINDUNILVR,2024-07-01,2505.1,2491.35,2382.58
HINDUNILVR,2024-07-02,2485.15,2497.81,2387.65
HINDUNILVR,2024-07-03,2510.35,2498.51,2393.03
HINDUNILVR,2024-07-04,2495.95,2493.17,2397.69
HINDUNILVR,2024-07-05,2547.0,2493.04,2403.43
HINDUNILVR,2024-07-08,2587.15,2493.51,2410.55
HINDUNILVR,2024-07-09,2590.15,2494.75,2417.9
HINDUNILVR,2024-07-10,2610.45,2497.46,2425.59
HINDUNILVR,2024-07-11,2608.85,2501.46,2433.16
HINDUNILVR,2024-07-12,2622.25,2508.2,2441.08
HINDUNILVR,2024-07-15,2620.3,2515.23,2449.14
HINDUNILVR,2024-07-16,2688.45,2525.34,2457.79
HINDUNILVR,2024-07-18,2738.4,2539.41,2464.97
HINDUNILVR,2024-07-19,2727.0,2551.65,2472.68
HINDUNILVR,2024-07-22,2735.3,2566.35,2480.88
HINDUNILVR,2024-07-23,2766.35,2582.56,2488.95
HINDUNILVR,2024-07-24,2717.05,2596.8,2496.08
HINDUNILVR,2024-07-25,2707.2,2609.88,2503.23
HINDUNILVR,2024-07-26,2711.05,2622.33,2510.99
HINDUNILVR,2024-07-29,2711.6,2634.26,2518.36
HINDUNILVR,2024-07-30,2691.4,2643.57,2525.78
HINDUNILVR,2024-07-31,2705.65,2654.6,2533.35
HINDUNILVR,2024-08-01,2715.55,2664.86,2541.45
HINDUNILVR,2024-08-02,2692.55,2674.68,2547.96
HINDUNILVR,2024-08-05,2715.9,2683.13,2554.63
HINDUNILVR,2024-08-06,2750.05,2691.28,2562.25
HINDUNILVR,2024-08-07,2744.05,2698.97,2569.44
HINDUNILVR,2024-08-08,2733.2,2705.11,2576.18
HINDUNILVR,2024-08-09,2747.2,2712.02,2583.66
HINDUNILVR,2024-08-12,2748.7,2718.35,2591.6
HINDUNILVR,2024-08-13,2741.4,2724.4,2599.85
HINDUNILVR,2024-08-14,2722.05,2726.08,2607.18
HINDUNILVR,2024-08-16,2748.25,2726.58,2612.21
HINDUNILVR,2024-08-19,2742.55,2727.35,2615.01
HINDUNILVR,2024-08-20,2751.05,2728.14,2619.04
HINDUNILVR,2024-08-21,2791.2,2729.38,2623.31
HINDUNILVR,2024-08-22,2792.8,2733.17,2627.86
HINDUNILVR,2024-08-23,2815.6,2738.59,2633.04
HINDUNILVR,2024-08-26,2821.15,2744.1,2638.89
HINDUNILVR,2024-08-27,2766.9,2746.86,2644.48
HINDUNILVR,2024-08-28,2764.35,2750.51,2650.17
HINDUNILVR,2024-08-29,2785.25,2754.49,2656.15
HINDUNILVR,2024-08-30,2778.0,2757.61,2662.57
HINDUNILVR,2024-09-02,2789.05,2762.44,2668.71
HINDUNILVR,2024-09-03,2794.3,2766.36,2675.77
HINDUNILVR,2024-09-04,2841.25,2770.92,2683.75
HINDUNILVR,2024-09-05,2838.45,2775.64,2691.88
HINDUNILVR,2024-09-06,2838.95,2780.92,2699.74
HINDUNILVR,2024-09-09,2921.8,2789.65,2708.94
HINDUNILVR,2024-09-10,2898.6,2797.15,2717.45
HINDUNILVR,2024-09-11,2904.15,2805.29,2725.43
HINDUNILVR,2024-09-12,2956.4,2817.0,2734.85
HINDUNILVR,2024-09-13,2932.95,2826.24,2743.3
HINDUNILVR,2024-09-16,2867.1,2832.46,2750.73
HINDUNILVR,2024-09-17,2873.5,2838.59,2757.26
HINDUNILVR,2024-09-18,2875.85,2842.82,2763.03
HINDUNILVR,2024-09-19,2911.75,2848.77,2769.46
HINDUNILVR,2024-09-20,2977.6,2856.87,2776.81
HINDUNILVR,2024-09-23,3028.55,2867.24,2785.2
HINDUNILVR,2024-09-24,2950.55,2876.42,2791.77
HINDUNILVR,2024-09-25,2948.95,2885.65,2798.34
HINDUNILVR,2024-09-26,2986.1,2895.69,2804.29
HINDUNILVR,2024-09-27,2966.25,2905.1,2808.85
HINDUNILVR,2024-09-30,2958.3,2913.57,2813.48
HINDUNILVR,2024-10-01,2923.75,2920.04,2817.24
HINDUNILVR,2024-10-03,2893.35,2922.64,2819.78
HINDUNILVR,2024-10-04,2848.75,2923.16,2822.42
HINDUNILVR,2024-10-07,2833.4,2922.88,2824.94
HINDUNILVR,2024-10-08,2818.8,2917.73,2827.1
HINDUNILVR,2024-10-09,2768.95,2911.25,2828.24
HINDUNILVR,2024-10-10,2754.7,2903.78,2829.51
HINDUNILVR,2024-10-11,2783.2,2895.12,2831.06
HINDUNILVR,2024-10-14,2789.1,2887.92,2832.53
HINDUNILVR,2024-10-15,2781.45,2883.64,2834.31
HINDUNILVR,2024-10-16,2781.25,2879.03,2835.62
HINDUNILVR,2024-10-17,2738.65,2872.17,2835.39
HINDUNILVR,2024-10-18,2717.1,2862.44,2834.85
HINDUNILVR,2024-10-21,2693.55,2848.23,2834.06
HINDUNILVR,2024-10-22,2681.7,2830.89,2832.75
HINDUNILVR,2024-10-23,2659.3,2816.33,2830.96
HINDUNILVR,2024-10-24,2505.1,2794.14,2826.23
HINDUNILVR,2024-10-25,2528.05,2771.24,2822.35
HINDUNILVR,2024-10-28,2575.8,2751.71,2818.9
HINDUNILVR,2024-10-29,2547.65,2731.18,2815.01
HINDUNILVR,2024-10-30,2554.95,2712.74,2811.08
HINDUNILVR,2024-10-31,2528.25,2694.48,2805.82
HINDUNILVR,2024-11-01,2537.5,2678.92,2800.72
HINDUNILVR,2024-11-04,2524.8,2663.49,2794.9
HINDUNILVR,2024-11-05,2521.35,2648.62,2788.91
HINDUNILVR,2024-11-06,2500.7,2635.21,2783.58
HINDUNILVR,2024-11-07,2475.5,2621.25,2777.81
HINDUNILVR,2024-11-08,2507.7,2607.47,2772.26
HINDUNILVR,2024-11-11,2491.05,2592.57,2766.52
HINDUNILVR,2024-11-12,2461.5,2576.57,2759.96
HINDUNILVR,2024-11-13,2464.95,2560.76,2753.38
HINDUNILVR,2024-11-14,2389.2,2543.28,2744.34
HINDUNILVR,2024-11-18,2422.9,2528.57,2736.03
HINDUNILVR,2024-11-19,2410.35,2514.42,2727.45
HINDUNILVR,2024-11-21,2382.8,2499.47,2716.67
HINDUNILVR,2024-11-22,2445.25,2488.77,2707.61
ICICIBANK,2023-10-03,940.3,,
ICICIBANK,2023-10-04,930.05,,
ICICIBANK,2023-10-05,940.85,,
ICICIBANK,2023-10-06,945.2,,
ICICIBANK,2023-10-09,938.6,,
ICICIBANK,2023-10-10,951.2,,
ICICIBANK,2023-10-11,953.1,,
ICICIBANK,2023-10-12,954.25,,
ICICIBANK,2023-10-13,951.3,,
ICICIBANK,2023-10-16,951.4,,
ICICIBANK,2023-10-17,953.9,,
ICICIBANK,2023-10-18,943.75,,
ICICIBANK,2023-10-19,935.75,,
ICICIBANK,2023-10-20,932.75,,
ICICIBANK,2023-10-23,929.95,,
ICICIBANK,2023-10-25,916.1,,
ICICIBANK,2023-10-26,908.65,,
ICICIBANK,2023-10-27,912.75,,
ICICIBANK,2023-10-30,924.9,,
ICICIBANK,2023-10-31,915.35,936.5,
ICICIBANK,2023-11-01,914.05,935.19,
ICICIBANK,2023-11-02,919.95,934.69,
ICICIBANK,2023-11-03,933.8,934.34,
ICICIBANK,2023-11-06,945.45,934.35,
ICICIBANK,2023-11-07,948.1,934.82,
ICICIBANK,2023-11-08,935.75,934.05,
ICICIBANK,2023-11-09,937.35,933.26,
ICICIBANK,2023-11-10,938.6,932.48,
ICICIBANK,2023-11-12,942.35,932.03,
ICICIBANK,2023-11-13,934.45,931.18,
ICICIBANK,2023-11-15,941.1,930.54,
ICICIBANK,2023-11-16,936.0,930.16,
ICICIBANK,2023-11-17,921.85,929.46,
ICICIBANK,2023-11-20,921.45,928.9,
ICICIBANK,2023-11-21,926.1,928.71,
ICICIBANK,2023-11-22,922.75,929.04,
ICICIBANK,2023-11-23,923.0,929.76,
ICICIBANK,2023-11-24,929.4,930.59,
ICICIBANK,2023-11-28,925.5,930.62,
ICICIBANK,2023-11-29,939.6,931.83,
ICICIBANK,2023-11-30,934.95,932.88,
ICICIBANK,2023-12-01,946.7,934.21,
ICICIBANK,2023-12-04,991.2,937.08,
ICICIBANK,2023-12-05,1013.45,940.48,
ICICIBANK,2023-12-06,1003.25,943.24,
ICICIBANK,2023-12-07,999.0,946.4,
ICICIBANK,2023-12-08,1010.85,950.08,
ICICIBANK,2023-12-11,1017.1,954.0,
ICICIBANK,2023-12-12,1015.7,957.67,
ICICIBANK,2023-12-13,1013.9,961.64,946.26
ICICIBANK,2023-12-14,1033.65,966.27,948.12
ICICIBANK,2023-12-15,1037.4,971.34,950.27
ICICIBANK,2023-12-18,1021.45,976.32,951.88
ICICIBANK,2023-12-19,1015.45,981.02,953.29
ICICIBANK,2023-12-20,1006.65,985.05,954.65
ICICIBANK,2023-12-21,1004.4,989.13,955.71
ICICIBANK,2023-12-22,994.3,992.7,956.54
ICICIBANK,2023-12-26,995.1,995.98,957.35
ICICIBANK,2023-12-27,1002.25,999.82,958.37
ICICIBANK,2023-12-28,1005.9,1003.13,959.46
ICICIBANK,2023-12-29,996.6,1006.21,960.32
ICICIBANK,2024-01-01,999.4,1008.85,961.43
ICICIBANK,2024-01-02,982.25,1008.4,962.36
ICICIBANK,2024-01-03,984.05,1006.93,963.38
ICICIBANK,2024-01-04,987.15,1006.13,964.53
ICICIBANK,2024-01-05,993.7,1005.86,966.08
ICICIBANK,2024-01-08,982.0,1004.42,967.55
ICICIBANK,2024-01-09,979.75,1002.55,968.89
ICICIBANK,2024-01-10,993.05,1001.42,970.25
ICICIBANK,2024-01-11,991.15,1000.28,971.77
ICICIBANK,2024-01-12,1003.5,998.78,973.56
ICICIBANK,2024-01-15,1009.85,997.4,975.35
ICICIBANK,2024-01-16,1009.05,996.78,976.86
ICICIBANK,2024-01-17,981.75,995.09,977.58
ICICIBANK,2024-01-18,986.35,994.08,978.35
ICICIBANK,2024-01-19,999.2,993.82,979.62
ICICIBANK,2024-01-20,1008.7,994.54,981.05
ICICIBANK,2024-01-23,1029.05,996.24,982.86
ICICIBANK,2024-01-24,999.2,996.08,983.99
ICICIBANK,2024-01-25,1009.95,996.28,985.5
ICICIBANK,2024-01-29,1016.4,997.28,987.01
ICICIBANK,2024-01-30,1016.9,998.15,988.63
ICICIBANK,2024-01-31,1028.15,1000.44,990.75
ICICIBANK,2024-02-01,1025.15,1002.5,992.83
ICICIBANK,2024-02-02,1024.0,1004.34,994.78
ICICIBANK,2024-02-05,1023.5,1005.83,996.8
ICICIBANK,2024-02-06,1026.4,1008.05,998.87
ICICIBANK,2024-02-07,1022.15,1010.17,1000.72
ICICIBANK,2024-02-08,989.3,1009.98,1002.0
ICICIBANK,2024-02-09,1010.7,1010.96,1003.42
ICICIBANK,2024-02-12,996.1,1010.59,1004.64
ICICIBANK,2024-02-13,1019.8,1011.09,1006.1
ICICIBANK,2024-02-14,1022.7,1011.77,1006.74
ICICIBANK,2024-02-15,1016.65,1013.52,1006.8
ICICIBANK,2024-02-16,1023.25,1015.36,1007.2
ICICIBANK,2024-02-19,1043.75,1017.59,1008.09
ICICIBANK,2024-02-20,1048.75,1019.59,1008.85
ICICIBANK,2024-02-21,1051.95,1020.74,1009.55
ICICIBANK,2024-02-22,1062.7,1023.91,1010.49
ICICIBANK,2024-02-23,1061.3,1026.48,1011.44
ICICIBANK,2024-02-26,1054.2,1028.37,1011.85
ICICIBANK,2024-02-27,1060.2,1030.54,1012.3
ICICIBANK,2024-02-28,1046.2,1031.44,1012.8
ICICIBANK,2024-02-29,1052.2,1032.79,1013.53
ICICIBANK,2024-03-01,1086.9,1035.94,1015.14
ICICIBANK,2024-03-02,1084.65,1038.99,1016.74
ICICIBANK,2024-03-04,1092.35,1042.29,1018.7
ICICIBANK,2024-03-05,1088.05,1045.58,1020.56
ICICIBANK,2024-03-06,1097.1,1050.97,1022.46
ICICIBANK,2024-03-07,1087.95,1054.84,1024.1
ICICIBANK,2024-03-11,1078.7,1058.97,1025.74
ICICIBANK,2024-03-12,1076.85,1061.82,1027.29
ICICIBANK,2024-03-13,1083.95,1064.88,1029.33
ICICIBANK,2024-03-14,1083.6,1068.23,1031.32
ICICIBANK,2024-03-15,1080.35,1071.08,1033.18
ICICIBANK,2024-03-18,1081.2,1072.96,1034.93
ICICIBANK,2024-03-19,1083.95,1074.72,1036.97
ICICIBANK,2024-03-20,1084.5,1076.34,1039.07
ICICIBANK,2024-03-21,1081.8,1077.3,1040.84
ICICIBANK,2024-03-22,1090.3,1078.75,1042.82
ICICIBANK,2024-03-26,1083.7,1080.22,1044.43
ICICIBANK,2024-03-27,1083.75,1081.4,1045.91
ICICIBANK,2024-03-28,1093.3,1083.76,1047.59
ICICIBANK,2024-04-01,1099.65,1086.13,1049.95
ICICIBANK,2024-04-02,1081.2,1085.84,1051.85
ICICIBANK,2024-04-03,1077.2,1085.47,1053.41
ICICIBANK,2024-04-04,1078.85,1084.8,1054.81
ICICIBANK,2024-04-05,1083.4,1084.56,1055.9
ICICIBANK,2024-04-08,1087.15,1084.07,1057.66
ICICIBANK,2024-04-09,1107.05,1085.02,1059.6
ICICIBANK,2024-04-10,1109.4,1086.56,1061.46
ICICIBANK,2024-04-12,1104.4,1087.94,1063.21
ICICIBANK,2024-04-15,1078.35,1087.66,1064.21
ICICIBANK,2024-04-16,1067.05,1086.83,1065.05
ICICIBANK,2024-04-18,1055.45,1085.58,1065.68
ICICIBANK,2024-04-19,1067.25,1084.88,1066.55
ICICIBANK,2024-04-22,1086.65,1085.02,1067.76
ICICIBANK,2024-04-23,1090.25,1085.31,1069.12
ICICIBANK,2024-04-24,1096.75,1086.05,1071.27
ICICIBANK,2024-04-25,1113.75,1087.23,1073.33
ICICIBANK,2024-04-26,1107.9,1088.44,1075.57
ICICIBANK,2024-04-29,1160.15,1092.26,1078.37
ICICIBANK,2024-04-30,1150.4,1095.11,1080.93
ICICIBANK,2024-05-02,1139.45,1097.1,1083.38
ICICIBANK,2024-05-03,1142.05,1100.14,1085.76
ICICIBANK,2024-05-06,1146.3,1103.6,1087.81
ICICIBANK,2024-05-07,1131.9,1106.25,1089.47
ICICIBANK,2024-05-08,1123.0,1108.23,1090.89
ICICIBANK,2024-05-09,1115.7,1109.66,1091.95
ICICIBANK,2024-05-10,1117.05,1110.16,1093.07
ICICIBANK,2024-05-13,1128.0,1111.09,1094.54
ICICIBANK,2024-05-14,1120.55,1111.9,1095.75
ICICIBANK,2024-05-15,1124.35,1114.2,1097.32
ICICIBANK,2024-05-16,1131.05,1117.4,1098.89
ICICIBANK,2024-05-17,1130.5,1121.15,1099.76
ICICIBANK,2024-05-18,1130.75,1124.32,1100.69
ICICIBANK,2024-05-21,1120.95,1126.04,1101.26
ICICIBANK,2024-05-22,1111.1,1127.08,1101.72
ICICIBANK,2024-05-23,1134.5,1128.97,1102.47
ICICIBANK,2024-05-24,1131.95,1129.88,1103.35
ICICIBANK,2024-05-27,1129.8,1130.97,1104.37
ICICIBANK,2024-05-28,1126.95,1129.32,1105.37
ICICIBANK,2024-05-29,1102.0,1126.9,1105.73
ICICIBANK,2024-05-30,1113.7,1125.61,1106.33
ICICIBANK,2024-05-31,1121.05,1124.56,1107.15
ICICIBANK,2024-06-03,1160.0,1125.24,1108.72
ICICIBANK,2024-06-04,1071.45,1122.22,1108.47
ICICIBANK,2024-06-05,1108.65,1121.5,1108.96
ICICIBANK,2024-06-06,1110.4,1121.24,1109.53
ICICIBANK,2024-06-07,1121.7,1121.47,1110.16
ICICIBANK,2024-06-10,1123.8,1121.26,1110.96
ICICIBANK,2024-06-11,1118.2,1121.14,1111.65
ICICIBANK,2024-06-12,1119.55,1120.9,1112.17
ICICIBANK,2024-06-13,1107.35,1119.72,1112.33
ICICIBANK,2024-06-14,1105.65,1118.47,1112.82
ICICIBANK,2024-06-18,1122.85,1118.08,1113.73
ICICIBANK,2024-06-19,1144.45,1119.26,1115.04
ICICIBANK,2024-06-20,1156.8,1121.54,1116.51
ICICIBANK,2024-06-21,1158.65,1122.75,1117.94
ICICIBANK,2024-06-24,1170.1,1124.66,1119.2
ICICIBANK,2024-06-25,1197.95,1128.06,1120.97
ICICIBANK,2024-06-26,1218.0,1132.62,1123.24
ICICIBANK,2024-06-27,1219.9,1138.51,1126.07
ICICIBANK,2024-06-28,1199.6,1142.8,1128.72
ICICIBANK,2024-07-01,1211.85,1147.34,1131.85
ICICIBANK,2024-07-02,1190.6,1148.88,1134.32
ICICIBANK,2024-07-03,1201.6,1155.38,1136.62
ICICIBANK,2024-07-04,1233.0,1161.6,1139.47
ICICIBANK,2024-07-05,1233.4,1167.75,1142.21
ICICIBANK,2024-07-08,1235.05,1173.42,1144.63
ICICIBANK,2024-07-09,1248.25,1179.64,1147.44
ICICIBANK,2024-07-10,1243.2,1185.89,1149.1
ICICIBANK,2024-07-11,1238.45,1191.83,1150.86
ICICIBANK,2024-07-12,1232.9,1198.11,1152.73
ICICIBANK,2024-07-15,1229.95,1204.33,1154.49
ICICIBANK,2024-07-16,1239.9,1210.18,1156.36
ICICIBANK,2024-07-18,1250.3,1215.47,1158.73
ICICIBANK,2024-07-19,1248.65,1220.06,1161.24
ICICIBANK,2024-07-22,1241.15,1224.19,1163.75
ICICIBANK,2024-07-23,1226.75,1227.02,1165.94
ICICIBANK,2024-07-24,1223.0,1228.28,1167.84
ICICIBANK,2024-07-25,1197.9,1227.27,1169.39
ICICIBANK,2024-07-26,1207.2,1226.63,1171.05
ICICIBANK,2024-07-29,1212.7,1227.29,1172.68
ICICIBANK,2024-07-30,1209.45,1227.17,1174.26
ICICIBANK,2024-07-31,1214.9,1228.38,1175.94
ICICIBANK,2024-08-01,1210.1,1228.81,1177.73
ICICIBANK,2024-08-02,1196.55,1226.99,1179.44
ICICIBANK,2024-08-05,1172.6,1223.95,1180.2
ICICIBANK,2024-08-06,1166.85,1220.54,1180.9
ICICIBANK,2024-08-07,1172.45,1216.75,1181.75
ICICIBANK,2024-08-08,1164.6,1212.82,1182.5
ICICIBANK,2024-08-09,1171.6,1209.48,1183.89
ICICIBANK,2024-08-12,1172.8,1206.47,1185.08
ICICIBANK,2024-08-13,1168.35,1203.39,1186.02
ICICIBANK,2024-08-14,1161.65,1199.48,1186.06
ICICIBANK,2024-08-16,1187.25,1196.32,1188.37
ICICIBANK,2024-08-19,1175.9,1192.69,1189.72
ICICIBANK,2024-08-20,1179.45,1189.6,1191.1
ICICIBANK,2024-08-21,1174.85,1187.01,1192.16
ICICIBANK,2024-08-22,1191.1,1185.41,1193.51
ICICIBANK,2024-08-23,1203.5,1185.69,1195.21
ICICIBANK,2024-08-26,1213.3,1186.0,1197.09
ICICIBANK,2024-08-27,1226.35,1186.68,1199.47
ICICIBANK,2024-08-28,1223.85,1187.4,1201.83
ICICIBANK,2024-08-29,1221.9,1187.75,1203.81
ICICIBANK,2024-08-30,1229.2,1188.7,1205.51
ICICIBANK,2024-09-02,1229.95,1190.38,1206.97
ICICIBANK,2024-09-03,1247.7,1194.13,1208.75
ICICIBANK,2024-09-04,1236.35,1197.6,1210.08
ICICIBANK,2024-09-05,1235.95,1200.78,1210.84
ICICIBANK,2024-09-06,1208.15,1202.96,1210.64
ICICIBANK,2024-09-09,1235.0,1206.13,1210.94
ICICIBANK,2024-09-10,1237.3,1209.35,1211.7
ICICIBANK,2024-09-11,1236.35,1212.75,1212.18
ICICIBANK,2024-09-12,1252.15,1217.28,1213.42
ICICIBANK,2024-09-13,1250.35,1220.43,1214.39
ICICIBANK,2024-09-16,1262.85,1224.78,1214.99
ICICIBANK,2024-09-17,1268.1,1229.21,1215.68
ICICIBANK,2024-09-18,1288.35,1234.89,1216.75
ICICIBANK,2024-09-19,1292.0,1239.93,1217.62
ICICIBANK,2024-09-20,1338.45,1246.68,1219.53
ICICIBANK,2024-09-23,1321.9,1252.11,1221.2
ICICIBANK,2024-09-24,1318.6,1256.72,1222.91
ICICIBANK,2024-09-25,1323.85,1261.72,1224.79
ICICIBANK,2024-09-26,1329.05,1267.08,1226.57
ICICIBANK,2024-09-27,1306.6,1270.95,1227.7
ICICIBANK,2024-09-30,1273.0,1273.1,1228.18
ICICIBANK,2024-10-01,1274.4,1274.44,1228.85
ICICIBANK,2024-10-03,1256.35,1275.44,1229.44
ICICIBANK,2024-10-04,1239.75,1275.63,1229.78
ICICIBANK,2024-10-07,1233.9,1276.92,1230.5
ICICIBANK,2024-10-08,1236.6,1276.99,1231.08
ICICIBANK,2024-10-09,1244.15,1277.34,1231.71
ICICIBANK,2024-10-10,1243.5,1277.7,1232.39
ICICIBANK,2024-10-11,1223.0,1276.24,1232.56
ICICIBANK,2024-10-14,1231.75,1275.31,1232.99
ICICIBANK,2024-10-15,1255.5,1274.94,1234.17
ICICIBANK,2024-10-16,1243.15,1273.69,1235.58
ICICIBANK,2024-10-17,1231.25,1270.84,1236.87
ICICIBANK,2024-10-18,1264.5,1269.46,1238.71
ICICIBANK,2024-10-21,1259.05,1265.49,1240.6
ICICIBANK,2024-10-22,1267.5,1262.77,1242.52
ICICIBANK,2024-10-23,1251.6,1259.42,1244.09
ICICIBANK,2024-10-24,1252.75,1255.87,1245.78
ICICIBANK,2024-10-25,1255.45,1252.19,1247.66
ICICIBANK,2024-10-28,1292.85,1251.5,1249.77
ICICIBANK,2024-10-29,1331.85,1254.44,1252.89
ICICIBANK,2024-10-30,1312.15,1256.33,1255.54
ICICIBANK,2024-10-31,1292.25,1258.12,1257.89
ICICIBANK,2024-11-01,1291.8,1260.73,1259.9
ICICIBANK,2024-11-04,1277.2,1262.89,1261.38
ICICIBANK,2024-11-05,1296.7,1265.9,1263.04
ICICIBANK,2024-11-06,1302.35,1268.81,1264.56
ICICIBANK,2024-11-07,1278.7,1270.57,1265.66
ICICIBANK,2024-11-08,1258.85,1272.36,1266.4
ICICIBANK,2024-11-11,1269.3,1274.24,1267.2
ICICIBANK,2024-11-12,1270.6,1274.99,1268.02
ICICIBANK,2024-11-13,1253.7,1275.52,1268.14
ICICIBANK,2024-11-14,1256.95,1276.8,1268.55
ICICIBANK,2024-11-18,1253.45,1276.25,1268.9
ICICIBANK,2024-11-19,1249.1,1275.75,1269.72
ICICIBANK,2024-11-21,1250.55,1274.91,1270.03
ICICIBANK,2024-11-22,1278.05,1276.23,1270.84
INDUSINDBK,2023-10-03,1435.4,,
INDUSINDBK,2023-10-04,1401.3,,
INDUSINDBK,2023-10-05,1401.85,,
INDUSINDBK,2023-10-06,1434.8,,
INDUSINDBK,2023-10-09,1428.55,,
INDUSINDBK,2023-10-10,1420.55,,
INDUSINDBK,2023-10-11,1421.2,,
INDUSINDBK,2023-10-12,1424.25,,
INDUSINDBK,2023-10-13,1463.7,,
INDUSINDBK,2023-10-16,1446.4,,
INDUSINDBK,2023-10-17,1436.0,,
INDUSINDBK,2023-10-18,1420.35,,
INDUSINDBK,2023-10-19,1450.35,,
INDUSINDBK,2023-10-20,1469.1,,
INDUSINDBK,2023-10-23,1435.0,,
INDUSINDBK,2023-10-25,1412.7,,
INDUSINDBK,2023-10-26,1414.65,,
INDUSINDBK,2023-10-27,1441.3,,
INDUSINDBK,2023-10-30,1454.65,,
INDUSINDBK,2023-10-31,1441.3,1432.67,
INDUSINDBK,2023-11-01,1432.6,1432.53,
INDUSINDBK,2023-11-02,1461.2,1435.52,
INDUSINDBK,2023-11-03,1450.25,1437.95,
INDUSINDBK,2023-11-06,1470.25,1439.72,
INDUSINDBK,2023-11-07,1486.4,1442.61,
INDUSINDBK,2023-11-08,1488.95,1446.03,
INDUSINDBK,2023-11-09,1507.35,1450.34,
INDUSINDBK,2023-11-10,1498.8,1454.06,
INDUSINDBK,2023-11-12,1502.1,1455.98,
INDUSINDBK,2023-11-13,1509.6,1459.14,
INDUSINDBK,2023-11-15,1493.95,1462.04,
INDUSINDBK,2023-11-16,1498.65,1465.96,
INDUSINDBK,2023-11-17,1498.45,1468.36,
INDUSINDBK,2023-11-20,1504.8,1470.15,
INDUSINDBK,2023-11-21,1502.05,1473.5,
INDUSINDBK,2023-11-22,1470.4,1476.38,
INDUSINDBK,2023-11-23,1486.1,1479.96,
INDUSINDBK,2023-11-24,1476.2,1481.7,
INDUSINDBK,2023-11-28,1477.55,1482.85,
INDUSINDBK,2023-11-29,1483.55,1484.96,
INDUSINDBK,2023-11-30,1466.1,1486.64,
INDUSINDBK,2023-12-01,1461.05,1486.63,
INDUSINDBK,2023-12-04,1514.65,1489.85,
INDUSINDBK,2023-12-05,1506.6,1491.66,
INDUSINDBK,2023-12-06,1501.6,1492.42,
INDUSINDBK,2023-12-07,1504.75,1493.22,
INDUSINDBK,2023-12-08,1508.95,1493.29,
INDUSINDBK,2023-12-11,1521.85,1494.45,
INDUSINDBK,2023-12-12,1497.0,1494.19,
INDUSINDBK,2023-12-13,1506.9,1494.06,1466.84
INDUSINDBK,2023-12-14,1551.7,1496.95,1469.17
INDUSINDBK,2023-12-15,1570.8,1500.55,1472.56
INDUSINDBK,2023-12-18,1556.35,1503.45,1475.65
INDUSINDBK,2023-12-19,1566.55,1506.54,1478.28
INDUSINDBK,2023-12-20,1556.15,1509.24,1480.83
INDUSINDBK,2023-12-21,1570.0,1514.22,1483.82
INDUSINDBK,2023-12-22,1562.35,1518.03,1486.65
INDUSINDBK,2023-12-26,1570.8,1522.76,1489.58
INDUSINDBK,2023-12-27,1597.45,1528.76,1492.25
INDUSINDBK,2023-12-28,1610.55,1535.11,1495.54
INDUSINDBK,2023-12-29,1598.95,1541.75,1498.79
INDUSINDBK,2024-01-01,1598.85,1548.64,1502.36
INDUSINDBK,2024-01-02,1575.6,1551.69,1504.87
INDUSINDBK,2024-01-03,1601.15,1556.42,1507.51
INDUSINDBK,2024-01-04,1648.55,1563.76,1511.78
INDUSINDBK,2024-01-05,1643.2,1570.68,1516.39
INDUSINDBK,2024-01-08,1627.1,1576.59,1520.64
INDUSINDBK,2024-01-09,1625.1,1581.76,1524.32
INDUSINDBK,2024-01-10,1640.15,1588.91,1528.03
INDUSINDBK,2024-01-11,1657.85,1596.46,1532.36
INDUSINDBK,2024-01-12,1674.0,1602.58,1537.18
INDUSINDBK,2024-01-15,1688.85,1608.48,1541.74
INDUSINDBK,2024-01-16,1667.05,1614.01,1546.07
INDUSINDBK,2024-01-17,1643.9,1617.88,1549.55
INDUSINDBK,2024-01-18,1612.9,1620.72,1552.08
INDUSINDBK,2024-01-19,1561.1,1620.27,1553.52
INDUSINDBK,2024-01-20,1535.35,1618.92,1554.08
INDUSINDBK,2024-01-23,1441.7,1612.47,1552.94
INDUSINDBK,2024-01-24,1490.85,1607.14,1552.71
INDUSINDBK,2024-01-25,1512.0,1602.21,1552.76
INDUSINDBK,2024-01-29,1526.8,1598.6,1553.42
INDUSINDBK,2024-01-30,1519.9,1594.66,1553.84
INDUSINDBK,2024-01-31,1534.05,1592.58,1554.56
INDUSINDBK,2024-02-01,1541.15,1589.58,1555.28
INDUSINDBK,2024-02-02,1533.75,1583.84,1555.92
INDUSINDBK,2024-02-05,1537.8,1578.57,1557.26
INDUSINDBK,2024-02-06,1511.4,1572.78,1557.77
INDUSINDBK,2024-02-07,1515.35,1567.29,1558.55
INDUSINDBK,2024-02-08,1477.3,1559.15,1558.55
INDUSINDBK,2024-02-09,1486.25,1550.57,1558.6
INDUSINDBK,2024-02-12,1447.15,1539.23,1558.22
INDUSINDBK,2024-02-13,1463.9,1527.98,1558.28
INDUSINDBK,2024-02-14,1481.5,1518.71,1557.62
INDUSINDBK,2024-02-15,1476.95,1510.36,1557.02
INDUSINDBK,2024-02-16,1493.65,1504.4,1556.86
INDUSINDBK,2024-02-19,1483.6,1500.52,1556.44
INDUSINDBK,2024-02-20,1504.2,1498.96,1556.35
INDUSINDBK,2024-02-21,1517.25,1502.74,1556.26
INDUSINDBK,2024-02-22,1489.15,1502.66,1556.1
INDUSINDBK,2024-02-23,1480.3,1501.07,1555.57
INDUSINDBK,2024-02-26,1466.5,1498.05,1553.86
INDUSINDBK,2024-02-27,1493.05,1496.71,1552.31
INDUSINDBK,2024-02-28,1449.2,1492.47,1550.16
INDUSINDBK,2024-02-29,1474.9,1489.16,1548.33
INDUSINDBK,2024-03-01,1526.65,1488.8,1547.74
INDUSINDBK,2024-03-02,1526.0,1488.21,1546.86
INDUSINDBK,2024-03-04,1531.3,1489.21,1546.24
INDUSINDBK,2024-03-05,1542.45,1490.56,1545.67
INDUSINDBK,2024-03-06,1554.55,1494.42,1544.82
INDUSINDBK,2024-03-07,1563.75,1498.3,1543.88
INDUSINDBK,2024-03-11,1541.05,1503.0,1542.72
INDUSINDBK,2024-03-12,1533.05,1506.45,1541.4
INDUSINDBK,2024-03-13,1502.65,1507.51,1539.95
INDUSINDBK,2024-03-14,1476.75,1507.5,1537.46
INDUSINDBK,2024-03-15,1484.35,1507.04,1534.17
INDUSINDBK,2024-03-18,1480.7,1506.89,1530.92
INDUSINDBK,2024-03-19,1434.1,1503.38,1527.06
INDUSINDBK,2024-03-20,1441.55,1499.6,1523.39
INDUSINDBK,2024-03-21,1484.1,1499.35,1520.27
INDUSINDBK,2024-03-22,1512.1,1500.94,1517.36
INDUSINDBK,2024-03-26,1518.7,1503.55,1514.25
INDUSINDBK,2024-03-27,1533.55,1505.57,1511.14
INDUSINDBK,2024-03-28,1553.0,1510.76,1508.86
INDUSINDBK,2024-04-01,1542.4,1514.14,1506.83
INDUSINDBK,2024-04-02,1559.4,1515.78,1505.76
INDUSINDBK,2024-04-03,1542.65,1516.61,1505.4
INDUSINDBK,2024-04-04,1544.45,1517.26,1505.58
INDUSINDBK,2024-04-05,1552.4,1517.76,1507.79
INDUSINDBK,2024-04-08,1568.35,1518.45,1509.34
INDUSINDBK,2024-04-09,1554.95,1518.01,1510.2
INDUSINDBK,2024-04-10,1552.85,1518.6,1510.72
INDUSINDBK,2024-04-12,1555.65,1519.73,1511.44
INDUSINDBK,2024-04-15,1539.9,1521.59,1511.55
INDUSINDBK,2024-04-16,1490.95,1522.3,1510.55
INDUSINDBK,2024-04-18,1474.4,1521.81,1509.36
INDUSINDBK,2024-04-19,1482.05,1521.88,1508.25
INDUSINDBK,2024-04-22,1477.5,1524.04,1507.57
INDUSINDBK,2024-04-23,1474.5,1525.69,1506.75
INDUSINDBK,2024-04-24,1474.65,1525.22,1506.7
INDUSINDBK,2024-04-25,1496.1,1524.42,1506.9
INDUSINDBK,2024-04-26,1446.4,1520.8,1506.88
INDUSINDBK,2024-04-29,1487.25,1518.49,1507.35
INDUSINDBK,2024-04-30,1515.7,1516.62,1508.03
INDUSINDBK,2024-05-02,1505.2,1514.76,1508.6
INDUSINDBK,2024-05-03,1483.7,1510.98,1508.4
INDUSINDBK,2024-05-06,1497.5,1508.72,1508.68
INDUSINDBK,2024-05-07,1452.55,1504.13,1507.64
INDUSINDBK,2024-05-08,1442.5,1498.63,1506.15
INDUSINDBK,2024-05-09,1401.45,1490.29,1504.39
INDUSINDBK,2024-05-10,1410.15,1483.05,1502.99
INDUSINDBK,2024-05-13,1404.55,1475.63,1501.75
INDUSINDBK,2024-05-14,1421.0,1468.9,1500.31
INDUSINDBK,2024-05-15,1417.1,1462.76,1499.67
INDUSINDBK,2024-05-16,1408.75,1458.65,1498.35
INDUSINDBK,2024-05-17,1412.35,1455.55,1496.06
INDUSINDBK,2024-05-18,1417.3,1452.31,1493.89
INDUSINDBK,2024-05-21,1406.5,1448.76,1491.39
INDUSINDBK,2024-05-22,1404.95,1445.28,1488.64
INDUSINDBK,2024-05-23,1440.85,1443.59,1486.37
INDUSINDBK,2024-05-24,1441.8,1440.88,1483.93
INDUSINDBK,2024-05-27,1465.1,1441.81,1482.41
INDUSINDBK,2024-05-28,1459.35,1440.42,1480.93
INDUSINDBK,2024-05-29,1460.25,1437.64,1480.09
INDUSINDBK,2024-05-30,1446.8,1434.72,1479.49
INDUSINDBK,2024-05-31,1461.85,1433.63,1479.04
INDUSINDBK,2024-06-03,1529.7,1435.24,1480.02
INDUSINDBK,2024-06-04,1391.5,1432.19,1479.16
INDUSINDBK,2024-06-05,1500.95,1435.11,1480.35
INDUSINDBK,2024-06-06,1481.1,1439.09,1480.29
INDUSINDBK,2024-06-07,1492.1,1443.19,1479.89
INDUSINDBK,2024-06-10,1485.85,1447.26,1479.24
INDUSINDBK,2024-06-11,1481.05,1450.26,1478.19
INDUSINDBK,2024-06-12,1484.25,1453.62,1476.81
INDUSINDBK,2024-06-13,1507.25,1458.54,1476.11
INDUSINDBK,2024-06-14,1502.35,1463.04,1474.97
INDUSINDBK,2024-06-18,1507.9,1467.57,1474.27
INDUSINDBK,2024-06-19,1528.2,1473.66,1473.95
INDUSINDBK,2024-06-20,1527.85,1479.8,1473.46
INDUSINDBK,2024-06-21,1527.15,1484.12,1472.63
INDUSINDBK,2024-06-24,1490.4,1486.55,1471.34
INDUSINDBK,2024-06-25,1495.55,1488.07,1470.2
INDUSINDBK,2024-06-26,1497.9,1490.0,1469.04
INDUSINDBK,2024-06-27,1502.75,1492.12,1468.3
INDUSINDBK,2024-06-28,1464.5,1493.01,1467.77
INDUSINDBK,2024-07-01,1456.9,1492.76,1467.42
INDUSINDBK,2024-07-02,1429.45,1487.75,1466.37
INDUSINDBK,2024-07-03,1455.5,1490.95,1465.93
INDUSINDBK,2024-07-04,1442.85,1488.04,1465.29
INDUSINDBK,2024-07-05,1434.25,1485.7,1464.48
INDUSINDBK,2024-07-08,1438.05,1483.0,1463.32
INDUSINDBK,2024-07-09,1434.25,1480.42,1463.08
INDUSINDBK,2024-07-10,1425.95,1477.66,1461.86
INDUSINDBK,2024-07-11,1429.75,1474.94,1460.14
INDUSINDBK,2024-07-12,1434.55,1471.3,1458.72
INDUSINDBK,2024-07-15,1444.05,1468.39,1457.93
INDUSINDBK,2024-07-16,1445.9,1465.29,1456.9
INDUSINDBK,2024-07-18,1456.9,1461.72,1456.98
INDUSINDBK,2024-07-19,1432.45,1456.95,1456.78
INDUSINDBK,2024-07-22,1423.4,1451.76,1457.22
INDUSINDBK,2024-07-23,1413.2,1447.9,1457.28
INDUSINDBK,2024-07-24,1396.65,1442.96,1457.13
INDUSINDBK,2024-07-25,1379.1,1437.02,1456.29
INDUSINDBK,2024-07-26,1403.9,1432.08,1456.02
INDUSINDBK,2024-07-29,1411.5,1429.43,1456.08
INDUSINDBK,2024-07-30,1429.7,1428.07,1456.43
INDUSINDBK,2024-07-31,1427.8,1427.98,1456.64
INDUSINDBK,2024-08-01,1419.85,1426.2,1456.9
INDUSINDBK,2024-08-02,1404.3,1424.28,1456.89
INDUSINDBK,2024-08-05,1389.45,1422.04,1455.86
INDUSINDBK,2024-08-06,1381.0,1419.18,1454.65
INDUSINDBK,2024-08-07,1345.15,1414.73,1452.25
INDUSINDBK,2024-08-08,1347.3,1410.8,1450.01
INDUSINDBK,2024-08-09,1349.8,1406.8,1447.8
INDUSINDBK,2024-08-12,1350.85,1402.61,1445.88
INDUSINDBK,2024-08-13,1350.6,1397.94,1443.65
INDUSINDBK,2024-08-14,1338.1,1392.55,1439.82
INDUSINDBK,2024-08-16,1364.15,1387.91,1439.27
INDUSINDBK,2024-08-19,1347.6,1383.67,1436.21
INDUSINDBK,2024-08-20,1381.3,1381.56,1434.21
INDUSINDBK,2024-08-21,1384.0,1380.1,1432.05
INDUSINDBK,2024-08-22,1381.9,1379.37,1429.97
INDUSINDBK,2024-08-23,1388.55,1379.84,1428.12
INDUSINDBK,2024-08-26,1384.5,1378.87,1426.12
INDUSINDBK,2024-08-27,1383.2,1377.46,1423.64
INDUSINDBK,2024-08-28,1415.75,1376.76,1421.91
INDUSINDBK,2024-08-29,1417.45,1376.24,1420.1
INDUSINDBK,2024-08-30,1425.25,1376.51,1418.04
INDUSINDBK,2024-09-02,1449.05,1378.75,1416.47
INDUSINDBK,2024-09-03,1436.7,1381.11,1414.66
INDUSINDBK,2024-09-04,1434.4,1383.78,1413.54
INDUSINDBK,2024-09-05,1422.9,1387.67,1412.09
INDUSINDBK,2024-09-06,1409.35,1390.77,1410.32
INDUSINDBK,2024-09-09,1428.1,1394.68,1408.82
INDUSINDBK,2024-09-10,1435.55,1398.92,1408.24
INDUSINDBK,2024-09-11,1421.2,1402.45,1407.53
INDUSINDBK,2024-09-12,1443.35,1407.71,1407.81
INDUSINDBK,2024-09-13,1464.05,1412.71,1407.98
INDUSINDBK,2024-09-16,1470.2,1418.84,1408.52
INDUSINDBK,2024-09-17,1466.35,1423.09,1409.17
INDUSINDBK,2024-09-18,1480.25,1427.9,1410.01
INDUSINDBK,2024-09-19,1484.75,1433.04,1411.02
INDUSINDBK,2024-09-20,1480.2,1437.63,1412.11
INDUSINDBK,2024-09-23,1465.1,1441.66,1412.81
INDUSINDBK,2024-09-24,1448.3,1444.91,1413.09
INDUSINDBK,2024-09-25,1439.5,1446.1,1413.0
INDUSINDBK,2024-09-26,1452.7,1447.86,1413.13
INDUSINDBK,2024-09-27,1462.7,1449.74,1413.25
INDUSINDBK,2024-09-30,1447.6,1449.66,1413.55
INDUSINDBK,2024-10-01,1409.7,1448.31,1413.28
INDUSINDBK,2024-10-03,1387.75,1445.98,1412.77
INDUSINDBK,2024-10-04,1382.85,1443.98,1412.49
INDUSINDBK,2024-10-07,1350.85,1441.05,1411.93
INDUSINDBK,2024-10-08,1359.55,1437.62,1411.04
INDUSINDBK,2024-10-09,1341.55,1432.92,1409.64
INDUSINDBK,2024-10-10,1356.4,1429.68,1408.18
INDUSINDBK,2024-10-11,1347.6,1424.9,1406.57
INDUSINDBK,2024-10-14,1370.45,1420.22,1405.58
INDUSINDBK,2024-10-15,1360.9,1414.75,1404.72
INDUSINDBK,2024-10-16,1346.3,1408.75,1403.85
INDUSINDBK,2024-10-17,1347.35,1402.1,1403.18
INDUSINDBK,2024-10-18,1347.25,1395.23,1403.22
INDUSINDBK,2024-10-21,1308.25,1386.63,1402.44
INDUSINDBK,2024-10-22,1274.35,1377.09,1400.93
INDUSINDBK,2024-10-23,1274.3,1368.4,1399.4
INDUSINDBK,2024-10-24,1280.05,1360.42,1397.99
INDUSINDBK,2024-10-25,1041.6,1339.87,1392.06
INDUSINDBK,2024-10-28,1054.8,1319.47,1385.87
INDUSINDBK,2024-10-29,1038.15,1299.0,1379.68
INDUSINDBK,2024-10-30,1056.4,1281.34,1373.19
INDUSINDBK,2024-10-31,1055.6,1264.73,1366.62
INDUSINDBK,2024-11-01,1062.5,1248.71,1360.23
INDUSINDBK,2024-11-04,1063.8,1234.36,1353.74
INDUSINDBK,2024-11-05,1090.1,1220.88,1347.85
INDUSINDBK,2024-11-06,1077.65,1207.69,1341.74
INDUSINDBK,2024-11-07,1056.8,1192.71,1334.56
INDUSINDBK,2024-11-08,1053.8,1178.02,1327.28
INDUSINDBK,2024-11-11,1060.8,1162.54,1320.0
INDUSINDBK,2024-11-12,1059.55,1147.47,1312.2
INDUSINDBK,2024-11-13,1036.7,1131.99,1304.2
INDUSINDBK,2024-11-14,1017.15,1115.48,1295.86
INDUSINDBK,2024-11-18,1004.6,1098.35,1287.49
INDUSINDBK,2024-11-19,1000.2,1082.95,1279.31
INDUSINDBK,2024-11-21,981.45,1068.3,1270.38
INDUSINDBK,2024-11-22,998.2,1054.49,1261.63
INFY,2023-10-03,1434.0,,
INFY,2023-10-04,1444.35,,
INFY,2023-10-05,1463.45,,
INFY,2023-10-06,1478.7,,
INFY,2023-10-09,1475.45,,
INFY,2023-10-10,1495.15,,
INFY,2023-10-11,1494.4,,
INFY,2023-10-12,1465.5,,
INFY,2023-10-13,1431.15,,
INFY,2023-10-16,1434.15,,
INFY,2023-10-17,1442.45,,
INFY,2023-10-18,1440.55,,
INFY,2023-10-19,1433.65,,
INFY,2023-10-20,1427.25,,
INFY,2023-10-23,1408.65,,
INFY,2023-10-25,1370.05,,
INFY,2023-10-26,1359.45,,
INFY,2023-10-27,1380.35,,
INFY,2023-10-30,1377.05,,
INFY,2023-10-31,1368.4,1431.21,
INFY,2023-11-01,1354.15,1427.22,
INFY,2023-11-02,1370.15,1423.5,
INFY,2023-11-03,1389.05,1419.78,
INFY,2023-11-06,1403.3,1416.02,
INFY,2023-11-07,1404.3,1412.46,
INFY,2023-11-08,1391.0,1407.25,
INFY,2023-11-09,1374.8,1401.27,
INFY,2023-11-10,1368.85,1396.44,
INFY,2023-11-12,1388.2,1394.29,
INFY,2023-11-13,1373.55,1391.26,
INFY,2023-11-15,1410.5,1389.66,
INFY,2023-11-16,1444.9,1389.88,
INFY,2023-11-17,1437.55,1390.08,
INFY,2023-11-20,1436.6,1390.54,
INFY,2023-11-21,1439.0,1392.06,
INFY,2023-11-22,1457.8,1396.45,
INFY,2023-11-23,1449.25,1400.94,
INFY,2023-11-24,1437.4,1403.79,
INFY,2023-11-28,1442.7,1407.07,
INFY,2023-11-29,1459.6,1411.63,
INFY,2023-11-30,1455.15,1416.68,
INFY,2023-12-01,1452.3,1420.79,
INFY,2023-12-04,1464.35,1424.55,
INFY,2023-12-05,1453.95,1427.09,
INFY,2023-12-06,1474.3,1430.59,
INFY,2023-12-07,1465.9,1434.33,
INFY,2023-12-08,1491.15,1440.15,
INFY,2023-12-11,1488.5,1446.13,
INFY,2023-12-12,1476.05,1450.52,
INFY,2023-12-13,1449.0,1454.3,1430.55
INFY,2023-12-14,1501.45,1458.84,1431.9
INFY,2023-12-15,1578.4,1465.52,1434.58
INFY,2023-12-18,1564.35,1471.86,1436.6
INFY,2023-12-19,1558.3,1477.95,1438.19
INFY,2023-12-20,1536.4,1482.82,1439.41
INFY,2023-12-21,1536.0,1486.72,1440.22
INFY,2023-12-22,1562.9,1492.41,1441.6
INFY,2023-12-26,1543.95,1497.74,1443.16
INFY,2023-12-27,1567.1,1503.96,1445.88
INFY,2023-12-28,1562.65,1509.11,1448.45
INFY,2023-12-29,1542.9,1513.5,1450.46
INFY,2024-01-01,1551.35,1518.45,1452.68
INFY,2024-01-02,1534.4,1521.95,1454.69
INFY,2024-01-03,1490.0,1523.75,1455.95
INFY,2024-01-04,1512.7,1525.67,1458.03
INFY,2024-01-05,1532.55,1529.0,1461.28
INFY,2024-01-08,1522.8,1530.59,1464.55
INFY,2024-01-09,1529.3,1532.63,1467.52
INFY,2024-01-10,1519.9,1534.82,1470.38
INFY,2024-01-11,1494.2,1537.08,1472.9
INFY,2024-01-12,1612.75,1542.64,1478.07
INFY,2024-01-15,1652.1,1546.33,1483.71
INFY,2024-01-16,1631.55,1549.69,1488.56
INFY,2024-01-17,1640.2,1553.78,1493.3
INFY,2024-01-18,1642.6,1559.09,1498.06
INFY,2024-01-19,1659.2,1565.26,1503.43
INFY,2024-01-20,1648.85,1569.55,1508.91
INFY,2024-01-23,1642.15,1574.46,1514.37
INFY,2024-01-24,1675.4,1579.88,1520.12
INFY,2024-01-25,1669.1,1585.2,1526.03
INFY,2024-01-29,1656.6,1590.88,1530.95
INFY,2024-01-30,1651.45,1595.89,1535.08
INFY,2024-01-31,1660.9,1602.22,1539.55
INFY,2024-02-01,1657.05,1610.57,1543.96
INFY,2024-02-02,1693.35,1619.6,1549.04
INFY,2024-02-05,1687.2,1627.33,1553.63
INFY,2024-02-06,1729.45,1637.66,1559.24
INFY,2024-02-07,1693.75,1645.89,1564.36
INFY,2024-02-08,1692.1,1654.5,1569.35
INFY,2024-02-09,1669.35,1663.26,1573.55
INFY,2024-02-12,1680.1,1666.62,1578.05
INFY,2024-02-13,1684.55,1668.24,1582.69
INFY,2024-02-14,1666.2,1669.98,1586.73
INFY,2024-02-15,1676.35,1671.78,1591.18
INFY,2024-02-16,1701.65,1674.74,1595.72
INFY,2024-02-19,1699.75,1676.76,1600.4
INFY,2024-02-20,1685.25,1678.59,1604.28
INFY,2024-02-21,1655.55,1679.26,1607.62
INFY,2024-02-22,1681.35,1679.55,1611.73
INFY,2024-02-23,1676.85,1679.94,1616.29
INFY,2024-02-26,1660.15,1680.12,1619.46
INFY,2024-02-27,1663.6,1680.72,1621.16
INFY,2024-02-28,1671.25,1681.24,1623.3
INFY,2024-02-29,1673.9,1682.08,1625.61
INFY,2024-03-01,1654.7,1680.15,1627.98
INFY,2024-03-02,1656.3,1678.61,1630.39
INFY,2024-03-04,1637.2,1674.0,1631.87
INFY,2024-03-05,1606.5,1669.63,1633.12
INFY,2024-03-06,1617.55,1665.9,1634.13
INFY,2024-03-07,1616.45,1663.26,1635.21
INFY,2024-03-11,1600.6,1659.28,1636.36
INFY,2024-03-12,1612.95,1655.7,1637.59
INFY,2024-03-13,1611.4,1652.96,1639.13
INFY,2024-03-14,1653.3,1651.81,1642.4
INFY,2024-03-15,1634.0,1648.43,1644.83
INFY,2024-03-18,1602.65,1643.58,1646.23
INFY,2024-03-19,1561.45,1637.38,1647.0
INFY,2024-03-20,1554.95,1632.36,1647.51
INFY,2024-03-21,1554.7,1626.02,1648.21
INFY,2024-03-22,1508.85,1617.62,1648.5
INFY,2024-03-26,1492.65,1609.25,1646.1
INFY,2024-03-27,1483.85,1600.26,1642.74
INFY,2024-03-28,1498.05,1591.6,1640.07
INFY,2024-04-01,1495.45,1582.68,1637.17
INFY,2024-04-02,1482.85,1574.08,1633.98
INFY,2024-04-03,1480.65,1565.3,1630.4
INFY,2024-04-04,1486.7,1557.78,1627.16
INFY,2024-04-05,1479.1,1551.41,1623.9
INFY,2024-04-08,1476.7,1544.36,1619.93
INFY,2024-04-09,1494.85,1538.28,1616.44
INFY,2024-04-10,1506.8,1533.6,1613.45
INFY,2024-04-12,1484.75,1527.18,1610.11
INFY,2024-04-15,1468.15,1520.02,1606.26
INFY,2024-04-16,1414.45,1508.08,1601.4
INFY,2024-04-18,1419.25,1497.34,1595.92
INFY,2024-04-19,1411.25,1487.77,1590.4
INFY,2024-04-22,1432.75,1481.34,1584.47
INFY,2024-04-23,1442.4,1475.71,1579.44
INFY,2024-04-24,1430.75,1469.51,1574.22
INFY,2024-04-25,1438.45,1465.99,1569.6
INFY,2024-04-26,1430.25,1462.87,1564.6
INFY,2024-04-29,1434.75,1460.42,1559.6
INFY,2024-04-30,1420.55,1456.54,1554.69
INFY,2024-05-02,1414.45,1452.49,1549.45
INFY,2024-05-03,1416.3,1449.17,1543.75
INFY,2024-05-06,1425.9,1446.43,1538.27
INFY,2024-05-07,1440.95,1444.14,1533.38
INFY,2024-05-08,1427.3,1441.55,1528.82
INFY,2024-05-09,1439.55,1439.69,1523.98
INFY,2024-05-10,1424.9,1436.2,1518.94
INFY,2024-05-13,1423.45,1432.03,1514.21
INFY,2024-05-14,1424.7,1429.02,1509.43
INFY,2024-05-15,1419.95,1426.62,1504.41
INFY,2024-05-16,1453.35,1428.56,1500.0
INFY,2024-05-17,1444.3,1429.81,1495.79
INFY,2024-05-18,1443.65,1431.43,1491.53
INFY,2024-05-21,1434.15,1431.5,1487.47
INFY,2024-05-22,1454.8,1432.12,1484.44
INFY,2024-05-23,1472.4,1434.2,1481.54
INFY,2024-05-24,1465.1,1435.54,1478.51
INFY,2024-05-27,1471.35,1437.59,1475.92
INFY,2024-05-28,1467.05,1439.21,1473.01
INFY,2024-05-29,1450.95,1440.73,1469.8
INFY,2024-05-30,1427.45,1441.38,1465.28
INFY,2024-05-31,1406.9,1440.91,1460.74
INFY,2024-06-03,1405.9,1439.91,1456.8
INFY,2024-06-04,1393.65,1437.54,1453.45
INFY,2024-06-05,1430.1,1437.68,1450.95
INFY,2024-06-06,1472.25,1439.32,1449.3
INFY,2024-06-07,1533.6,1444.75,1449.8
INFY,2024-06-10,1499.75,1448.57,1449.94
INFY,2024-06-11,1495.75,1452.12,1450.18
INFY,2024-06-12,1485.2,1455.38,1449.92
INFY,2024-06-13,1493.95,1457.41,1449.89
INFY,2024-06-14,1488.9,1459.64,1450.01
INFY,2024-06-18,1498.2,1462.37,1450.36
INFY,2024-06-19,1511.35,1466.23,1450.85
INFY,2024-06-20,1515.4,1469.26,1451.58
INFY,2024-06-21,1532.7,1472.28,1452.7
INFY,2024-06-24,1527.15,1475.38,1453.35
INFY,2024-06-25,1541.95,1478.91,1454.05
INFY,2024-06-26,1540.7,1482.59,1455.17
INFY,2024-06-27,1573.35,1488.71,1457.27
INFY,2024-06-28,1566.75,1495.68,1460.32
INFY,2024-07-01,1590.8,1504.87,1463.75
INFY,2024-07-02,1621.05,1515.63,1467.94
INFY,2024-07-03,1627.4,1527.32,1471.84
INFY,2024-07-04,1650.65,1538.34,1476.0
INFY,2024-07-05,1647.45,1547.1,1480.34
INFY,2024-07-08,1661.65,1553.5,1484.8
INFY,2024-07-09,1657.15,1561.38,1489.34
INFY,2024-07-10,1648.25,1569.0,1493.61
INFY,2024-07-11,1652.7,1577.38,1498.25
INFY,2024-07-12,1711.75,1588.26,1504.2
INFY,2024-07-15,1707.05,1599.17,1510.01
INFY,2024-07-16,1726.05,1610.56,1516.02
INFY,2024-07-18,1758.05,1622.9,1522.36
INFY,2024-07-19,1792.95,1636.78,1529.67
INFY,2024-07-22,1810.85,1650.68,1537.1
INFY,2024-07-23,1836.9,1666.17,1545.34
INFY,2024-07-24,1833.95,1680.77,1553.55
INFY,2024-07-25,1824.85,1694.98,1561.55
INFY,2024-07-26,1878.9,1710.26,1570.73
INFY,2024-07-29,1871.1,1725.48,1579.08
INFY,2024-07-30,1877.15,1739.79,1587.74
INFY,2024-07-31,1868.25,1752.15,1596.23
INFY,2024-08-01,1852.6,1763.41,1604.6
INFY,2024-08-02,1821.2,1771.94,1611.93
INFY,2024-08-05,1751.9,1777.16,1617.52
INFY,2024-08-06,1751.1,1781.63,1623.24
INFY,2024-08-07,1791.65,1788.36,1629.65
INFY,2024-08-08,1743.15,1793.1,1635.17
INFY,2024-08-09,1770.75,1799.01,1641.56
INFY,2024-08-12,1797.4,1803.29,1648.96
INFY,2024-08-13,1797.45,1807.81,1656.77
INFY,2024-08-14,1823.25,1812.67,1665.12
INFY,2024-08-16,1858.95,1817.72,1674.43
INFY,2024-08-19,1864.8,1821.31,1683.12
INFY,2024-08-20,1872.2,1824.38,1691.12
INFY,2024-08-21,1872.7,1826.17,1697.9
INFY,2024-08-22,1880.25,1828.48,1705.51
INFY,2024-08-23,1862.1,1830.34,1712.84
INFY,2024-08-26,1876.15,1830.2,1720.66
INFY,2024-08-27,1900.1,1831.66,1728.78
INFY,2024-08-28,1939.1,1834.75,1737.78
INFY,2024-08-29,1933.35,1838.01,1746.49
INFY,2024-08-30,1943.7,1842.56,1755.14
INFY,2024-09-02,1964.5,1849.73,1764.12
INFY,2024-09-03,1941.25,1859.2,1772.29
INFY,2024-09-04,1922.45,1867.76,1780.19
INFY,2024-09-05,1933.15,1874.84,1788.02
INFY,2024-09-06,1901.85,1882.77,1795.24
INFY,2024-09-09,1894.65,1888.97,1801.67
INFY,2024-09-10,1912.3,1894.71,1808.58
INFY,2024-09-11,1910.15,1900.35,1814.97
INFY,2024-09-12,1950.45,1906.71,1821.55
INFY,2024-09-13,1944.1,1910.96,1827.89
INFY,2024-09-16,1950.25,1915.24,1833.88
INFY,2024-09-17,1952.55,1919.26,1839.98
INFY,2024-09-18,1892.15,1920.23,1844.59
INFY,2024-09-19,1894.2,1920.92,1849.33
INFY,2024-09-20,1905.75,1923.11,1854.48
INFY,2024-09-23,1896.45,1924.12,1859.36
INFY,2024-09-24,1898.6,1924.05,1863.09
INFY,2024-09-25,1895.3,1921.86,1866.86
INFY,2024-09-26,1900.25,1920.2,1870.34
INFY,2024-09-27,1906.75,1918.36,1873.32
INFY,2024-09-30,1875.6,1913.91,1874.97
INFY,2024-10-01,1904.35,1912.06,1876.84
INFY,2024-10-03,1893.4,1910.61,1877.97
INFY,2024-10-04,1918.15,1909.86,1879.65
INFY,2024-10-07,1934.3,1911.48,1881.84
INFY,2024-10-08,1948.55,1914.18,1883.24
INFY,2024-10-09,1952.75,1916.2,1884.87
INFY,2024-10-10,1919.0,1916.64,1885.71
INFY,2024-10-11,1935.1,1915.88,1887.04
INFY,2024-10-14,1958.9,1916.62,1889.17
INFY,2024-10-15,1959.3,1917.07,1891.93
INFY,2024-10-16,1920.1,1915.45,1895.3
INFY,2024-10-17,1968.1,1919.24,1899.64
INFY,2024-10-18,1879.6,1918.52,1901.39
INFY,2024-10-21,1852.75,1915.87,1903.59
INFY,2024-10-22,1851.6,1913.62,1905.2
INFY,2024-10-23,1873.4,1912.36,1906.72
INFY,2024-10-24,1863.35,1910.76,1908.04
INFY,2024-10-25,1862.05,1908.86,1908.82
INFY,2024-10-28,1865.35,1906.78,1908.94
INFY,2024-10-29,1839.3,1904.97,1908.44
INFY,2024-10-30,1802.1,1899.86,1907.03
INFY,2024-10-31,1757.25,1893.05,1904.72
INFY,2024-11-01,1760.85,1885.18,1902.34
INFY,2024-11-04,1763.65,1876.65,1900.37
INFY,2024-11-05,1754.2,1866.94,1897.93
INFY,2024-11-06,1823.7,1860.48,1896.4
INFY,2024-11-07,1803.05,1854.69,1893.68
INFY,2024-11-08,1829.95,1849.43,1891.61
INFY,2024-11-11,1860.1,1844.49,1889.94
INFY,2024-11-12,1868.8,1839.96,1888.02
INFY,2024-11-13,1868.4,1837.38,1886.57
INFY,2024-11-14,1864.55,1832.2,1885.41
INFY,2024-11-18,1811.45,1828.79,1882.98
INFY,2024-11-19,1824.75,1827.39,1881.43
INFY,2024-11-21,1834.05,1826.52,1880.22
INFY,2024-11-22,1902.25,1827.96,1880.02
ITC,2023-10-03,439.75,,
ITC,2023-10-04,436.1,,
ITC,2023-10-05,436.05,,
ITC,2023-10-06,442.15,,
ITC,2023-10-09,440.45,,
ITC,2023-10-10,444.4,,
ITC,2023-10-11,448.25,,
ITC,2023-10-12,450.7,,
ITC,2023-10-13,448.35,,
ITC,2023-10-16,448.95,,
ITC,2023-10-17,453.45,,
ITC,2023-10-18,451.65,,
ITC,2023-10-19,450.4,,
ITC,2023-10-20,438.3,,
ITC,2023-10-23,435.9,,
ITC,2023-10-25,432.7,,
ITC,2023-10-26,434.35,,
ITC,2023-10-27,433.75,,
ITC,2023-10-30,430.45,,
ITC,2023-10-31,428.4,441.22,
ITC,2023-11-01,428.1,440.64,
ITC,2023-11-02,431.15,440.4,
ITC,2023-11-03,433.25,440.26,
ITC,2023-11-06,435.35,439.92,
ITC,2023-11-07,432.7,439.53,
ITC,2023-11-08,436.95,439.16,
ITC,2023-11-09,434.4,438.46,
ITC,2023-11-10,436.55,437.76,
ITC,2023-11-12,438.45,437.26,
ITC,2023-11-13,436.0,436.61,
ITC,2023-11-15,441.95,436.04,
ITC,2023-11-16,438.65,435.39,
ITC,2023-11-17,439.25,434.83,
ITC,2023-11-20,436.8,434.75,
ITC,2023-11-21,436.25,434.77,
ITC,2023-11-22,439.7,435.12,
ITC,2023-11-23,440.35,435.42,
ITC,2023-11-24,437.8,435.62,
ITC,2023-11-28,435.25,435.86,
ITC,2023-11-29,437.2,436.3,
ITC,2023-11-30,435.8,436.69,
ITC,2023-12-01,449.8,437.62,
ITC,2023-12-04,454.05,438.66,
ITC,2023-12-05,451.75,439.48,
ITC,2023-12-06,463.25,441.01,
ITC,2023-12-07,458.1,442.07,
ITC,2023-12-08,449.15,442.8,
ITC,2023-12-11,452.45,443.6,
ITC,2023-12-12,453.1,444.33,
ITC,2023-12-13,455.65,445.32,441.47
ITC,2023-12-14,460.1,446.22,441.88
ITC,2023-12-15,458.2,447.2,442.32
ITC,2023-12-18,451.65,447.82,442.64
ITC,2023-12-19,456.1,448.78,442.91
ITC,2023-12-20,451.0,449.52,443.12
ITC,2023-12-21,451.45,450.11,443.27
ITC,2023-12-22,455.2,450.85,443.4
ITC,2023-12-26,456.45,451.78,443.52
ITC,2023-12-27,457.1,452.88,443.7
ITC,2023-12-28,464.1,454.22,444.0
ITC,2023-12-29,462.1,455.54,444.17
ITC,2024-01-01,468.05,456.45,444.5
ITC,2024-01-02,470.35,457.26,444.9
ITC,2024-01-03,477.25,458.54,445.68
ITC,2024-01-04,476.4,459.2,446.49
ITC,2024-01-05,473.95,459.99,447.31
ITC,2024-01-08,465.5,460.81,447.94
ITC,2024-01-09,464.55,461.41,448.55
ITC,2024-01-10,463.3,461.92,449.21
ITC,2024-01-11,462.65,462.27,449.89
ITC,2024-01-12,466.7,462.6,450.66
ITC,2024-01-15,467.6,463.07,451.39
ITC,2024-01-16,472.3,464.1,452.18
ITC,2024-01-17,466.6,464.63,452.8
ITC,2024-01-18,465.5,465.36,453.46
ITC,2024-01-19,471.5,466.36,454.15
ITC,2024-01-20,468.4,467.02,454.83
ITC,2024-01-23,459.3,467.16,455.28
ITC,2024-01-24,463.6,467.48,455.78
ITC,2024-01-25,455.65,467.06,456.18
ITC,2024-01-29,449.8,466.45,456.34
ITC,2024-01-30,438.05,464.95,456.32
ITC,2024-01-31,441.55,463.51,456.37
ITC,2024-02-01,442.9,461.79,456.49
ITC,2024-02-02,440.1,459.98,456.57
ITC,2024-02-05,438.05,458.18,456.54
ITC,2024-02-06,431.4,456.48,456.36
ITC,2024-02-07,431.8,454.84,456.24
ITC,2024-02-08,414.55,452.4,455.82
ITC,2024-02-09,415.5,450.04,455.39
ITC,2024-02-12,406.85,447.05,454.81
ITC,2024-02-13,406.75,444.01,453.95
ITC,2024-02-14,411.55,440.97,453.1
ITC,2024-02-15,403.9,437.83,452.14
ITC,2024-02-16,404.6,434.79,450.97
ITC,2024-02-19,409.25,431.68,449.99
ITC,2024-02-20,406.1,428.56,449.13
ITC,2024-02-21,403.35,425.76,448.15
ITC,2024-02-22,414.45,423.31,447.38
ITC,2024-02-23,411.4,421.1,446.49
ITC,2024-02-26,409.2,419.06,445.47
ITC,2024-02-27,411.15,417.72,444.53
ITC,2024-02-28,408.3,416.06,443.66
ITC,2024-02-29,406.3,414.23,442.67
ITC,2024-03-01,409.5,412.7,441.84
ITC,2024-03-02,412.05,411.4,441.05
ITC,2024-03-04,409.1,410.28,440.13
ITC,2024-03-05,406.15,409.0,439.12
ITC,2024-03-06,407.85,408.66,438.14
ITC,2024-03-07,413.55,408.57,437.13
ITC,2024-03-11,409.4,408.7,436.07
ITC,2024-03-12,404.45,408.58,434.8
ITC,2024-03-13,422.45,409.12,433.84
ITC,2024-03-14,419.65,409.91,432.69
ITC,2024-03-15,419.1,410.64,431.54
ITC,2024-03-18,417.45,411.05,430.41
ITC,2024-03-19,409.55,411.22,429.3
ITC,2024-03-20,415.7,411.84,428.32
ITC,2024-03-21,421.25,412.18,427.48
ITC,2024-03-22,428.6,413.04,426.8
ITC,2024-03-26,427.65,413.96,426.02
ITC,2024-03-27,428.0,414.8,425.22
ITC,2024-03-28,428.35,415.8,424.34
ITC,2024-04-01,426.7,416.82,423.55
ITC,2024-04-02,425.85,417.64,422.75
ITC,2024-04-03,425.2,418.3,421.83
ITC,2024-04-04,422.75,418.98,420.91
ITC,2024-04-05,427.55,420.05,420.28
ITC,2024-04-08,429.1,421.11,419.59
ITC,2024-04-09,426.35,421.76,419.0
ITC,2024-04-10,436.95,423.13,418.75
ITC,2024-04-12,430.1,424.42,418.59
ITC,2024-04-15,425.9,424.59,418.27
ITC,2024-04-16,425.9,424.9,417.93
ITC,2024-04-18,418.85,424.89,417.51
ITC,2024-04-19,424.75,425.25,417.24
ITC,2024-04-22,425.3,426.04,417.12
ITC,2024-04-23,429.2,426.72,417.07
ITC,2024-04-24,428.9,427.1,417.36
ITC,2024-04-25,437.55,427.54,417.8
ITC,2024-04-26,440.0,428.16,418.46
ITC,2024-04-29,438.2,428.67,419.09
ITC,2024-04-30,435.65,429.04,419.57
ITC,2024-05-02,439.0,429.65,420.27
ITC,2024-05-03,436.45,430.18,420.91
ITC,2024-05-06,434.75,430.66,421.42
ITC,2024-05-07,440.35,431.54,422.1
ITC,2024-05-08,441.0,432.21,422.86
ITC,2024-05-09,425.1,432.01,423.07
ITC,2024-05-10,433.35,432.36,423.51
ITC,2024-05-13,431.85,432.11,423.96
ITC,2024-05-14,429.7,432.09,424.33
ITC,2024-05-15,427.8,432.18,424.72
ITC,2024-05-16,431.45,432.46,425.23
ITC,2024-05-17,436.3,433.33,425.76
ITC,2024-05-18,436.65,433.93,426.26
ITC,2024-05-21,434.8,434.4,426.77
ITC,2024-05-22,439.9,434.94,427.44
ITC,2024-05-23,441.35,435.56,428.11
ITC,2024-05-24,436.2,435.49,428.57
ITC,2024-05-27,431.5,435.07,429.01
ITC,2024-05-28,429.0,434.61,429.5
ITC,2024-05-29,430.95,434.37,429.67
ITC,2024-05-30,423.85,433.62,429.75
ITC,2024-05-31,426.45,433.11,429.9
ITC,2024-06-03,430.35,432.9,430.16
ITC,2024-06-04,415.2,431.64,430.27
ITC,2024-06-05,430.3,431.1,430.56
ITC,2024-06-06,435.4,431.62,430.85
ITC,2024-06-07,439.15,431.91,431.06
ITC,2024-06-10,436.9,432.16,431.24
ITC,2024-06-11,433.0,432.32,431.34
ITC,2024-06-12,432.3,432.55,431.42
ITC,2024-06-13,430.3,432.49,431.49
ITC,2024-06-14,431.15,432.24,431.6
ITC,2024-06-18,428.75,431.84,431.67
ITC,2024-06-19,423.65,431.28,431.69
ITC,2024-06-20,423.3,430.45,431.6
ITC,2024-06-21,419.6,429.36,431.41
ITC,2024-06-24,423.3,428.72,431.35
ITC,2024-06-25,423.3,428.31,431.08
ITC,2024-06-26,423.95,428.06,430.96
ITC,2024-06-27,425.6,427.79,430.95
ITC,2024-06-28,424.9,427.84,430.93
ITC,2024-07-01,429.05,427.97,431.14
ITC,2024-07-02,425.5,427.73,431.15
ITC,2024-07-03,428.3,428.39,431.21
ITC,2024-07-04,429.05,428.32,431.21
ITC,2024-07-05,433.65,428.24,431.3
ITC,2024-07-08,443.6,428.46,431.42
ITC,2024-07-09,452.6,429.24,431.68
ITC,2024-07-10,451.45,430.16,431.94
ITC,2024-07-11,458.65,431.48,432.4
ITC,2024-07-12,459.05,432.92,432.8
ITC,2024-07-15,463.4,434.53,433.34
ITC,2024-07-16,465.55,436.37,433.96
ITC,2024-07-18,470.25,438.7,434.55
ITC,2024-07-19,474.55,441.27,435.22
ITC,2024-07-22,466.55,443.61,436.05
ITC,2024-07-23,492.2,447.06,437.23
ITC,2024-07-24,494.05,450.6,438.48
ITC,2024-07-25,489.95,453.9,439.68
ITC,2024-07-26,502.2,457.72,441.17
ITC,2024-07-29,496.05,461.28,442.46
ITC,2024-07-30,489.9,464.32,443.53
ITC,2024-07-31,495.35,467.82,444.71
ITC,2024-08-01,493.7,471.09,445.88
ITC,2024-08-02,489.1,474.09,446.87
ITC,2024-08-05,486.0,476.71,447.76
ITC,2024-08-06,486.3,478.84,448.76
ITC,2024-08-07,492.65,480.85,449.99
ITC,2024-08-08,494.75,483.01,451.3
ITC,2024-08-09,495.9,484.87,452.6
ITC,2024-08-12,494.6,486.65,454.02
ITC,2024-08-13,490.0,487.98,455.29
ITC,2024-08-14,492.2,489.31,456.52
ITC,2024-08-16,502.65,490.93,458.27
ITC,2024-08-19,501.45,492.28,459.7
ITC,2024-08-20,498.8,493.89,460.96
ITC,2024-08-21,505.4,494.55,462.29
ITC,2024-08-22,504.55,495.08,463.64
ITC,2024-08-23,505.8,495.87,465.1
ITC,2024-08-26,505.7,496.04,466.56
ITC,2024-08-27,500.6,496.27,467.97
ITC,2024-08-28,497.3,496.64,469.29
ITC,2024-08-29,505.1,497.13,470.82
ITC,2024-08-30,501.9,497.54,472.39
ITC,2024-09-02,510.05,498.58,474.12
ITC,2024-09-03,509.4,499.76,475.92
ITC,2024-09-04,506.35,500.76,477.58
ITC,2024-09-05,511.2,501.68,479.34
ITC,2024-09-06,501.7,502.03,480.89
ITC,2024-09-09,511.75,502.82,482.61
ITC,2024-09-10,513.6,503.78,484.39
ITC,2024-09-11,514.35,504.99,486.09
ITC,2024-09-12,519.5,506.36,487.97
ITC,2024-09-13,513.85,506.92,489.68
ITC,2024-09-16,511.1,507.4,491.33
ITC,2024-09-17,507.75,507.85,492.81
ITC,2024-09-18,507.35,507.94,494.08
ITC,2024-09-19,508.25,508.13,495.2
ITC,2024-09-20,514.4,508.56,496.46
ITC,2024-09-23,516.95,509.12,497.62
ITC,2024-09-24,515.25,509.86,498.74
ITC,2024-09-25,517.55,510.87,499.83
ITC,2024-09-26,522.75,511.75,500.97
ITC,2024-09-27,522.7,512.79,502.02
ITC,2024-09-30,518.15,513.19,502.89
ITC,2024-10-01,516.2,513.54,503.89
ITC,2024-10-03,512.75,513.85,504.3
ITC,2024-10-04,503.55,513.47,504.49
ITC,2024-10-07,510.2,513.9,504.89
ITC,2024-10-08,507.95,513.71,505.01
ITC,2024-10-09,491.7,512.61,504.92
ITC,2024-10-10,492.05,511.5,504.96
ITC,2024-10-11,488.2,509.93,504.82
ITC,2024-10-14,496.95,509.09,504.88
ITC,2024-10-15,498.55,508.46,505.07
ITC,2024-10-16,493.2,507.73,505.22
ITC,2024-10-17,488.9,506.81,505.27
ITC,2024-10-18,486.7,505.73,505.15
ITC,2024-10-21,483.65,504.2,504.93
ITC,2024-10-22,481.8,502.44,504.65
ITC,2024-10-23,480.35,500.69,504.36
ITC,2024-10-24,471.7,498.4,504.0
ITC,2024-10-25,482.3,496.38,503.8
ITC,2024-10-28,484.15,494.45,503.43
ITC,2024-10-29,487.95,492.94,503.16
ITC,2024-10-30,491.55,491.71,503.01
ITC,2024-10-31,488.8,490.51,502.68
ITC,2024-11-01,490.3,489.85,502.4
ITC,2024-11-04,484.6,488.57,501.97
ITC,2024-11-05,480.2,487.18,501.46
ITC,2024-11-06,481.1,486.65,501.07
ITC,2024-11-07,477.9,485.94,500.68
ITC,2024-11-08,478.05,485.43,500.14
ITC,2024-11-11,476.95,484.44,499.64
ITC,2024-11-12,472.85,483.15,498.9
ITC,2024-11-13,472.2,482.1,498.16
ITC,2024-11-14,465.95,480.95,497.35
ITC,2024-11-18,466.55,479.94,496.46
ITC,2024-11-19,467.35,479.13,495.77
ITC,2024-11-21,457.15,477.9,494.68
ITC,2024-11-22,474.65,477.61,493.9
JSWSTEEL,2023-10-03,770.25,,
JSWSTEEL,2023-10-04,756.6,,
JSWSTEEL,2023-10-05,755.5,,
JSWSTEEL,2023-10-06,765.2,,
JSWSTEEL,2023-10-09,757.55,,
JSWSTEEL,2023-10-10,771.9,,
JSWSTEEL,2023-10-11,777.25,,
JSWSTEEL,2023-10-12,783.45,,
JSWSTEEL,2023-10-13,777.25,,
JSWSTEEL,2023-10-16,790.7,,
JSWSTEEL,2023-10-17,790.15,,
JSWSTEEL,2023-10-18,784.4,,
JSWSTEEL,2023-10-19,780.45,,
JSWSTEEL,2023-10-20,769.4,,
JSWSTEEL,2023-10-23,748.95,,
JSWSTEEL,2023-10-25,748.3,,
JSWSTEEL,2023-10-26,728.7,,
JSWSTEEL,2023-10-27,732.0,,
JSWSTEEL,2023-10-30,734.5,,
JSWSTEEL,2023-10-31,736.35,762.94,
JSWSTEEL,2023-11-01,724.45,760.65,
JSWSTEEL,2023-11-02,733.35,759.49,
JSWSTEEL,2023-11-03,746.05,759.02,
JSWSTEEL,2023-11-06,754.0,758.46,
JSWSTEEL,2023-11-07,748.6,758.01,
JSWSTEEL,2023-11-08,756.7,757.25,
JSWSTEEL,2023-11-09,750.85,755.93,
JSWSTEEL,2023-11-10,754.75,754.5,
JSWSTEEL,2023-11-12,756.55,753.46,
JSWSTEEL,2023-11-13,761.1,751.98,
JSWSTEEL,2023-11-15,772.85,751.12,
JSWSTEEL,2023-11-16,769.15,750.35,
JSWSTEEL,2023-11-17,768.8,749.77,
JSWSTEEL,2023-11-20,761.85,749.39,
JSWSTEEL,2023-11-21,775.8,750.74,
JSWSTEEL,2023-11-22,768.45,751.74,
JSWSTEEL,2023-11-23,775.55,754.08,
JSWSTEEL,2023-11-24,782.05,756.59,
JSWSTEEL,2023-11-28,782.35,758.98,
JSWSTEEL,2023-11-29,793.25,761.82,
JSWSTEEL,2023-11-30,801.1,765.66,
JSWSTEEL,2023-12-01,810.8,769.53,
JSWSTEEL,2023-12-04,819.6,773.21,
JSWSTEEL,2023-12-05,821.7,776.59,
JSWSTEEL,2023-12-06,824.7,780.4,
JSWSTEEL,2023-12-07,819.15,783.52,
JSWSTEEL,2023-12-08,839.35,787.94,
JSWSTEEL,2023-12-11,845.1,792.46,
JSWSTEEL,2023-12-12,853.85,797.33,
JSWSTEEL,2023-12-13,851.4,801.84,775.64
JSWSTEEL,2023-12-14,847.4,805.57,777.18
JSWSTEEL,2023-12-15,867.2,810.47,779.4
JSWSTEEL,2023-12-18,854.9,814.78,781.38
JSWSTEEL,2023-12-19,858.7,819.62,783.26
JSWSTEEL,2023-12-20,842.25,822.94,784.95
JSWSTEEL,2023-12-21,841.9,826.62,786.35
JSWSTEEL,2023-12-22,855.3,830.6,787.91
JSWSTEEL,2023-12-26,852.3,834.12,789.29
JSWSTEEL,2023-12-27,875.9,838.79,791.26
JSWSTEEL,2023-12-28,880.8,843.17,793.06
JSWSTEEL,2023-12-29,880.25,847.13,794.86
JSWSTEEL,2024-01-01,877.6,850.47,796.73
JSWSTEEL,2024-01-02,870.2,853.0,798.52
JSWSTEEL,2024-01-03,837.65,853.79,799.89
JSWSTEEL,2024-01-04,837.1,854.42,801.65
JSWSTEEL,2024-01-05,829.4,854.93,803.27
JSWSTEEL,2024-01-08,821.95,854.06,805.14
JSWSTEEL,2024-01-09,821.4,852.87,806.93
JSWSTEEL,2024-01-10,829.8,851.67,808.83
JSWSTEEL,2024-01-11,822.05,850.2,810.55
JSWSTEEL,2024-01-12,825.8,849.12,812.57
JSWSTEEL,2024-01-15,825.15,847.02,814.41
JSWSTEEL,2024-01-16,832.3,845.89,816.13
JSWSTEEL,2024-01-17,812.65,843.59,817.31
JSWSTEEL,2024-01-18,803.65,841.66,818.41
JSWSTEEL,2024-01-19,816.65,840.39,819.61
JSWSTEEL,2024-01-20,808.2,838.04,820.75
JSWSTEEL,2024-01-23,790.4,834.94,821.47
JSWSTEEL,2024-01-24,812.2,831.76,822.58
JSWSTEEL,2024-01-25,815.7,828.5,823.67
JSWSTEEL,2024-01-29,811.7,825.08,824.45
JSWSTEEL,2024-01-30,812.0,821.8,825.31
JSWSTEEL,2024-01-31,818.65,819.22,826.3
JSWSTEEL,2024-02-01,801.7,817.42,827.1
JSWSTEEL,2024-02-02,823.55,816.74,828.06
JSWSTEEL,2024-02-05,814.65,816.01,828.98
JSWSTEEL,2024-02-06,818.75,815.85,829.84
JSWSTEEL,2024-02-07,836.6,816.61,830.93
JSWSTEEL,2024-02-08,822.1,816.22,831.73
JSWSTEEL,2024-02-09,811.75,815.71,832.1
JSWSTEEL,2024-02-12,811.5,814.99,832.31
JSWSTEEL,2024-02-13,812.65,814.37,832.34
JSWSTEEL,2024-02-14,813.25,813.42,832.22
JSWSTEEL,2024-02-15,812.35,813.4,832.03
JSWSTEEL,2024-02-16,819.95,814.21,831.94
JSWSTEEL,2024-02-19,820.2,814.39,831.96
JSWSTEEL,2024-02-20,821.2,815.04,831.59
JSWSTEEL,2024-02-21,828.25,816.94,831.26
JSWSTEEL,2024-02-22,828.65,817.76,830.75
JSWSTEEL,2024-02-23,821.0,818.02,830.14
JSWSTEEL,2024-02-26,808.75,817.88,829.37
JSWSTEEL,2024-02-27,818.95,818.22,828.41
JSWSTEEL,2024-02-28,798.6,817.22,827.28
JSWSTEEL,2024-02-29,800.1,817.14,826.11
JSWSTEEL,2024-03-01,836.2,817.77,825.99
JSWSTEEL,2024-03-02,844.95,819.29,826.05
JSWSTEEL,2024-03-04,824.3,819.56,825.43
JSWSTEEL,2024-03-05,819.3,818.7,824.77
JSWSTEEL,2024-03-06,812.9,818.24,823.51
JSWSTEEL,2024-03-07,830.0,819.15,822.49
JSWSTEEL,2024-03-11,829.8,820.07,821.48
JSWSTEEL,2024-03-12,817.8,820.32,820.29
JSWSTEEL,2024-03-13,792.95,819.31,818.74
JSWSTEEL,2024-03-14,785.45,817.96,817.7
JSWSTEEL,2024-03-15,780.65,816.0,816.57
JSWSTEEL,2024-03-18,804.4,815.21,816.07
JSWSTEEL,2024-03-19,801.05,814.2,815.65
JSWSTEEL,2024-03-20,794.65,812.52,815.12
JSWSTEEL,2024-03-21,812.35,811.71,814.77
JSWSTEEL,2024-03-22,824.8,811.9,814.82
JSWSTEEL,2024-03-26,821.9,812.56,814.74
JSWSTEEL,2024-03-27,818.05,812.51,814.6
JSWSTEEL,2024-03-28,830.2,814.09,814.56
JSWSTEEL,2024-04-01,871.95,817.68,815.75
JSWSTEEL,2024-04-02,879.25,819.84,817.26
JSWSTEEL,2024-04-03,869.0,821.04,818.3
JSWSTEEL,2024-04-04,862.5,822.95,819.39
JSWSTEEL,2024-04-05,857.1,824.84,820.72
JSWSTEEL,2024-04-08,876.45,828.02,822.01
JSWSTEEL,2024-04-09,874.6,830.25,823.19
JSWSTEEL,2024-04-10,883.95,832.95,824.63
JSWSTEEL,2024-04-12,866.45,835.38,825.72
JSWSTEEL,2024-04-15,860.45,838.76,826.56
JSWSTEEL,2024-04-16,845.25,841.75,827.43
JSWSTEEL,2024-04-18,844.8,844.96,827.85
JSWSTEEL,2024-04-19,864.8,847.98,828.86
JSWSTEEL,2024-04-22,854.8,850.66,829.58
JSWSTEEL,2024-04-23,851.35,853.5,829.87
JSWSTEEL,2024-04-24,882.7,857.02,831.08
JSWSTEEL,2024-04-25,905.8,861.07,832.97
JSWSTEEL,2024-04-26,887.25,864.33,834.48
JSWSTEEL,2024-04-29,895.75,868.22,836.14
JSWSTEEL,2024-04-30,882.2,870.82,837.52
JSWSTEEL,2024-05-02,890.35,871.74,839.08
JSWSTEEL,2024-05-03,874.2,871.49,840.17
JSWSTEEL,2024-05-06,880.65,872.07,841.38
JSWSTEEL,2024-05-07,857.35,871.81,842.1
JSWSTEEL,2024-05-08,864.65,872.19,842.83
JSWSTEEL,2024-05-09,834.55,870.09,842.94
JSWSTEEL,2024-05-10,853.6,869.04,843.6
JSWSTEEL,2024-05-13,860.6,867.88,844.63
JSWSTEEL,2024-05-14,881.5,868.63,845.88
JSWSTEEL,2024-05-15,870.95,869.16,847.33
JSWSTEEL,2024-05-16,886.4,871.21,849.06
JSWSTEEL,2024-05-17,907.45,874.34,850.48
JSWSTEEL,2024-05-18,890.8,875.65,851.4
JSWSTEEL,2024-05-21,923.45,879.08,853.38
JSWSTEEL,2024-05-22,915.8,882.3,855.31
JSWSTEEL,2024-05-23,917.0,884.02,857.4
JSWSTEEL,2024-05-24,908.65,884.16,858.97
JSWSTEEL,2024-05-27,901.95,884.89,860.41
JSWSTEEL,2024-05-28,907.35,885.47,862.2
JSWSTEEL,2024-05-29,901.9,886.46,864.38
JSWSTEEL,2024-05-30,883.7,886.12,866.35
JSWSTEEL,2024-05-31,880.55,886.44,868.34
JSWSTEEL,2024-06-03,915.3,888.18,870.56
JSWSTEEL,2024-06-04,841.85,887.4,871.38
JSWSTEEL,2024-06-05,878.4,888.09,873.05
JSWSTEEL,2024-06-06,888.1,890.77,874.57
JSWSTEEL,2024-06-07,912.15,893.69,876.32
JSWSTEEL,2024-06-10,915.9,896.46,878.2
JSWSTEEL,2024-06-11,910.1,897.89,880.04
JSWSTEEL,2024-06-12,916.9,900.18,881.77
JSWSTEEL,2024-06-13,915.75,901.65,882.65
JSWSTEEL,2024-06-14,921.15,902.34,883.48
JSWSTEEL,2024-06-18,925.35,904.06,884.61
JSWSTEEL,2024-06-19,914.95,903.64,885.66
JSWSTEEL,2024-06-20,929.65,904.33,887.11
JSWSTEEL,2024-06-21,936.9,905.33,888.32
JSWSTEEL,2024-06-24,935.35,906.66,889.54
JSWSTEEL,2024-06-25,929.9,908.06,890.45
JSWSTEEL,2024-06-26,919.2,908.65,891.51
JSWSTEEL,2024-06-27,943.15,910.71,893.16
JSWSTEEL,2024-06-28,931.5,913.1,894.89
JSWSTEEL,2024-07-01,943.9,916.27,896.87
JSWSTEEL,2024-07-02,938.25,917.42,898.34
JSWSTEEL,2024-07-03,950.4,922.85,900.25
JSWSTEEL,2024-07-04,944.35,926.15,902.11
JSWSTEEL,2024-07-05,954.05,929.44,903.54
JSWSTEEL,2024-07-08,939.2,930.8,904.21
JSWSTEEL,2024-07-09,935.3,931.76,905.17
JSWSTEEL,2024-07-10,925.4,932.53,905.76
JSWSTEEL,2024-07-11,925.0,932.93,906.62
JSWSTEEL,2024-07-12,934.4,933.87,907.5
JSWSTEEL,2024-07-15,931.7,934.4,908.65
JSWSTEEL,2024-07-16,934.35,934.84,909.72
JSWSTEEL,2024-07-18,931.45,935.67,911.2
JSWSTEEL,2024-07-19,889.45,933.66,911.7
JSWSTEEL,2024-07-22,888.55,931.24,912.78
JSWSTEEL,2024-07-23,893.95,929.17,913.59
JSWSTEEL,2024-07-24,881.35,926.74,914.0
JSWSTEEL,2024-07-25,874.5,924.51,913.86
JSWSTEEL,2024-07-26,900.55,922.38,914.45
JSWSTEEL,2024-07-29,898.55,920.73,914.7
JSWSTEEL,2024-07-30,902.1,918.64,914.59
JSWSTEEL,2024-07-31,928.25,918.14,915.34
JSWSTEEL,2024-08-01,934.55,917.35,915.56
JSWSTEEL,2024-08-02,899.55,915.11,915.24
JSWSTEEL,2024-08-05,863.8,910.6,914.17
JSWSTEEL,2024-08-06,884.0,907.84,913.68
JSWSTEEL,2024-08-07,906.45,906.39,913.77
JSWSTEEL,2024-08-08,887.55,904.5,913.37
JSWSTEEL,2024-08-09,905.1,903.51,913.44
JSWSTEEL,2024-08-12,917.35,902.66,914.11
JSWSTEEL,2024-08-13,907.85,901.46,914.66
JSWSTEEL,2024-08-14,890.3,899.26,914.16
JSWSTEEL,2024-08-16,908.45,898.11,915.49
JSWSTEEL,2024-08-19,917.75,899.52,916.27
JSWSTEEL,2024-08-20,917.15,900.96,916.86
JSWSTEEL,2024-08-21,925.8,902.55,917.13
JSWSTEEL,2024-08-22,933.25,905.14,917.48
JSWSTEEL,2024-08-23,941.05,908.47,918.09
JSWSTEEL,2024-08-26,963.5,911.62,919.03
JSWSTEEL,2024-08-27,944.0,913.89,919.59
JSWSTEEL,2024-08-28,949.25,916.25,920.15
JSWSTEEL,2024-08-29,939.7,916.82,920.44
JSWSTEEL,2024-08-30,941.1,917.15,920.96
JSWSTEEL,2024-09-02,940.45,919.19,921.18
JSWSTEEL,2024-09-03,930.95,922.55,921.06
JSWSTEEL,2024-09-04,933.05,925.0,921.01
JSWSTEEL,2024-09-05,925.45,925.95,920.92
JSWSTEEL,2024-09-06,932.8,928.21,921.2
JSWSTEEL,2024-09-09,934.25,929.67,921.02
JSWSTEEL,2024-09-10,938.75,930.74,921.16
JSWSTEEL,2024-09-11,927.75,931.74,920.84
JSWSTEEL,2024-09-12,954.8,934.96,921.17
JSWSTEEL,2024-09-13,954.55,937.27,921.26
JSWSTEEL,2024-09-16,971.0,939.93,921.79
JSWSTEEL,2024-09-17,964.25,942.29,921.99
JSWSTEEL,2024-09-18,956.7,943.83,922.34
JSWSTEEL,2024-09-19,948.4,944.59,922.6
JSWSTEEL,2024-09-20,981.55,946.61,923.73
JSWSTEEL,2024-09-23,982.1,947.54,924.87
JSWSTEEL,2024-09-24,989.7,949.83,925.98
JSWSTEEL,2024-09-25,982.65,951.5,926.99
JSWSTEEL,2024-09-26,1005.55,954.79,928.42
JSWSTEEL,2024-09-27,1001.55,957.81,929.82
JSWSTEEL,2024-09-30,1030.05,962.29,932.63
JSWSTEEL,2024-10-01,1027.3,967.11,935.41
JSWSTEEL,2024-10-03,1039.1,972.41,938.31
JSWSTEEL,2024-10-04,1033.75,977.83,941.36
JSWSTEEL,2024-10-07,1018.75,982.12,944.24
JSWSTEEL,2024-10-08,998.2,985.32,946.2
JSWSTEEL,2024-10-09,994.5,988.11,948.12
JSWSTEEL,2024-10-10,1007.4,992.09,950.22
JSWSTEEL,2024-10-11,1012.05,994.96,951.9
JSWSTEEL,2024-10-14,1012.5,997.85,953.46
JSWSTEEL,2024-10-15,1000.85,999.34,955.48
JSWSTEEL,2024-10-16,989.35,1000.6,957.99
JSWSTEEL,2024-10-17,979.5,1001.74,959.9
JSWSTEEL,2024-10-18,992.6,1003.95,961.63
JSWSTEEL,2024-10-21,981.45,1003.94,963.5
JSWSTEEL,2024-10-22,963.65,1003.02,964.68
JSWSTEEL,2024-10-23,954.45,1001.26,965.42
JSWSTEEL,2024-10-24,958.1,1000.03,966.42
JSWSTEEL,2024-10-25,943.85,996.95,967.49
JSWSTEEL,2024-10-28,967.25,995.23,968.67
JSWSTEEL,2024-10-29,958.8,991.67,969.49
JSWSTEEL,2024-10-30,957.3,988.17,970.29
JSWSTEEL,2024-10-31,963.65,984.4,971.05
JSWSTEEL,2024-11-01,968.3,981.12,971.75
JSWSTEEL,2024-11-04,954.9,977.93,972.03
JSWSTEEL,2024-11-05,999.5,978.0,972.75
JSWSTEEL,2024-11-06,1008.65,978.7,974.04
JSWSTEEL,2024-11-07,989.8,977.82,974.85
JSWSTEEL,2024-11-08,996.4,977.04,975.99
JSWSTEEL,2024-11-11,979.0,975.37,976.74
JSWSTEEL,2024-11-12,957.25,973.19,977.08
JSWSTEEL,2024-11-13,935.95,970.52,977.18
JSWSTEEL,2024-11-14,939.05,968.5,977.3
JSWSTEEL,2024-11-18,949.85,966.36,977.79
JSWSTEEL,2024-11-19,947.3,964.65,978.08
JSWSTEEL,2024-11-21,944.15,963.68,978.28
JSWSTEEL,2024-11-22,977.35,964.82,979.05
KOTAKBANK,2023-10-03,1727.05,,
KOTAKBANK,2023-10-04,1722.05,,
KOTAKBANK,2023-10-05,1734.25,,
KOTAKBANK,2023-10-06,1743.9,,
KOTAKBANK,2023-10-09,1719.3,,
KOTAKBANK,2023-10-10,1756.1,,
KOTAKBANK,2023-10-11,1771.4,,
KOTAKBANK,2023-10-12,1763.85,,
KOTAKBANK,2023-10-13,1762.0,,
KOTAKBANK,2023-10-16,1749.75,,
KOTAKBANK,2023-10-17,1771.55,,
KOTAKBANK,2023-10-18,1753.4,,
KOTAKBANK,2023-10-19,1738.45,,
KOTAKBANK,2023-10-20,1769.6,,
KOTAKBANK,2023-10-23,1740.75,,
KOTAKBANK,2023-10-25,1728.05,,
KOTAKBANK,2023-10-26,1694.85,,
KOTAKBANK,2023-10-27,1702.7,,
KOTAKBANK,2023-10-30,1717.5,,
KOTAKBANK,2023-10-31,1739.4,1740.3,
KOTAKBANK,2023-11-01,1724.4,1740.16,
KOTAKBANK,2023-11-02,1737.7,1740.95,
KOTAKBANK,2023-11-03,1733.25,1740.9,
KOTAKBANK,2023-11-06,1740.2,1740.71,
KOTAKBANK,2023-11-07,1751.25,1742.31,
KOTAKBANK,2023-11-08,1746.25,1741.81,
KOTAKBANK,2023-11-09,1744.95,1740.49,
KOTAKBANK,2023-11-10,1745.45,1739.57,
KOTAKBANK,2023-11-12,1752.5,1739.1,
KOTAKBANK,2023-11-13,1748.2,1739.02,
KOTAKBANK,2023-11-15,1769.5,1738.92,
KOTAKBANK,2023-11-16,1772.85,1739.89,
KOTAKBANK,2023-11-17,1764.6,1741.2,
KOTAKBANK,2023-11-20,1770.55,1741.24,
KOTAKBANK,2023-11-21,1767.2,1742.57,
KOTAKBANK,2023-11-22,1745.65,1743.45,
KOTAKBANK,2023-11-23,1739.3,1745.67,
KOTAKBANK,2023-11-24,1744.0,1747.74,
KOTAKBANK,2023-11-28,1742.25,1748.97,
KOTAKBANK,2023-11-29,1753.45,1749.68,
KOTAKBANK,2023-11-30,1755.45,1751.23,
KOTAKBANK,2023-12-01,1750.5,1751.87,
KOTAKBANK,2023-12-04,1818.55,1756.13,
KOTAKBANK,2023-12-05,1828.45,1760.54,
KOTAKBANK,2023-12-06,1821.4,1764.05,
KOTAKBANK,2023-12-07,1826.85,1768.08,
KOTAKBANK,2023-12-08,1838.45,1772.76,
KOTAKBANK,2023-12-11,1844.05,1777.69,
KOTAKBANK,2023-12-12,1824.35,1781.28,
KOTAKBANK,2023-12-13,1826.2,1785.18,1758.67
KOTAKBANK,2023-12-14,1853.85,1789.4,1761.21
KOTAKBANK,2023-12-15,1850.6,1793.28,1763.78
KOTAKBANK,2023-12-18,1846.95,1797.4,1766.03
KOTAKBANK,2023-12-19,1846.55,1801.2,1768.09
KOTAKBANK,2023-12-20,1826.5,1804.17,1770.23
KOTAKBANK,2023-12-21,1852.7,1809.52,1772.16
KOTAKBANK,2023-12-22,1860.5,1815.58,1773.94
KOTAKBANK,2023-12-26,1886.85,1822.72,1776.4
KOTAKBANK,2023-12-27,1902.35,1830.73,1779.21
KOTAKBANK,2023-12-28,1921.35,1839.12,1782.64
KOTAKBANK,2023-12-29,1908.1,1846.76,1785.38
KOTAKBANK,2024-01-01,1909.15,1854.69,1788.49
KOTAKBANK,2024-01-02,1865.05,1857.01,1791.02
KOTAKBANK,2024-01-03,1865.9,1858.89,1792.95
KOTAKBANK,2024-01-04,1863.6,1861.0,1795.4
KOTAKBANK,2024-01-05,1847.6,1862.03,1797.8
KOTAKBANK,2024-01-08,1826.1,1861.41,1800.42
KOTAKBANK,2024-01-09,1826.65,1860.54,1802.9
KOTAKBANK,2024-01-10,1820.8,1860.37,1804.97
KOTAKBANK,2024-01-11,1822.85,1860.2,1806.64
KOTAKBANK,2024-01-12,1833.25,1859.17,1808.81
KOTAKBANK,2024-01-15,1851.5,1859.22,1811.09
KOTAKBANK,2024-01-16,1848.0,1859.27,1813.38
KOTAKBANK,2024-01-17,1779.65,1855.92,1814.17
KOTAKBANK,2024-01-18,1777.25,1853.46,1814.69
KOTAKBANK,2024-01-19,1764.3,1849.04,1815.05
KOTAKBANK,2024-01-20,1806.8,1846.36,1816.29
KOTAKBANK,2024-01-23,1784.5,1841.24,1817.07
KOTAKBANK,2024-01-24,1788.6,1835.55,1817.79
KOTAKBANK,2024-01-25,1768.4,1827.9,1818.2
KOTAKBANK,2024-01-29,1822.9,1823.64,1819.26
KOTAKBANK,2024-01-30,1823.6,1819.37,1820.28
KOTAKBANK,2024-01-31,1825.25,1817.38,1821.49
KOTAKBANK,2024-02-01,1822.75,1815.22,1822.54
KOTAKBANK,2024-02-02,1822.95,1813.18,1823.65
KOTAKBANK,2024-02-05,1808.35,1811.22,1824.91
KOTAKBANK,2024-02-06,1787.0,1809.27,1825.86
KOTAKBANK,2024-02-07,1792.6,1807.56,1826.83
KOTAKBANK,2024-02-08,1729.7,1803.01,1826.58
KOTAKBANK,2024-02-09,1742.45,1798.99,1826.36
KOTAKBANK,2024-02-12,1709.55,1792.8,1825.44
KOTAKBANK,2024-02-13,1737.15,1787.09,1825.18
KOTAKBANK,2024-02-14,1748.95,1782.13,1823.78
KOTAKBANK,2024-02-15,1739.25,1780.11,1822.0
KOTAKBANK,2024-02-16,1735.25,1778.02,1820.28
KOTAKBANK,2024-02-19,1731.4,1776.37,1818.37
KOTAKBANK,2024-02-20,1762.5,1774.16,1816.85
KOTAKBANK,2024-02-21,1746.1,1772.24,1814.89
KOTAKBANK,2024-02-22,1724.75,1769.04,1812.9
KOTAKBANK,2024-02-23,1724.0,1766.82,1810.85
KOTAKBANK,2024-02-26,1706.3,1760.99,1807.9
KOTAKBANK,2024-02-27,1706.75,1755.15,1805.03
KOTAKBANK,2024-02-28,1683.6,1748.07,1801.76
KOTAKBANK,2024-02-29,1689.45,1741.4,1798.62
KOTAKBANK,2024-03-01,1727.7,1736.64,1796.64
KOTAKBANK,2024-03-02,1723.7,1732.41,1794.06
KOTAKBANK,2024-03-04,1727.2,1729.42,1791.4
KOTAKBANK,2024-03-05,1715.7,1725.57,1787.97
KOTAKBANK,2024-03-06,1759.75,1727.08,1785.12
KOTAKBANK,2024-03-07,1748.05,1727.36,1781.65
KOTAKBANK,2024-03-11,1729.65,1728.36,1778.08
KOTAKBANK,2024-03-12,1720.35,1727.52,1774.31
KOTAKBANK,2024-03-13,1729.55,1726.55,1771.6
KOTAKBANK,2024-03-14,1742.4,1726.71,1769.13
KOTAKBANK,2024-03-15,1738.3,1726.86,1766.62
KOTAKBANK,2024-03-18,1737.9,1727.18,1764.43
KOTAKBANK,2024-03-19,1749.65,1726.54,1762.9
KOTAKBANK,2024-03-20,1765.4,1727.51,1761.68
KOTAKBANK,2024-03-21,1772.15,1729.88,1760.7
KOTAKBANK,2024-03-22,1776.4,1732.5,1759.77
KOTAKBANK,2024-03-26,1753.7,1734.87,1758.18
KOTAKBANK,2024-03-27,1775.6,1738.31,1756.66
KOTAKBANK,2024-03-28,1785.5,1743.4,1755.41
KOTAKBANK,2024-04-01,1790.7,1748.47,1755.64
KOTAKBANK,2024-04-02,1757.4,1749.95,1755.24
KOTAKBANK,2024-04-03,1731.15,1750.32,1754.58
KOTAKBANK,2024-04-04,1749.15,1751.42,1753.42
KOTAKBANK,2024-04-05,1785.15,1754.9,1753.44
KOTAKBANK,2024-04-08,1788.4,1756.33,1753.43
KOTAKBANK,2024-04-09,1780.6,1757.96,1753.68
KOTAKBANK,2024-04-10,1825.95,1762.77,1753.74
KOTAKBANK,2024-04-12,1813.05,1767.4,1753.52
KOTAKBANK,2024-04-15,1798.15,1770.84,1752.98
KOTAKBANK,2024-04-16,1792.6,1773.34,1752.38
KOTAKBANK,2024-04-18,1786.75,1775.77,1751.66
KOTAKBANK,2024-04-19,1792.65,1778.51,1751.34
KOTAKBANK,2024-04-22,1809.95,1781.52,1751.8
KOTAKBANK,2024-04-23,1813.05,1783.9,1752.21
KOTAKBANK,2024-04-24,1842.8,1787.44,1754.47
KOTAKBANK,2024-04-25,1642.45,1780.74,1752.47
KOTAKBANK,2024-04-26,1608.5,1773.48,1750.45
KOTAKBANK,2024-04-29,1640.4,1766.72,1748.52
KOTAKBANK,2024-04-30,1623.95,1758.64,1746.02
KOTAKBANK,2024-05-02,1575.65,1747.89,1742.74
KOTAKBANK,2024-05-03,1546.7,1737.35,1738.97
KOTAKBANK,2024-05-06,1624.3,1732.01,1736.83
KOTAKBANK,2024-05-07,1643.9,1726.75,1734.46
KOTAKBANK,2024-05-08,1648.35,1719.91,1732.5
KOTAKBANK,2024-05-09,1643.1,1712.64,1730.87
KOTAKBANK,2024-05-10,1627.95,1705.01,1728.95
KOTAKBANK,2024-05-13,1641.2,1695.77,1727.65
KOTAKBANK,2024-05-14,1646.3,1687.44,1726.44
KOTAKBANK,2024-05-15,1650.8,1680.07,1725.78
KOTAKBANK,2024-05-16,1672.05,1674.04,1725.44
KOTAKBANK,2024-05-17,1696.55,1669.53,1724.81
KOTAKBANK,2024-05-18,1696.95,1664.74,1724.28
KOTAKBANK,2024-05-21,1698.25,1659.16,1723.7
KOTAKBANK,2024-05-22,1699.55,1653.48,1723.38
KOTAKBANK,2024-05-23,1709.05,1646.8,1722.36
KOTAKBANK,2024-05-24,1703.45,1649.85,1721.47
KOTAKBANK,2024-05-27,1711.0,1654.97,1721.1
KOTAKBANK,2024-05-28,1703.65,1658.13,1720.76
KOTAKBANK,2024-05-29,1687.85,1661.33,1719.93
KOTAKBANK,2024-05-30,1690.1,1667.05,1718.88
KOTAKBANK,2024-05-31,1680.4,1673.74,1717.72
KOTAKBANK,2024-06-03,1718.05,1678.42,1717.33
KOTAKBANK,2024-06-04,1637.95,1678.13,1715.09
KOTAKBANK,2024-06-05,1718.1,1681.62,1714.15
KOTAKBANK,2024-06-06,1734.7,1686.2,1713.4
KOTAKBANK,2024-06-07,1753.7,1692.48,1712.94
KOTAKBANK,2024-06-10,1745.65,1697.7,1712.78
KOTAKBANK,2024-06-11,1720.0,1701.39,1711.67
KOTAKBANK,2024-06-12,1715.75,1704.64,1710.28
KOTAKBANK,2024-06-13,1726.35,1707.35,1708.99
KOTAKBANK,2024-06-14,1717.2,1708.38,1708.18
KOTAKBANK,2024-06-18,1719.4,1709.51,1707.95
KOTAKBANK,2024-06-19,1746.7,1711.93,1707.9
KOTAKBANK,2024-06-20,1766.25,1715.26,1707.52
KOTAKBANK,2024-06-21,1775.65,1718.6,1707.27
KOTAKBANK,2024-06-24,1772.55,1722.05,1707.11
KOTAKBANK,2024-06-25,1781.9,1725.6,1706.23
KOTAKBANK,2024-06-26,1798.15,1730.32,1705.93
KOTAKBANK,2024-06-27,1830.55,1737.46,1706.58
KOTAKBANK,2024-06-28,1802.5,1743.08,1706.77
KOTAKBANK,2024-07-01,1808.1,1749.46,1707.2
KOTAKBANK,2024-07-02,1769.6,1752.04,1706.74
KOTAKBANK,2024-07-03,1810.7,1760.68,1706.76
KOTAKBANK,2024-07-04,1833.85,1766.46,1707.17
KOTAKBANK,2024-07-05,1852.7,1772.36,1707.37
KOTAKBANK,2024-07-08,1853.2,1777.34,1711.58
KOTAKBANK,2024-07-09,1847.85,1782.45,1716.37
KOTAKBANK,2024-07-10,1829.85,1787.94,1720.16
KOTAKBANK,2024-07-11,1844.5,1794.38,1724.57
KOTAKBANK,2024-07-12,1832.85,1799.7,1729.72
KOTAKBANK,2024-07-15,1843.55,1806.02,1735.65
KOTAKBANK,2024-07-16,1805.3,1810.32,1739.27
KOTAKBANK,2024-07-18,1826.75,1814.32,1742.93
KOTAKBANK,2024-07-19,1821.6,1817.08,1746.39
KOTAKBANK,2024-07-22,1757.55,1816.18,1748.68
KOTAKBANK,2024-07-23,1768.9,1816.0,1751.5
KOTAKBANK,2024-07-24,1746.2,1814.21,1753.6
KOTAKBANK,2024-07-25,1775.15,1813.06,1756.18
KOTAKBANK,2024-07-26,1813.85,1812.23,1759.44
KOTAKBANK,2024-07-29,1793.9,1811.8,1761.88
KOTAKBANK,2024-07-30,1786.1,1810.7,1763.67
KOTAKBANK,2024-07-31,1807.9,1812.61,1765.89
KOTAKBANK,2024-08-01,1792.65,1811.71,1767.78
KOTAKBANK,2024-08-02,1803.45,1810.19,1769.85
KOTAKBANK,2024-08-05,1773.65,1806.24,1771.14
KOTAKBANK,2024-08-06,1770.55,1802.1,1772.49
KOTAKBANK,2024-08-07,1776.55,1798.54,1773.8
KOTAKBANK,2024-08-08,1772.75,1795.69,1775.18
KOTAKBANK,2024-08-09,1769.65,1791.94,1776.82
KOTAKBANK,2024-08-12,1772.55,1788.93,1778.46
KOTAKBANK,2024-08-13,1752.05,1784.35,1779.9
KOTAKBANK,2024-08-14,1747.9,1781.48,1780.5
KOTAKBANK,2024-08-16,1777.3,1779.01,1783.28
KOTAKBANK,2024-08-19,1781.35,1777.0,1784.55
KOTAKBANK,2024-08-20,1805.65,1779.4,1785.97
KOTAKBANK,2024-08-21,1812.95,1781.61,1787.15
KOTAKBANK,2024-08-22,1821.5,1785.37,1788.67
KOTAKBANK,2024-08-23,1818.0,1787.51,1790.63
KOTAKBANK,2024-08-26,1812.5,1787.45,1792.56
KOTAKBANK,2024-08-27,1803.35,1787.92,1794.1
KOTAKBANK,2024-08-28,1791.3,1788.18,1795.58
KOTAKBANK,2024-08-29,1777.25,1786.64,1796.74
KOTAKBANK,2024-08-30,1780.8,1786.05,1797.42
KOTAKBANK,2024-09-02,1780.25,1784.89,1797.7
KOTAKBANK,2024-09-03,1783.8,1785.4,1797.87
KOTAKBANK,2024-09-04,1783.8,1786.06,1798.09
KOTAKBANK,2024-09-05,1777.95,1786.13,1798.01
KOTAKBANK,2024-09-06,1764.15,1785.7,1797.33
KOTAKBANK,2024-09-09,1790.15,1786.73,1796.52
KOTAKBANK,2024-09-10,1791.6,1787.68,1796.31
KOTAKBANK,2024-09-11,1789.25,1789.54,1795.93
KOTAKBANK,2024-09-12,1827.45,1793.52,1797.09
KOTAKBANK,2024-09-13,1820.35,1795.67,1797.28
KOTAKBANK,2024-09-16,1831.3,1798.17,1797.23
KOTAKBANK,2024-09-17,1846.65,1800.22,1797.11
KOTAKBANK,2024-09-18,1839.7,1801.55,1796.84
KOTAKBANK,2024-09-19,1871.95,1804.08,1797.32
KOTAKBANK,2024-09-20,1904.5,1808.4,1798.81
KOTAKBANK,2024-09-23,1934.7,1814.51,1800.62
KOTAKBANK,2024-09-24,1914.7,1820.08,1802.25
KOTAKBANK,2024-09-25,1897.95,1825.41,1803.34
KOTAKBANK,2024-09-26,1902.3,1831.67,1805.28
KOTAKBANK,2024-09-27,1872.45,1836.25,1806.2
KOTAKBANK,2024-09-30,1853.95,1839.93,1806.84
KOTAKBANK,2024-10-01,1879.4,1844.71,1809.28
KOTAKBANK,2024-10-03,1822.8,1846.66,1810.36
KOTAKBANK,2024-10-04,1809.0,1848.21,1811.61
KOTAKBANK,2024-10-07,1790.25,1849.52,1811.92
KOTAKBANK,2024-10-08,1803.4,1850.18,1811.71
KOTAKBANK,2024-10-09,1800.8,1850.64,1811.84
KOTAKBANK,2024-10-10,1876.1,1854.98,1813.64
KOTAKBANK,2024-10-11,1882.4,1857.73,1815.14
KOTAKBANK,2024-10-14,1910.8,1862.26,1817.5
KOTAKBANK,2024-10-15,1895.2,1865.45,1819.33
KOTAKBANK,2024-10-16,1876.35,1866.94,1821.39
KOTAKBANK,2024-10-17,1864.05,1868.15,1823.26
KOTAKBANK,2024-10-18,1871.05,1868.11,1825.15
KOTAKBANK,2024-10-21,1789.2,1862.34,1825.48
KOTAKBANK,2024-10-22,1763.15,1853.76,1825.35
KOTAKBANK,2024-10-23,1767.8,1846.42,1825.25
KOTAKBANK,2024-10-24,1762.2,1839.63,1825.45
KOTAKBANK,2024-10-25,1768.85,1832.96,1825.87
KOTAKBANK,2024-10-28,1749.85,1826.83,1825.32
KOTAKBANK,2024-10-29,1760.2,1822.14,1824.9
KOTAKBANK,2024-10-30,1734.6,1814.9,1823.48
KOTAKBANK,2024-10-31,1731.1,1810.32,1821.84
KOTAKBANK,2024-11-01,1744.4,1807.09,1820.3
KOTAKBANK,2024-11-04,1729.35,1804.04,1818.53
KOTAKBANK,2024-11-05,1757.15,1801.73,1817.42
KOTAKBANK,2024-11-06,1762.6,1799.82,1816.61
KOTAKBANK,2024-11-07,1746.9,1793.36,1815.72
KOTAKBANK,2024-11-08,1745.8,1786.53,1815.09
KOTAKBANK,2024-11-11,1744.0,1778.19,1814.35
KOTAKBANK,2024-11-12,1721.4,1769.5,1813.18
KOTAKBANK,2024-11-13,1687.85,1760.08,1811.26
KOTAKBANK,2024-11-14,1707.9,1752.27,1809.74
KOTAKBANK,2024-11-18,1722.75,1744.85,1808.64
KOTAKBANK,2024-11-19,1727.75,1741.78,1807.91
KOTAKBANK,2024-11-21,1737.1,1740.48,1806.85
KOTAKBANK,2024-11-22,1761.45,1740.16,1806.24
LT,2023-10-03,3073.25,,
LT,2023-10-04,3027.75,,
LT,2023-10-05,3096.05,,
LT,2023-10-06,3093.7,,
LT,2023-10-09,3074.7,,
LT,2023-10-10,3076.0,,
LT,2023-10-11,3088.7,,
LT,2023-10-12,3081.75,,
LT,2023-10-13,3089.6,,
LT,2023-10-16,3101.9,,
LT,2023-10-17,3066.3,,
LT,2023-10-18,3045.6,,
LT,2023-10-19,3054.4,,
LT,2023-10-20,3012.35,,
LT,2023-10-23,2958.3,,
LT,2023-10-25,2916.1,,
LT,2023-10-26,2864.6,,
LT,2023-10-27,2901.9,,
LT,2023-10-30,2926.35,,
LT,2023-10-31,2929.05,3023.92,
LT,2023-11-01,2895.3,3015.02,
LT,2023-11-02,2918.1,3009.54,
LT,2023-11-03,2911.25,3000.3,
LT,2023-11-06,2975.45,2994.38,
LT,2023-11-07,2961.3,2988.72,
LT,2023-11-08,2996.45,2984.74,
LT,2023-11-09,3024.85,2981.54,
LT,2023-11-10,3033.25,2979.12,
LT,2023-11-12,3052.0,2977.24,
LT,2023-11-13,3048.5,2974.57,
LT,2023-11-15,3064.95,2974.5,
LT,2023-11-16,3051.15,2974.78,
LT,2023-11-17,3109.0,2977.51,
LT,2023-11-20,3088.8,2981.33,
LT,2023-11-21,3074.85,2987.16,
LT,2023-11-22,3082.3,2995.47,
LT,2023-11-23,3045.65,3004.52,
LT,2023-11-24,3054.25,3012.14,
LT,2023-11-28,3050.0,3018.32,
LT,2023-11-29,3083.75,3026.06,
LT,2023-11-30,3109.2,3036.75,
LT,2023-12-01,3190.65,3050.38,
LT,2023-12-04,3313.55,3070.5,
LT,2023-12-05,3315.45,3087.5,
LT,2023-12-06,3392.3,3109.04,
LT,2023-12-07,3355.6,3127.0,
LT,2023-12-08,3378.45,3144.68,
LT,2023-12-11,3385.8,3162.31,
LT,2023-12-12,3342.4,3176.83,
LT,2023-12-13,3399.8,3194.39,3083.65
LT,2023-12-14,3433.1,3212.8,3090.85
LT,2023-12-15,3488.0,3234.64,3100.06
LT,2023-12-18,3491.6,3253.78,3107.97
LT,2023-12-19,3498.95,3274.28,3116.07
LT,2023-12-20,3418.5,3291.46,3122.95
LT,2023-12-21,3424.15,3308.56,3129.91
LT,2023-12-22,3477.95,3330.17,3137.7
LT,2023-12-26,3490.05,3351.96,3145.86
LT,2023-12-27,3544.0,3376.66,3154.95
LT,2023-12-28,3518.05,3398.38,3163.27
LT,2023-12-29,3526.0,3419.22,3172.47
LT,2024-01-01,3525.45,3435.96,3182.06
LT,2024-01-02,3438.1,3442.18,3189.74
LT,2024-01-03,3440.35,3448.43,3198.3
LT,2024-01-04,3458.7,3451.75,3208.31
LT,2024-01-05,3521.9,3460.06,3220.42
LT,2024-01-08,3501.1,3466.2,3233.15
LT,2024-01-09,3555.95,3474.7,3246.23
LT,2024-01-10,3545.5,3484.86,3258.62
LT,2024-01-11,3504.85,3490.11,3270.13
LT,2024-01-12,3568.8,3496.9,3283.6
LT,2024-01-15,3543.05,3499.65,3296.1
LT,2024-01-16,3573.5,3503.74,3309.35
LT,2024-01-17,3570.95,3507.34,3321.26
LT,2024-01-18,3596.0,3516.22,3333.95
LT,2024-01-19,3646.0,3527.31,3346.94
LT,2024-01-20,3634.5,3535.14,3359.13
LT,2024-01-23,3551.0,3538.19,3369.49
LT,2024-01-24,3589.2,3540.45,3380.23
LT,2024-01-25,3593.45,3544.22,3391.13
LT,2024-01-29,3708.0,3553.32,3403.99
LT,2024-01-30,3633.3,3558.71,3415.64
LT,2024-01-31,3479.75,3560.79,3423.05
LT,2024-02-01,3398.0,3558.68,3429.24
LT,2024-02-02,3376.05,3554.54,3435.26
LT,2024-02-05,3341.75,3545.54,3440.45
LT,2024-02-06,3424.25,3541.69,3448.02
LT,2024-02-07,3394.7,3533.63,3454.83
LT,2024-02-08,3335.5,3523.13,3460.54
LT,2024-02-09,3324.55,3514.11,3465.36
LT,2024-02-12,3299.55,3500.65,3469.16
LT,2024-02-13,3321.5,3489.58,3471.78
LT,2024-02-14,3309.0,3476.35,3471.69
LT,2024-02-15,3300.3,3462.82,3471.38
LT,2024-02-16,3386.75,3452.36,3471.27
LT,2024-02-19,3339.85,3437.05,3470.96
LT,2024-02-20,3356.75,3423.16,3470.52
LT,2024-02-21,3296.4,3410.43,3468.74
LT,2024-02-22,3363.75,3399.16,3469.16
LT,2024-02-23,3387.95,3388.88,3468.93
LT,2024-02-26,3470.15,3376.99,3469.67
LT,2024-02-27,3506.45,3370.65,3470.04
LT,2024-02-28,3470.2,3370.17,3469.61
LT,2024-02-29,3477.55,3374.15,3469.18
LT,2024-03-01,3633.5,3387.02,3473.48
LT,2024-03-02,3655.25,3402.7,3478.1
LT,2024-03-04,3644.45,3413.71,3481.43
LT,2024-03-05,3612.6,3424.6,3483.88
LT,2024-03-06,3642.2,3439.94,3485.85
LT,2024-03-07,3676.95,3457.56,3489.03
LT,2024-03-11,3640.6,3474.61,3491.32
LT,2024-03-12,3621.65,3489.62,3493.24
LT,2024-03-13,3538.55,3501.09,3495.25
LT,2024-03-14,3608.2,3516.49,3498.61
LT,2024-03-15,3537.15,3524.01,3500.18
LT,2024-03-18,3561.2,3535.08,3500.96
LT,2024-03-19,3501.7,3542.32,3500.98
LT,2024-03-20,3509.7,3552.99,3500.05
LT,2024-03-21,3560.0,3562.8,3500.34
LT,2024-03-22,3617.8,3574.29,3502.6
LT,2024-03-26,3670.1,3584.29,3504.62
LT,2024-03-27,3706.4,3594.29,3507.89
LT,2024-03-28,3763.9,3608.97,3511.7
LT,2024-04-01,3838.0,3627.0,3517.04
LT,2024-04-02,3807.4,3635.69,3521.27
LT,2024-04-03,3782.45,3642.05,3524.0
LT,2024-04-04,3797.85,3649.72,3527.26
LT,2024-04-05,3743.1,3656.24,3531.11
LT,2024-04-08,3807.85,3664.53,3535.48
LT,2024-04-09,3785.25,3669.94,3539.32
LT,2024-04-10,3753.2,3675.57,3540.22
LT,2024-04-12,3679.25,3678.45,3541.14
LT,2024-04-15,3600.8,3681.56,3543.56
LT,2024-04-16,3543.45,3678.33,3546.47
LT,2024-04-18,3550.95,3679.02,3549.97
LT,2024-04-19,3518.35,3676.88,3553.5
LT,2024-04-22,3612.7,3682.42,3557.27
LT,2024-04-23,3610.15,3687.45,3561.58
LT,2024-04-24,3634.85,3691.19,3567.56
LT,2024-04-25,3652.3,3692.92,3574.12
LT,2024-04-26,3605.2,3689.67,3580.23
LT,2024-04-29,3634.3,3686.06,3586.49
LT,2024-04-30,3594.3,3677.58,3592.19
LT,2024-05-02,3599.5,3665.66,3598.18
LT,2024-05-03,3499.8,3650.28,3600.44
LT,2024-05-06,3463.3,3634.32,3602.91
LT,2024-05-07,3427.75,3615.82,3604.33
LT,2024-05-08,3486.85,3603.0,3608.14
LT,2024-05-09,3275.45,3576.38,3606.37
LT,2024-05-10,3271.45,3550.7,3604.04
LT,2024-05-13,3293.85,3527.73,3600.52
LT,2024-05-14,3379.45,3512.74,3597.98
LT,2024-05-15,3411.3,3503.26,3596.8
LT,2024-05-16,3460.6,3499.12,3596.46
LT,2024-05-17,3450.75,3494.11,3592.8
LT,2024-05-18,3464.2,3491.4,3588.98
LT,2024-05-21,3440.95,3482.82,3584.91
LT,2024-05-22,3460.85,3475.35,3581.88
LT,2024-05-23,3585.4,3472.88,3580.74
LT,2024-05-24,3625.9,3471.56,3579.72
LT,2024-05-27,3652.0,3473.9,3579.95
LT,2024-05-28,3658.2,3475.09,3580.68
LT,2024-05-29,3634.8,3477.12,3582.6
LT,2024-05-30,3634.7,3478.88,3583.13
LT,2024-05-31,3669.3,3487.35,3585.78
LT,2024-06-03,3897.15,3509.05,3592.5
LT,2024-06-04,3403.2,3507.82,3590.53
LT,2024-06-05,3409.0,3503.92,3588.51
LT,2024-06-06,3482.55,3514.28,3586.96
LT,2024-06-07,3532.5,3527.33,3585.26
LT,2024-06-10,3543.75,3539.83,3582.73
LT,2024-06-11,3598.7,3550.79,3580.58
LT,2024-06-12,3630.3,3561.74,3577.9
LT,2024-06-13,3703.65,3573.89,3575.22
LT,2024-06-14,3687.8,3585.74,3572.82
LT,2024-06-18,3689.2,3597.0,3570.96
LT,2024-06-19,3589.95,3604.44,3566.8
LT,2024-06-20,3594.45,3611.12,3563.83
LT,2024-06-21,3535.0,3608.61,3558.37
LT,2024-06-24,3531.6,3603.89,3553.3
LT,2024-06-25,3587.8,3600.68,3549.99
LT,2024-06-26,3602.95,3597.92,3548.46
LT,2024-06-27,3564.4,3594.4,3547.74
LT,2024-06-28,3548.45,3590.08,3547.84
LT,2024-07-01,3526.55,3582.95,3547.35
LT,2024-07-02,3626.5,3569.42,3549.51
LT,2024-07-03,3614.35,3579.97,3549.54
LT,2024-07-04,3573.3,3588.19,3548.81
LT,2024-07-05,3627.15,3595.42,3548.65
LT,2024-07-08,3632.0,3600.39,3548.25
LT,2024-07-09,3666.1,3606.51,3549.47
LT,2024-07-10,3650.05,3609.08,3549.78
LT,2024-07-11,3621.1,3608.62,3550.32
LT,2024-07-12,3649.35,3605.9,3551.31
LT,2024-07-15,3651.6,3604.09,3554.35
LT,2024-07-16,3636.55,3601.46,3557.82
LT,2024-07-18,3656.2,3604.77,3562.38
LT,2024-07-19,3618.5,3605.98,3565.02
LT,2024-07-22,3651.45,3611.8,3572.54
LT,2024-07-23,3538.05,3612.12,3577.87
LT,2024-07-24,3519.45,3608.7,3582.38
LT,2024-07-25,3619.15,3609.51,3587.18
LT,2024-07-26,3679.9,3615.29,3592.55
LT,2024-07-29,3774.95,3626.61,3598.83
LT,2024-07-30,3784.65,3639.52,3605.51
LT,2024-07-31,3815.0,3648.94,3612.53
LT,2024-08-01,3779.3,3657.19,3619.3
LT,2024-08-02,3665.7,3661.81,3623.39
LT,2024-08-05,3528.0,3656.85,3622.24
LT,2024-08-06,3576.2,3654.06,3621.25
LT,2024-08-07,3638.25,3652.67,3620.98
LT,2024-08-08,3553.55,3647.84,3618.88
LT,2024-08-09,3592.05,3646.39,3618.03
LT,2024-08-12,3571.95,3642.52,3616.77
LT,2024-08-13,3551.8,3637.53,3614.42
LT,2024-08-14,3545.2,3632.96,3607.38
LT,2024-08-16,3568.35,3628.57,3610.69
LT,2024-08-19,3555.05,3625.4,3613.61
LT,2024-08-20,3572.7,3621.46,3615.41
LT,2024-08-21,3596.05,3624.36,3616.68
LT,2024-08-22,3606.5,3628.72,3617.94
LT,2024-08-23,3598.55,3627.68,3617.93
LT,2024-08-26,3641.9,3625.78,3618.16
LT,2024-08-27,3702.7,3622.17,3618.15
LT,2024-08-28,3689.05,3617.39,3618.17
LT,2024-08-29,3683.45,3610.82,3618.06
LT,2024-08-30,3704.65,3607.08,3620.35
LT,2024-09-02,3683.1,3607.95,3622.12
LT,2024-09-03,3690.15,3616.06,3625.23
LT,2024-09-04,3650.8,3619.79,3627.61
LT,2024-09-05,3624.15,3619.09,3628.34
LT,2024-09-06,3574.75,3620.15,3627.77
LT,2024-09-09,3578.3,3619.46,3628.05
LT,2024-09-10,3596.15,3620.67,3629.0
LT,2024-09-11,3536.95,3619.92,3629.21
LT,2024-09-12,3622.0,3623.77,3629.12
LT,2024-09-13,3613.0,3626.0,3629.1
LT,2024-09-16,3662.25,3631.36,3630.88
LT,2024-09-17,3695.2,3637.48,3632.24
LT,2024-09-18,3730.45,3644.2,3634.2
LT,2024-09-19,3683.7,3648.06,3634.56
LT,2024-09-20,3793.9,3657.83,3637.43
LT,2024-09-23,3787.7,3665.12,3640.77
LT,2024-09-24,3791.6,3669.56,3643.61
LT,2024-09-25,3793.85,3674.8,3646.46
LT,2024-09-26,3762.15,3678.74,3648.97
LT,2024-09-27,3705.65,3678.79,3649.96
LT,2024-09-30,3675.55,3678.41,3651.1
LT,2024-10-01,3653.5,3676.58,3651.14
LT,2024-10-03,3497.65,3668.92,3650.33
LT,2024-10-04,3493.95,3662.41,3649.82
LT,2024-10-07,3468.35,3657.09,3646.8
LT,2024-10-08,3532.4,3654.8,3643.86
LT,2024-10-09,3487.1,3649.34,3638.1
LT,2024-10-10,3460.35,3645.52,3631.61
LT,2024-10-11,3482.55,3638.54,3624.96
LT,2024-10-14,3555.05,3635.64,3620.48
LT,2024-10-15,3551.9,3630.13,3618.2
LT,2024-10-16,3532.6,3622.0,3618.29
LT,2024-10-17,3570.3,3613.99,3618.18
LT,2024-10-18,3577.8,3608.7,3616.97
LT,2024-10-21,3585.6,3598.28,3617.61
LT,2024-10-22,3511.9,3584.49,3616.0
LT,2024-10-23,3455.4,3567.68,3613.67
LT,2024-10-24,3442.65,3550.12,3611.49
LT,2024-10-25,3326.4,3528.33,3607.12
LT,2024-10-28,3340.8,3510.09,3602.56
LT,2024-10-29,3380.9,3495.36,3599.08
LT,2024-10-30,3408.35,3483.1,3595.79
LT,2024-10-31,3622.3,3489.33,3596.32
LT,2024-11-01,3626.35,3495.95,3596.72
LT,2024-11-04,3574.45,3501.26,3596.23
LT,2024-11-05,3574.8,3503.38,3594.89
LT,2024-11-06,3645.45,3511.3,3593.75
LT,2024-11-07,3646.55,3520.61,3592.9
LT,2024-11-08,3660.3,3529.49,3592.43
LT,2024-11-11,3628.85,3533.18,3590.92
LT,2024-11-12,3591.35,3535.16,3589.08
LT,2024-11-13,3547.95,3535.92,3586.24
LT,2024-11-14,3526.25,3533.72,3583.75
LT,2024-11-18,3542.15,3531.94,3582.11
LT,2024-11-19,3505.9,3527.95,3580.73
LT,2024-11-21,3483.5,3526.53,3578.84
LT,2024-11-22,3603.5,3533.94,3578.98
M&M,2023-10-03,1537.4,,
M&M,2023-10-04,1522.1,,
M&M,2023-10-05,1537.95,,
M&M,2023-10-06,1548.85,,
M&M,2023-10-09,1515.2,,
M&M,2023-10-10,1537.85,,
M&M,2023-10-11,1556.3,,
M&M,2023-10-12,1566.65,,
M&M,2023-10-13,1562.45,,
M&M,2023-10-16,1574.55,,
M&M,2023-10-17,1576.6,,
M&M,2023-10-18,1574.85,,
M&M,2023-10-19,1569.55,,
M&M,2023-10-20,1558.25,,
M&M,2023-10-23,1565.15,,
M&M,2023-10-25,1569.1,,
M&M,2023-10-26,1506.1,,
M&M,2023-10-27,1510.8,,
M&M,2023-10-30,1497.8,,
M&M,2023-10-31,1458.6,1542.3,
M&M,2023-11-01,1454.6,1538.16,
M&M,2023-11-02,1469.7,1535.54,
M&M,2023-11-03,1469.0,1532.1,
M&M,2023-11-06,1488.3,1529.07,
M&M,2023-11-07,1479.75,1527.3,
M&M,2023-11-08,1487.4,1524.78,
M&M,2023-11-09,1552.05,1524.56,
M&M,2023-11-10,1524.1,1522.44,
M&M,2023-11-12,1526.25,1520.62,
M&M,2023-11-13,1540.25,1518.91,
M&M,2023-11-15,1544.15,1517.29,
M&M,2023-11-16,1569.5,1517.02,
M&M,2023-11-17,1584.55,1517.77,
M&M,2023-11-20,1552.2,1517.47,
M&M,2023-11-21,1559.75,1517.2,
M&M,2023-11-22,1543.45,1515.92,
M&M,2023-11-23,1545.85,1517.9,
M&M,2023-11-24,1553.2,1520.02,
M&M,2023-11-28,1566.05,1523.44,
M&M,2023-11-29,1619.1,1531.46,
M&M,2023-11-30,1647.75,1541.12,
M&M,2023-12-01,1625.5,1548.91,
M&M,2023-12-04,1656.85,1558.3,
M&M,2023-12-05,1686.05,1568.19,
M&M,2023-12-06,1702.4,1579.32,
M&M,2023-12-07,1692.65,1589.58,
M&M,2023-12-08,1668.55,1595.41,
M&M,2023-12-11,1652.2,1601.81,
M&M,2023-12-12,1635.4,1607.27,
M&M,2023-12-13,1666.15,1613.56,1562.18
M&M,2023-12-14,1703.55,1621.54,1565.5
M&M,2023-12-15,1724.95,1629.31,1569.56
M&M,2023-12-18,1710.8,1635.62,1573.01
M&M,2023-12-19,1699.35,1642.98,1576.02
M&M,2023-12-20,1646.95,1647.34,1578.66
M&M,2023-12-21,1633.85,1651.86,1580.58
M&M,2023-12-22,1634.25,1656.28,1582.14
M&M,2023-12-26,1662.25,1661.73,1584.05
M&M,2023-12-27,1687.95,1667.82,1586.56
M&M,2023-12-28,1734.45,1673.59,1589.76
M&M,2023-12-29,1729.4,1677.68,1592.81
M&M,2024-01-01,1703.3,1681.56,1595.38
M&M,2024-01-02,1656.2,1681.53,1597.12
M&M,2024-01-03,1655.25,1679.99,1599.06
M&M,2024-01-04,1641.7,1676.96,1600.59
M&M,2024-01-05,1642.0,1674.42,1602.04
M&M,2024-01-08,1616.15,1671.8,1604.24
M&M,2024-01-09,1629.9,1670.69,1606.63
M&M,2024-01-10,1632.8,1670.56,1609.33
M&M,2024-01-11,1628.65,1668.68,1612.73
M&M,2024-01-12,1624.45,1664.73,1616.12
M&M,2024-01-15,1635.55,1660.26,1619.44
M&M,2024-01-16,1620.35,1655.74,1622.47
M&M,2024-01-17,1597.7,1650.66,1624.66
M&M,2024-01-18,1617.25,1649.17,1627.41
M&M,2024-01-19,1655.55,1650.26,1630.77
M&M,2024-01-20,1622.3,1649.66,1632.18
M&M,2024-01-23,1595.2,1646.3,1633.6
M&M,2024-01-24,1628.1,1643.31,1635.63
M&M,2024-01-25,1635.5,1638.37,1637.54
M&M,2024-01-29,1640.0,1633.9,1639.46
M&M,2024-01-30,1620.35,1629.75,1640.47
M&M,2024-01-31,1651.55,1629.52,1641.81
M&M,2024-02-01,1651.15,1629.31,1643.79
M&M,2024-02-02,1660.75,1630.26,1645.81
M&M,2024-02-05,1703.55,1633.34,1649.01
M&M,2024-02-06,1727.65,1638.92,1652.65
M&M,2024-02-07,1721.0,1643.47,1656.01
M&M,2024-02-08,1685.9,1646.12,1658.4
M&M,2024-02-09,1646.4,1647.01,1658.95
M&M,2024-02-12,1660.45,1648.81,1659.2
M&M,2024-02-13,1646.75,1649.37,1659.63
M&M,2024-02-14,1657.05,1651.21,1659.63
M&M,2024-02-15,1765.05,1659.58,1661.21
M&M,2024-02-16,1835.55,1670.49,1663.88
M&M,2024-02-19,1848.55,1680.14,1666.99
M&M,2024-02-20,1853.65,1691.71,1670.7
M&M,2024-02-21,1859.65,1704.93,1674.84
M&M,2024-02-22,1910.35,1719.04,1680.34
M&M,2024-02-23,1929.95,1733.76,1685.62
M&M,2024-02-26,1929.8,1748.26,1690.14
M&M,2024-02-27,1950.6,1764.77,1694.66
M&M,2024-02-28,1901.65,1777.27,1698.47
M&M,2024-02-29,1932.4,1791.34,1703.14
M&M,2024-03-01,1972.95,1806.95,1709.66
M&M,2024-03-02,1960.1,1819.77,1716.18
M&M,2024-03-04,1921.05,1829.44,1721.92
M&M,2024-03-05,1939.25,1840.36,1727.46
M&M,2024-03-06,1970.65,1854.59,1733.11
M&M,2024-03-07,1897.55,1867.15,1736.37
M&M,2024-03-11,1894.35,1878.84,1739.67
M&M,2024-03-12,1895.15,1891.26,1743.51
M&M,2024-03-13,1853.7,1901.1,1747.46
M&M,2024-03-14,1890.55,1907.37,1752.16
M&M,2024-03-15,1799.5,1905.57,1755.32
M&M,2024-03-18,1856.05,1905.95,1759.6
M&M,2024-03-19,1843.9,1905.46,1764.16
M&M,2024-03-20,1844.4,1904.7,1768.45
M&M,2024-03-21,1865.85,1902.47,1773.11
M&M,2024-03-22,1878.8,1899.91,1778.11
M&M,2024-03-26,1863.95,1896.62,1782.9
M&M,2024-03-27,1881.15,1893.15,1787.81
M&M,2024-03-28,1921.35,1894.13,1793.83
M&M,2024-04-01,1915.95,1893.31,1800.2
M&M,2024-04-02,1971.95,1893.26,1807.29
M&M,2024-04-03,1989.3,1894.72,1813.97
M&M,2024-04-04,2002.7,1898.8,1821.57
M&M,2024-04-05,2013.3,1902.5,1829.94
M&M,2024-04-08,2078.1,1907.88,1838.94
M&M,2024-04-09,2090.9,1917.54,1848.04
M&M,2024-04-10,2076.2,1926.64,1856.77
M&M,2024-04-12,2070.95,1935.43,1865.78
M&M,2024-04-15,2053.45,1945.41,1873.82
M&M,2024-04-16,2031.3,1952.45,1881.42
M&M,2024-04-18,2024.95,1963.72,1888.7
M&M,2024-04-19,2082.9,1975.07,1896.29
M&M,2024-04-22,2090.65,1987.4,1903.55
M&M,2024-04-23,2062.6,1998.31,1910.38
M&M,2024-04-24,2058.45,2007.95,1917.84
M&M,2024-04-25,2096.85,2018.85,1926.84
M&M,2024-04-26,2044.9,2027.9,1934.53
M&M,2024-04-29,2062.05,2036.94,1942.84
M&M,2024-04-30,2156.35,2048.69,1952.82
M&M,2024-05-02,2185.15,2062.15,1961.23
M&M,2024-05-03,2193.0,2073.2,1968.38
M&M,2024-05-06,2224.95,2084.98,1975.9
M&M,2024-05-07,2191.5,2094.43,1982.66
M&M,2024-05-08,2182.4,2102.88,1989.12
M&M,2024-05-09,2212.55,2109.6,1995.16
M&M,2024-05-10,2193.05,2114.71,2000.42
M&M,2024-05-13,2184.25,2120.11,2005.51
M&M,2024-05-14,2269.9,2130.06,2011.9
M&M,2024-05-15,2302.3,2142.5,2019.91
M&M,2024-05-16,2371.75,2159.52,2028.7
M&M,2024-05-17,2514.6,2184.01,2039.53
M&M,2024-05-18,2503.7,2205.05,2050.4
M&M,2024-05-21,2522.65,2226.65,2062.43
M&M,2024-05-22,2521.05,2249.57,2074.07
M&M,2024-05-23,2609.2,2277.11,2086.84
M&M,2024-05-24,2579.75,2301.25,2100.48
M&M,2024-05-27,2549.1,2326.46,2113.58
M&M,2024-05-28,2552.8,2351.0,2126.73
M&M,2024-05-29,2533.65,2369.87,2140.33
M&M,2024-05-30,2493.5,2385.28,2152.39
M&M,2024-05-31,2506.25,2400.95,2166.53
M&M,2024-06-03,2634.0,2421.4,2182.08
M&M,2024-06-04,2572.9,2440.47,2196.66
M&M,2024-06-05,2740.95,2468.4,2214.6
M&M,2024-06-06,2699.85,2492.76,2231.28
M&M,2024-06-07,2857.45,2525.98,2250.85
M&M,2024-06-10,2807.55,2557.14,2269.72
M&M,2024-06-11,2835.55,2585.43,2288.81
M&M,2024-06-12,2787.55,2609.69,2306.13
M&M,2024-06-13,2861.7,2634.19,2325.05
M&M,2024-06-14,2928.6,2654.89,2344.18
M&M,2024-06-18,2961.9,2677.8,2363.63
M&M,2024-06-19,2933.85,2698.36,2382.26
M&M,2024-06-20,2871.2,2715.86,2399.41
M&M,2024-06-21,2839.95,2727.4,2414.65
M&M,2024-06-24,2915.8,2744.21,2431.15
M&M,2024-06-25,2909.4,2762.22,2447.81
M&M,2024-06-26,2851.5,2777.16,2463.42
M&M,2024-06-27,2888.95,2794.92,2480.13
M&M,2024-06-28,2866.65,2813.58,2496.84
M&M,2024-07-01,2875.85,2832.06,2513.86
M&M,2024-07-02,2865.15,2843.62,2529.5
M&M,2024-07-03,2877.95,2858.87,2545.25
M&M,2024-07-04,2902.8,2866.96,2562.05
M&M,2024-07-05,2880.6,2876.0,2578.5
M&M,2024-07-08,2851.35,2875.69,2593.59
M&M,2024-07-09,2925.5,2881.59,2611.2
M&M,2024-07-10,2732.0,2876.41,2624.6
M&M,2024-07-11,2698.05,2871.94,2635.43
M&M,2024-07-12,2703.95,2864.05,2645.81
M&M,2024-07-15,2731.05,2854.17,2656.57
M&M,2024-07-16,2756.75,2843.92,2667.2
M&M,2024-07-18,2819.45,2838.2,2679.76
M&M,2024-07-19,2749.3,2832.1,2691.1
M&M,2024-07-22,2804.75,2830.34,2702.95
M&M,2024-07-23,2821.35,2825.62,2715.51
M&M,2024-07-24,2805.5,2820.42,2727.94
M&M,2024-07-25,2811.4,2818.42,2738.77
M&M,2024-07-26,2887.8,2818.36,2750.48
M&M,2024-07-29,2933.0,2821.68,2761.7
M&M,2024-07-30,2922.1,2823.99,2769.85
M&M,2024-07-31,2907.8,2826.12,2777.93
M&M,2024-08-01,2828.4,2823.64,2784.05
M&M,2024-08-02,2749.65,2815.99,2788.62
M&M,2024-08-05,2678.95,2805.9,2790.02
M&M,2024-08-06,2632.95,2794.98,2791.08
M&M,2024-08-07,2680.85,2782.75,2793.72
M&M,2024-08-08,2682.95,2780.3,2796.32
M&M,2024-08-09,2749.15,2782.86,2800.63
M&M,2024-08-12,2717.65,2783.54,2805.11
M&M,2024-08-13,2718.05,2782.89,2809.35
M&M,2024-08-14,2745.25,2782.31,2811.57
M&M,2024-08-16,2840.45,2783.36,2816.92
M&M,2024-08-19,2765.15,2784.16,2817.41
M&M,2024-08-20,2771.3,2782.48,2818.84
M&M,2024-08-21,2769.4,2779.89,2817.08
M&M,2024-08-22,2732.95,2776.26,2815.58
M&M,2024-08-23,2759.0,2773.64,2814.05
M&M,2024-08-26,2793.1,2768.9,2814.16
M&M,2024-08-27,2780.8,2761.3,2812.54
M&M,2024-08-28,2798.0,2755.09,2809.93
M&M,2024-08-29,2757.6,2747.58,2805.85
M&M,2024-08-30,2805.4,2746.43,2803.28
M&M,2024-09-02,2777.0,2747.8,2801.39
M&M,2024-09-03,2784.85,2753.09,2800.29
M&M,2024-09-04,2749.6,2758.92,2796.97
M&M,2024-09-05,2723.1,2761.04,2793.24
M&M,2024-09-06,2698.1,2761.8,2790.17
M&M,2024-09-09,2708.85,2759.78,2786.57
M&M,2024-09-10,2690.0,2758.4,2783.04
M&M,2024-09-11,2654.25,2755.21,2778.61
M&M,2024-09-12,2740.9,2754.99,2776.12
M&M,2024-09-13,2739.1,2749.92,2773.34
M&M,2024-09-16,2757.4,2749.54,2770.44
M&M,2024-09-17,2787.65,2750.35,2768.58
M&M,2024-09-18,2808.2,2752.29,2767.72
M&M,2024-09-19,2797.5,2755.52,2765.16
M&M,2024-09-20,2950.85,2765.11,2769.53
M&M,2024-09-23,3049.8,2777.95,2776.57
M&M,2024-09-24,3074.3,2792.62,2783.97
M&M,2024-09-25,3091.05,2807.28,2791.17
M&M,2024-09-26,3181.1,2828.45,2799.66
M&M,2024-09-27,3183.65,2847.36,2806.94
M&M,2024-09-30,3094.9,2863.26,2813.86
M&M,2024-10-01,3165.5,2882.29,2821.07
M&M,2024-10-03,3129.85,2901.3,2827.24
M&M,2024-10-04,3017.45,2916.02,2831.48
M&M,2024-10-07,3060.2,2934.12,2836.46
M&M,2024-10-08,3165.85,2956.98,2842.02
M&M,2024-10-09,3153.0,2980.12,2846.42
M&M,2024-10-10,3194.3,3007.13,2851.86
M&M,2024-10-11,3134.35,3026.8,2856.39
M&M,2024-10-14,3154.9,3047.59,2862.92
M&M,2024-10-15,3155.8,3067.51,2871.05
M&M,2024-10-16,3068.0,3081.53,2878.83
M&M,2024-10-17,2964.6,3089.35,2885.46
M&M,2024-10-18,2964.25,3097.68,2891.13
M&M,2024-10-21,2998.2,3100.05,2897.43
M&M,2024-10-22,2887.2,3091.92,2900.19
M&M,2024-10-23,2793.5,3077.88,2901.71
M&M,2024-10-24,2826.35,3064.65,2903.88
M&M,2024-10-25,2720.85,3041.64,2903.39
M&M,2024-10-28,2781.0,3021.5,2902.2
M&M,2024-10-29,2746.9,3004.1,2901.84
M&M,2024-10-30,2707.7,2981.21,2900.56
M&M,2024-10-31,2728.55,2961.15,2899.75
M&M,2024-11-01,2817.65,2951.16,2901.44
M&M,2024-11-04,2883.95,2942.34,2903.94
M&M,2024-11-05,2899.45,2929.02,2906.07
M&M,2024-11-06,2934.55,2918.1,2909.14
M&M,2024-11-07,2891.35,2902.96,2911.01
M&M,2024-11-08,2974.9,2894.98,2915.35
M&M,2024-11-11,2930.6,2883.77,2917.86
M&M,2024-11-12,2898.55,2870.9,2920.29
M&M,2024-11-13,2798.95,2857.45,2920.57
M&M,2024-11-14,2807.2,2849.58,2921.72
M&M,2024-11-18,2846.9,2843.71,2924.2
M&M,2024-11-19,2948.95,2841.25,2929.22
M&M,2024-11-21,2936.25,2843.7,2933.76
M&M,2024-11-22,3012.95,2854.68,2940.22
MARUTI,2023-10-03,10346.9,,
MARUTI,2023-10-04,10129.8,,
MARUTI,2023-10-05,10210.2,,
MARUTI,2023-10-06,10302.0,,
MARUTI,2023-10-09,10244.8,,
MARUTI,2023-10-10,10375.0,,
MARUTI,2023-10-11,10412.1,,
MARUTI,2023-10-12,10580.9,,
MARUTI,2023-10-13,10727.5,,
MARUTI,2023-10-16,10704.5,,
MARUTI,2023-10-17,10750.8,,
MARUTI,2023-10-18,10788.5,,
MARUTI,2023-10-19,10771.7,,
MARUTI,2023-10-20,10725.7,,
MARUTI,2023-10-23,10553.7,,
MARUTI,2023-10-25,10588.8,,
MARUTI,2023-10-26,10424.2,,
MARUTI,2023-10-27,10560.7,,
MARUTI,2023-10-30,10397.7,,
MARUTI,2023-10-31,10392.3,10499.39,
MARUTI,2023-11-01,10227.8,10493.44,
MARUTI,2023-11-02,10303.6,10502.12,
MARUTI,2023-11-03,10276.3,10505.43,
MARUTI,2023-11-06,10284.8,10504.57,
MARUTI,2023-11-07,10253.3,10505.0,
MARUTI,2023-11-08,10322.3,10502.36,
MARUTI,2023-11-09,10400.3,10501.77,
MARUTI,2023-11-10,10388.8,10492.16,
MARUTI,2023-11-12,10431.4,10477.36,
MARUTI,2023-11-13,10398.4,10462.05,
MARUTI,2023-11-15,10456.0,10447.31,
MARUTI,2023-11-16,10484.5,10432.12,
MARUTI,2023-11-17,10523.5,10419.7,
MARUTI,2023-11-20,10566.2,10411.73,
MARUTI,2023-11-21,10535.2,10410.8,
MARUTI,2023-11-22,10494.5,10406.09,
MARUTI,2023-11-23,10488.5,10409.3,
MARUTI,2023-11-24,10515.7,10407.06,
MARUTI,2023-11-28,10537.5,10414.04,
MARUTI,2023-11-29,10599.2,10424.39,
MARUTI,2023-11-30,10608.7,10443.44,
MARUTI,2023-12-01,10585.7,10457.54,
MARUTI,2023-12-04,10599.5,10473.7,
MARUTI,2023-12-05,10721.9,10495.56,
MARUTI,2023-12-06,10625.8,10514.18,
MARUTI,2023-12-07,10696.7,10532.9,
MARUTI,2023-12-08,10618.5,10543.81,
MARUTI,2023-12-11,10541.8,10551.46,
MARUTI,2023-12-12,10338.4,10546.81,
MARUTI,2023-12-13,10380.0,10545.89,10483.85
MARUTI,2023-12-14,10353.2,10540.75,10483.98
MARUTI,2023-12-15,10286.4,10530.84,10487.11
MARUTI,2023-12-18,10319.6,10520.65,10489.3
MARUTI,2023-12-19,10233.6,10504.02,10487.93
MARUTI,2023-12-20,10081.2,10481.32,10484.66
MARUTI,2023-12-21,10012.8,10457.24,10477.41
MARUTI,2023-12-22,10217.2,10443.67,10473.52
MARUTI,2023-12-26,10270.7,10431.42,10467.31
MARUTI,2023-12-27,10288.5,10418.97,10458.53
MARUTI,2023-12-28,10271.6,10402.59,10449.87
MARUTI,2023-12-29,10302.3,10387.27,10440.9
MARUTI,2024-01-01,10283.3,10372.15,10430.8
MARUTI,2024-01-02,10197.8,10352.06,10419.32
MARUTI,2024-01-03,10077.7,10319.86,10406.36
MARUTI,2024-01-04,10015.3,10289.33,10395.59
MARUTI,2024-01-05,10017.0,10255.34,10384.16
MARUTI,2024-01-08,9946.7,10221.76,10374.61
MARUTI,2024-01-09,10024.1,10195.87,10363.88
MARUTI,2024-01-10,10010.2,10179.46,10356.13
MARUTI,2024-01-11,10011.1,10161.02,10348.5
MARUTI,2024-01-12,9965.65,10141.64,10343.26
MARUTI,2024-01-15,10086.9,10131.66,10338.92
MARUTI,2024-01-16,10183.5,10124.86,10337.07
MARUTI,2024-01-17,10051.7,10115.76,10332.41
MARUTI,2024-01-18,9924.5,10107.93,10325.83
MARUTI,2024-01-19,10037.7,10109.17,10320.14
MARUTI,2024-01-20,9972.55,10096.94,10311.58
MARUTI,2024-01-23,9860.45,10076.43,10301.02
MARUTI,2024-01-24,9988.2,10061.41,10292.15
MARUTI,2024-01-25,9881.0,10041.88,10281.8
MARUTI,2024-01-29,9991.4,10026.34,10272.51
MARUTI,2024-01-30,9951.65,10009.76,10261.86
MARUTI,2024-01-31,10186.9,10009.21,10255.12
MARUTI,2024-02-01,10638.0,10037.22,10256.56
MARUTI,2024-02-02,10655.5,10069.24,10258.97
MARUTI,2024-02-05,10428.5,10089.81,10257.65
MARUTI,2024-02-06,10844.8,10134.72,10264.77
MARUTI,2024-02-07,10935.7,10180.3,10273.17
MARUTI,2024-02-08,10743.9,10216.98,10277.3
MARUTI,2024-02-09,10732.8,10253.06,10279.97
MARUTI,2024-02-12,10709.7,10290.27,10281.99
MARUTI,2024-02-13,10794.5,10325.65,10286.17
MARUTI,2024-02-14,11028.0,10367.87,10294.74
MARUTI,2024-02-15,11090.2,10419.8,10302.1
MARUTI,2024-02-16,11380.4,10492.59,10317.2
MARUTI,2024-02-19,11483.35,10564.88,10332.93
MARUTI,2024-02-20,11446.45,10638.57,10349.49
MARUTI,2024-02-21,11465.85,10718.84,10367.97
MARUTI,2024-02-22,11657.8,10802.32,10394.36
MARUTI,2024-02-23,11535.6,10885.05,10417.47
MARUTI,2024-02-26,11467.0,10958.83,10439.75
MARUTI,2024-02-27,11500.65,11036.28,10464.03
MARUTI,2024-02-28,11152.8,11084.58,10480.69
MARUTI,2024-02-29,11288.35,11117.09,10501.79
MARUTI,2024-03-01,11620.95,11165.36,10532.58
MARUTI,2024-03-02,11567.2,11222.3,10563.67
MARUTI,2024-03-04,11594.15,11259.77,10591.21
MARUTI,2024-03-05,11670.6,11296.51,10619.21
MARUTI,2024-03-06,11567.05,11337.67,10644.78
MARUTI,2024-03-07,11510.05,11376.53,10669.55
MARUTI,2024-03-11,11395.55,11410.82,10691.41
MARUTI,2024-03-12,11509.9,11446.6,10715.95
MARUTI,2024-03-13,11390.15,11464.7,10739.79
MARUTI,2024-03-14,11404.6,11480.42,10766.33
MARUTI,2024-03-15,11476.65,11485.24,10795.56
MARUTI,2024-03-18,11636.3,11492.88,10827.94
MARUTI,2024-03-19,11597.05,11500.41,10860.95
MARUTI,2024-03-20,11941.15,11524.18,10899.29
MARUTI,2024-03-21,11908.15,11536.7,10937.25
MARUTI,2024-03-22,12337.7,11576.8,10983.78
MARUTI,2024-03-26,12250.55,11615.98,11029.48
MARUTI,2024-03-27,12510.35,11666.46,11077.95
MARUTI,2024-03-28,12600.35,11738.84,11126.29
MARUTI,2024-04-01,12569.6,11802.9,11176.64
MARUTI,2024-04-02,12552.45,11849.48,11229.2
MARUTI,2024-04-03,12427.85,11892.51,11277.01
MARUTI,2024-04-04,12567.25,11941.16,11328.9
MARUTI,2024-04-05,12421.6,11978.72,11380.12
MARUTI,2024-04-08,12865.1,12043.62,11437.66
MARUTI,2024-04-09,12888.0,12112.52,11497.8
MARUTI,2024-04-10,12682.75,12176.88,11551.63
MARUTI,2024-04-12,12266.55,12214.71,11597.93
MARUTI,2024-04-15,12422.85,12266.34,11642.65
MARUTI,2024-04-16,12502.7,12321.25,11679.94
MARUTI,2024-04-18,12405.0,12367.66,11714.93
MARUTI,2024-04-19,12710.95,12421.4,11760.58
MARUTI,2024-04-22,12785.5,12480.82,11799.39
MARUTI,2024-04-23,12996.25,12533.58,11840.6
MARUTI,2024-04-24,12944.05,12585.37,11884.61
MARUTI,2024-04-25,12922.5,12614.61,11928.4
MARUTI,2024-04-26,12703.35,12637.25,11968.27
MARUTI,2024-04-29,12689.85,12646.22,12006.18
MARUTI,2024-04-30,12817.5,12657.08,12041.97
MARUTI,2024-05-02,12805.35,12668.87,12076.27
MARUTI,2024-05-03,12492.15,12665.86,12098.51
MARUTI,2024-05-06,12439.3,12666.43,12117.63
MARUTI,2024-05-07,12364.05,12656.27,12135.98
MARUTI,2024-05-08,12543.55,12662.37,12157.53
MARUTI,2024-05-09,12504.65,12644.34,12174.47
MARUTI,2024-05-10,12675.5,12633.72,12197.27
MARUTI,2024-05-13,12673.85,12633.27,12221.41
MARUTI,2024-05-14,12814.2,12660.66,12247.68
MARUTI,2024-05-15,12767.3,12677.88,12279.97
MARUTI,2024-05-16,12497.65,12677.62,12304.15
MARUTI,2024-05-17,12641.5,12689.45,12324.56
MARUTI,2024-05-18,12600.15,12683.91,12345.22
MARUTI,2024-05-21,12473.3,12668.3,12362.81
MARUTI,2024-05-22,12531.35,12645.05,12380.02
MARUTI,2024-05-23,12934.9,12644.6,12407.38
MARUTI,2024-05-24,13000.45,12648.5,12437.19
MARUTI,2024-05-27,12906.1,12658.63,12467.4
MARUTI,2024-05-28,12818.6,12665.07,12493.57
MARUTI,2024-05-29,12788.65,12663.63,12521.54
MARUTI,2024-05-30,12598.0,12653.26,12545.41
MARUTI,2024-05-31,12399.3,12648.62,12563.86
MARUTI,2024-06-03,12476.15,12650.46,12580.66
MARUTI,2024-06-04,12176.05,12641.06,12592.24
MARUTI,2024-06-05,12502.6,12639.01,12603.47
MARUTI,2024-06-06,12673.5,12647.46,12618.78
MARUTI,2024-06-07,12810.9,12654.22,12628.24
MARUTI,2024-06-10,12717.55,12656.41,12637.58
MARUTI,2024-06-11,12863.65,12658.88,12644.64
MARUTI,2024-06-12,12849.35,12662.98,12649.62
MARUTI,2024-06-13,12846.85,12680.44,12655.17
MARUTI,2024-06-14,12845.2,12690.63,12661.02
MARUTI,2024-06-18,12560.95,12688.67,12663.69
MARUTI,2024-06-19,12242.1,12677.11,12657.18
MARUTI,2024-06-20,12149.5,12658.02,12651.74
MARUTI,2024-06-21,12201.5,12621.35,12638.47
MARUTI,2024-06-24,12183.4,12580.5,12624.38
MARUTI,2024-06-25,12116.6,12541.02,12613.06
MARUTI,2024-06-26,12198.25,12510.0,12611.69
MARUTI,2024-06-27,12178.75,12479.51,12606.81
MARUTI,2024-06-28,12033.85,12451.3,12597.43
MARUTI,2024-07-01,12108.65,12436.77,12591.5
MARUTI,2024-07-02,12042.6,12415.09,12578.14
MARUTI,2024-07-03,12123.65,12412.47,12564.9
MARUTI,2024-07-04,12089.6,12391.82,12546.77
MARUTI,2024-07-05,12104.05,12363.35,12529.97
MARUTI,2024-07-08,12023.6,12323.98,12511.99
MARUTI,2024-07-09,12827.7,12329.49,12514.48
MARUTI,2024-07-10,12772.8,12324.95,12516.13
MARUTI,2024-07-11,12715.2,12318.24,12514.09
MARUTI,2024-07-12,12562.5,12304.02,12509.23
MARUTI,2024-07-15,12643.95,12293.96,12512.27
MARUTI,2024-07-16,12639.55,12297.89,12516.27
MARUTI,2024-07-18,12644.05,12317.99,12521.87
MARUTI,2024-07-19,12524.3,12336.73,12521.49
MARUTI,2024-07-22,12641.25,12358.72,12524.22
MARUTI,2024-07-23,12629.05,12381.0,12523.29
MARUTI,2024-07-24,12487.25,12399.53,12519.56
MARUTI,2024-07-25,12509.2,12415.08,12513.46
MARUTI,2024-07-26,12663.7,12439.32,12511.39
MARUTI,2024-07-29,12751.55,12475.21,12516.46
MARUTI,2024-07-30,12873.65,12513.46,12521.11
MARUTI,2024-07-31,13115.8,12567.12,12531.42
MARUTI,2024-08-01,13359.05,12628.89,12549.14
MARUTI,2024-08-02,12726.4,12660.73,12553.04
MARUTI,2024-08-05,12200.85,12665.57,12538.36
MARUTI,2024-08-06,12131.1,12670.94,12520.97
MARUTI,2024-08-07,12371.5,12648.13,12510.28
MARUTI,2024-08-08,12218.85,12620.44,12498.28
MARUTI,2024-08-09,12224.2,12595.89,12486.99
MARUTI,2024-08-12,12273.25,12581.42,12480.5
MARUTI,2024-08-13,12176.25,12558.04,12476.04
MARUTI,2024-08-14,12205.65,12536.34,12470.63
MARUTI,2024-08-16,12213.3,12514.81,12471.37
MARUTI,2024-08-19,12149.8,12496.08,12464.32
MARUTI,2024-08-20,12214.95,12474.77,12455.14
MARUTI,2024-08-21,12220.95,12454.36,12443.34
MARUTI,2024-08-22,12276.35,12443.82,12434.52
MARUTI,2024-08-23,12302.3,12433.47,12423.29
MARUTI,2024-08-26,12243.8,12412.48,12411.18
MARUTI,2024-08-27,12496.9,12399.74,12404.18
MARUTI,2024-08-28,12357.5,12373.94,12394.43
MARUTI,2024-08-29,12453.8,12340.84,12392.29
MARUTI,2024-08-30,12403.0,12293.04,12395.5
MARUTI,2024-09-02,12427.4,12278.08,12401.06
MARUTI,2024-09-03,12397.1,12287.9,12404.98
MARUTI,2024-09-04,12336.25,12298.16,12408.03
MARUTI,2024-09-05,12298.6,12294.51,12411.67
MARUTI,2024-09-06,12186.15,12292.88,12411.43
MARUTI,2024-09-09,12145.75,12288.95,12410.77
MARUTI,2024-09-10,12263.4,12288.46,12415.36
MARUTI,2024-09-11,12242.6,12291.78,12418.04
MARUTI,2024-09-12,12400.85,12301.54,12425.2
MARUTI,2024-09-13,12316.05,12306.68,12429.05
MARUTI,2024-09-16,12289.0,12313.63,12433.04
MARUTI,2024-09-17,12245.75,12315.18,12435.88
MARUTI,2024-09-18,12204.1,12314.33,12439.48
MARUTI,2024-09-19,12351.5,12318.09,12429.96
MARUTI,2024-09-20,12614.5,12333.7,12426.8
MARUTI,2024-09-23,12683.1,12355.66,12426.15
MARUTI,2024-09-24,12738.6,12367.75,12429.68
MARUTI,2024-09-25,12785.3,12389.14,12432.5
MARUTI,2024-09-26,13383.8,12435.64,12447.39
MARUTI,2024-09-27,13495.6,12490.27,12464.42
MARUTI,2024-09-30,13238.0,12530.8,12478.69
MARUTI,2024-10-01,13166.0,12569.24,12489.19
MARUTI,2024-10-03,12647.35,12584.8,12489.55
MARUTI,2024-10-04,12605.75,12600.16,12491.92
MARUTI,2024-10-07,12527.5,12617.22,12492.29
MARUTI,2024-10-08,12531.95,12636.54,12489.65
MARUTI,2024-10-09,12760.7,12661.4,12489.84
MARUTI,2024-10-10,12944.1,12696.48,12491.25
MARUTI,2024-10-11,12776.65,12715.26,12484.46
MARUTI,2024-10-14,12537.85,12726.36,12468.04
MARUTI,2024-10-15,12446.75,12734.24,12462.45
MARUTI,2024-10-16,12383.9,12741.15,12466.11
MARUTI,2024-10-17,12143.75,12738.13,12466.36
MARUTI,2024-10-18,12105.1,12725.81,12461.03
MARUTI,2024-10-21,12175.9,12703.88,12460.17
MARUTI,2024-10-22,11923.3,12665.89,12454.16
MARUTI,2024-10-23,11956.2,12626.77,12447.81
MARUTI,2024-10-24,11763.7,12575.69,12439.56
MARUTI,2024-10-25,11502.85,12481.64,12425.51
MARUTI,2024-10-28,11483.25,12381.03,12410.91
MARUTI,2024-10-29,11046.0,12271.43,12388.83
MARUTI,2024-10-30,11256.45,12175.95,12369.66
MARUTI,2024-10-31,11076.45,12097.4,12346.77
MARUTI,2024-11-01,11110.0,12022.62,12323.44
MARUTI,2024-11-04,11052.45,11948.87,12298.45
MARUTI,2024-11-05,11170.1,11880.77,12276.97
MARUTI,2024-11-06,11354.25,11810.45,12254.12
MARUTI,2024-11-07,11300.15,11728.25,12232.97
MARUTI,2024-11-08,11303.0,11654.57,12209.96
MARUTI,2024-11-11,11399.7,11597.66,12189.89
MARUTI,2024-11-12,11143.1,11532.48,12164.2
MARUTI,2024-11-13,11049.6,11465.77,12137.25
MARUTI,2024-11-14,11006.05,11408.88,12110.65
MARUTI,2024-11-18,11093.95,11358.32,12086.56
MARUTI,2024-11-19,10959.3,11297.49,12062.02
MARUTI,2024-11-21,10861.45,11244.4,12036.33
MARUTI,2024-11-22,11063.6,11199.77,12012.34
NESTLEIND,2023-10-03,2231.52,,
NESTLEIND,2023-10-04,2298.62,,
NESTLEIND,2023-10-05,2291.87,,
NESTLEIND,2023-10-06,2291.23,,
NESTLEIND,2023-10-09,2288.19,,
NESTLEIND,2023-10-10,2296.81,,
NESTLEIND,2023-10-11,2320.21,,
NESTLEIND,2023-10-12,2307.52,,
NESTLEIND,2023-10-13,2355.44,,
NESTLEIND,2023-10-16,2310.85,,
NESTLEIND,2023-10-17,2332.53,,
NESTLEIND,2023-10-18,2326.29,,
NESTLEIND,2023-10-19,2413.23,,
NESTLEIND,2023-10-20,2427.97,,
NESTLEIND,2023-10-23,2419.77,,
NESTLEIND,2023-10-25,2426.27,,
NESTLEIND,2023-10-26,2354.56,,
NESTLEIND,2023-10-27,2405.69,,
NESTLEIND,2023-10-30,2417.17,,
NESTLEIND,2023-10-31,2423.48,2346.96,
NESTLEIND,2023-11-01,2387.27,2354.75,
NESTLEIND,2023-11-02,2411.18,2360.38,
NESTLEIND,2023-11-03,2399.91,2365.78,
NESTLEIND,2023-11-06,2428.96,2372.66,
NESTLEIND,2023-11-07,2436.95,2380.1,
NESTLEIND,2023-11-08,2428.16,2386.67,
NESTLEIND,2023-11-09,2422.68,2391.79,
NESTLEIND,2023-11-10,2413.72,2397.1,
NESTLEIND,2023-11-12,2428.33,2400.75,
NESTLEIND,2023-11-13,2408.58,2405.63,
NESTLEIND,2023-11-15,2417.41,2409.88,
NESTLEIND,2023-11-16,2408.29,2413.98,
NESTLEIND,2023-11-17,2437.31,2415.18,
NESTLEIND,2023-11-20,2430.26,2415.3,
NESTLEIND,2023-11-21,2437.34,2416.18,
NESTLEIND,2023-11-22,2435.08,2416.62,
NESTLEIND,2023-11-23,2439.33,2420.86,
NESTLEIND,2023-11-24,2413.9,2421.27,
NESTLEIND,2023-11-28,2421.86,2421.5,
NESTLEIND,2023-11-29,2406.75,2420.66,
NESTLEIND,2023-11-30,2423.61,2422.48,
NESTLEIND,2023-12-01,2433.86,2423.61,
NESTLEIND,2023-12-04,2440.28,2425.63,
NESTLEIND,2023-12-05,2460.89,2427.23,
NESTLEIND,2023-12-06,2496.85,2430.22,
NESTLEIND,2023-12-07,2497.52,2433.69,
NESTLEIND,2023-12-08,2478.96,2436.51,
NESTLEIND,2023-12-11,2504.34,2441.04,
NESTLEIND,2023-12-12,2494.72,2444.36,
NESTLEIND,2023-12-13,2504.44,2449.15,2401.76
NESTLEIND,2023-12-14,2479.33,2452.25,2406.72
NESTLEIND,2023-12-15,2436.64,2453.66,2409.48
NESTLEIND,2023-12-18,2435.43,2453.57,2412.35
NESTLEIND,2023-12-19,2548.97,2459.5,2417.5
NESTLEIND,2023-12-20,2509.77,2463.13,2421.93
NESTLEIND,2023-12-21,2511.58,2466.95,2426.23
NESTLEIND,2023-12-22,2536.84,2471.83,2430.56
NESTLEIND,2023-12-26,2556.21,2478.94,2435.54
NESTLEIND,2023-12-27,2572.04,2486.45,2439.87
NESTLEIND,2023-12-28,2624.99,2497.36,2446.15
NESTLEIND,2023-12-29,2658.03,2509.08,2452.66
NESTLEIND,2024-01-01,2737.24,2524.25,2460.88
NESTLEIND,2024-01-02,2722.31,2538.36,2467.06
NESTLEIND,2024-01-03,2663.52,2548.49,2471.77
NESTLEIND,2024-01-04,2711.64,2559.23,2477.61
NESTLEIND,2024-01-05,2666.4,2567.67,2482.41
NESTLEIND,2024-01-08,2619.3,2574.69,2487.71
NESTLEIND,2024-01-09,2592.6,2579.1,2491.44
NESTLEIND,2024-01-10,2578.1,2583.27,2494.66
NESTLEIND,2024-01-11,2557.2,2585.91,2497.34
NESTLEIND,2024-01-12,2549.6,2589.42,2500.58
NESTLEIND,2024-01-15,2547.55,2594.97,2503.31
NESTLEIND,2024-01-16,2542.05,2600.3,2506.15
NESTLEIND,2024-01-17,2543.1,2600.0,2508.44
NESTLEIND,2024-01-18,2502.0,2599.62,2509.74
NESTLEIND,2024-01-19,2514.15,2599.74,2511.46
NESTLEIND,2024-01-20,2479.95,2596.9,2512.6
NESTLEIND,2024-01-23,2462.9,2592.23,2513.59
NESTLEIND,2024-01-24,2513.95,2589.33,2515.3
NESTLEIND,2024-01-25,2482.15,2582.19,2516.77
NESTLEIND,2024-01-29,2498.55,2574.21,2518.39
NESTLEIND,2024-01-30,2492.05,2561.95,2520.07
NESTLEIND,2024-01-31,2506.0,2551.14,2521.44
NESTLEIND,2024-02-01,2467.8,2541.35,2522.19
NESTLEIND,2024-02-02,2481.4,2529.84,2523.07
NESTLEIND,2024-02-05,2462.7,2519.65,2523.63
NESTLEIND,2024-02-06,2456.65,2511.52,2523.97
NESTLEIND,2024-02-07,2499.6,2506.87,2525.69
NESTLEIND,2024-02-08,2423.05,2499.12,2525.71
NESTLEIND,2024-02-09,2450.1,2493.77,2526.58
NESTLEIND,2024-02-12,2459.05,2489.24,2527.29
NESTLEIND,2024-02-13,2457.35,2484.73,2527.76
NESTLEIND,2024-02-14,2487.0,2481.98,2528.69
NESTLEIND,2024-02-15,2453.55,2477.5,2528.54
NESTLEIND,2024-02-16,2487.65,2476.78,2528.36
NESTLEIND,2024-02-19,2513.25,2476.74,2528.68
NESTLEIND,2024-02-20,2539.4,2479.71,2529.88
NESTLEIND,2024-02-21,2543.6,2483.74,2530.67
NESTLEIND,2024-02-22,2563.15,2486.2,2532.04
NESTLEIND,2024-02-23,2579.0,2491.04,2533.53
NESTLEIND,2024-02-26,2583.9,2495.31,2535.62
NESTLEIND,2024-02-27,2598.7,2500.64,2538.86
NESTLEIND,2024-02-28,2570.9,2503.89,2541.57
NESTLEIND,2024-02-29,2596.2,2510.31,2542.52
NESTLEIND,2024-03-01,2601.45,2516.31,2544.35
NESTLEIND,2024-03-02,2594.9,2522.92,2546.02
NESTLEIND,2024-03-04,2589.1,2529.54,2547.06
NESTLEIND,2024-03-05,2538.65,2531.5,2546.71
NESTLEIND,2024-03-06,2533.05,2537.0,2545.93
NESTLEIND,2024-03-07,2560.95,2542.54,2544.65
NESTLEIND,2024-03-11,2611.5,2550.16,2543.72
NESTLEIND,2024-03-12,2590.15,2556.8,2540.78
NESTLEIND,2024-03-13,2582.95,2561.6,2537.99
NESTLEIND,2024-03-14,2612.75,2569.56,2536.97
NESTLEIND,2024-03-15,2603.65,2575.36,2534.81
NESTLEIND,2024-03-18,2580.35,2578.71,2533.09
NESTLEIND,2024-03-19,2496.05,2576.55,2530.63
NESTLEIND,2024-03-20,2550.25,2576.88,2529.78
NESTLEIND,2024-03-21,2553.65,2576.4,2529.29
NESTLEIND,2024-03-22,2573.4,2576.12,2529.62
NESTLEIND,2024-03-26,2586.1,2576.24,2530.35
NESTLEIND,2024-03-27,2566.45,2574.62,2530.72
NESTLEIND,2024-03-28,2622.35,2577.19,2532.33
NESTLEIND,2024-04-01,2585.6,2576.66,2533.18
NESTLEIND,2024-04-02,2623.3,2577.76,2535.61
NESTLEIND,2024-04-03,2553.95,2575.71,2536.4
NESTLEIND,2024-04-04,2549.6,2573.74,2537.8
NESTLEIND,2024-04-05,2537.65,2573.69,2539.29
NESTLEIND,2024-04-08,2498.05,2571.94,2538.97
NESTLEIND,2024-04-09,2502.8,2569.03,2539.39
NESTLEIND,2024-04-10,2527.6,2564.83,2539.97
NESTLEIND,2024-04-12,2536.2,2562.13,2540.85
NESTLEIND,2024-04-15,2553.65,2560.67,2541.8
NESTLEIND,2024-04-16,2546.1,2557.34,2543.37
NESTLEIND,2024-04-18,2462.55,2550.28,2542.99
NESTLEIND,2024-04-19,2437.7,2543.15,2542.49
NESTLEIND,2024-04-22,2458.7,2541.28,2542.53
NESTLEIND,2024-04-23,2501.25,2538.83,2542.56
NESTLEIND,2024-04-24,2500.15,2536.16,2544.11
NESTLEIND,2024-04-25,2562.65,2535.62,2546.36
NESTLEIND,2024-04-26,2482.75,2530.45,2546.83
NESTLEIND,2024-04-29,2509.8,2527.62,2547.88
NESTLEIND,2024-04-30,2507.4,2521.87,2548.29
NESTLEIND,2024-05-02,2512.3,2518.21,2549.46
NESTLEIND,2024-05-03,2456.1,2509.85,2548.83
NESTLEIND,2024-05-06,2457.4,2505.02,2547.72
NESTLEIND,2024-05-07,2508.65,2502.97,2547.1
NESTLEIND,2024-05-08,2539.0,2503.04,2547.01
NESTLEIND,2024-05-09,2513.45,2503.81,2546.02
NESTLEIND,2024-05-10,2533.2,2505.33,2545.1
NESTLEIND,2024-05-13,2516.25,2504.76,2543.75
NESTLEIND,2024-05-14,2487.35,2502.32,2541.52
NESTLEIND,2024-05-15,2465.0,2497.89,2539.4
NESTLEIND,2024-05-16,2468.35,2494.0,2536.84
NESTLEIND,2024-05-17,2445.5,2493.15,2533.72
NESTLEIND,2024-05-18,2504.4,2496.48,2531.92
NESTLEIND,2024-05-21,2460.8,2496.59,2529.35
NESTLEIND,2024-05-22,2469.15,2494.98,2527.96
NESTLEIND,2024-05-23,2474.15,2493.68,2526.78
NESTLEIND,2024-05-24,2467.75,2488.94,2524.92
NESTLEIND,2024-05-27,2459.9,2487.8,2521.89
NESTLEIND,2024-05-28,2451.7,2484.89,2519.12
NESTLEIND,2024-05-29,2476.2,2483.33,2516.98
NESTLEIND,2024-05-30,2404.8,2477.96,2512.82
NESTLEIND,2024-05-31,2354.9,2472.89,2507.85
NESTLEIND,2024-06-03,2355.05,2467.78,2503.34
NESTLEIND,2024-06-04,2427.75,2463.73,2501.98
NESTLEIND,2024-06-05,2509.85,2462.28,2501.17
NESTLEIND,2024-06-06,2471.4,2460.17,2499.52
NESTLEIND,2024-06-07,2502.45,2458.63,2498.1
NESTLEIND,2024-06-10,2548.2,2460.23,2497.34
NESTLEIND,2024-06-11,2541.95,2462.96,2496.86
NESTLEIND,2024-06-12,2537.3,2466.58,2495.15
NESTLEIND,2024-06-13,2551.75,2470.75,2494.48
NESTLEIND,2024-06-14,2542.5,2475.6,2492.86
NESTLEIND,2024-06-18,2550.35,2477.9,2492.79
NESTLEIND,2024-06-19,2526.05,2481.16,2492.32
NESTLEIND,2024-06-20,2539.75,2484.69,2492.36
NESTLEIND,2024-06-21,2498.4,2485.9,2492.37
NESTLEIND,2024-06-24,2530.05,2489.02,2492.91
NESTLEIND,2024-06-25,2515.45,2491.79,2492.67
NESTLEIND,2024-06-26,2534.25,2495.92,2492.63
NESTLEIND,2024-06-27,2533.75,2498.8,2492.23
NESTLEIND,2024-06-28,2551.65,2506.14,2492.34
NESTLEIND,2024-07-01,2568.1,2516.8,2494.45
NESTLEIND,2024-07-02,2544.45,2526.27,2496.59
NESTLEIND,2024-07-03,2551.5,2532.46,2498.45
NESTLEIND,2024-07-04,2545.15,2534.22,2499.32
NESTLEIND,2024-07-05,2574.15,2539.36,2500.8
NESTLEIND,2024-07-08,2603.4,2544.41,2501.62
NESTLEIND,2024-07-09,2633.1,2548.65,2504.62
NESTLEIND,2024-07-10,2616.45,2552.38,2506.76
NESTLEIND,2024-07-11,2593.2,2555.17,2508.47
NESTLEIND,2024-07-12,2609.0,2558.04,2510.41
NESTLEIND,2024-07-15,2605.1,2561.16,2513.39
NESTLEIND,2024-07-16,2607.3,2564.01,2516.39
NESTLEIND,2024-07-18,2627.05,2569.06,2518.75
NESTLEIND,2024-07-19,2597.85,2571.97,2519.93
NESTLEIND,2024-07-22,2587.3,2576.41,2521.41
NESTLEIND,2024-07-23,2581.55,2578.99,2522.38
NESTLEIND,2024-07-24,2541.4,2580.29,2522.88
NESTLEIND,2024-07-25,2480.65,2577.6,2522.74
NESTLEIND,2024-07-26,2476.9,2574.76,2522.98
NESTLEIND,2024-07-29,2470.3,2570.7,2523.02
NESTLEIND,2024-07-30,2457.65,2565.17,2523.26
NESTLEIND,2024-07-31,2456.35,2560.77,2522.3
NESTLEIND,2024-08-01,2484.0,2557.39,2522.77
NESTLEIND,2024-08-02,2495.1,2554.89,2523.29
NESTLEIND,2024-08-05,2510.9,2551.73,2524.02
NESTLEIND,2024-08-06,2508.5,2546.98,2524.84
NESTLEIND,2024-08-07,2522.8,2541.47,2526.09
NESTLEIND,2024-08-08,2489.1,2535.1,2526.84
NESTLEIND,2024-08-09,2504.7,2530.68,2527.41
NESTLEIND,2024-08-12,2473.1,2523.88,2528.78
NESTLEIND,2024-08-13,2484.7,2517.86,2531.37
NESTLEIND,2024-08-14,2474.6,2511.22,2533.76
NESTLEIND,2024-08-16,2525.45,2506.14,2535.72
NESTLEIND,2024-08-19,2503.15,2501.41,2535.58
NESTLEIND,2024-08-20,2518.5,2497.97,2536.53
NESTLEIND,2024-08-21,2551.75,2496.48,2537.51
NESTLEIND,2024-08-22,2551.0,2496.96,2537.57
NESTLEIND,2024-08-23,2529.2,2499.39,2537.31
NESTLEIND,2024-08-26,2519.55,2501.52,2536.96
NESTLEIND,2024-08-27,2521.45,2504.08,2536.35
NESTLEIND,2024-08-28,2492.5,2505.82,2535.35
NESTLEIND,2024-08-29,2504.55,2508.23,2534.44
NESTLEIND,2024-08-30,2500.75,2509.07,2533.93
NESTLEIND,2024-09-02,2509.9,2509.81,2533.33
NESTLEIND,2024-09-03,2530.75,2510.8,2533.98
NESTLEIND,2024-09-04,2534.75,2512.11,2534.07
NESTLEIND,2024-09-05,2504.9,2511.22,2533.86
NESTLEIND,2024-09-06,2503.2,2511.92,2533.24
NESTLEIND,2024-09-09,2516.75,2512.52,2532.9
NESTLEIND,2024-09-10,2535.5,2515.64,2532.58
NESTLEIND,2024-09-11,2526.85,2517.75,2531.76
NESTLEIND,2024-09-12,2527.85,2520.42,2531.42
NESTLEIND,2024-09-13,2531.4,2520.71,2531.02
NESTLEIND,2024-09-16,2549.6,2523.04,2531.11
NESTLEIND,2024-09-17,2546.85,2524.45,2530.56
NESTLEIND,2024-09-18,2597.15,2526.72,2530.44
NESTLEIND,2024-09-19,2634.2,2530.88,2530.46
NESTLEIND,2024-09-20,2699.55,2539.4,2532.12
NESTLEIND,2024-09-23,2725.15,2549.68,2534.76
NESTLEIND,2024-09-24,2696.4,2558.43,2536.51
NESTLEIND,2024-09-25,2697.35,2568.67,2538.36
NESTLEIND,2024-09-26,2755.5,2581.22,2541.32
NESTLEIND,2024-09-27,2745.7,2593.46,2543.69
NESTLEIND,2024-09-30,2689.95,2602.47,2545.53
NESTLEIND,2024-10-01,2707.05,2611.28,2547.93
NESTLEIND,2024-10-03,2674.85,2618.29,2549.8
NESTLEIND,2024-10-04,2598.15,2622.95,2550.93
NESTLEIND,2024-10-07,2573.85,2626.48,2552.79
NESTLEIND,2024-10-08,2581.75,2629.73,2554.89
NESTLEIND,2024-10-09,2516.0,2628.76,2555.8
NESTLEIND,2024-10-10,2512.45,2628.04,2556.9
NESTLEIND,2024-10-11,2511.8,2627.23,2558.01
NESTLEIND,2024-10-14,2502.05,2625.77,2558.37
NESTLEIND,2024-10-15,2484.25,2622.5,2558.15
NESTLEIND,2024-10-16,2462.25,2618.27,2557.18
NESTLEIND,2024-10-17,2378.7,2607.35,2554.58
NESTLEIND,2024-10-18,2350.25,2593.15,2551.13
NESTLEIND,2024-10-21,2354.65,2575.9,2548.45
NESTLEIND,2024-10-22,2350.25,2557.16,2545.36
NESTLEIND,2024-10-23,2327.15,2538.7,2542.44
NESTLEIND,2024-10-24,2258.65,2516.76,2537.92
NESTLEIND,2024-10-25,2260.7,2492.02,2533.64
NESTLEIND,2024-10-28,2272.05,2468.34,2528.57
NESTLEIND,2024-10-29,2267.4,2447.21,2523.86
NESTLEIND,2024-10-30,2276.3,2425.68,2519.01
NESTLEIND,2024-10-31,2262.95,2405.08,2513.24
NESTLEIND,2024-11-01,2282.3,2389.29,2507.86
NESTLEIND,2024-11-04,2246.2,2372.9,2502.2
NESTLEIND,2024-11-05,2262.45,2356.94,2497.06
NESTLEIND,2024-11-06,2275.6,2344.92,2492.14
NESTLEIND,2024-11-07,2262.85,2332.44,2487.55
NESTLEIND,2024-11-08,2295.65,2321.63,2483.37
NESTLEIND,2024-11-11,2279.05,2310.48,2478.94
NESTLEIND,2024-11-12,2256.2,2299.08,2473.86
NESTLEIND,2024-11-13,2235.25,2287.73,2467.95
NESTLEIND,2024-11-14,2182.8,2277.94,2460.91
NESTLEIND,2024-11-18,2213.2,2271.08,2455.08
NESTLEIND,2024-11-19,2214.15,2264.06,2449.3
NESTLEIND,2024-11-21,2211.2,2257.1,2443.19
NESTLEIND,2024-11-22,2247.3,2253.11,2437.42
NTPC,2023-10-03,241.2,,
NTPC,2023-10-04,235.15,,
NTPC,2023-10-05,233.85,,
NTPC,2023-10-06,235.55,,
NTPC,2023-10-09,234.7,,
NTPC,2023-10-10,235.9,,
NTPC,2023-10-11,238.7,,
NTPC,2023-10-12,241.6,,
NTPC,2023-10-13,242.05,,
NTPC,2023-10-16,243.45,,
NTPC,2023-10-17,245.95,,
NTPC,2023-10-18,242.0,,
NTPC,2023-10-19,239.5,,
NTPC,2023-10-20,241.0,,
NTPC,2023-10-23,236.55,,
NTPC,2023-10-25,232.05,,
NTPC,2023-10-26,231.65,,
NTPC,2023-10-27,236.6,,
NTPC,2023-10-30,234.6,,
NTPC,2023-10-31,235.8,237.89,
NTPC,2023-11-01,232.6,237.46,
NTPC,2023-11-02,235.25,237.47,
NTPC,2023-11-03,234.35,237.49,
NTPC,2023-11-06,235.85,237.51,
NTPC,2023-11-07,239.15,237.73,
NTPC,2023-11-08,236.7,237.77,
NTPC,2023-11-09,237.95,237.73,
NTPC,2023-11-10,242.75,237.79,
NTPC,2023-11-12,244.55,237.92,
NTPC,2023-11-13,245.7,238.03,
NTPC,2023-11-15,247.3,238.09,
NTPC,2023-11-16,252.35,238.61,
NTPC,2023-11-17,251.6,239.22,
NTPC,2023-11-20,251.05,239.72,
NTPC,2023-11-21,250.0,240.39,
NTPC,2023-11-22,253.65,241.47,
NTPC,2023-11-23,252.75,242.53,
NTPC,2023-11-24,253.9,243.39,
NTPC,2023-11-28,257.55,244.54,
NTPC,2023-11-29,258.4,245.67,
NTPC,2023-11-30,261.3,247.1,
NTPC,2023-12-01,268.95,248.79,
NTPC,2023-12-04,274.8,250.81,
NTPC,2023-12-05,285.45,253.29,
NTPC,2023-12-06,281.1,255.39,
NTPC,2023-12-07,283.8,257.74,
NTPC,2023-12-08,285.05,260.1,
NTPC,2023-12-11,287.3,262.33,
NTPC,2023-12-12,283.4,264.27,
NTPC,2023-12-13,294.05,266.69,249.53
NTPC,2023-12-14,295.4,269.09,250.61
NTPC,2023-12-15,305.1,271.73,252.01
NTPC,2023-12-18,303.2,274.31,253.4
NTPC,2023-12-19,309.65,277.24,254.88
NTPC,2023-12-20,297.65,279.62,256.14
NTPC,2023-12-21,301.95,282.04,257.46
NTPC,2023-12-22,302.8,284.54,258.74
NTPC,2023-12-26,309.6,287.32,260.1
NTPC,2023-12-27,306.05,289.75,261.38
NTPC,2023-12-28,313.9,292.52,262.79
NTPC,2023-12-29,311.15,295.02,264.1
NTPC,2024-01-01,309.75,297.06,265.45
NTPC,2024-01-02,306.0,298.62,266.78
NTPC,2024-01-03,306.2,299.66,268.08
NTPC,2024-01-04,317.1,301.46,269.7
NTPC,2024-01-05,314.95,303.01,271.35
NTPC,2024-01-08,316.45,304.58,273.05
NTPC,2024-01-09,319.75,306.21,274.71
NTPC,2024-01-10,313.35,307.7,276.29
NTPC,2024-01-11,312.9,308.65,277.83
NTPC,2024-01-12,312.65,309.51,279.43
NTPC,2024-01-15,317.3,310.12,281.07
NTPC,2024-01-16,311.5,310.53,282.62
NTPC,2024-01-17,309.3,310.52,284.08
NTPC,2024-01-18,299.3,310.6,285.29
NTPC,2024-01-19,308.45,310.92,286.72
NTPC,2024-01-20,308.2,311.19,288.13
NTPC,2024-01-23,302.6,310.84,289.32
NTPC,2024-01-24,308.85,310.98,290.61
NTPC,2024-01-25,314.75,311.02,291.99
NTPC,2024-01-29,324.55,311.7,293.54
NTPC,2024-01-30,315.45,311.98,294.8
NTPC,2024-01-31,317.5,312.56,296.12
NTPC,2024-02-01,322.0,313.34,297.54
NTPC,2024-02-02,332.5,314.12,299.18
NTPC,2024-02-05,336.1,315.17,300.83
NTPC,2024-02-06,334.2,316.06,302.46
NTPC,2024-02-07,330.7,316.61,304.0
NTPC,2024-02-08,330.9,317.48,305.47
NTPC,2024-02-09,324.9,318.08,306.8
NTPC,2024-02-12,316.15,318.26,307.89
NTPC,2024-02-13,321.55,318.47,308.94
NTPC,2024-02-14,328.0,319.3,310.01
NTPC,2024-02-15,339.25,320.79,311.08
NTPC,2024-02-16,337.75,322.72,312.22
NTPC,2024-02-19,338.75,324.23,313.32
NTPC,2024-02-20,345.7,326.11,314.53
NTPC,2024-02-21,336.1,327.78,315.51
NTPC,2024-02-22,339.55,329.32,316.63
NTPC,2024-02-23,337.75,330.47,317.5
NTPC,2024-02-26,337.6,331.12,318.35
NTPC,2024-02-27,336.1,332.15,318.97
NTPC,2024-02-28,333.3,332.94,319.57
NTPC,2024-02-29,335.6,333.62,320.09
NTPC,2024-03-01,343.5,334.17,321.0
NTPC,2024-03-02,341.75,334.46,321.8
NTPC,2024-03-04,353.85,335.44,322.82
NTPC,2024-03-05,358.25,336.82,323.8
NTPC,2024-03-06,351.95,337.87,324.71
NTPC,2024-03-07,352.2,339.23,325.48
NTPC,2024-03-11,347.95,340.82,326.21
NTPC,2024-03-12,344.75,341.98,326.92
NTPC,2024-03-13,322.5,341.71,327.24
NTPC,2024-03-14,321.85,340.84,327.56
NTPC,2024-03-15,316.3,339.76,327.54
NTPC,2024-03-18,317.15,338.68,327.59
NTPC,2024-03-19,313.45,337.07,327.53
NTPC,2024-03-20,313.65,335.95,327.4
NTPC,2024-03-21,325.0,335.22,327.64
NTPC,2024-03-22,324.75,334.57,327.87
NTPC,2024-03-26,329.1,334.15,328.2
NTPC,2024-03-27,331.6,333.92,328.49
NTPC,2024-03-28,335.8,334.05,328.98
NTPC,2024-04-01,342.35,334.39,329.64
NTPC,2024-04-02,344.8,334.45,330.55
NTPC,2024-04-03,351.25,334.92,331.4
NTPC,2024-04-04,354.65,334.96,332.33
NTPC,2024-04-05,354.55,334.78,333.37
NTPC,2024-04-08,363.5,335.36,334.46
NTPC,2024-04-09,362.9,335.89,335.43
NTPC,2024-04-10,362.5,336.62,336.18
NTPC,2024-04-12,361.75,337.47,337.11
NTPC,2024-04-15,361.15,339.4,337.98
NTPC,2024-04-16,359.25,341.27,338.73
NTPC,2024-04-18,351.15,343.02,339.1
NTPC,2024-04-19,350.55,344.68,339.39
NTPC,2024-04-22,342.9,346.16,339.56
NTPC,2024-04-23,347.15,347.83,339.89
NTPC,2024-04-24,351.65,349.16,340.31
NTPC,2024-04-25,359.2,350.89,341.0
NTPC,2024-04-26,356.0,352.23,341.79
NTPC,2024-04-29,363.0,353.8,342.62
NTPC,2024-04-30,363.2,355.17,343.32
NTPC,2024-05-02,369.05,356.51,343.92
NTPC,2024-05-03,364.95,357.52,344.46
NTPC,2024-05-06,356.8,357.79,344.83
NTPC,2024-05-07,349.15,357.52,344.9
NTPC,2024-05-08,355.45,357.56,345.28
NTPC,2024-05-09,346.05,356.69,345.41
NTPC,2024-05-10,355.5,356.32,345.77
NTPC,2024-05-13,350.9,355.74,346.03
NTPC,2024-05-14,355.8,355.44,346.43
NTPC,2024-05-15,361.35,355.45,346.99
NTPC,2024-05-16,361.45,355.56,347.5
NTPC,2024-05-17,365.45,356.28,347.94
NTPC,2024-05-18,366.3,357.06,348.44
NTPC,2024-05-21,372.0,358.52,348.8
NTPC,2024-05-22,373.85,359.86,349.11
NTPC,2024-05-23,372.3,360.89,349.52
NTPC,2024-05-24,374.95,361.68,349.97
NTPC,2024-05-27,369.65,362.36,350.41
NTPC,2024-05-28,365.4,362.48,350.82
NTPC,2024-05-29,364.6,362.55,351.66
NTPC,2024-05-30,359.7,362.08,352.42
NTPC,2024-05-31,359.0,361.78,353.27
NTPC,2024-06-03,391.8,363.53,354.76
NTPC,2024-06-04,331.25,362.64,355.12
NTPC,2024-06-05,341.0,361.92,355.67
NTPC,2024-06-06,349.75,362.1,356.16
NTPC,2024-06-07,360.6,362.36,356.88
NTPC,2024-06-10,364.9,363.06,357.6
NTPC,2024-06-11,367.4,363.64,358.31
NTPC,2024-06-12,371.3,364.13,359.02
NTPC,2024-06-13,369.95,364.56,359.57
NTPC,2024-06-14,368.45,364.71,360.05
NTPC,2024-06-18,369.65,364.88,360.42
NTPC,2024-06-19,362.5,364.4,360.57
NTPC,2024-06-20,357.65,363.59,360.63
NTPC,2024-06-21,359.8,362.96,360.56
NTPC,2024-06-24,362.75,362.35,360.56
NTPC,2024-06-25,360.85,361.92,360.52
NTPC,2024-06-26,365.05,361.9,360.59
NTPC,2024-06-27,377.15,362.52,360.91
NTPC,2024-06-28,378.35,363.46,361.29
NTPC,2024-07-01,369.75,364.0,361.66
NTPC,2024-07-02,370.4,362.92,362.06
NTPC,2024-07-03,372.65,365.0,362.66
NTPC,2024-07-04,372.95,366.59,363.17
NTPC,2024-07-05,379.8,368.1,363.74
NTPC,2024-07-08,377.45,368.94,364.1
NTPC,2024-07-09,377.05,369.54,364.52
NTPC,2024-07-10,381.4,370.24,364.89
NTPC,2024-07-11,377.1,370.54,365.17
NTPC,2024-07-12,377.15,370.9,365.33
NTPC,2024-07-15,385.65,371.76,365.74
NTPC,2024-07-16,380.45,372.29,366.22
NTPC,2024-07-18,377.75,373.06,366.79
NTPC,2024-07-19,364.65,373.41,366.97
NTPC,2024-07-22,373.5,374.09,367.52
NTPC,2024-07-23,382.45,375.08,368.06
NTPC,2024-07-24,392.6,376.66,368.89
NTPC,2024-07-25,392.15,378.02,369.62
NTPC,2024-07-26,396.3,378.98,370.32
NTPC,2024-07-29,393.9,379.76,370.97
NTPC,2024-07-30,406.95,381.61,371.8
NTPC,2024-07-31,416.0,383.9,372.79
NTPC,2024-08-01,423.45,386.44,373.82
NTPC,2024-08-02,419.7,388.77,374.74
NTPC,2024-08-05,413.25,390.45,375.56
NTPC,2024-08-06,415.0,392.32,376.36
NTPC,2024-08-07,416.3,394.28,377.29
NTPC,2024-08-08,407.7,395.6,378.14
NTPC,2024-08-09,410.65,397.28,379.06
NTPC,2024-08-12,400.85,398.46,379.88
NTPC,2024-08-13,396.2,398.99,380.63
NTPC,2024-08-14,396.35,399.78,380.72
NTPC,2024-08-16,398.05,400.8,382.05
NTPC,2024-08-19,403.1,402.72,383.3
NTPC,2024-08-20,406.25,404.36,384.42
NTPC,2024-08-21,408.95,405.68,385.39
NTPC,2024-08-22,403.35,406.22,386.16
NTPC,2024-08-23,401.95,406.71,386.85
NTPC,2024-08-26,414.85,407.64,387.72
NTPC,2024-08-27,409.65,408.43,388.52
NTPC,2024-08-28,409.05,408.53,389.33
NTPC,2024-08-29,409.9,408.23,390.13
NTPC,2024-08-30,416.2,407.86,391.21
NTPC,2024-09-02,410.0,407.38,392.26
NTPC,2024-09-03,406.4,407.04,393.19
NTPC,2024-09-04,405.1,406.54,394.03
NTPC,2024-09-05,403.25,405.89,394.88
NTPC,2024-09-06,394.8,405.24,395.48
NTPC,2024-09-09,389.85,404.21,395.73
NTPC,2024-09-10,396.3,403.98,396.09
NTPC,2024-09-11,389.65,403.65,396.49
NTPC,2024-09-12,404.85,404.08,397.18
NTPC,2024-09-13,401.4,404.24,397.75
NTPC,2024-09-16,411.1,404.64,398.52
NTPC,2024-09-17,416.3,405.14,399.24
NTPC,2024-09-18,414.15,405.4,399.98
NTPC,2024-09-19,423.95,406.44,400.92
NTPC,2024-09-20,423.95,407.54,401.77
NTPC,2024-09-23,428.35,408.21,402.79
NTPC,2024-09-24,428.1,409.13,403.81
NTPC,2024-09-25,436.1,410.48,404.82
NTPC,2024-09-26,434.6,411.72,405.9
NTPC,2024-09-27,436.9,412.76,407.09
NTPC,2024-09-30,443.2,414.42,408.66
NTPC,2024-10-01,440.1,416.1,409.99
NTPC,2024-10-03,435.35,417.61,411.05
NTPC,2024-10-04,430.45,418.97,411.8
NTPC,2024-10-07,415.45,420.0,412.27
NTPC,2024-10-08,420.95,421.56,412.76
NTPC,2024-10-09,418.45,422.67,413.26
NTPC,2024-10-10,422.7,424.32,413.57
NTPC,2024-10-11,422.5,425.2,413.7
NTPC,2024-10-14,424.5,426.36,413.72
NTPC,2024-10-15,426.6,427.13,413.86
NTPC,2024-10-16,424.25,427.53,414.08
NTPC,2024-10-17,417.75,427.71,414.13
NTPC,2024-10-18,424.95,427.76,414.31
NTPC,2024-10-21,425.0,427.81,414.65
NTPC,2024-10-22,415.75,427.18,414.76
NTPC,2024-10-23,408.3,426.19,414.9
NTPC,2024-10-24,411.9,424.98,415.22
NTPC,2024-10-25,398.9,423.2,415.27
NTPC,2024-10-28,403.9,421.55,415.39
NTPC,2024-10-29,412.15,420.0,415.57
NTPC,2024-10-30,408.5,418.42,415.61
NTPC,2024-10-31,408.15,417.06,415.6
NTPC,2024-11-01,411.35,416.1,415.76
NTPC,2024-11-04,400.95,415.38,415.74
NTPC,2024-11-05,403.1,414.48,415.5
NTPC,2024-11-06,408.9,414.0,415.49
NTPC,2024-11-07,403.8,413.06,415.38
NTPC,2024-11-08,397.65,411.82,415.14
NTPC,2024-11-11,392.55,410.22,414.66
NTPC,2024-11-12,380.3,407.9,414.07
NTPC,2024-11-13,381.35,405.76,413.57
NTPC,2024-11-14,372.5,403.5,412.92
NTPC,2024-11-18,366.7,400.58,412.18
NTPC,2024-11-19,366.7,397.67,411.62
NTPC,2024-11-21,356.15,394.69,410.95
NTPC,2024-11-22,365.45,392.55,410.33
ONGC,2023-10-03,184.6,,
ONGC,2023-10-04,182.75,,
ONGC,2023-10-05,182.2,,
ONGC,2023-10-06,181.45,,
ONGC,2023-10-09,181.7,,
ONGC,2023-10-10,183.5,,
ONGC,2023-10-11,183.25,,
ONGC,2023-10-12,184.45,,
ONGC,2023-10-13,184.9,,
ONGC,2023-10-16,186.55,,
ONGC,2023-10-17,186.25,,
ONGC,2023-10-18,186.95,,
ONGC,2023-10-19,186.3,,
ONGC,2023-10-20,186.2,,
ONGC,2023-10-23,184.85,,
ONGC,2023-10-25,184.35,,
ONGC,2023-10-26,180.9,,
ONGC,2023-10-27,184.75,,
ONGC,2023-10-30,188.8,,
ONGC,2023-10-31,186.15,184.54,
ONGC,2023-11-01,186.7,184.65,
ONGC,2023-11-02,186.2,184.82,
ONGC,2023-11-03,190.0,185.21,
ONGC,2023-11-06,193.3,185.8,
ONGC,2023-11-07,193.2,186.38,
ONGC,2023-11-08,195.35,186.97,
ONGC,2023-11-09,192.7,187.44,
ONGC,2023-11-10,195.9,188.02,
ONGC,2023-11-12,196.75,188.61,
ONGC,2023-11-13,195.8,189.07,
ONGC,2023-11-15,199.5,189.73,
ONGC,2023-11-16,201.8,190.48,
ONGC,2023-11-17,196.35,190.98,
ONGC,2023-11-20,197.85,191.56,
ONGC,2023-11-21,191.2,191.88,
ONGC,2023-11-22,191.0,192.21,
ONGC,2023-11-23,190.65,192.7,
ONGC,2023-11-24,188.85,192.9,
ONGC,2023-11-28,193.95,193.16,
ONGC,2023-11-29,192.0,193.45,
ONGC,2023-11-30,194.95,193.86,
ONGC,2023-12-01,194.55,194.28,
ONGC,2023-12-04,202.05,194.88,
ONGC,2023-12-05,202.05,195.32,
ONGC,2023-12-06,201.95,195.76,
ONGC,2023-12-07,198.9,195.94,
ONGC,2023-12-08,195.95,196.1,
ONGC,2023-12-11,197.8,196.2,
ONGC,2023-12-12,195.4,196.13,
ONGC,2023-12-13,193.15,196.0,190.73
ONGC,2023-12-14,195.95,195.82,190.96
ONGC,2023-12-15,201.05,195.78,191.33
ONGC,2023-12-18,199.0,195.91,191.66
ONGC,2023-12-19,200.3,196.04,192.04
ONGC,2023-12-20,203.2,196.64,192.47
ONGC,2023-12-21,202.65,197.22,192.85
ONGC,2023-12-22,203.95,197.88,193.27
ONGC,2023-12-26,207.35,198.81,193.72
ONGC,2023-12-27,205.55,199.39,194.14
ONGC,2023-12-28,208.3,200.2,194.57
ONGC,2023-12-29,205.05,200.71,194.95
ONGC,2024-01-01,205.35,201.25,195.32
ONGC,2024-01-02,207.05,201.5,195.73
ONGC,2024-01-03,208.25,201.81,196.17
ONGC,2024-01-04,214.65,202.44,196.77
ONGC,2024-01-05,216.45,203.32,197.41
ONGC,2024-01-08,217.95,204.42,198.15
ONGC,2024-01-09,216.65,205.36,198.79
ONGC,2024-01-10,212.1,206.2,199.26
ONGC,2024-01-11,211.85,207.13,199.77
ONGC,2024-01-12,223.4,208.51,200.5
ONGC,2024-01-15,233.5,210.13,201.45
ONGC,2024-01-16,235.1,211.93,202.35
ONGC,2024-01-17,232.05,213.52,203.13
ONGC,2024-01-18,233.55,215.04,203.93
ONGC,2024-01-19,242.05,217.01,204.87
ONGC,2024-01-20,242.05,218.91,205.85
ONGC,2024-01-23,229.9,220.04,206.53
ONGC,2024-01-24,234.35,221.48,207.29
ONGC,2024-01-25,234.05,222.77,208.05
ONGC,2024-01-29,252.5,225.14,209.11
ONGC,2024-01-30,249.2,227.33,210.06
ONGC,2024-01-31,252.25,229.59,211.18
ONGC,2024-02-01,247.65,231.56,212.17
ONGC,2024-02-02,257.25,233.69,213.49
ONGC,2024-02-05,262.95,236.02,214.93
ONGC,2024-02-06,272.3,238.74,216.57
ONGC,2024-02-07,271.9,241.5,218.23
ONGC,2024-02-08,273.15,244.55,219.81
ONGC,2024-02-09,267.55,247.33,221.32
ONGC,2024-02-12,257.9,249.06,222.58
ONGC,2024-02-13,259.5,250.36,223.88
ONGC,2024-02-14,268.85,252.05,225.22
ONGC,2024-02-15,277.3,254.31,226.72
ONGC,2024-02-16,274.7,256.37,228.18
ONGC,2024-02-19,274.65,258.0,229.69
ONGC,2024-02-20,276.6,259.72,231.3
ONGC,2024-02-21,272.95,261.88,232.81
ONGC,2024-02-22,274.7,263.9,234.39
ONGC,2024-02-23,272.2,265.8,235.97
ONGC,2024-02-26,269.85,266.67,237.45
ONGC,2024-02-27,269.35,267.68,238.82
ONGC,2024-02-28,265.75,268.35,240.15
ONGC,2024-02-29,264.6,269.2,241.44
ONGC,2024-03-01,270.55,269.86,242.79
ONGC,2024-03-02,271.9,270.31,244.17
ONGC,2024-03-04,279.2,270.66,245.68
ONGC,2024-03-05,283.75,271.25,247.2
ONGC,2024-03-06,280.25,271.6,248.7
ONGC,2024-03-07,278.1,272.13,250.09
ONGC,2024-03-11,274.0,272.94,251.47
ONGC,2024-03-12,270.4,273.48,252.77
ONGC,2024-03-13,255.35,272.81,253.74
ONGC,2024-03-14,263.25,272.1,254.84
ONGC,2024-03-15,258.75,271.31,255.72
ONGC,2024-03-18,261.6,270.66,256.62
ONGC,2024-03-19,259.25,269.79,257.45
ONGC,2024-03-20,263.85,269.33,258.4
ONGC,2024-03-21,262.95,268.74,259.41
ONGC,2024-03-22,263.25,268.3,260.44
ONGC,2024-03-26,265.5,268.08,261.28
ONGC,2024-03-27,261.75,267.7,261.85
ONGC,2024-03-28,268.05,267.82,262.51
ONGC,2024-04-01,269.9,268.08,263.26
ONGC,2024-04-02,272.5,268.18,264.04
ONGC,2024-04-03,275.35,268.35,264.71
ONGC,2024-04-04,269.0,267.84,265.25
ONGC,2024-04-05,267.95,267.05,266.01
ONGC,2024-04-08,270.4,266.56,266.73
ONGC,2024-04-09,268.95,266.1,267.43
ONGC,2024-04-10,272.0,266.0,267.82
ONGC,2024-04-12,265.7,265.76,268.15
ONGC,2024-04-15,279.85,266.99,268.7
ONGC,2024-04-16,283.15,267.98,269.41
ONGC,2024-04-18,274.15,268.76,269.75
ONGC,2024-04-19,275.25,269.44,269.99
ONGC,2024-04-22,276.8,270.32,270.08
ONGC,2024-04-23,276.8,270.96,270.18
ONGC,2024-04-24,279.35,271.78,270.3
ONGC,2024-04-25,281.95,272.72,270.59
ONGC,2024-04-26,282.9,273.59,271.09
ONGC,2024-04-29,283.2,274.66,271.57
ONGC,2024-04-30,282.85,275.4,271.85
ONGC,2024-05-02,282.8,276.04,271.96
ONGC,2024-05-03,286.1,276.73,272.18
ONGC,2024-05-06,282.15,277.06,272.33
ONGC,2024-05-07,273.6,277.29,272.27
ONGC,2024-05-08,276.85,277.74,272.35
ONGC,2024-05-09,265.25,277.48,272.16
ONGC,2024-05-10,270.25,277.55,272.12
ONGC,2024-05-13,266.9,277.29,272.07
ONGC,2024-05-14,272.9,277.65,272.14
ONGC,2024-05-15,273.45,277.33,272.29
ONGC,2024-05-16,277.65,277.06,272.55
ONGC,2024-05-17,277.45,277.22,272.69
ONGC,2024-05-18,279.0,277.41,272.83
ONGC,2024-05-21,280.1,277.58,272.85
ONGC,2024-05-22,278.0,277.64,272.74
ONGC,2024-05-23,283.45,277.84,272.8
ONGC,2024-05-24,283.25,277.9,272.9
ONGC,2024-05-27,277.65,277.64,272.98
ONGC,2024-05-28,274.3,277.2,273.05
ONGC,2024-05-29,271.85,276.65,273.38
ONGC,2024-05-30,266.7,275.84,273.45
ONGC,2024-05-31,264.35,274.76,273.56
ONGC,2024-06-03,284.1,274.85,274.01
ONGC,2024-06-04,236.3,272.99,273.56
ONGC,2024-06-05,247.5,271.52,273.23
ONGC,2024-06-06,252.3,270.87,273.02
ONGC,2024-06-07,260.4,270.38,272.96
ONGC,2024-06-10,259.15,269.99,272.83
ONGC,2024-06-11,273.55,270.02,273.07
ONGC,2024-06-12,275.5,270.13,273.22
ONGC,2024-06-13,276.55,270.07,273.35
ONGC,2024-06-14,275.4,269.97,273.41
ONGC,2024-06-18,275.8,269.81,273.42
ONGC,2024-06-19,271.55,269.38,273.47
ONGC,2024-06-20,271.85,269.08,273.54
ONGC,2024-06-21,269.65,268.39,273.53
ONGC,2024-06-24,269.9,267.72,273.55
ONGC,2024-06-25,267.0,267.18,273.45
ONGC,2024-06-26,267.75,266.86,273.49
ONGC,2024-06-27,267.5,266.64,273.24
ONGC,2024-06-28,274.2,267.02,273.06
ONGC,2024-07-01,272.95,267.44,273.04
ONGC,2024-07-02,274.85,266.98,273.03
ONGC,2024-07-03,274.7,268.9,272.99
ONGC,2024-07-04,277.05,270.38,273.0
ONGC,2024-07-05,288.2,272.18,273.17
ONGC,2024-07-08,299.15,274.11,273.52
ONGC,2024-07-09,297.45,276.03,273.81
ONGC,2024-07-10,298.15,277.26,274.11
ONGC,2024-07-11,304.75,278.72,274.54
ONGC,2024-07-12,307.1,280.25,275.03
ONGC,2024-07-15,322.5,282.6,275.76
ONGC,2024-07-16,322.65,284.94,276.57
ONGC,2024-07-18,331.7,287.95,277.73
ONGC,2024-07-19,319.65,290.34,278.59
ONGC,2024-07-22,320.8,292.9,279.7
ONGC,2024-07-23,314.15,295.11,280.58
ONGC,2024-07-24,319.55,297.74,281.63
ONGC,2024-07-25,335.8,301.14,282.89
ONGC,2024-07-26,331.6,304.35,284.05
ONGC,2024-07-29,332.9,307.28,285.15
ONGC,2024-07-30,331.9,310.23,286.24
ONGC,2024-07-31,334.2,313.2,287.35
ONGC,2024-08-01,341.75,316.55,288.58
ONGC,2024-08-02,330.1,319.2,289.62
ONGC,2024-08-05,310.25,320.3,290.16
ONGC,2024-08-06,306.1,320.65,290.62
ONGC,2024-08-07,329.1,322.24,291.64
ONGC,2024-08-08,322.7,323.46,292.61
ONGC,2024-08-09,332.55,324.85,293.83
ONGC,2024-08-12,341.3,326.56,295.32
ONGC,2024-08-13,335.9,327.23,296.75
ONGC,2024-08-14,328.15,327.51,297.63
ONGC,2024-08-16,329.6,327.4,299.5
ONGC,2024-08-19,335.3,328.18,301.25
ONGC,2024-08-20,330.1,328.65,302.81
ONGC,2024-08-21,327.7,329.33,304.15
ONGC,2024-08-22,324.35,329.57,305.46
ONGC,2024-08-23,318.9,328.72,306.36
ONGC,2024-08-26,327.85,328.54,307.41
ONGC,2024-08-27,328.85,328.33,308.46
ONGC,2024-08-28,327.8,328.13,309.51
ONGC,2024-08-29,329.6,327.9,310.58
ONGC,2024-08-30,330.75,327.35,311.77
ONGC,2024-09-02,326.2,327.15,312.85
ONGC,2024-09-03,322.2,327.75,313.9
ONGC,2024-09-04,314.4,328.16,314.79
ONGC,2024-09-05,311.4,327.28,315.68
ONGC,2024-09-06,308.8,326.58,316.5
ONGC,2024-09-09,298.9,324.9,317.13
ONGC,2024-09-10,295.6,322.62,317.56
ONGC,2024-09-11,285.3,320.09,317.81
ONGC,2024-09-12,294.05,318.38,318.19
ONGC,2024-09-13,291.45,316.48,318.52
ONGC,2024-09-16,292.5,314.33,318.83
ONGC,2024-09-17,294.65,312.56,318.96
ONGC,2024-09-18,290.4,310.7,318.79
ONGC,2024-09-19,285.25,308.74,318.54
ONGC,2024-09-20,286.25,307.11,318.31
ONGC,2024-09-23,295.45,305.49,318.12
ONGC,2024-09-24,299.45,304.02,317.97
ONGC,2024-09-25,298.7,302.56,317.49
ONGC,2024-09-26,295.2,300.85,316.94
ONGC,2024-09-27,297.2,299.17,316.25
ONGC,2024-09-30,297.6,297.74,315.81
ONGC,2024-10-01,291.95,296.23,315.23
ONGC,2024-10-03,292.05,295.11,314.79
ONGC,2024-10-04,295.25,294.3,314.31
ONGC,2024-10-07,289.45,293.33,313.38
ONGC,2024-10-08,293.45,293.06,312.62
ONGC,2024-10-09,288.5,292.71,311.73
ONGC,2024-10-10,288.75,292.88,310.86
ONGC,2024-10-11,292.55,292.8,310.03
ONGC,2024-10-14,286.5,292.56,308.93
ONGC,2024-10-15,283.7,292.12,308.0
ONGC,2024-10-16,285.4,291.65,307.5
ONGC,2024-10-17,281.6,291.21,307.01
ONGC,2024-10-18,283.3,291.12,306.1
ONGC,2024-10-21,276.6,290.63,305.17
ONGC,2024-10-22,270.8,289.4,303.94
ONGC,2024-10-23,270.85,287.97,302.53
ONGC,2024-10-24,269.1,286.49,301.19
ONGC,2024-10-25,264.05,284.93,299.91
ONGC,2024-10-28,263.35,283.24,298.59
ONGC,2024-10-29,265.0,281.61,297.18
ONGC,2024-10-30,261.65,280.09,295.81
ONGC,2024-10-31,266.15,278.8,294.58
ONGC,2024-11-01,271.75,277.62,293.53
ONGC,2024-11-04,265.3,276.42,292.46
ONGC,2024-11-05,267.4,275.12,291.25
ONGC,2024-11-06,269.05,274.14,290.05
ONGC,2024-11-07,265.2,272.97,288.8
ONGC,2024-11-08,262.55,271.47,287.46
ONGC,2024-11-11,256.9,269.98,285.98
ONGC,2024-11-12,256.15,268.61,284.58
ONGC,2024-11-13,252.55,266.97,283.19
ONGC,2024-11-14,250.8,265.42,281.92
ONGC,2024-11-18,250.65,263.79,280.7
ONGC,2024-11-19,248.0,262.36,279.48
ONGC,2024-11-21,242.15,260.93,278.35
ONGC,2024-11-22,245.6,259.67,277.35
POWERGRID,2023-10-03,199.55,,
POWERGRID,2023-10-04,199.0,,
POWERGRID,2023-10-05,196.6,,
POWERGRID,2023-10-06,197.05,,
POWERGRID,2023-10-09,196.25,,
POWERGRID,2023-10-10,197.95,,
POWERGRID,2023-10-11,198.5,,
POWERGRID,2023-10-12,200.75,,
POWERGRID,2023-10-13,201.8,,
POWERGRID,2023-10-16,203.05,,
POWERGRID,2023-10-17,207.15,,
POWERGRID,2023-10-18,206.5,,
POWERGRID,2023-10-19,205.8,,
POWERGRID,2023-10-20,202.85,,
POWERGRID,2023-10-23,199.75,,
POWERGRID,2023-10-25,199.5,,
POWERGRID,2023-10-26,198.95,,
POWERGRID,2023-10-27,200.95,,
POWERGRID,2023-10-30,200.85,,
POWERGRID,2023-10-31,202.15,200.75,
POWERGRID,2023-11-01,200.95,200.82,
POWERGRID,2023-11-02,203.1,201.02,
POWERGRID,2023-11-03,204.4,201.41,
POWERGRID,2023-11-06,208.2,201.97,
POWERGRID,2023-11-07,208.0,202.56,
POWERGRID,2023-11-08,207.0,203.01,
POWERGRID,2023-11-09,209.8,203.58,
POWERGRID,2023-11-10,211.15,204.1,
POWERGRID,2023-11-12,212.0,204.6,
POWERGRID,2023-11-13,212.3,205.07,
POWERGRID,2023-11-15,210.15,205.22,
POWERGRID,2023-11-16,207.2,205.25,
POWERGRID,2023-11-17,209.5,205.44,
POWERGRID,2023-11-20,209.3,205.76,
POWERGRID,2023-11-21,208.95,206.22,
POWERGRID,2023-11-22,211.6,206.82,
POWERGRID,2023-11-23,210.9,207.42,
POWERGRID,2023-11-24,210.45,207.9,
POWERGRID,2023-11-28,210.2,208.36,
POWERGRID,2023-11-29,211.05,208.81,
POWERGRID,2023-11-30,208.95,209.21,
POWERGRID,2023-12-01,210.2,209.56,
POWERGRID,2023-12-04,212.9,209.99,
POWERGRID,2023-12-05,222.3,210.7,
POWERGRID,2023-12-06,224.4,211.52,
POWERGRID,2023-12-07,230.0,212.67,
POWERGRID,2023-12-08,228.6,213.6,
POWERGRID,2023-12-11,230.95,214.59,
POWERGRID,2023-12-12,231.35,215.56,
POWERGRID,2023-12-13,236.95,216.8,208.56
POWERGRID,2023-12-14,232.1,217.89,209.21
POWERGRID,2023-12-15,237.35,219.4,209.97
POWERGRID,2023-12-18,231.85,220.52,210.68
POWERGRID,2023-12-19,233.55,221.73,211.41
POWERGRID,2023-12-20,227.15,222.64,212.03
POWERGRID,2023-12-21,232.35,223.68,212.71
POWERGRID,2023-12-22,231.75,224.72,213.38
POWERGRID,2023-12-26,233.35,225.86,214.03
POWERGRID,2023-12-27,234.05,227.06,214.68
POWERGRID,2023-12-28,239.1,228.46,215.4
POWERGRID,2023-12-29,237.2,229.87,216.0
POWERGRID,2024-01-01,238.25,231.28,216.63
POWERGRID,2024-01-02,237.85,232.52,217.27
POWERGRID,2024-01-03,237.05,233.26,217.96
POWERGRID,2024-01-04,241.45,234.11,218.79
POWERGRID,2024-01-05,241.25,234.68,219.63
POWERGRID,2024-01-08,242.35,235.36,220.5
POWERGRID,2024-01-09,242.3,235.93,221.32
POWERGRID,2024-01-10,239.15,236.32,222.09
POWERGRID,2024-01-11,241.95,236.57,222.88
POWERGRID,2024-01-12,239.5,236.94,223.66
POWERGRID,2024-01-15,241.15,237.13,224.42
POWERGRID,2024-01-16,239.05,237.49,225.11
POWERGRID,2024-01-17,239.2,237.77,225.73
POWERGRID,2024-01-18,233.45,238.09,226.24
POWERGRID,2024-01-19,235.4,238.24,226.81
POWERGRID,2024-01-20,237.2,238.51,227.35
POWERGRID,2024-01-23,237.95,238.74,227.89
POWERGRID,2024-01-24,246.2,239.35,228.57
POWERGRID,2024-01-25,245.5,239.67,229.24
POWERGRID,2024-01-29,253.95,240.51,230.11
POWERGRID,2024-01-30,254.1,241.3,231.05
POWERGRID,2024-01-31,259.3,242.37,232.05
POWERGRID,2024-02-01,265.8,243.81,233.18
POWERGRID,2024-02-02,277.1,245.59,234.54
POWERGRID,2024-02-05,282.9,247.68,235.97
POWERGRID,2024-02-06,274.25,249.27,237.23
POWERGRID,2024-02-07,267.95,250.55,238.38
POWERGRID,2024-02-08,276.2,252.41,239.7
POWERGRID,2024-02-09,273.0,253.96,240.94
POWERGRID,2024-02-12,270.3,255.5,242.17
POWERGRID,2024-02-13,270.25,256.95,243.37
POWERGRID,2024-02-14,273.65,258.68,244.59
POWERGRID,2024-02-15,281.65,260.8,245.77
POWERGRID,2024-02-16,274.55,262.86,246.78
POWERGRID,2024-02-19,276.35,264.91,247.7
POWERGRID,2024-02-20,287.9,267.44,248.89
POWERGRID,2024-02-21,280.1,269.55,249.87
POWERGRID,2024-02-22,282.6,271.37,250.9
POWERGRID,2024-02-23,281.95,273.19,251.8
POWERGRID,2024-02-26,287.8,274.88,252.91
POWERGRID,2024-02-27,292.5,276.8,254.01
POWERGRID,2024-02-28,279.55,277.82,254.97
POWERGRID,2024-02-29,282.85,278.67,255.95
POWERGRID,2024-03-01,287.7,279.2,257.17
POWERGRID,2024-03-02,286.85,279.4,258.26
POWERGRID,2024-03-04,294.65,280.42,259.51
POWERGRID,2024-03-05,295.0,281.77,260.75
POWERGRID,2024-03-06,293.7,282.64,261.94
POWERGRID,2024-03-07,292.65,283.63,263.01
POWERGRID,2024-03-11,285.55,284.39,263.98
POWERGRID,2024-03-12,285.15,285.14,264.92
POWERGRID,2024-03-13,264.3,284.67,265.44
POWERGRID,2024-03-14,266.35,283.9,266.03
POWERGRID,2024-03-15,265.95,283.47,266.52
POWERGRID,2024-03-18,264.9,282.9,266.99
POWERGRID,2024-03-19,259.0,281.46,267.33
POWERGRID,2024-03-20,264.65,280.68,267.77
POWERGRID,2024-03-21,273.75,280.24,268.46
POWERGRID,2024-03-22,275.75,279.93,269.14
POWERGRID,2024-03-26,270.05,279.04,269.75
POWERGRID,2024-03-27,270.25,277.93,270.33
POWERGRID,2024-03-28,276.9,277.8,271.09
POWERGRID,2024-04-01,280.15,277.66,271.91
POWERGRID,2024-04-02,279.55,277.26,272.83
POWERGRID,2024-04-03,280.1,276.92,273.73
POWERGRID,2024-04-04,277.65,276.07,274.54
POWERGRID,2024-04-05,278.4,275.24,275.34
POWERGRID,2024-04-08,281.75,274.64,276.06
POWERGRID,2024-04-09,281.2,274.07,276.77
POWERGRID,2024-04-10,282.55,273.92,277.34
POWERGRID,2024-04-12,275.25,273.42,277.76
POWERGRID,2024-04-15,274.05,273.91,278.06
POWERGRID,2024-04-16,274.25,274.3,278.23
POWERGRID,2024-04-18,280.1,275.01,278.29
POWERGRID,2024-04-19,281.65,275.85,278.26
POWERGRID,2024-04-22,283.65,277.08,278.45
POWERGRID,2024-04-23,285.35,278.12,278.8
POWERGRID,2024-04-24,290.4,278.95,279.08
POWERGRID,2024-04-25,293.3,279.83,279.49
POWERGRID,2024-04-26,292.25,280.94,279.93
POWERGRID,2024-04-29,293.7,282.11,280.4
POWERGRID,2024-04-30,301.85,283.36,280.96
POWERGRID,2024-05-02,313.6,285.03,281.6
POWERGRID,2024-05-03,310.85,286.6,282.33
POWERGRID,2024-05-06,306.85,287.93,282.94
POWERGRID,2024-05-07,295.25,288.81,283.08
POWERGRID,2024-05-08,302.0,289.99,283.52
POWERGRID,2024-05-09,296.15,290.71,283.79
POWERGRID,2024-05-10,303.75,291.84,284.23
POWERGRID,2024-05-13,306.55,293.04,284.6
POWERGRID,2024-05-14,309.25,294.74,284.94
POWERGRID,2024-05-15,314.85,296.78,285.64
POWERGRID,2024-05-16,312.5,298.69,286.24
POWERGRID,2024-05-17,313.15,300.35,286.75
POWERGRID,2024-05-18,316.9,302.11,287.35
POWERGRID,2024-05-21,325.65,304.21,287.97
POWERGRID,2024-05-22,325.75,306.23,288.58
POWERGRID,2024-05-23,319.9,307.7,289.11
POWERGRID,2024-05-24,318.8,308.98,289.63
POWERGRID,2024-05-27,317.95,310.26,290.28
POWERGRID,2024-05-28,312.8,311.22,290.83
POWERGRID,2024-05-29,317.7,312.01,291.9
POWERGRID,2024-05-30,306.7,311.67,292.7
POWERGRID,2024-05-31,310.0,311.62,293.59
POWERGRID,2024-06-03,337.65,313.16,295.04
POWERGRID,2024-06-04,295.95,313.2,295.78
POWERGRID,2024-06-05,298.8,313.04,296.46
POWERGRID,2024-06-06,300.45,313.25,297.0
POWERGRID,2024-06-07,309.35,313.53,297.67
POWERGRID,2024-06-10,315.8,314.0,298.58
POWERGRID,2024-06-11,316.55,314.36,299.51
POWERGRID,2024-06-12,324.65,314.85,300.46
POWERGRID,2024-06-13,321.45,315.3,301.29
POWERGRID,2024-06-14,321.5,315.71,302.13
POWERGRID,2024-06-18,331.8,316.46,303.16
POWERGRID,2024-06-19,327.3,316.54,304.16
POWERGRID,2024-06-20,324.55,316.48,305.08
POWERGRID,2024-06-21,325.95,316.78,305.96
POWERGRID,2024-06-24,332.95,317.49,307.0
POWERGRID,2024-06-25,327.4,317.97,307.9
POWERGRID,2024-06-26,326.7,318.66,308.92
POWERGRID,2024-06-27,331.55,319.35,310.08
POWERGRID,2024-06-28,330.95,320.56,311.21
POWERGRID,2024-07-01,329.6,321.54,312.2
POWERGRID,2024-07-02,330.8,321.2,313.18
POWERGRID,2024-07-03,335.15,323.16,314.21
POWERGRID,2024-07-04,335.0,324.97,315.2
POWERGRID,2024-07-05,339.4,326.92,316.18
POWERGRID,2024-07-08,339.4,328.42,317.11
POWERGRID,2024-07-09,341.15,329.69,318.08
POWERGRID,2024-07-10,346.05,331.16,319.13
POWERGRID,2024-07-11,342.8,332.07,319.95
POWERGRID,2024-07-12,343.1,333.16,320.54
POWERGRID,2024-07-15,343.85,334.27,321.2
POWERGRID,2024-07-16,342.45,334.8,321.91
POWERGRID,2024-07-18,341.25,335.5,322.83
POWERGRID,2024-07-19,332.2,335.88,323.44
POWERGRID,2024-07-22,338.6,336.52,324.29
POWERGRID,2024-07-23,334.25,336.58,324.9
POWERGRID,2024-07-24,337.15,337.07,325.51
POWERGRID,2024-07-25,339.45,337.71,326.11
POWERGRID,2024-07-26,344.2,338.34,326.7
POWERGRID,2024-07-29,342.35,338.91,327.3
POWERGRID,2024-07-30,349.8,339.92,328.03
POWERGRID,2024-07-31,348.2,340.79,328.66
POWERGRID,2024-08-01,361.1,342.09,329.36
POWERGRID,2024-08-02,358.25,343.25,330.01
POWERGRID,2024-08-05,342.8,343.42,330.47
POWERGRID,2024-08-06,340.75,343.49,330.91
POWERGRID,2024-08-07,352.05,344.03,331.59
POWERGRID,2024-08-08,342.65,343.86,332.19
POWERGRID,2024-08-09,346.0,344.02,332.76
POWERGRID,2024-08-12,341.15,343.92,333.44
POWERGRID,2024-08-13,336.95,343.58,333.98
POWERGRID,2024-08-14,333.5,343.13,333.9
POWERGRID,2024-08-16,338.6,343.0,334.75
POWERGRID,2024-08-19,340.3,343.4,335.58
POWERGRID,2024-08-20,340.5,343.5,336.38
POWERGRID,2024-08-21,336.65,343.62,336.93
POWERGRID,2024-08-22,334.0,343.46,337.3
POWERGRID,2024-08-23,336.25,343.3,337.69
POWERGRID,2024-08-26,338.25,343.0,337.96
POWERGRID,2024-08-27,335.35,342.66,338.24
POWERGRID,2024-08-28,334.45,341.89,338.5
POWERGRID,2024-08-29,333.3,341.14,338.53
POWERGRID,2024-08-30,337.4,339.96,338.73
POWERGRID,2024-09-02,335.55,338.82,338.95
POWERGRID,2024-09-03,334.65,338.42,339.12
POWERGRID,2024-09-04,332.9,338.02,339.12
POWERGRID,2024-09-05,331.25,336.98,339.2
POWERGRID,2024-09-06,329.8,336.34,339.26
POWERGRID,2024-09-09,328.55,335.47,339.2
POWERGRID,2024-09-10,334.15,335.12,339.27
POWERGRID,2024-09-11,333.2,334.93,339.34
POWERGRID,2024-09-12,338.2,335.16,339.49
POWERGRID,2024-09-13,337.25,335.1,339.53
POWERGRID,2024-09-16,338.25,335.0,339.59
POWERGRID,2024-09-17,336.9,334.81,339.54
POWERGRID,2024-09-18,334.3,334.7,339.44
POWERGRID,2024-09-19,334.9,334.74,339.32
POWERGRID,2024-09-20,340.85,334.97,339.21
POWERGRID,2024-09-23,341.15,335.12,339.18
POWERGRID,2024-09-24,350.05,335.85,339.32
POWERGRID,2024-09-25,363.75,337.32,339.72
POWERGRID,2024-09-26,365.45,338.92,340.18
POWERGRID,2024-09-27,354.25,339.77,340.44
POWERGRID,2024-09-30,352.85,340.63,340.85
POWERGRID,2024-10-01,350.8,341.44,341.09
POWERGRID,2024-10-03,344.15,342.0,341.29
POWERGRID,2024-10-04,338.85,342.38,341.32
POWERGRID,2024-10-07,328.95,342.34,341.12
POWERGRID,2024-10-08,327.15,342.27,340.77
POWERGRID,2024-10-09,329.75,342.05,340.52
POWERGRID,2024-10-10,334.35,342.11,340.21
POWERGRID,2024-10-11,330.05,341.7,339.85
POWERGRID,2024-10-14,330.7,341.37,339.24
POWERGRID,2024-10-15,329.85,340.95,338.67
POWERGRID,2024-10-16,327.2,340.47,338.36
POWERGRID,2024-10-17,331.15,340.31,338.17
POWERGRID,2024-10-18,332.05,340.17,337.77
POWERGRID,2024-10-21,331.15,339.68,337.54
POWERGRID,2024-10-22,322.75,338.76,337.08
POWERGRID,2024-10-23,316.9,337.1,336.59
POWERGRID,2024-10-24,319.15,334.88,336.23
POWERGRID,2024-10-25,315.8,332.39,335.88
POWERGRID,2024-10-28,318.3,330.6,335.47
POWERGRID,2024-10-29,320.55,328.98,335.08
POWERGRID,2024-10-30,318.45,327.36,334.64
POWERGRID,2024-10-31,320.8,326.2,334.32
POWERGRID,2024-11-01,322.05,325.35,334.08
POWERGRID,2024-11-04,315.45,324.68,333.67
POWERGRID,2024-11-05,316.6,324.15,333.23
POWERGRID,2024-11-06,318.5,323.59,332.9
POWERGRID,2024-11-07,312.95,322.52,332.47
POWERGRID,2024-11-08,316.25,321.83,332.12
POWERGRID,2024-11-11,329.8,321.78,331.97
POWERGRID,2024-11-12,322.7,321.43,331.72
POWERGRID,2024-11-13,318.0,320.97,331.38
POWERGRID,2024-11-14,312.1,320.02,330.97
POWERGRID,2024-11-18,312.05,319.02,330.58
POWERGRID,2024-11-19,315.05,318.21,330.29
POWERGRID,2024-11-21,325.9,318.37,330.24
POWERGRID,2024-11-22,336.95,319.37,330.29
RELIANCE,2023-10-03,1159.08,,
RELIANCE,2023-10-04,1157.08,,
RELIANCE,2023-10-05,1157.05,,
RELIANCE,2023-10-06,1159.0,,
RELIANCE,2023-10-09,1149.13,,
RELIANCE,2023-10-10,1154.2,,
RELIANCE,2023-10-11,1172.53,,
RELIANCE,2023-10-12,1174.7,,
RELIANCE,2023-10-13,1174.65,,
RELIANCE,2023-10-16,1172.03,,
RELIANCE,2023-10-17,1177.63,,
RELIANCE,2023-10-18,1162.0,,
RELIANCE,2023-10-19,1153.08,,
RELIANCE,2023-10-20,1149.55,,
RELIANCE,2023-10-23,1131.6,,
RELIANCE,2023-10-25,1128.97,,
RELIANCE,2023-10-26,1113.25,,
RELIANCE,2023-10-27,1132.9,,
RELIANCE,2023-10-30,1156.25,,
RELIANCE,2023-10-31,1143.95,1153.93,
RELIANCE,2023-11-01,1148.7,1153.41,
RELIANCE,2023-11-02,1160.1,1153.56,
RELIANCE,2023-11-03,1159.85,1153.7,
RELIANCE,2023-11-06,1169.5,1154.23,
RELIANCE,2023-11-07,1161.9,1154.87,
RELIANCE,2023-11-08,1167.95,1155.55,
RELIANCE,2023-11-09,1155.28,1154.69,
RELIANCE,2023-11-10,1157.45,1153.83,
RELIANCE,2023-11-12,1165.33,1153.36,
RELIANCE,2023-11-13,1157.3,1152.63,
RELIANCE,2023-11-15,1178.22,1152.66,
RELIANCE,2023-11-16,1180.35,1153.57,
RELIANCE,2023-11-17,1177.78,1154.81,
RELIANCE,2023-11-20,1174.68,1156.07,
RELIANCE,2023-11-21,1189.45,1158.96,
RELIANCE,2023-11-22,1194.1,1162.21,
RELIANCE,2023-11-23,1197.75,1166.44,
RELIANCE,2023-11-24,1196.95,1169.64,
RELIANCE,2023-11-28,1197.2,1171.69,
RELIANCE,2023-11-29,1200.35,1174.51,
RELIANCE,2023-11-30,1188.72,1176.51,
RELIANCE,2023-12-01,1197.15,1178.36,
RELIANCE,2023-12-04,1210.1,1180.88,
RELIANCE,2023-12-05,1218.88,1183.34,
RELIANCE,2023-12-06,1230.55,1186.78,
RELIANCE,2023-12-07,1228.53,1189.81,
RELIANCE,2023-12-08,1227.88,1193.44,
RELIANCE,2023-12-11,1229.68,1197.05,
RELIANCE,2023-12-12,1212.03,1199.38,
RELIANCE,2023-12-13,1216.97,1202.37,1174.59
RELIANCE,2023-12-14,1232.08,1205.06,1176.05
RELIANCE,2023-12-15,1247.8,1208.43,1177.86
RELIANCE,2023-12-18,1260.5,1212.57,1179.93
RELIANCE,2023-12-19,1279.05,1217.79,1182.33
RELIANCE,2023-12-20,1263.58,1221.49,1184.62
RELIANCE,2023-12-21,1281.28,1225.85,1187.16
RELIANCE,2023-12-22,1282.53,1230.09,1189.36
RELIANCE,2023-12-26,1289.03,1234.69,1191.65
RELIANCE,2023-12-27,1293.43,1239.51,1194.02
RELIANCE,2023-12-28,1302.78,1244.63,1196.64
RELIANCE,2023-12-29,1292.47,1249.82,1198.94
RELIANCE,2024-01-01,1295.13,1254.71,1201.6
RELIANCE,2024-01-02,1305.85,1259.5,1204.65
RELIANCE,2024-01-03,1291.65,1263.14,1207.5
RELIANCE,2024-01-04,1298.33,1266.53,1210.83
RELIANCE,2024-01-05,1303.85,1270.3,1214.33
RELIANCE,2024-01-08,1293.68,1273.58,1217.94
RELIANCE,2024-01-09,1290.25,1276.61,1221.08
RELIANCE,2024-01-10,1325.05,1282.26,1224.46
RELIANCE,2024-01-11,1359.9,1289.41,1228.78
RELIANCE,2024-01-12,1370.73,1296.34,1233.22
RELIANCE,2024-01-15,1394.13,1303.66,1237.9
RELIANCE,2024-01-16,1374.63,1309.37,1242.19
RELIANCE,2024-01-17,1361.58,1313.49,1246.04
RELIANCE,2024-01-18,1367.95,1318.71,1250.16
RELIANCE,2024-01-19,1367.45,1323.02,1254.15
RELIANCE,2024-01-20,1356.65,1326.73,1258.17
RELIANCE,2024-01-23,1328.58,1328.7,1261.6
RELIANCE,2024-01-24,1343.88,1331.23,1265.17
RELIANCE,2024-01-25,1353.08,1333.74,1269.08
RELIANCE,2024-01-29,1448.05,1341.52,1274.48
RELIANCE,2024-01-30,1407.63,1347.14,1279.03
RELIANCE,2024-01-31,1426.63,1353.18,1284.0
RELIANCE,2024-02-01,1426.65,1359.93,1289.04
RELIANCE,2024-02-02,1457.7,1367.9,1294.41
RELIANCE,2024-02-05,1439.03,1374.66,1299.31
RELIANCE,2024-02-06,1427.8,1381.37,1303.91
RELIANCE,2024-02-07,1442.15,1388.96,1308.81
RELIANCE,2024-02-08,1450.13,1395.22,1313.87
RELIANCE,2024-02-09,1460.75,1400.26,1319.08
RELIANCE,2024-02-12,1452.35,1404.34,1324.35
RELIANCE,2024-02-13,1465.1,1407.89,1329.71
RELIANCE,2024-02-14,1481.38,1413.23,1335.14
RELIANCE,2024-02-15,1470.6,1418.68,1340.17
RELIANCE,2024-02-16,1460.58,1423.31,1344.77
RELIANCE,2024-02-19,1474.0,1428.64,1349.68
RELIANCE,2024-02-20,1471.03,1434.36,1354.54
RELIANCE,2024-02-21,1467.7,1441.31,1359.3
RELIANCE,2024-02-22,1481.75,1448.2,1364.7
RELIANCE,2024-02-23,1493.63,1455.23,1370.23
RELIANCE,2024-02-26,1487.33,1457.2,1375.34
RELIANCE,2024-02-27,1485.65,1461.1,1380.09
RELIANCE,2024-02-28,1455.63,1462.55,1384.0
RELIANCE,2024-02-29,1460.8,1464.25,1387.63
RELIANCE,2024-03-01,1492.13,1465.98,1392.2
RELIANCE,2024-03-02,1491.08,1468.58,1396.4
RELIANCE,2024-03-04,1507.4,1472.56,1400.89
RELIANCE,2024-03-05,1500.2,1475.46,1405.12
RELIANCE,2024-03-06,1503.0,1478.1,1409.31
RELIANCE,2024-03-07,1478.93,1479.01,1412.83
RELIANCE,2024-03-11,1466.6,1479.73,1416.31
RELIANCE,2024-03-12,1475.43,1480.24,1419.92
RELIANCE,2024-03-13,1432.18,1477.78,1422.45
RELIANCE,2024-03-14,1431.48,1475.83,1425.24
RELIANCE,2024-03-15,1418.23,1473.71,1427.64
RELIANCE,2024-03-18,1439.48,1471.98,1430.35
RELIANCE,2024-03-19,1425.25,1469.69,1432.99
RELIANCE,2024-03-20,1443.75,1468.5,1436.06
RELIANCE,2024-03-21,1450.98,1466.96,1438.57
RELIANCE,2024-03-22,1455.03,1465.03,1440.48
RELIANCE,2024-03-26,1441.58,1462.74,1441.89
RELIANCE,2024-03-27,1492.85,1463.1,1443.87
RELIANCE,2024-03-28,1485.85,1464.61,1446.09
RELIANCE,2024-04-01,1484.78,1465.81,1448.56
RELIANCE,2024-04-02,1486.95,1465.55,1450.94
RELIANCE,2024-04-03,1471.6,1464.58,1453.02
RELIANCE,2024-04-04,1462.93,1462.35,1455.15
RELIANCE,2024-04-05,1460.1,1460.35,1457.78
RELIANCE,2024-04-08,1485.98,1459.5,1460.62
RELIANCE,2024-04-09,1463.65,1458.73,1462.83
RELIANCE,2024-04-10,1479.58,1459.38,1463.46
RELIANCE,2024-04-12,1467.15,1458.97,1464.65
RELIANCE,2024-04-15,1464.83,1460.6,1465.41
RELIANCE,2024-04-16,1465.75,1462.32,1466.2
RELIANCE,2024-04-18,1464.33,1464.62,1466.33
RELIANCE,2024-04-19,1470.13,1466.15,1466.95
RELIANCE,2024-04-22,1479.85,1468.88,1467.99
RELIANCE,2024-04-23,1459.33,1469.66,1468.34
RELIANCE,2024-04-24,1450.18,1469.62,1468.34
RELIANCE,2024-04-25,1459.98,1469.87,1468.32
RELIANCE,2024-04-26,1452.55,1470.42,1468.33
RELIANCE,2024-04-29,1465.03,1469.03,1468.32
RELIANCE,2024-04-30,1467.0,1468.08,1468.04
RELIANCE,2024-05-02,1466.55,1467.17,1467.96
RELIANCE,2024-05-03,1434.0,1464.52,1467.42
RELIANCE,2024-05-06,1419.53,1461.92,1466.33
RELIANCE,2024-05-07,1401.48,1458.85,1464.94
RELIANCE,2024-05-08,1418.55,1456.77,1463.96
RELIANCE,2024-05-09,1394.13,1452.18,1462.21
RELIANCE,2024-05-10,1407.43,1449.37,1460.48
RELIANCE,2024-05-13,1402.7,1445.52,1458.79
RELIANCE,2024-05-14,1420.08,1443.17,1457.48
RELIANCE,2024-05-15,1416.28,1440.74,1456.69
RELIANCE,2024-05-16,1425.35,1438.72,1455.98
RELIANCE,2024-05-17,1435.7,1437.29,1454.86
RELIANCE,2024-05-18,1434.83,1435.53,1453.73
RELIANCE,2024-05-21,1436.13,1433.34,1452.3
RELIANCE,2024-05-22,1460.65,1433.41,1451.51
RELIANCE,2024-05-23,1486.05,1435.2,1451.17
RELIANCE,2024-05-24,1480.25,1436.21,1451.2
RELIANCE,2024-05-27,1466.25,1436.9,1451.19
RELIANCE,2024-05-28,1456.2,1436.46,1450.81
RELIANCE,2024-05-29,1440.78,1435.15,1450.98
RELIANCE,2024-05-30,1424.85,1433.06,1450.85
RELIANCE,2024-05-31,1430.4,1432.88,1451.09
RELIANCE,2024-06-03,1510.33,1437.42,1452.51
RELIANCE,2024-06-04,1397.28,1437.21,1451.95
RELIANCE,2024-06-05,1420.75,1437.32,1451.49
RELIANCE,2024-06-06,1431.6,1439.19,1451.1
RELIANCE,2024-06-07,1469.95,1442.32,1451.4
RELIANCE,2024-06-10,1471.4,1445.76,1452.0
RELIANCE,2024-06-11,1456.68,1447.59,1451.27
RELIANCE,2024-06-12,1463.33,1449.94,1450.82
RELIANCE,2024-06-13,1465.25,1451.93,1450.43
RELIANCE,2024-06-14,1477.55,1454.03,1450.24
RELIANCE,2024-06-18,1481.03,1456.34,1450.43
RELIANCE,2024-06-19,1458.65,1457.46,1450.35
RELIANCE,2024-06-20,1473.7,1458.11,1450.62
RELIANCE,2024-06-21,1454.2,1456.52,1449.98
RELIANCE,2024-06-24,1441.48,1454.58,1449.54
RELIANCE,2024-06-25,1454.15,1453.98,1449.03
RELIANCE,2024-06-26,1514.03,1456.87,1449.97
RELIANCE,2024-06-27,1530.55,1461.36,1451.28
RELIANCE,2024-06-28,1565.4,1468.39,1453.28
RELIANCE,2024-07-01,1560.15,1474.87,1455.19
RELIANCE,2024-07-02,1565.18,1477.62,1457.09
RELIANCE,2024-07-03,1552.43,1485.37,1458.55
RELIANCE,2024-07-04,1554.03,1492.04,1460.44
RELIANCE,2024-07-05,1588.63,1499.89,1463.21
RELIANCE,2024-07-08,1600.9,1506.44,1466.03
RELIANCE,2024-07-09,1590.28,1512.38,1468.78
RELIANCE,2024-07-10,1584.23,1518.76,1471.17
RELIANCE,2024-07-11,1580.65,1524.62,1473.44
RELIANCE,2024-07-12,1596.73,1531.2,1476.04
RELIANCE,2024-07-15,1597.23,1537.18,1479.31
RELIANCE,2024-07-16,1576.25,1541.94,1482.44
RELIANCE,2024-07-18,1586.68,1548.34,1486.15
RELIANCE,2024-07-19,1555.15,1552.42,1488.88
RELIANCE,2024-07-22,1500.68,1554.74,1491.01
RELIANCE,2024-07-23,1487.9,1557.06,1492.62
RELIANCE,2024-07-24,1495.7,1559.14,1494.48
RELIANCE,2024-07-25,1492.4,1558.06,1495.92
RELIANCE,2024-07-26,1509.03,1556.98,1497.78
RELIANCE,2024-07-29,1520.1,1554.72,1499.67
RELIANCE,2024-07-30,1513.15,1552.37,1501.22
RELIANCE,2024-07-31,1505.43,1549.38,1502.64
RELIANCE,2024-08-01,1515.3,1547.52,1504.22
RELIANCE,2024-08-02,1499.33,1544.79,1504.99
RELIANCE,2024-08-05,1447.33,1537.72,1504.22
RELIANCE,2024-08-06,1456.05,1530.48,1503.73
RELIANCE,2024-08-07,1464.83,1524.21,1503.71
RELIANCE,2024-08-08,1449.13,1517.45,1503.56
RELIANCE,2024-08-09,1474.3,1512.14,1504.23
RELIANCE,2024-08-12,1460.63,1505.33,1504.95
RELIANCE,2024-08-13,1463.63,1498.65,1505.62
RELIANCE,2024-08-14,1461.85,1492.93,1504.65
RELIANCE,2024-08-16,1478.2,1487.51,1506.26
RELIANCE,2024-08-19,1488.4,1484.17,1507.62
RELIANCE,2024-08-20,1495.95,1483.93,1508.9
RELIANCE,2024-08-21,1498.68,1484.47,1509.48
RELIANCE,2024-08-22,1498.13,1484.59,1510.01
RELIANCE,2024-08-23,1499.98,1484.97,1510.88
RELIANCE,2024-08-26,1512.6,1485.15,1511.86
RELIANCE,2024-08-27,1500.45,1484.17,1512.57
RELIANCE,2024-08-28,1498.3,1483.42,1512.98
RELIANCE,2024-08-29,1520.93,1484.2,1513.78
RELIANCE,2024-08-30,1509.63,1483.92,1514.8
RELIANCE,2024-09-02,1516.25,1484.76,1515.65
RELIANCE,2024-09-03,1509.13,1487.85,1516.75
RELIANCE,2024-09-04,1514.55,1490.78,1518.21
RELIANCE,2024-09-05,1492.98,1492.18,1518.99
RELIANCE,2024-09-06,1464.83,1492.97,1518.0
RELIANCE,2024-09-09,1462.45,1492.38,1516.64
RELIANCE,2024-09-10,1461.53,1492.42,1514.57
RELIANCE,2024-09-11,1451.5,1491.82,1512.39
RELIANCE,2024-09-12,1479.8,1492.71,1510.68
RELIANCE,2024-09-13,1472.63,1492.44,1509.09
RELIANCE,2024-09-16,1471.35,1491.58,1507.44
RELIANCE,2024-09-17,1472.3,1490.4,1505.11
RELIANCE,2024-09-18,1463.45,1488.64,1502.36
RELIANCE,2024-09-19,1469.68,1487.22,1499.95
RELIANCE,2024-09-20,1485.93,1486.51,1497.98
RELIANCE,2024-09-23,1493.38,1485.55,1496.24
RELIANCE,2024-09-24,1489.38,1485.0,1494.09
RELIANCE,2024-09-25,1493.95,1484.78,1492.02
RELIANCE,2024-09-26,1497.95,1483.63,1490.46
RELIANCE,2024-09-27,1526.18,1484.46,1489.25
RELIANCE,2024-09-30,1476.58,1482.48,1487.68
RELIANCE,2024-10-01,1464.83,1480.26,1486.96
RELIANCE,2024-10-03,1406.98,1474.88,1485.34
RELIANCE,2024-10-04,1386.53,1469.56,1483.16
RELIANCE,2024-10-07,1370.73,1464.86,1480.72
RELIANCE,2024-10-08,1397.35,1461.6,1478.49
RELIANCE,2024-10-09,1374.6,1457.25,1475.58
RELIANCE,2024-10-10,1371.05,1453.23,1472.74
RELIANCE,2024-10-11,1372.1,1447.85,1470.07
RELIANCE,2024-10-14,1372.53,1442.84,1467.22
RELIANCE,2024-10-15,1344.03,1436.48,1464.11
RELIANCE,2024-10-16,1354.08,1430.56,1462.25
RELIANCE,2024-10-17,1356.43,1425.21,1460.25
RELIANCE,2024-10-18,1359.3,1419.69,1458.14
RELIANCE,2024-10-21,1369.2,1413.86,1456.54
RELIANCE,2024-10-22,1343.35,1406.36,1453.92
RELIANCE,2024-10-23,1338.53,1398.81,1451.48
RELIANCE,2024-10-24,1339.8,1391.11,1449.01
RELIANCE,2024-10-25,1327.85,1382.6,1446.33
RELIANCE,2024-10-28,1334.35,1373.01,1443.45
RELIANCE,2024-10-29,1340.0,1366.18,1440.48
RELIANCE,2024-10-30,1343.9,1360.13,1437.44
RELIANCE,2024-10-31,1332.05,1356.39,1434.11
RELIANCE,2024-11-01,1338.65,1353.99,1430.92
RELIANCE,2024-11-04,1302.15,1350.56,1426.96
RELIANCE,2024-11-05,1305.3,1345.96,1422.82
RELIANCE,2024-11-06,1325.35,1343.5,1419.31
RELIANCE,2024-11-07,1305.65,1340.23,1415.46
RELIANCE,2024-11-08,1283.75,1335.81,1410.72
RELIANCE,2024-11-11,1272.7,1330.82,1405.98
RELIANCE,2024-11-12,1274.25,1327.33,1401.14
RELIANCE,2024-11-13,1252.05,1322.23,1396.0
RELIANCE,2024-11-14,1267.6,1317.79,1391.06
RELIANCE,2024-11-18,1260.75,1312.86,1386.41
RELIANCE,2024-11-19,1241.65,1306.48,1381.95
RELIANCE,2024-11-21,1223.0,1300.47,1377.16
RELIANCE,2024-11-22,1265.4,1296.81,1373.24
SBILIFE,2023-10-03,1292.45,,
SBILIFE,2023-10-04,1270.55,,
SBILIFE,2023-10-05,1274.45,,
SBILIFE,2023-10-06,1282.95,,
SBILIFE,2023-10-09,1277.25,,
SBILIFE,2023-10-10,1302.05,,
SBILIFE,2023-10-11,1309.35,,
SBILIFE,2023-10-12,1313.65,,
SBILIFE,2023-10-13,1316.45,,
SBILIFE,2023-10-16,1322.2,,
SBILIFE,2023-10-17,1348.35,,
SBILIFE,2023-10-18,1356.35,,
SBILIFE,2023-10-19,1348.15,,
SBILIFE,2023-10-20,1362.65,,
SBILIFE,2023-10-23,1338.4,,
SBILIFE,2023-10-25,1314.15,,
SBILIFE,2023-10-26,1305.6,,
SBILIFE,2023-10-27,1302.9,,
SBILIFE,2023-10-30,1326.2,,
SBILIFE,2023-10-31,1367.85,1316.6,
SBILIFE,2023-11-01,1336.05,1318.78,
SBILIFE,2023-11-02,1343.5,1322.42,
SBILIFE,2023-11-03,1329.35,1325.17,
SBILIFE,2023-11-06,1331.85,1327.62,
SBILIFE,2023-11-07,1340.85,1330.79,
SBILIFE,2023-11-08,1345.5,1332.97,
SBILIFE,2023-11-09,1350.7,1335.04,
SBILIFE,2023-11-10,1355.4,1337.12,
SBILIFE,2023-11-12,1358.85,1339.24,
SBILIFE,2023-11-13,1328.35,1339.55,
SBILIFE,2023-11-15,1357.1,1339.99,
SBILIFE,2023-11-16,1359.95,1340.17,
SBILIFE,2023-11-17,1413.95,1343.46,
SBILIFE,2023-11-20,1385.3,1344.59,
SBILIFE,2023-11-21,1423.65,1348.85,
SBILIFE,2023-11-22,1430.1,1354.65,
SBILIFE,2023-11-23,1410.95,1359.92,
SBILIFE,2023-11-24,1409.7,1365.26,
SBILIFE,2023-11-28,1412.45,1369.57,
SBILIFE,2023-11-29,1407.85,1371.57,
SBILIFE,2023-11-30,1435.25,1376.53,
SBILIFE,2023-12-01,1423.65,1380.54,
SBILIFE,2023-12-04,1454.0,1386.77,
SBILIFE,2023-12-05,1460.95,1393.22,
SBILIFE,2023-12-06,1450.7,1398.72,
SBILIFE,2023-12-07,1455.75,1404.23,
SBILIFE,2023-12-08,1465.2,1409.96,
SBILIFE,2023-12-11,1460.6,1415.22,
SBILIFE,2023-12-12,1481.45,1421.34,
SBILIFE,2023-12-13,1466.8,1428.27,1366.35
SBILIFE,2023-12-14,1469.85,1433.9,1369.9
SBILIFE,2023-12-15,1452.5,1438.53,1373.54
SBILIFE,2023-12-18,1446.95,1440.18,1376.99
SBILIFE,2023-12-19,1424.55,1442.14,1379.82
SBILIFE,2023-12-20,1409.25,1441.42,1382.46
SBILIFE,2023-12-21,1403.75,1440.11,1384.5
SBILIFE,2023-12-22,1394.3,1439.28,1386.2
SBILIFE,2023-12-26,1395.3,1438.56,1387.83
SBILIFE,2023-12-27,1421.35,1439.0,1389.93
SBILIFE,2023-12-28,1435.3,1440.37,1392.19
SBILIFE,2023-12-29,1432.6,1440.24,1393.87
SBILIFE,2024-01-01,1432.1,1440.66,1395.39
SBILIFE,2024-01-02,1437.65,1439.84,1397.18
SBILIFE,2024-01-03,1422.7,1437.93,1398.38
SBILIFE,2024-01-04,1431.6,1436.98,1400.24
SBILIFE,2024-01-05,1454.15,1436.9,1403.04
SBILIFE,2024-01-08,1421.05,1434.69,1405.35
SBILIFE,2024-01-09,1449.35,1434.13,1408.28
SBILIFE,2024-01-10,1451.45,1432.63,1410.79
SBILIFE,2024-01-11,1427.8,1430.68,1411.99
SBILIFE,2024-01-12,1435.3,1428.95,1413.97
SBILIFE,2024-01-15,1430.05,1427.83,1415.7
SBILIFE,2024-01-16,1408.8,1425.92,1417.29
SBILIFE,2024-01-17,1421.15,1425.75,1419.08
SBILIFE,2024-01-18,1404.9,1425.53,1420.36
SBILIFE,2024-01-19,1440.6,1427.38,1422.26
SBILIFE,2024-01-20,1442.2,1429.77,1424.09
SBILIFE,2024-01-23,1375.5,1428.78,1424.49
SBILIFE,2024-01-24,1410.55,1428.24,1425.53
SBILIFE,2024-01-25,1380.9,1425.52,1426.58
SBILIFE,2024-01-29,1418.4,1424.81,1427.8
SBILIFE,2024-01-30,1399.0,1423.16,1428.58
SBILIFE,2024-01-31,1401.15,1421.33,1428.33
SBILIFE,2024-02-01,1432.75,1421.83,1429.28
SBILIFE,2024-02-02,1435.45,1422.02,1429.51
SBILIFE,2024-02-05,1419.85,1420.31,1429.31
SBILIFE,2024-02-06,1464.0,1422.46,1430.37
SBILIFE,2024-02-07,1469.45,1423.46,1431.56
SBILIFE,2024-02-08,1459.05,1423.84,1432.5
SBILIFE,2024-02-09,1439.7,1424.44,1433.13
SBILIFE,2024-02-12,1436.0,1424.47,1433.15
SBILIFE,2024-02-13,1467.6,1426.35,1434.03
SBILIFE,2024-02-14,1453.7,1428.6,1434.02
SBILIFE,2024-02-15,1453.35,1430.2,1433.87
SBILIFE,2024-02-16,1508.45,1435.38,1435.02
SBILIFE,2024-02-19,1488.85,1437.8,1435.69
SBILIFE,2024-02-20,1513.55,1441.36,1436.65
SBILIFE,2024-02-21,1501.7,1447.67,1437.48
SBILIFE,2024-02-22,1509.65,1452.63,1438.04
SBILIFE,2024-02-23,1529.15,1460.04,1439.29
SBILIFE,2024-02-26,1549.15,1466.58,1440.87
SBILIFE,2024-02-27,1542.7,1473.76,1442.68
SBILIFE,2024-02-28,1540.2,1480.72,1444.54
SBILIFE,2024-02-29,1552.55,1486.7,1447.1
SBILIFE,2024-03-01,1542.15,1492.04,1449.76
SBILIFE,2024-03-02,1546.8,1498.39,1452.62
SBILIFE,2024-03-04,1517.95,1501.08,1455.09
SBILIFE,2024-03-05,1491.25,1502.18,1457.01
SBILIFE,2024-03-06,1520.4,1505.24,1458.99
SBILIFE,2024-03-07,1510.4,1508.78,1460.5
SBILIFE,2024-03-11,1532.1,1513.58,1462.48
SBILIFE,2024-03-12,1516.4,1516.02,1464.17
SBILIFE,2024-03-13,1487.35,1517.71,1465.16
SBILIFE,2024-03-14,1505.85,1520.33,1466.83
SBILIFE,2024-03-15,1500.0,1519.91,1468.2
SBILIFE,2024-03-18,1489.7,1519.95,1468.91
SBILIFE,2024-03-19,1461.35,1517.34,1469.71
SBILIFE,2024-03-20,1458.4,1515.18,1469.89
SBILIFE,2024-03-21,1468.05,1513.1,1470.23
SBILIFE,2024-03-22,1501.1,1511.69,1471.69
SBILIFE,2024-03-26,1486.4,1508.55,1472.71
SBILIFE,2024-03-27,1479.55,1505.4,1473.7
SBILIFE,2024-03-28,1500.25,1503.4,1475.53
SBILIFE,2024-04-01,1489.95,1500.27,1476.91
SBILIFE,2024-04-02,1470.6,1496.69,1478.22
SBILIFE,2024-04-03,1460.8,1492.39,1478.63
SBILIFE,2024-04-04,1463.75,1489.68,1479.06
SBILIFE,2024-04-05,1485.3,1489.38,1481.25
SBILIFE,2024-04-08,1518.8,1489.3,1483.42
SBILIFE,2024-04-09,1510.55,1489.31,1486.01
SBILIFE,2024-04-10,1503.35,1487.88,1487.71
SBILIFE,2024-04-12,1493.15,1486.71,1489.59
SBILIFE,2024-04-15,1466.9,1485.69,1490.91
SBILIFE,2024-04-16,1462.75,1483.54,1491.51
SBILIFE,2024-04-18,1456.95,1481.38,1491.94
SBILIFE,2024-04-19,1447.55,1479.28,1492.49
SBILIFE,2024-04-22,1475.4,1479.98,1492.72
SBILIFE,2024-04-23,1469.85,1480.55,1492.73
SBILIFE,2024-04-24,1460.05,1480.15,1492.75
SBILIFE,2024-04-25,1444.45,1477.32,1492.84
SBILIFE,2024-04-26,1415.25,1473.76,1492.43
SBILIFE,2024-04-29,1422.35,1470.9,1491.52
SBILIFE,2024-04-30,1436.55,1467.72,1491.18
SBILIFE,2024-05-02,1460.9,1466.26,1491.33
SBILIFE,2024-05-03,1443.25,1464.9,1490.03
SBILIFE,2024-05-06,1440.6,1463.88,1489.06
SBILIFE,2024-05-07,1450.15,1463.2,1487.8
SBILIFE,2024-05-08,1426.75,1460.28,1486.3
SBILIFE,2024-05-09,1422.4,1455.46,1484.55
SBILIFE,2024-05-10,1431.95,1451.53,1482.61
SBILIFE,2024-05-13,1425.1,1447.62,1480.13
SBILIFE,2024-05-14,1432.85,1444.6,1477.93
SBILIFE,2024-05-15,1430.1,1442.76,1475.73
SBILIFE,2024-05-16,1452.2,1442.23,1473.72
SBILIFE,2024-05-17,1434.2,1441.09,1471.56
SBILIFE,2024-05-18,1439.85,1440.71,1469.42
SBILIFE,2024-05-21,1429.65,1438.42,1467.66
SBILIFE,2024-05-22,1427.4,1436.3,1466.38
SBILIFE,2024-05-23,1446.8,1435.64,1464.91
SBILIFE,2024-05-24,1436.25,1435.23,1463.42
SBILIFE,2024-05-27,1410.2,1434.98,1460.99
SBILIFE,2024-05-28,1450.75,1436.4,1459.67
SBILIFE,2024-05-29,1412.8,1435.21,1458.18
SBILIFE,2024-05-30,1380.05,1431.16,1455.67
SBILIFE,2024-05-31,1386.4,1428.32,1453.39
SBILIFE,2024-06-03,1391.5,1425.87,1451.43
SBILIFE,2024-06-04,1338.85,1420.3,1448.98
SBILIFE,2024-06-05,1390.1,1418.47,1447.61
SBILIFE,2024-06-06,1442.85,1419.49,1447.11
SBILIFE,2024-06-07,1425.85,1419.19,1445.6
SBILIFE,2024-06-10,1432.3,1419.55,1444.52
SBILIFE,2024-06-11,1428.05,1419.31,1443.49
SBILIFE,2024-06-12,1452.7,1420.44,1442.54
SBILIFE,2024-06-13,1449.9,1420.32,1441.74
SBILIFE,2024-06-14,1469.9,1422.11,1441.73
SBILIFE,2024-06-18,1473.55,1423.79,1441.98
SBILIFE,2024-06-19,1449.2,1424.77,1441.69
SBILIFE,2024-06-20,1455.5,1426.18,1441.1
SBILIFE,2024-06-21,1464.15,1427.04,1440.0
SBILIFE,2024-06-24,1452.75,1427.87,1438.85
SBILIFE,2024-06-25,1462.0,1430.46,1438.02
SBILIFE,2024-06-26,1450.9,1430.46,1437.17
SBILIFE,2024-06-27,1463.45,1433.0,1437.1
SBILIFE,2024-06-28,1491.95,1438.59,1437.69
SBILIFE,2024-07-01,1501.85,1444.36,1438.59
SBILIFE,2024-07-02,1494.9,1449.54,1439.53
SBILIFE,2024-07-03,1496.35,1457.41,1439.95
SBILIFE,2024-07-04,1507.75,1463.29,1440.71
SBILIFE,2024-07-05,1529.4,1467.62,1442.1
SBILIFE,2024-07-08,1514.95,1472.08,1443.51
SBILIFE,2024-07-09,1524.75,1476.7,1445.7
SBILIFE,2024-07-10,1558.8,1483.24,1448.43
SBILIFE,2024-07-11,1558.8,1488.54,1450.87
SBILIFE,2024-07-12,1562.85,1494.19,1452.91
SBILIFE,2024-07-15,1613.45,1501.36,1456.32
SBILIFE,2024-07-16,1621.35,1508.76,1459.93
SBILIFE,2024-07-18,1659.8,1519.28,1464.12
SBILIFE,2024-07-19,1647.7,1528.9,1468.54
SBILIFE,2024-07-22,1621.15,1536.74,1472.52
SBILIFE,2024-07-23,1594.85,1543.85,1475.78
SBILIFE,2024-07-24,1632.95,1552.4,1479.93
SBILIFE,2024-07-25,1695.4,1564.62,1485.18
SBILIFE,2024-07-26,1750.95,1579.0,1491.6
SBILIFE,2024-07-29,1746.7,1591.74,1497.49
SBILIFE,2024-07-30,1721.05,1602.7,1503.23
SBILIFE,2024-07-31,1753.65,1615.63,1509.5
SBILIFE,2024-08-01,1767.25,1629.18,1516.26
SBILIFE,2024-08-02,1744.9,1641.04,1522.6
SBILIFE,2024-08-05,1722.2,1650.68,1528.11
SBILIFE,2024-08-06,1674.5,1658.65,1532.88
SBILIFE,2024-08-07,1685.7,1666.7,1538.39
SBILIFE,2024-08-08,1706.3,1674.08,1543.5
SBILIFE,2024-08-09,1725.1,1682.39,1549.74
SBILIFE,2024-08-12,1705.0,1689.5,1556.24
SBILIFE,2024-08-13,1682.4,1692.95,1562.16
SBILIFE,2024-08-14,1692.1,1696.48,1568.18
SBILIFE,2024-08-16,1688.9,1697.94,1575.18
SBILIFE,2024-08-19,1671.55,1699.13,1580.81
SBILIFE,2024-08-20,1761.3,1706.14,1587.18
SBILIFE,2024-08-21,1800.6,1716.42,1594.67
SBILIFE,2024-08-22,1795.25,1724.54,1601.93
SBILIFE,2024-08-23,1789.3,1729.24,1609.15
SBILIFE,2024-08-26,1796.25,1731.5,1616.02
SBILIFE,2024-08-27,1838.95,1736.11,1623.81
SBILIFE,2024-08-28,1843.7,1742.24,1631.28
SBILIFE,2024-08-29,1843.7,1746.75,1638.68
SBILIFE,2024-08-30,1850.3,1750.9,1646.71
SBILIFE,2024-09-02,1888.75,1758.09,1655.37
SBILIFE,2024-09-03,1928.65,1768.42,1664.66
SBILIFE,2024-09-04,1912.2,1780.3,1673.85
SBILIFE,2024-09-05,1907.85,1791.41,1682.77
SBILIFE,2024-09-06,1896.3,1800.91,1691.68
SBILIFE,2024-09-09,1901.75,1809.74,1700.44
SBILIFE,2024-09-10,1853.45,1817.16,1707.67
SBILIFE,2024-09-11,1859.15,1826.0,1714.82
SBILIFE,2024-09-12,1875.95,1835.19,1722.44
SBILIFE,2024-09-13,1846.5,1843.07,1729.44
SBILIFE,2024-09-16,1821.25,1850.56,1735.71
SBILIFE,2024-09-17,1819.15,1853.45,1741.51
SBILIFE,2024-09-18,1842.45,1855.54,1748.06
SBILIFE,2024-09-19,1840.95,1857.83,1754.38
SBILIFE,2024-09-20,1870.25,1861.88,1760.61
SBILIFE,2024-09-23,1920.15,1868.07,1767.84
SBILIFE,2024-09-24,1864.35,1869.34,1773.87
SBILIFE,2024-09-25,1863.6,1870.34,1778.87
SBILIFE,2024-09-26,1898.3,1873.06,1784.41
SBILIFE,2024-09-27,1882.65,1874.68,1788.87
SBILIFE,2024-09-30,1844.0,1872.45,1792.79
SBILIFE,2024-10-01,1834.2,1867.72,1797.05
SBILIFE,2024-10-03,1805.55,1862.39,1801.27
SBILIFE,2024-10-04,1798.1,1856.9,1804.57
SBILIFE,2024-10-07,1787.95,1851.48,1806.42
SBILIFE,2024-10-08,1728.05,1842.8,1805.96
SBILIFE,2024-10-09,1737.4,1837.0,1805.78
SBILIFE,2024-10-10,1734.5,1830.76,1806.05
SBILIFE,2024-10-11,1735.05,1823.72,1805.67
SBILIFE,2024-10-14,1738.3,1818.31,1805.1
SBILIFE,2024-10-15,1723.75,1813.44,1804.67
SBILIFE,2024-10-16,1733.75,1809.16,1804.9
SBILIFE,2024-10-17,1702.0,1802.14,1805.45
SBILIFE,2024-10-18,1706.05,1795.4,1805.86
SBILIFE,2024-10-21,1711.85,1787.48,1805.97
SBILIFE,2024-10-22,1698.15,1776.38,1805.43
SBILIFE,2024-10-23,1716.0,1768.96,1805.65
SBILIFE,2024-10-24,1635.3,1757.54,1804.71
SBILIFE,2024-10-25,1616.75,1743.47,1803.2
SBILIFE,2024-10-28,1605.9,1729.63,1801.54
SBILIFE,2024-10-29,1661.35,1720.5,1801.34
SBILIFE,2024-10-30,1624.15,1710.0,1798.6
SBILIFE,2024-10-31,1622.15,1700.82,1795.03
SBILIFE,2024-11-01,1628.85,1692.36,1791.7
SBILIFE,2024-11-04,1608.8,1683.4,1788.09
SBILIFE,2024-11-05,1633.2,1678.66,1784.83
SBILIFE,2024-11-06,1603.95,1671.99,1780.13
SBILIFE,2024-11-07,1589.85,1664.76,1775.05
SBILIFE,2024-11-08,1569.95,1656.5,1769.58
SBILIFE,2024-11-11,1566.0,1647.89,1763.89
SBILIFE,2024-11-12,1562.45,1639.82,1757.36
SBILIFE,2024-11-13,1546.7,1630.47,1749.72
SBILIFE,2024-11-14,1562.3,1623.48,1742.73
SBILIFE,2024-11-18,1562.6,1616.31,1735.82
SBILIFE,2024-11-19,1522.9,1606.86,1728.35
SBILIFE,2024-11-21,1477.95,1595.86,1719.88
SBILIFE,2024-11-22,1485.15,1584.31,1712.51
SBIN,2023-10-03,602.95,,
SBIN,2023-10-04,586.25,,
SBIN,2023-10-05,592.15,,
SBIN,2023-10-06,594.25,,
SBIN,2023-10-09,585.1,,
SBIN,2023-10-10,591.65,,
SBIN,2023-10-11,588.35,,
SBIN,2023-10-12,586.05,,
SBIN,2023-10-13,576.15,,
SBIN,2023-10-16,575.65,,
SBIN,2023-10-17,576.45,,
SBIN,2023-10-18,572.65,,
SBIN,2023-10-19,571.2,,
SBIN,2023-10-20,563.1,,
SBIN,2023-10-23,552.95,,
SBIN,2023-10-25,556.2,,
SBIN,2023-10-26,547.0,,
SBIN,2023-10-27,561.15,,
SBIN,2023-10-30,565.2,,
SBIN,2023-10-31,565.55,575.5,
SBIN,2023-11-01,566.4,573.67,
SBIN,2023-11-02,572.1,572.96,
SBIN,2023-11-03,578.15,572.26,
SBIN,2023-11-06,574.35,571.27,
SBIN,2023-11-07,579.75,571.0,
SBIN,2023-11-08,580.3,570.43,
SBIN,2023-11-09,578.35,569.93,
SBIN,2023-11-10,579.5,569.61,
SBIN,2023-11-12,581.3,569.86,
SBIN,2023-11-13,581.35,570.15,
SBIN,2023-11-15,584.7,570.56,
SBIN,2023-11-16,584.65,571.16,
SBIN,2023-11-17,563.05,570.76,
SBIN,2023-11-20,563.75,570.79,
SBIN,2023-11-21,561.5,571.22,
SBIN,2023-11-22,558.95,571.35,
SBIN,2023-11-23,559.95,572.0,
SBIN,2023-11-24,560.35,571.96,
SBIN,2023-11-28,564.45,571.92,
SBIN,2023-11-29,568.6,572.08,
SBIN,2023-11-30,564.75,571.99,
SBIN,2023-12-01,571.75,571.98,
SBIN,2023-12-04,594.7,572.8,
SBIN,2023-12-05,608.25,574.5,
SBIN,2023-12-06,608.45,575.93,
SBIN,2023-12-07,611.7,577.5,
SBIN,2023-12-08,614.15,579.29,
SBIN,2023-12-11,614.25,581.03,
SBIN,2023-12-12,612.4,582.58,
SBIN,2023-12-13,619.85,584.51,579.43
SBIN,2023-12-14,623.65,586.46,579.85
SBIN,2023-12-15,648.25,589.64,581.09
SBIN,2023-12-18,648.5,593.91,582.22
SBIN,2023-12-19,655.4,598.49,583.44
SBIN,2023-12-20,636.45,602.24,584.47
SBIN,2023-12-21,643.75,606.48,585.51
SBIN,2023-12-22,636.75,610.32,586.48
SBIN,2023-12-26,638.05,614.21,587.52
SBIN,2023-12-27,648.55,618.41,588.96
SBIN,2023-12-28,651.4,622.55,590.48
SBIN,2023-12-29,642.05,626.42,591.79
SBIN,2024-01-01,641.35,629.9,593.16
SBIN,2024-01-02,639.45,632.13,594.53
SBIN,2024-01-03,643.45,633.89,596.14
SBIN,2024-01-04,642.75,635.61,597.93
SBIN,2024-01-05,641.95,637.12,599.65
SBIN,2024-01-08,627.0,637.76,601.25
SBIN,2024-01-09,625.4,638.32,602.53
SBIN,2024-01-10,621.75,638.79,603.66
SBIN,2024-01-11,620.2,638.81,604.76
SBIN,2024-01-12,633.6,639.3,606.1
SBIN,2024-01-15,640.1,638.9,607.46
SBIN,2024-01-16,636.9,638.32,608.64
SBIN,2024-01-17,626.0,636.84,609.67
SBIN,2024-01-18,628.3,636.44,610.64
SBIN,2024-01-19,627.75,635.64,611.59
SBIN,2024-01-20,631.4,635.37,612.65
SBIN,2024-01-23,605.1,633.72,613.16
SBIN,2024-01-24,618.3,632.21,613.9
SBIN,2024-01-25,612.75,630.28,614.53
SBIN,2024-01-29,622.95,629.32,615.29
SBIN,2024-01-30,626.75,628.59,616.14
SBIN,2024-01-31,640.5,628.64,617.69
SBIN,2024-02-01,647.65,628.85,619.36
SBIN,2024-02-02,649.65,629.2,621.13
SBIN,2024-02-05,642.95,629.25,622.81
SBIN,2024-02-06,650.25,630.41,624.61
SBIN,2024-02-07,675.25,632.9,626.91
SBIN,2024-02-08,699.55,636.8,629.61
SBIN,2024-02-09,725.25,642.05,632.75
SBIN,2024-02-12,707.9,645.76,635.61
SBIN,2024-02-13,713.45,649.43,638.44
SBIN,2024-02-14,743.4,654.76,641.42
SBIN,2024-02-15,761.7,661.54,644.49
SBIN,2024-02-16,754.7,667.86,647.41
SBIN,2024-02-19,759.25,674.44,650.36
SBIN,2024-02-20,760.1,680.87,653.28
SBIN,2024-02-21,771.5,689.19,656.43
SBIN,2024-02-22,765.9,696.57,659.5
SBIN,2024-02-23,759.05,703.88,662.28
SBIN,2024-02-26,758.9,710.68,664.98
SBIN,2024-02-27,749.85,716.84,667.02
SBIN,2024-02-28,742.5,721.94,668.9
SBIN,2024-02-29,748.1,726.96,670.75
SBIN,2024-03-01,769.15,732.94,673.4
SBIN,2024-03-02,773.3,739.45,676.0
SBIN,2024-03-04,772.05,745.54,678.7
SBIN,2024-03-05,783.95,750.98,681.62
SBIN,2024-03-06,783.9,755.2,684.33
SBIN,2024-03-07,788.05,758.33,687.06
SBIN,2024-03-11,773.7,761.62,689.69
SBIN,2024-03-12,759.7,763.94,692.06
SBIN,2024-03-13,747.25,764.13,694.22
SBIN,2024-03-14,741.05,763.1,696.17
SBIN,2024-03-15,731.9,761.96,697.95
SBIN,2024-03-18,730.95,760.54,699.73
SBIN,2024-03-19,723.8,758.73,701.67
SBIN,2024-03-20,736.25,756.96,703.88
SBIN,2024-03-21,744.3,755.88,706.34
SBIN,2024-03-22,746.7,755.27,708.86
SBIN,2024-03-26,740.05,754.32,710.99
SBIN,2024-03-27,733.3,753.5,712.86
SBIN,2024-03-28,752.35,753.99,715.17
SBIN,2024-04-01,758.3,754.5,717.81
SBIN,2024-04-02,766.4,754.36,720.58
SBIN,2024-04-03,771.05,754.25,723.44
SBIN,2024-04-04,759.3,753.61,726.0
SBIN,2024-04-05,764.75,752.65,729.19
SBIN,2024-04-08,768.3,751.87,732.19
SBIN,2024-04-09,764.2,750.68,735.22
SBIN,2024-04-10,779.05,750.95,738.34
SBIN,2024-04-12,766.3,751.28,741.13
SBIN,2024-04-15,757.5,751.79,743.47
SBIN,2024-04-16,751.7,752.32,745.56
SBIN,2024-04-18,744.8,752.97,747.46
SBIN,2024-04-19,750.45,753.94,749.61
SBIN,2024-04-22,766.1,756.06,751.92
SBIN,2024-04-23,773.0,757.9,753.88
SBIN,2024-04-24,773.1,759.34,755.35
SBIN,2024-04-25,812.7,762.64,757.1
SBIN,2024-04-26,801.3,765.7,758.97
SBIN,2024-04-29,826.5,770.36,761.23
SBIN,2024-04-30,826.25,774.05,762.89
SBIN,2024-05-02,830.05,777.64,764.25
SBIN,2024-05-03,831.45,780.89,765.79
SBIN,2024-05-06,807.8,782.73,766.76
SBIN,2024-05-07,801.9,784.86,767.6
SBIN,2024-05-08,810.8,787.16,768.38
SBIN,2024-05-09,819.8,789.74,769.46
SBIN,2024-05-10,817.35,792.4,770.62
SBIN,2024-05-13,808.8,793.88,771.62
SBIN,2024-05-14,818.2,796.48,772.99
SBIN,2024-05-15,820.3,799.62,774.55
SBIN,2024-05-16,811.95,802.63,775.82
SBIN,2024-05-17,817.85,806.28,776.8
SBIN,2024-05-18,821.0,809.81,777.75
SBIN,2024-05-21,830.65,813.04,778.92
SBIN,2024-05-22,818.75,815.32,779.62
SBIN,2024-05-23,832.1,818.28,780.58
SBIN,2024-05-24,828.6,819.07,781.39
SBIN,2024-05-27,833.7,820.69,782.59
SBIN,2024-05-28,831.15,820.92,784.02
SBIN,2024-05-29,822.65,820.74,785.53
SBIN,2024-05-30,825.85,820.53,787.23
SBIN,2024-05-31,830.35,820.48,789.2
SBIN,2024-06-03,905.65,825.37,792.69
SBIN,2024-06-04,775.2,824.04,793.72
SBIN,2024-06-05,789.75,822.98,794.79
SBIN,2024-06-06,816.95,822.84,796.24
SBIN,2024-06-07,829.95,823.47,797.91
SBIN,2024-06-10,831.8,824.62,799.74
SBIN,2024-06-11,835.55,825.49,801.79
SBIN,2024-06-12,839.1,826.43,803.52
SBIN,2024-06-13,843.9,828.02,805.23
SBIN,2024-06-14,839.2,829.09,806.69
SBIN,2024-06-18,844.9,830.29,808.17
SBIN,2024-06-19,852.6,831.38,810.03
SBIN,2024-06-20,843.75,832.64,811.61
SBIN,2024-06-21,836.3,832.84,812.97
SBIN,2024-06-24,832.7,833.05,814.34
SBIN,2024-06-25,842.25,833.48,815.61
SBIN,2024-06-26,845.35,834.19,817.19
SBIN,2024-06-27,844.0,835.25,818.92
SBIN,2024-06-28,848.95,836.41,820.86
SBIN,2024-07-01,841.95,836.99,822.8
SBIN,2024-07-02,826.15,833.02,824.32
SBIN,2024-07-03,839.95,836.25,825.8
SBIN,2024-07-04,839.3,838.73,827.12
SBIN,2024-07-05,859.75,840.87,828.86
SBIN,2024-07-08,856.25,842.18,829.73
SBIN,2024-07-09,861.3,843.66,830.93
SBIN,2024-07-10,849.0,844.33,831.38
SBIN,2024-07-11,856.7,845.21,831.98
SBIN,2024-07-12,859.7,846.0,832.58
SBIN,2024-07-15,881.35,848.11,833.58
SBIN,2024-07-16,880.7,849.9,835.03
SBIN,2024-07-18,893.55,851.95,836.87
SBIN,2024-07-19,889.35,854.23,838.44
SBIN,2024-07-22,876.8,856.25,839.58
SBIN,2024-07-23,863.9,857.81,840.51
SBIN,2024-07-24,852.0,858.3,841.37
SBIN,2024-07-25,848.5,858.46,841.98
SBIN,2024-07-26,862.45,859.38,842.82
SBIN,2024-07-29,871.6,860.51,844.02
SBIN,2024-07-30,872.8,862.06,845.11
SBIN,2024-07-31,872.4,864.37,846.14
SBIN,2024-08-01,862.65,865.5,846.78
SBIN,2024-08-02,847.85,865.93,847.36
SBIN,2024-08-05,811.65,863.52,846.96
SBIN,2024-08-06,797.7,860.6,846.34
SBIN,2024-08-07,808.65,857.96,845.84
SBIN,2024-08-08,808.05,855.92,845.37
SBIN,2024-08-09,824.3,854.3,845.41
SBIN,2024-08-12,812.6,851.94,845.14
SBIN,2024-08-13,797.55,847.75,844.49
SBIN,2024-08-14,803.0,843.87,842.43
SBIN,2024-08-16,812.1,839.8,843.17
SBIN,2024-08-19,813.7,836.01,843.65
SBIN,2024-08-20,820.3,833.19,843.72
SBIN,2024-08-21,815.55,830.77,843.43
SBIN,2024-08-22,820.3,829.18,843.2
SBIN,2024-08-23,815.35,827.53,842.8
SBIN,2024-08-26,815.05,825.16,842.31
SBIN,2024-08-27,815.9,822.37,841.75
SBIN,2024-08-28,809.4,819.2,841.16
SBIN,2024-08-29,814.5,816.31,840.55
SBIN,2024-08-30,815.6,813.96,839.81
SBIN,2024-09-02,822.15,812.67,839.38
SBIN,2024-09-03,824.8,813.33,839.15
SBIN,2024-09-04,816.5,814.27,838.82
SBIN,2024-09-05,818.75,814.77,838.35
SBIN,2024-09-06,782.5,813.5,837.1
SBIN,2024-09-09,784.25,811.49,835.9
SBIN,2024-09-10,782.65,810.0,834.58
SBIN,2024-09-11,768.6,808.55,833.11
SBIN,2024-09-12,787.75,807.78,832.34
SBIN,2024-09-13,790.85,806.72,831.36
SBIN,2024-09-16,785.55,805.32,830.28
SBIN,2024-09-17,782.9,803.44,828.75
SBIN,2024-09-18,792.75,802.3,827.48
SBIN,2024-09-19,789.95,800.79,826.05
SBIN,2024-09-20,781.7,799.1,824.7
SBIN,2024-09-23,801.85,798.44,823.61
SBIN,2024-09-24,798.25,797.56,822.38
SBIN,2024-09-25,793.1,796.75,820.61
SBIN,2024-09-26,801.85,796.12,819.04
SBIN,2024-09-27,802.65,795.47,817.22
SBIN,2024-09-30,787.9,793.76,815.19
SBIN,2024-10-01,796.95,792.36,813.59
SBIN,2024-10-03,794.1,791.24,812.2
SBIN,2024-10-04,796.65,790.14,811.09
SBIN,2024-10-07,770.65,789.54,809.53
SBIN,2024-10-08,781.45,789.4,807.91
SBIN,2024-10-09,797.4,790.14,806.43
SBIN,2024-10-10,797.1,791.57,804.91
SBIN,2024-10-11,799.75,792.17,803.46
SBIN,2024-10-14,805.15,792.88,802.31
SBIN,2024-10-15,804.65,793.84,801.45
SBIN,2024-10-16,805.45,794.96,801.32
SBIN,2024-10-17,811.05,795.88,801.59
SBIN,2024-10-18,820.4,797.4,801.82
SBIN,2024-10-21,813.95,799.02,801.94
SBIN,2024-10-22,790.4,798.44,801.26
SBIN,2024-10-23,786.0,797.83,800.73
SBIN,2024-10-24,794.55,797.9,800.67
SBIN,2024-10-25,780.95,796.86,800.23
SBIN,2024-10-28,792.05,796.33,799.83
SBIN,2024-10-29,832.7,798.57,800.21
SBIN,2024-10-30,822.45,799.84,800.25
SBIN,2024-10-31,820.2,801.15,800.35
SBIN,2024-11-01,821.2,802.38,800.36
SBIN,2024-11-04,829.85,805.34,800.66
SBIN,2024-11-05,849.2,808.72,801.34
SBIN,2024-11-06,854.8,811.59,802.12
SBIN,2024-11-07,859.6,814.72,803.12
SBIN,2024-11-08,843.15,816.89,803.69
SBIN,2024-11-11,847.65,819.01,804.33
SBIN,2024-11-12,826.7,820.12,804.42
SBIN,2024-11-13,808.65,820.28,804.1
SBIN,2024-11-14,804.25,819.94,803.86
SBIN,2024-11-18,814.3,819.63,803.77
SBIN,2024-11-19,803.0,819.08,804.18
SBIN,2024-11-21,780.75,818.6,804.11
SBIN,2024-11-22,816.05,820.1,804.78
SHRIRAMFIN,2023-10-03,1921.95,,
SHRIRAMFIN,2023-10-04,1850.6,,
SHRIRAMFIN,2023-10-05,1837.5,,
SHRIRAMFIN,2023-10-06,1848.85,,
SHRIRAMFIN,2023-10-09,1820.9,,
SHRIRAMFIN,2023-10-10,1892.85,,
SHRIRAMFIN,2023-10-11,1898.6,,
SHRIRAMFIN,2023-10-12,1878.1,,
SHRIRAMFIN,2023-10-13,1880.95,,
SHRIRAMFIN,2023-10-16,1867.55,,
SHRIRAMFIN,2023-10-17,1888.45,,
SHRIRAMFIN,2023-10-18,1866.2,,
SHRIRAMFIN,2023-10-19,1878.85,,
SHRIRAMFIN,2023-10-20,1876.7,,
SHRIRAMFIN,2023-10-23,1880.0,,
SHRIRAMFIN,2023-10-25,1816.15,,
SHRIRAMFIN,2023-10-26,1797.6,,
SHRIRAMFIN,2023-10-27,1935.2,,
SHRIRAMFIN,2023-10-30,1892.2,,
SHRIRAMFIN,2023-10-31,1879.85,1870.45,
SHRIRAMFIN,2023-11-01,1902.25,1869.47,
SHRIRAMFIN,2023-11-02,1954.85,1874.68,
SHRIRAMFIN,2023-11-03,2013.55,1883.48,
SHRIRAMFIN,2023-11-06,1991.5,1890.61,
SHRIRAMFIN,2023-11-07,1987.2,1898.93,
SHRIRAMFIN,2023-11-08,1979.65,1903.27,
SHRIRAMFIN,2023-11-09,1943.4,1905.51,
SHRIRAMFIN,2023-11-10,1952.2,1909.22,
SHRIRAMFIN,2023-11-12,1963.25,1913.33,
SHRIRAMFIN,2023-11-13,1967.8,1918.34,
SHRIRAMFIN,2023-11-15,2035.75,1925.71,
SHRIRAMFIN,2023-11-16,2035.75,1934.18,
SHRIRAMFIN,2023-11-17,1994.8,1939.98,
SHRIRAMFIN,2023-11-20,1988.95,1945.59,
SHRIRAMFIN,2023-11-21,1999.85,1951.59,
SHRIRAMFIN,2023-11-22,1977.1,1959.64,
SHRIRAMFIN,2023-11-23,1974.85,1968.5,
SHRIRAMFIN,2023-11-24,1947.5,1969.11,
SHRIRAMFIN,2023-11-28,1965.7,1972.79,
SHRIRAMFIN,2023-11-29,1974.35,1977.51,
SHRIRAMFIN,2023-11-30,2007.2,1982.76,
SHRIRAMFIN,2023-12-01,2003.25,1985.18,
SHRIRAMFIN,2023-12-04,2094.45,1989.22,
SHRIRAMFIN,2023-12-05,2069.95,1993.15,
SHRIRAMFIN,2023-12-06,2055.7,1996.57,
SHRIRAMFIN,2023-12-07,2034.8,1999.33,
SHRIRAMFIN,2023-12-08,2031.6,2003.74,
SHRIRAMFIN,2023-12-11,2047.1,2008.48,
SHRIRAMFIN,2023-12-12,1995.25,2010.08,
SHRIRAMFIN,2023-12-13,1995.3,2011.46,1945.88
SHRIRAMFIN,2023-12-14,2118.3,2015.59,1949.8
SHRIRAMFIN,2023-12-15,2077.7,2017.69,1954.35
SHRIRAMFIN,2023-12-18,2048.0,2020.34,1958.56
SHRIRAMFIN,2023-12-19,2059.55,2023.88,1962.77
SHRIRAMFIN,2023-12-20,1998.75,2023.82,1966.33
SHRIRAMFIN,2023-12-21,2016.85,2025.81,1968.81
SHRIRAMFIN,2023-12-22,2055.45,2029.84,1971.94
SHRIRAMFIN,2023-12-26,2035.75,2034.25,1975.1
SHRIRAMFIN,2023-12-27,2049.9,2038.46,1978.48
SHRIRAMFIN,2023-12-28,2045.65,2042.02,1982.04
SHRIRAMFIN,2023-12-29,2053.3,2044.33,1985.34
SHRIRAMFIN,2024-01-01,2048.85,2046.61,1988.99
SHRIRAMFIN,2024-01-02,2030.05,2043.39,1992.01
SHRIRAMFIN,2024-01-03,2090.05,2044.39,1996.28
SHRIRAMFIN,2024-01-04,2148.15,2049.02,2001.64
SHRIRAMFIN,2024-01-05,2172.4,2055.9,2008.77
SHRIRAMFIN,2024-01-08,2196.35,2064.13,2016.74
SHRIRAMFIN,2024-01-09,2167.85,2070.17,2021.4
SHRIRAMFIN,2024-01-10,2150.0,2077.91,2026.55
SHRIRAMFIN,2024-01-11,2279.75,2092.13,2034.55
SHRIRAMFIN,2024-01-12,2292.8,2100.86,2042.36
SHRIRAMFIN,2024-01-15,2319.55,2112.95,2049.66
SHRIRAMFIN,2024-01-16,2309.7,2126.04,2055.58
SHRIRAMFIN,2024-01-17,2288.0,2137.46,2061.51
SHRIRAMFIN,2024-01-18,2255.4,2150.29,2066.87
SHRIRAMFIN,2024-01-19,2301.85,2164.54,2073.32
SHRIRAMFIN,2024-01-20,2299.0,2176.72,2080.43
SHRIRAMFIN,2024-01-23,2279.5,2188.9,2086.97
SHRIRAMFIN,2024-01-24,2302.45,2201.53,2093.76
SHRIRAMFIN,2024-01-25,2307.15,2214.61,2100.54
SHRIRAMFIN,2024-01-29,2409.0,2232.39,2108.01
SHRIRAMFIN,2024-01-30,2452.95,2252.6,2116.35
SHRIRAMFIN,2024-01-31,2466.8,2274.44,2125.79
SHRIRAMFIN,2024-02-01,2397.2,2289.79,2133.96
SHRIRAMFIN,2024-02-02,2405.5,2302.66,2142.07
SHRIRAMFIN,2024-02-05,2357.1,2311.9,2149.67
SHRIRAMFIN,2024-02-06,2396.45,2321.9,2158.1
SHRIRAMFIN,2024-02-07,2413.65,2334.19,2167.43
SHRIRAMFIN,2024-02-08,2347.95,2344.09,2175.07
SHRIRAMFIN,2024-02-09,2334.1,2346.81,2182.27
SHRIRAMFIN,2024-02-12,2262.25,2345.28,2187.37
SHRIRAMFIN,2024-02-13,2330.65,2345.83,2193.92
SHRIRAMFIN,2024-02-14,2393.3,2350.01,2199.89
SHRIRAMFIN,2024-02-15,2437.6,2357.49,2207.25
SHRIRAMFIN,2024-02-16,2449.4,2367.19,2215.12
SHRIRAMFIN,2024-02-19,2439.9,2374.1,2223.22
SHRIRAMFIN,2024-02-20,2416.65,2379.98,2230.92
SHRIRAMFIN,2024-02-21,2355.95,2383.8,2237.1
SHRIRAMFIN,2024-02-22,2395.2,2388.44,2245.1
SHRIRAMFIN,2024-02-23,2445.45,2395.35,2254.1
SHRIRAMFIN,2024-02-26,2485.15,2399.16,2261.44
SHRIRAMFIN,2024-02-27,2372.4,2395.13,2267.33
SHRIRAMFIN,2024-02-28,2348.8,2389.23,2273.35
SHRIRAMFIN,2024-02-29,2438.6,2391.3,2280.93
SHRIRAMFIN,2024-03-01,2450.45,2393.55,2289.96
SHRIRAMFIN,2024-03-02,2457.15,2398.55,2298.77
SHRIRAMFIN,2024-03-04,2446.5,2401.05,2306.59
SHRIRAMFIN,2024-03-05,2431.5,2401.95,2314.51
SHRIRAMFIN,2024-03-06,2374.6,2403.28,2321.0
SHRIRAMFIN,2024-03-07,2449.55,2409.05,2329.08
SHRIRAMFIN,2024-03-11,2480.95,2419.99,2337.63
SHRIRAMFIN,2024-03-12,2421.75,2424.54,2345.09
SHRIRAMFIN,2024-03-13,2321.4,2420.95,2350.92
SHRIRAMFIN,2024-03-14,2291.5,2413.64,2354.95
SHRIRAMFIN,2024-03-15,2266.8,2404.51,2357.32
SHRIRAMFIN,2024-03-18,2308.95,2397.96,2360.05
SHRIRAMFIN,2024-03-19,2287.0,2391.48,2361.86
SHRIRAMFIN,2024-03-20,2314.2,2389.4,2364.79
SHRIRAMFIN,2024-03-21,2310.8,2385.18,2368.0
SHRIRAMFIN,2024-03-22,2330.7,2379.44,2369.02
SHRIRAMFIN,2024-03-26,2372.55,2373.81,2370.62
SHRIRAMFIN,2024-03-27,2386.35,2374.5,2371.96
SHRIRAMFIN,2024-03-28,2359.8,2375.05,2372.96
SHRIRAMFIN,2024-04-01,2431.75,2374.71,2375.83
SHRIRAMFIN,2024-04-02,2465.95,2375.49,2380.04
SHRIRAMFIN,2024-04-03,2556.45,2380.45,2385.14
SHRIRAMFIN,2024-04-04,2499.3,2383.09,2389.14
SHRIRAMFIN,2024-04-05,2518.85,2387.46,2393.93
SHRIRAMFIN,2024-04-08,2569.2,2397.19,2399.26
SHRIRAMFIN,2024-04-09,2550.4,2402.23,2404.13
SHRIRAMFIN,2024-04-10,2528.05,2404.59,2406.51
SHRIRAMFIN,2024-04-12,2485.6,2407.78,2407.16
SHRIRAMFIN,2024-04-15,2414.65,2412.44,2406.12
SHRIRAMFIN,2024-04-16,2400.75,2417.91,2406.19
SHRIRAMFIN,2024-04-18,2371.45,2423.14,2405.51
SHRIRAMFIN,2024-04-19,2366.55,2426.02,2405.7
SHRIRAMFIN,2024-04-22,2424.65,2432.9,2406.26
SHRIRAMFIN,2024-04-23,2426.95,2438.54,2406.53
SHRIRAMFIN,2024-04-24,2461.05,2446.05,2408.79
SHRIRAMFIN,2024-04-25,2491.85,2454.11,2411.95
SHRIRAMFIN,2024-04-26,2498.6,2460.41,2416.67
SHRIRAMFIN,2024-04-29,2492.2,2465.7,2419.9
SHRIRAMFIN,2024-04-30,2551.7,2475.3,2423.07
SHRIRAMFIN,2024-05-02,2582.1,2482.82,2425.96
SHRIRAMFIN,2024-05-03,2588.55,2488.94,2428.74
SHRIRAMFIN,2024-05-06,2547.55,2488.5,2430.9
SHRIRAMFIN,2024-05-07,2485.8,2487.82,2432.28
SHRIRAMFIN,2024-05-08,2448.0,2484.28,2434.12
SHRIRAMFIN,2024-05-09,2360.9,2473.87,2433.44
SHRIRAMFIN,2024-05-10,2344.35,2463.56,2431.41
SHRIRAMFIN,2024-05-13,2301.8,2452.25,2427.75
SHRIRAMFIN,2024-05-14,2330.35,2444.49,2426.91
SHRIRAMFIN,2024-05-15,2320.0,2439.76,2426.33
SHRIRAMFIN,2024-05-16,2338.7,2436.65,2424.33
SHRIRAMFIN,2024-05-17,2371.6,2436.66,2422.75
SHRIRAMFIN,2024-05-18,2370.45,2436.86,2421.02
SHRIRAMFIN,2024-05-21,2373.25,2434.29,2419.55
SHRIRAMFIN,2024-05-22,2336.75,2429.78,2417.66
SHRIRAMFIN,2024-05-23,2400.45,2426.75,2418.18
SHRIRAMFIN,2024-05-24,2397.5,2422.03,2417.14
SHRIRAMFIN,2024-05-27,2380.0,2416.1,2415.12
SHRIRAMFIN,2024-05-28,2393.7,2411.18,2414.56
SHRIRAMFIN,2024-05-29,2374.65,2402.32,2415.62
SHRIRAMFIN,2024-05-30,2302.7,2388.35,2415.84
SHRIRAMFIN,2024-05-31,2354.05,2376.63,2417.59
SHRIRAMFIN,2024-06-03,2509.15,2374.71,2421.59
SHRIRAMFIN,2024-06-04,2260.7,2363.45,2421.07
SHRIRAMFIN,2024-06-05,2387.45,2360.43,2422.53
SHRIRAMFIN,2024-06-06,2474.8,2366.12,2425.81
SHRIRAMFIN,2024-06-07,2497.95,2373.8,2429.16
SHRIRAMFIN,2024-06-10,2519.1,2384.66,2432.09
SHRIRAMFIN,2024-06-11,2533.0,2394.8,2435.02
SHRIRAMFIN,2024-06-12,2566.95,2407.14,2439.16
SHRIRAMFIN,2024-06-13,2684.3,2424.43,2444.22
SHRIRAMFIN,2024-06-14,2732.15,2442.45,2449.54
SHRIRAMFIN,2024-06-18,2829.75,2465.42,2455.01
SHRIRAMFIN,2024-06-19,2791.25,2486.32,2460.84
SHRIRAMFIN,2024-06-20,2805.2,2509.74,2466.57
SHRIRAMFIN,2024-06-21,2821.65,2530.8,2471.62
SHRIRAMFIN,2024-06-24,2882.25,2555.04,2478.26
SHRIRAMFIN,2024-06-25,2989.85,2585.53,2487.49
SHRIRAMFIN,2024-06-26,2989.05,2615.3,2497.56
SHRIRAMFIN,2024-06-27,2951.05,2644.12,2508.29
SHRIRAMFIN,2024-06-28,2911.5,2674.56,2518.51
SHRIRAMFIN,2024-07-01,2924.25,2703.07,2529.56
SHRIRAMFIN,2024-07-02,2824.9,2718.86,2538.73
SHRIRAMFIN,2024-07-03,2850.45,2748.34,2547.24
SHRIRAMFIN,2024-07-04,2833.75,2770.66,2555.38
SHRIRAMFIN,2024-07-05,2865.85,2790.21,2563.48
SHRIRAMFIN,2024-07-08,2808.1,2805.72,2569.8
SHRIRAMFIN,2024-07-09,2792.0,2819.36,2575.67
SHRIRAMFIN,2024-07-10,2762.1,2830.82,2581.07
SHRIRAMFIN,2024-07-11,2739.0,2839.42,2584.81
SHRIRAMFIN,2024-07-12,2794.4,2844.92,2589.06
SHRIRAMFIN,2024-07-15,2882.3,2852.43,2594.94
SHRIRAMFIN,2024-07-16,2813.5,2851.62,2600.25
SHRIRAMFIN,2024-07-18,2867.3,2855.42,2607.88
SHRIRAMFIN,2024-07-19,2810.85,2855.7,2615.14
SHRIRAMFIN,2024-07-22,2827.4,2855.99,2624.47
SHRIRAMFIN,2024-07-23,2739.2,2848.84,2632.37
SHRIRAMFIN,2024-07-24,2724.25,2835.56,2640.82
SHRIRAMFIN,2024-07-25,2679.0,2820.06,2647.79
SHRIRAMFIN,2024-07-26,2925.0,2818.76,2659.89
SHRIRAMFIN,2024-07-29,2943.0,2820.33,2671.98
SHRIRAMFIN,2024-07-30,2912.05,2819.72,2682.78
SHRIRAMFIN,2024-07-31,2931.95,2825.07,2694.02
SHRIRAMFIN,2024-08-01,2989.25,2832.01,2706.34
SHRIRAMFIN,2024-08-02,2992.1,2839.93,2719.44
SHRIRAMFIN,2024-08-05,2891.45,2841.21,2729.26
SHRIRAMFIN,2024-08-06,2836.8,2842.64,2738.05
SHRIRAMFIN,2024-08-07,2925.05,2849.3,2748.95
SHRIRAMFIN,2024-08-08,2872.2,2854.8,2758.52
SHRIRAMFIN,2024-08-09,2958.1,2865.76,2770.19
SHRIRAMFIN,2024-08-12,2976.1,2874.84,2783.66
SHRIRAMFIN,2024-08-13,2891.35,2875.3,2794.4
SHRIRAMFIN,2024-08-14,2895.1,2879.38,2802.12
SHRIRAMFIN,2024-08-16,2981.5,2885.08,2816.54
SHRIRAMFIN,2024-08-19,3075.6,2898.32,2830.3
SHRIRAMFIN,2024-08-20,3159.85,2914.94,2844.0
SHRIRAMFIN,2024-08-21,3159.05,2935.94,2857.22
SHRIRAMFIN,2024-08-22,3143.6,2956.9,2869.71
SHRIRAMFIN,2024-08-23,3126.55,2979.28,2881.58
SHRIRAMFIN,2024-08-26,3162.15,2991.14,2893.49
SHRIRAMFIN,2024-08-27,3229.45,3005.46,2904.39
SHRIRAMFIN,2024-08-28,3201.85,3019.95,2913.78
SHRIRAMFIN,2024-08-29,3200.5,3033.38,2921.2
SHRIRAMFIN,2024-08-30,3204.5,3044.14,2929.46
SHRIRAMFIN,2024-09-02,3225.25,3055.8,2937.87
SHRIRAMFIN,2024-09-03,3271.6,3074.81,2946.86
SHRIRAMFIN,2024-09-04,3243.95,3095.16,2954.1
SHRIRAMFIN,2024-09-05,3245.5,3111.19,2959.21
SHRIRAMFIN,2024-09-06,3235.65,3129.36,2964.14
SHRIRAMFIN,2024-09-09,3315.7,3147.24,2971.44
SHRIRAMFIN,2024-09-10,3260.05,3161.44,2978.41
SHRIRAMFIN,2024-09-11,3279.9,3180.86,2985.52
SHRIRAMFIN,2024-09-12,3400.75,3206.15,2997.04
SHRIRAMFIN,2024-09-13,3368.25,3225.48,3007.39
SHRIRAMFIN,2024-09-16,3418.95,3242.65,3019.1
SHRIRAMFIN,2024-09-17,3424.6,3255.89,3030.27
SHRIRAMFIN,2024-09-18,3574.7,3276.67,3045.6
SHRIRAMFIN,2024-09-19,3525.35,3295.76,3060.27
SHRIRAMFIN,2024-09-20,3532.1,3316.04,3075.67
SHRIRAMFIN,2024-09-23,3567.7,3336.32,3092.25
SHRIRAMFIN,2024-09-24,3516.3,3350.66,3106.68
SHRIRAMFIN,2024-09-25,3524.05,3366.77,3119.52
SHRIRAMFIN,2024-09-26,3628.45,3388.16,3135.82
SHRIRAMFIN,2024-09-27,3621.05,3408.99,3150.89
SHRIRAMFIN,2024-09-30,3576.95,3426.58,3166.21
SHRIRAMFIN,2024-10-01,3570.4,3441.52,3181.08
SHRIRAMFIN,2024-10-03,3409.5,3449.79,3194.48
SHRIRAMFIN,2024-10-04,3336.3,3454.34,3206.72
SHRIRAMFIN,2024-10-07,3299.35,3457.52,3219.13
SHRIRAMFIN,2024-10-08,3329.3,3458.2,3227.22
SHRIRAMFIN,2024-10-09,3387.95,3464.6,3236.11
SHRIRAMFIN,2024-10-10,3337.65,3467.48,3244.63
SHRIRAMFIN,2024-10-11,3341.2,3464.5,3252.81
SHRIRAMFIN,2024-10-14,3395.3,3465.86,3260.93
SHRIRAMFIN,2024-10-15,3401.15,3464.97,3269.11
SHRIRAMFIN,2024-10-16,3390.4,3463.26,3279.09
SHRIRAMFIN,2024-10-17,3258.6,3447.45,3287.53
SHRIRAMFIN,2024-10-18,3344.65,3438.42,3295.92
SHRIRAMFIN,2024-10-21,3313.3,3427.48,3304.74
SHRIRAMFIN,2024-10-22,3254.5,3411.82,3310.67
SHRIRAMFIN,2024-10-23,3197.75,3395.89,3315.1
SHRIRAMFIN,2024-10-24,3245.1,3381.94,3322.18
SHRIRAMFIN,2024-10-25,3092.65,3355.15,3326.13
SHRIRAMFIN,2024-10-28,3259.3,3337.06,3331.68
SHRIRAMFIN,2024-10-29,3265.8,3321.51,3335.49
SHRIRAMFIN,2024-10-30,3185.8,3302.28,3336.01
SHRIRAMFIN,2024-10-31,3138.9,3288.75,3335.6
SHRIRAMFIN,2024-11-01,3150.95,3279.48,3335.75
SHRIRAMFIN,2024-11-04,3147.9,3271.91,3336.18
SHRIRAMFIN,2024-11-05,3162.3,3263.56,3336.18
SHRIRAMFIN,2024-11-06,3186.7,3253.5,3335.33
SHRIRAMFIN,2024-11-07,3070.15,3240.12,3332.69
SHRIRAMFIN,2024-11-08,3007.95,3223.46,3328.84
SHRIRAMFIN,2024-11-11,2999.45,3203.66,3324.74
SHRIRAMFIN,2024-11-12,2931.2,3180.17,3318.86
SHRIRAMFIN,2024-11-13,2853.85,3153.34,3310.5
SHRIRAMFIN,2024-11-14,2822.6,3131.54,3302.08
SHRIRAMFIN,2024-11-18,2848.15,3106.72,3294.13
SHRIRAMFIN,2024-11-19,2824.75,3082.29,3285.91
SHRIRAMFIN,2024-11-21,2802.2,3059.67,3275.64
SHRIRAMFIN,2024-11-22,2850.05,3042.29,3267.44
SUNPHARMA,2023-10-03,1141.45,,
SUNPHARMA,2023-10-04,1123.8,,
SUNPHARMA,2023-10-05,1119.1,,
SUNPHARMA,2023-10-06,1127.3,,
SUNPHARMA,2023-10-09,1123.05,,
SUNPHARMA,2023-10-10,1126.5,,
SUNPHARMA,2023-10-11,1128.75,,
SUNPHARMA,2023-10-12,1130.4,,
SUNPHARMA,2023-10-13,1145.3,,
SUNPHARMA,2023-10-16,1135.3,,
SUNPHARMA,2023-10-17,1136.8,,
SUNPHARMA,2023-10-18,1153.4,,
SUNPHARMA,2023-10-19,1141.5,,
SUNPHARMA,2023-10-20,1142.2,,
SUNPHARMA,2023-10-23,1122.45,,
SUNPHARMA,2023-10-25,1120.3,,
SUNPHARMA,2023-10-26,1103.7,,
SUNPHARMA,2023-10-27,1111.3,,
SUNPHARMA,2023-10-30,1115.2,,
SUNPHARMA,2023-10-31,1088.6,1126.82,
SUNPHARMA,2023-11-01,1116.2,1125.56,
SUNPHARMA,2023-11-02,1132.85,1126.01,
SUNPHARMA,2023-11-03,1141.1,1127.11,
SUNPHARMA,2023-11-06,1150.0,1128.24,
SUNPHARMA,2023-11-07,1170.95,1130.64,
SUNPHARMA,2023-11-08,1176.7,1133.15,
SUNPHARMA,2023-11-09,1176.2,1135.52,
SUNPHARMA,2023-11-10,1179.35,1137.97,
SUNPHARMA,2023-11-12,1180.6,1139.73,
SUNPHARMA,2023-11-13,1177.8,1141.86,
SUNPHARMA,2023-11-15,1180.9,1144.06,
SUNPHARMA,2023-11-16,1189.55,1145.87,
SUNPHARMA,2023-11-17,1194.6,1148.53,
SUNPHARMA,2023-11-20,1188.0,1150.82,
SUNPHARMA,2023-11-21,1201.4,1154.76,
SUNPHARMA,2023-11-22,1204.1,1158.96,
SUNPHARMA,2023-11-23,1198.8,1163.71,
SUNPHARMA,2023-11-24,1195.45,1167.92,
SUNPHARMA,2023-11-28,1191.35,1171.72,
SUNPHARMA,2023-11-29,1202.2,1177.4,
SUNPHARMA,2023-11-30,1225.85,1182.89,
SUNPHARMA,2023-12-01,1231.25,1187.81,
SUNPHARMA,2023-12-04,1231.15,1192.31,
SUNPHARMA,2023-12-05,1239.55,1196.79,
SUNPHARMA,2023-12-06,1240.35,1200.26,
SUNPHARMA,2023-12-07,1239.3,1203.39,
SUNPHARMA,2023-12-08,1235.8,1206.37,
SUNPHARMA,2023-12-11,1241.4,1209.47,
SUNPHARMA,2023-12-12,1218.0,1211.34,
SUNPHARMA,2023-12-13,1233.1,1214.1,1168.4
SUNPHARMA,2023-12-14,1231.3,1216.62,1170.2
SUNPHARMA,2023-12-15,1235.75,1218.94,1172.44
SUNPHARMA,2023-12-18,1252.75,1221.84,1175.11
SUNPHARMA,2023-12-19,1244.95,1224.69,1177.47
SUNPHARMA,2023-12-20,1232.15,1226.23,1179.65
SUNPHARMA,2023-12-21,1233.5,1227.7,1181.79
SUNPHARMA,2023-12-22,1243.65,1229.94,1184.09
SUNPHARMA,2023-12-26,1247.5,1232.54,1186.43
SUNPHARMA,2023-12-27,1252.45,1235.6,1188.57
SUNPHARMA,2023-12-28,1262.15,1238.6,1191.11
SUNPHARMA,2023-12-29,1259.45,1240.28,1193.56
SUNPHARMA,2024-01-01,1260.25,1241.72,1195.7
SUNPHARMA,2024-01-02,1296.2,1244.98,1198.79
SUNPHARMA,2024-01-03,1298.6,1247.93,1201.92
SUNPHARMA,2024-01-04,1312.95,1251.56,1205.73
SUNPHARMA,2024-01-05,1300.2,1254.6,1209.33
SUNPHARMA,2024-01-08,1305.3,1258.08,1213.36
SUNPHARMA,2024-01-09,1324.0,1262.21,1217.62
SUNPHARMA,2024-01-10,1324.85,1267.55,1221.81
SUNPHARMA,2024-01-11,1316.25,1271.71,1226.36
SUNPHARMA,2024-01-12,1325.95,1276.44,1230.56
SUNPHARMA,2024-01-15,1329.35,1281.12,1234.49
SUNPHARMA,2024-01-16,1313.45,1284.16,1237.93
SUNPHARMA,2024-01-17,1299.0,1286.86,1240.91
SUNPHARMA,2024-01-18,1335.75,1292.04,1244.21
SUNPHARMA,2024-01-19,1335.6,1297.14,1247.39
SUNPHARMA,2024-01-20,1326.15,1301.27,1250.39
SUNPHARMA,2024-01-23,1378.3,1307.81,1254.36
SUNPHARMA,2024-01-24,1382.1,1314.29,1258.4
SUNPHARMA,2024-01-25,1368.3,1319.6,1262.2
SUNPHARMA,2024-01-29,1400.85,1326.67,1266.6
SUNPHARMA,2024-01-30,1371.75,1332.24,1270.25
SUNPHARMA,2024-01-31,1418.45,1338.36,1274.72
SUNPHARMA,2024-02-01,1407.95,1343.82,1279.12
SUNPHARMA,2024-02-02,1416.65,1349.01,1283.43
SUNPHARMA,2024-02-05,1463.8,1357.19,1288.62
SUNPHARMA,2024-02-06,1475.1,1365.68,1294.15
SUNPHARMA,2024-02-07,1496.2,1374.29,1300.16
SUNPHARMA,2024-02-08,1499.6,1383.03,1306.33
SUNPHARMA,2024-02-09,1534.8,1393.96,1312.98
SUNPHARMA,2024-02-12,1534.45,1404.38,1319.15
SUNPHARMA,2024-02-13,1542.2,1415.02,1325.37
SUNPHARMA,2024-02-14,1520.4,1425.37,1331.16
SUNPHARMA,2024-02-15,1509.9,1435.92,1336.56
SUNPHARMA,2024-02-16,1509.95,1444.62,1341.96
SUNPHARMA,2024-02-19,1530.1,1454.35,1347.77
SUNPHARMA,2024-02-20,1538.7,1464.98,1353.83
SUNPHARMA,2024-02-21,1543.4,1473.23,1359.87
SUNPHARMA,2024-02-22,1558.05,1482.03,1366.67
SUNPHARMA,2024-02-23,1561.25,1491.68,1373.23
SUNPHARMA,2024-02-26,1556.95,1499.48,1379.75
SUNPHARMA,2024-02-27,1582.75,1510.03,1386.69
SUNPHARMA,2024-02-28,1573.85,1517.8,1393.11
SUNPHARMA,2024-02-29,1577.95,1526.3,1399.77
SUNPHARMA,2024-03-01,1559.25,1533.43,1406.31
SUNPHARMA,2024-03-02,1550.55,1537.77,1412.65
SUNPHARMA,2024-03-04,1552.1,1541.62,1418.82
SUNPHARMA,2024-03-05,1574.2,1545.52,1425.36
SUNPHARMA,2024-03-06,1604.0,1550.74,1432.39
SUNPHARMA,2024-03-07,1605.7,1554.28,1439.26
SUNPHARMA,2024-03-11,1593.6,1557.24,1445.94
SUNPHARMA,2024-03-12,1584.3,1559.35,1452.42
SUNPHARMA,2024-03-13,1558.6,1561.26,1457.67
SUNPHARMA,2024-03-14,1570.2,1564.27,1463.1
SUNPHARMA,2024-03-15,1548.2,1566.18,1467.81
SUNPHARMA,2024-03-18,1571.25,1568.24,1473.23
SUNPHARMA,2024-03-19,1548.45,1568.73,1478.09
SUNPHARMA,2024-03-20,1549.35,1569.03,1482.6
SUNPHARMA,2024-03-21,1565.2,1569.38,1487.4
SUNPHARMA,2024-03-22,1608.9,1571.77,1493.26
SUNPHARMA,2024-03-26,1598.1,1573.82,1498.7
SUNPHARMA,2024-03-27,1604.15,1574.9,1504.2
SUNPHARMA,2024-03-28,1620.55,1577.23,1510.34
SUNPHARMA,2024-04-01,1629.25,1579.79,1516.94
SUNPHARMA,2024-04-02,1622.25,1582.94,1522.67
SUNPHARMA,2024-04-03,1619.85,1586.41,1528.36
SUNPHARMA,2024-04-04,1619.35,1589.77,1534.22
SUNPHARMA,2024-04-05,1609.0,1591.51,1538.84
SUNPHARMA,2024-04-08,1599.7,1591.3,1543.19
SUNPHARMA,2024-04-09,1602.55,1591.14,1547.87
SUNPHARMA,2024-04-10,1604.05,1591.66,1551.94
SUNPHARMA,2024-04-12,1540.0,1589.45,1555.3
SUNPHARMA,2024-04-15,1540.05,1588.52,1557.73
SUNPHARMA,2024-04-16,1537.55,1586.89,1560.33
SUNPHARMA,2024-04-18,1516.4,1585.3,1562.32
SUNPHARMA,2024-04-19,1522.8,1582.88,1563.5
SUNPHARMA,2024-04-22,1540.1,1582.46,1564.8
SUNPHARMA,2024-04-23,1484.65,1579.22,1564.57
SUNPHARMA,2024-04-24,1485.75,1575.25,1564.29
SUNPHARMA,2024-04-25,1520.15,1570.81,1564.0
SUNPHARMA,2024-04-26,1506.55,1566.24,1563.44
SUNPHARMA,2024-04-29,1521.6,1562.11,1563.03
SUNPHARMA,2024-04-30,1502.1,1556.18,1562.66
SUNPHARMA,2024-05-02,1519.0,1550.67,1562.85
SUNPHARMA,2024-05-03,1511.15,1545.12,1562.87
SUNPHARMA,2024-05-06,1529.15,1540.58,1562.85
SUNPHARMA,2024-05-07,1515.35,1535.38,1562.38
SUNPHARMA,2024-05-08,1521.75,1531.02,1561.95
SUNPHARMA,2024-05-09,1494.65,1525.77,1560.68
SUNPHARMA,2024-05-10,1506.55,1520.97,1559.59
SUNPHARMA,2024-05-13,1525.05,1517.02,1558.95
SUNPHARMA,2024-05-14,1545.25,1517.28,1558.2
SUNPHARMA,2024-05-15,1527.4,1516.65,1557.27
SUNPHARMA,2024-05-16,1536.3,1516.58,1556.44
SUNPHARMA,2024-05-17,1531.4,1517.34,1555.88
SUNPHARMA,2024-05-18,1531.9,1517.79,1555.51
SUNPHARMA,2024-05-21,1540.95,1517.83,1555.29
SUNPHARMA,2024-05-22,1539.3,1520.56,1554.59
SUNPHARMA,2024-05-23,1495.1,1521.03,1552.41
SUNPHARMA,2024-05-24,1486.7,1519.36,1550.03
SUNPHARMA,2024-05-27,1466.05,1517.34,1547.48
SUNPHARMA,2024-05-28,1464.9,1514.5,1545.09
SUNPHARMA,2024-05-29,1478.95,1513.34,1543.5
SUNPHARMA,2024-05-30,1459.1,1510.35,1541.28
SUNPHARMA,2024-05-31,1459.8,1507.78,1539.51
SUNPHARMA,2024-06-03,1453.05,1503.98,1537.14
SUNPHARMA,2024-06-04,1429.85,1499.7,1534.77
SUNPHARMA,2024-06-05,1487.3,1497.98,1533.53
SUNPHARMA,2024-06-06,1472.7,1496.88,1531.68
SUNPHARMA,2024-06-07,1506.85,1496.9,1529.64
SUNPHARMA,2024-06-10,1513.1,1496.3,1527.94
SUNPHARMA,2024-06-11,1499.75,1494.02,1525.85
SUNPHARMA,2024-06-12,1506.85,1493.0,1523.58
SUNPHARMA,2024-06-13,1510.8,1491.72,1521.21
SUNPHARMA,2024-06-14,1516.0,1490.95,1519.08
SUNPHARMA,2024-06-18,1520.95,1490.4,1517.11
SUNPHARMA,2024-06-19,1504.0,1488.56,1514.8
SUNPHARMA,2024-06-20,1471.0,1485.14,1512.04
SUNPHARMA,2024-06-21,1467.25,1483.75,1509.39
SUNPHARMA,2024-06-24,1494.5,1484.14,1507.23
SUNPHARMA,2024-06-25,1505.2,1486.1,1505.25
SUNPHARMA,2024-06-26,1521.15,1488.91,1504.88
SUNPHARMA,2024-06-27,1516.25,1490.77,1504.4
SUNPHARMA,2024-06-28,1520.85,1493.86,1504.06
SUNPHARMA,2024-07-01,1520.1,1496.88,1504.14
SUNPHARMA,2024-07-02,1524.05,1500.42,1504.16
SUNPHARMA,2024-07-03,1533.95,1505.63,1504.04
SUNPHARMA,2024-07-04,1557.9,1509.16,1505.51
SUNPHARMA,2024-07-05,1568.4,1513.94,1507.16
SUNPHARMA,2024-07-08,1556.4,1516.42,1507.88
SUNPHARMA,2024-07-09,1585.4,1520.04,1509.46
SUNPHARMA,2024-07-10,1598.55,1524.98,1511.0
SUNPHARMA,2024-07-11,1581.75,1528.72,1512.59
SUNPHARMA,2024-07-12,1577.3,1532.05,1513.76
SUNPHARMA,2024-07-15,1586.2,1535.56,1515.26
SUNPHARMA,2024-07-16,1579.3,1538.48,1516.26
SUNPHARMA,2024-07-18,1594.25,1542.99,1517.84
SUNPHARMA,2024-07-19,1568.65,1547.87,1518.78
SUNPHARMA,2024-07-22,1587.35,1553.88,1520.63
SUNPHARMA,2024-07-23,1601.6,1559.23,1522.53
SUNPHARMA,2024-07-24,1619.45,1564.94,1524.42
SUNPHARMA,2024-07-25,1665.8,1572.18,1526.83
SUNPHARMA,2024-07-26,1714.25,1582.08,1530.57
SUNPHARMA,2024-07-29,1723.25,1592.2,1534.31
SUNPHARMA,2024-07-30,1701.6,1601.27,1537.71
SUNPHARMA,2024-07-31,1719.35,1611.04,1541.46
SUNPHARMA,2024-08-01,1715.2,1620.1,1544.95
SUNPHARMA,2024-08-02,1731.65,1628.78,1548.79
SUNPHARMA,2024-08-05,1720.35,1636.38,1553.3
SUNPHARMA,2024-08-06,1707.55,1643.94,1557.72
SUNPHARMA,2024-08-07,1734.45,1651.39,1563.08
SUNPHARMA,2024-08-08,1737.05,1658.32,1568.53
SUNPHARMA,2024-08-09,1735.3,1666.0,1573.65
SUNPHARMA,2024-08-12,1733.85,1673.82,1579.15
SUNPHARMA,2024-08-13,1740.1,1681.52,1584.76
SUNPHARMA,2024-08-14,1741.65,1689.63,1590.53
SUNPHARMA,2024-08-16,1742.75,1697.06,1596.78
SUNPHARMA,2024-08-19,1747.8,1706.02,1602.0
SUNPHARMA,2024-08-20,1766.35,1714.97,1607.87
SUNPHARMA,2024-08-21,1764.65,1723.12,1613.02
SUNPHARMA,2024-08-22,1750.65,1729.68,1617.78
SUNPHARMA,2024-08-23,1775.75,1735.18,1623.3
SUNPHARMA,2024-08-26,1772.45,1738.09,1628.61
SUNPHARMA,2024-08-27,1789.4,1741.4,1634.18
SUNPHARMA,2024-08-28,1811.85,1746.91,1640.1
SUNPHARMA,2024-08-29,1799.2,1750.9,1645.66
SUNPHARMA,2024-08-30,1821.65,1756.22,1652.01
SUNPHARMA,2024-09-02,1815.95,1760.44,1658.91
SUNPHARMA,2024-09-03,1811.5,1765.0,1665.8
SUNPHARMA,2024-09-04,1832.85,1771.26,1672.56
SUNPHARMA,2024-09-05,1826.5,1775.86,1678.99
SUNPHARMA,2024-09-06,1824.55,1780.24,1685.06
SUNPHARMA,2024-09-09,1821.85,1784.56,1691.17
SUNPHARMA,2024-09-10,1836.35,1789.69,1697.48
SUNPHARMA,2024-09-11,1845.7,1794.97,1703.99
SUNPHARMA,2024-09-12,1865.4,1801.16,1710.82
SUNPHARMA,2024-09-13,1853.75,1806.71,1717.22
SUNPHARMA,2024-09-16,1862.95,1812.46,1723.32
SUNPHARMA,2024-09-17,1866.1,1817.45,1729.27
SUNPHARMA,2024-09-18,1836.0,1821.02,1734.86
SUNPHARMA,2024-09-19,1846.05,1825.79,1740.08
SUNPHARMA,2024-09-20,1865.75,1830.29,1745.42
SUNPHARMA,2024-09-23,1862.7,1834.8,1751.04
SUNPHARMA,2024-09-24,1868.1,1838.74,1756.86
SUNPHARMA,2024-09-25,1870.55,1841.67,1762.54
SUNPHARMA,2024-09-26,1898.4,1846.63,1768.92
SUNPHARMA,2024-09-27,1948.7,1852.98,1776.01
SUNPHARMA,2024-09-30,1926.7,1858.52,1783.17
SUNPHARMA,2024-10-01,1919.95,1863.94,1789.83
SUNPHARMA,2024-10-03,1910.85,1867.84,1796.01
SUNPHARMA,2024-10-04,1910.05,1872.02,1801.82
SUNPHARMA,2024-10-07,1905.25,1876.06,1806.61
SUNPHARMA,2024-10-08,1917.15,1880.82,1810.67
SUNPHARMA,2024-10-09,1930.85,1885.55,1814.82
SUNPHARMA,2024-10-10,1887.75,1887.65,1818.54
SUNPHARMA,2024-10-11,1901.95,1889.48,1822.2
SUNPHARMA,2024-10-14,1909.75,1892.28,1826.09
SUNPHARMA,2024-10-15,1898.45,1894.05,1829.42
SUNPHARMA,2024-10-16,1898.5,1895.67,1832.99
SUNPHARMA,2024-10-17,1889.55,1898.35,1836.63
SUNPHARMA,2024-10-18,1910.35,1901.56,1840.14
SUNPHARMA,2024-10-21,1897.0,1903.13,1843.34
SUNPHARMA,2024-10-22,1887.55,1904.37,1846.39
SUNPHARMA,2024-10-23,1839.35,1902.93,1848.5
SUNPHARMA,2024-10-24,1848.9,1901.85,1850.68
SUNPHARMA,2024-10-25,1860.4,1899.95,1853.05
SUNPHARMA,2024-10-28,1902.9,1897.66,1856.25
SUNPHARMA,2024-10-29,1871.6,1894.9,1858.73
SUNPHARMA,2024-10-30,1852.1,1891.51,1860.44
SUNPHARMA,2024-10-31,1848.9,1888.41,1862.13
SUNPHARMA,2024-11-01,1858.4,1885.83,1864.28
SUNPHARMA,2024-11-04,1808.9,1881.02,1864.95
SUNPHARMA,2024-11-05,1803.6,1875.34,1865.57
SUNPHARMA,2024-11-06,1827.45,1870.17,1866.33
SUNPHARMA,2024-11-07,1790.95,1865.33,1865.91
SUNPHARMA,2024-11-08,1809.6,1860.71,1866.12
SUNPHARMA,2024-11-11,1794.6,1854.95,1865.58
SUNPHARMA,2024-11-12,1800.85,1850.07,1865.28
SUNPHARMA,2024-11-13,1779.0,1844.1,1864.63
SUNPHARMA,2024-11-14,1768.2,1838.03,1863.34
SUNPHARMA,2024-11-18,1747.75,1829.9,1861.76
SUNPHARMA,2024-11-19,1777.25,1823.91,1860.81
SUNPHARMA,2024-11-21,1780.0,1818.54,1859.98
SUNPHARMA,2024-11-22,1795.3,1816.33,1859.16
TATACONSUM,2023-10-03,861.2,,
TATACONSUM,2023-10-04,854.13,,
TATACONSUM,2023-10-05,849.64,,
TATACONSUM,2023-10-06,864.01,,
TATACONSUM,2023-10-09,869.84,,
TATACONSUM,2023-10-10,877.84,,
TATACONSUM,2023-10-11,877.49,,
TATACONSUM,2023-10-12,881.39,,
TATACONSUM,2023-10-13,902.14,,
TATACONSUM,2023-10-16,897.45,,
TATACONSUM,2023-10-17,896.7,,
TATACONSUM,2023-10-18,884.7,,
TATACONSUM,2023-10-19,884.41,,
TATACONSUM,2023-10-20,887.91,,
TATACONSUM,2023-10-23,872.26,,
TATACONSUM,2023-10-25,879.07,,
TATACONSUM,2023-10-26,869.54,,
TATACONSUM,2023-10-27,880.16,,
TATACONSUM,2023-10-30,882.58,,
TATACONSUM,2023-10-31,889.44,878.1,
TATACONSUM,2023-11-01,892.06,879.64,
TATACONSUM,2023-11-02,900.06,881.93,
TATACONSUM,2023-11-03,902.48,884.58,
TATACONSUM,2023-11-06,907.37,886.74,
TATACONSUM,2023-11-07,910.73,888.79,
TATACONSUM,2023-11-08,905.05,890.15,
TATACONSUM,2023-11-09,891.77,890.86,
TATACONSUM,2023-11-10,901.49,891.87,
TATACONSUM,2023-11-12,904.06,891.96,
TATACONSUM,2023-11-13,905.3,892.36,
TATACONSUM,2023-11-15,918.19,893.43,
TATACONSUM,2023-11-16,908.75,894.63,
TATACONSUM,2023-11-17,919.42,896.38,
TATACONSUM,2023-11-20,919.42,897.96,
TATACONSUM,2023-11-21,916.31,900.16,
TATACONSUM,2023-11-22,916.85,902.05,
TATACONSUM,2023-11-23,921.55,904.65,
TATACONSUM,2023-11-24,915.52,906.42,
TATACONSUM,2023-11-28,920.41,908.31,
TATACONSUM,2023-11-29,922.09,909.94,
TATACONSUM,2023-11-30,929.2,911.8,
TATACONSUM,2023-12-01,931.27,913.36,
TATACONSUM,2023-12-04,935.03,914.99,
TATACONSUM,2023-12-05,938.39,916.54,
TATACONSUM,2023-12-06,940.02,918.0,
TATACONSUM,2023-12-07,945.15,920.01,
TATACONSUM,2023-12-08,934.98,922.17,
TATACONSUM,2023-12-11,938.78,924.03,
TATACONSUM,2023-12-12,937.1,925.69,
TATACONSUM,2023-12-13,945.55,927.7,902.72
TATACONSUM,2023-12-14,938.78,928.73,904.28
TATACONSUM,2023-12-15,942.98,930.44,906.05
TATACONSUM,2023-12-18,938.04,931.37,907.82
TATACONSUM,2023-12-19,954.29,933.11,909.63
TATACONSUM,2023-12-20,964.31,935.51,911.52
TATACONSUM,2023-12-21,967.28,938.04,913.31
TATACONSUM,2023-12-22,980.61,940.99,915.37
TATACONSUM,2023-12-26,994.98,944.96,917.64
TATACONSUM,2023-12-27,1014.14,949.65,919.88
TATACONSUM,2023-12-28,1028.22,954.96,922.5
TATACONSUM,2023-12-29,1073.46,962.17,926.03
TATACONSUM,2024-01-01,1066.84,968.95,929.67
TATACONSUM,2024-01-02,1084.27,976.41,933.67
TATACONSUM,2024-01-03,1071.63,983.07,937.34
TATACONSUM,2024-01-04,1111.73,991.66,942.13
TATACONSUM,2024-01-05,1109.16,999.86,946.74
TATACONSUM,2024-01-08,1091.38,1007.68,951.17
TATACONSUM,2024-01-09,1098.0,1015.64,955.53
TATACONSUM,2024-01-10,1100.27,1023.8,959.88
TATACONSUM,2024-01-11,1105.51,1031.79,964.2
TATACONSUM,2024-01-12,1144.77,1042.09,969.26
TATACONSUM,2024-01-15,1136.67,1051.78,973.99
TATACONSUM,2024-01-16,1129.66,1061.36,978.53
TATACONSUM,2024-01-17,1124.62,1069.88,982.88
TATACONSUM,2024-01-18,1132.72,1078.3,987.32
TATACONSUM,2024-01-19,1147.44,1087.3,992.17
TATACONSUM,2024-01-20,1135.98,1095.07,997.05
TATACONSUM,2024-01-23,1131.58,1101.9,1001.65
TATACONSUM,2024-01-24,1144.77,1108.43,1006.47
TATACONSUM,2024-01-25,1122.79,1113.16,1010.82
TATACONSUM,2024-01-29,1127.04,1115.84,1014.99
TATACONSUM,2024-01-30,1109.11,1117.96,1019.0
TATACONSUM,2024-01-31,1104.27,1118.96,1022.7
TATACONSUM,2024-02-01,1115.78,1121.16,1026.63
TATACONSUM,2024-02-02,1148.47,1123.0,1031.27
TATACONSUM,2024-02-05,1136.62,1124.37,1035.66
TATACONSUM,2024-02-06,1149.27,1127.27,1040.22
TATACONSUM,2024-02-07,1151.88,1129.96,1044.95
TATACONSUM,2024-02-08,1123.93,1131.14,1049.02
TATACONSUM,2024-02-09,1115.39,1131.64,1052.88
TATACONSUM,2024-02-12,1108.42,1129.82,1056.47
TATACONSUM,2024-02-13,1123.83,1129.18,1060.32
TATACONSUM,2024-02-14,1121.66,1128.78,1064.05
TATACONSUM,2024-02-15,1117.51,1128.42,1067.63
TATACONSUM,2024-02-16,1133.36,1128.46,1071.5
TATACONSUM,2024-02-19,1140.82,1128.12,1075.41
TATACONSUM,2024-02-20,1140.23,1128.34,1079.52
TATACONSUM,2024-02-21,1146.5,1129.08,1083.67
TATACONSUM,2024-02-22,1145.26,1129.11,1087.84
TATACONSUM,2024-02-23,1146.05,1130.27,1091.85
TATACONSUM,2024-02-26,1162.65,1132.05,1096.32
TATACONSUM,2024-02-27,1169.07,1135.05,1100.84
TATACONSUM,2024-02-28,1153.61,1137.52,1105.16
TATACONSUM,2024-02-29,1175.44,1140.5,1109.58
TATACONSUM,2024-03-01,1186.26,1142.39,1114.02
TATACONSUM,2024-03-02,1192.43,1145.18,1118.52
TATACONSUM,2024-03-04,1188.48,1147.14,1122.68
TATACONSUM,2024-03-05,1185.86,1148.84,1126.5
TATACONSUM,2024-03-06,1205.07,1152.9,1130.31
TATACONSUM,2024-03-07,1246.06,1159.43,1134.67
TATACONSUM,2024-03-11,1205.66,1164.29,1137.32
TATACONSUM,2024-03-12,1200.28,1168.11,1139.98
TATACONSUM,2024-03-13,1164.48,1170.25,1141.59
TATACONSUM,2024-03-14,1183.64,1173.56,1143.83
TATACONSUM,2024-03-15,1197.27,1176.76,1145.54
TATACONSUM,2024-03-18,1172.38,1178.33,1146.8
TATACONSUM,2024-03-19,1132.18,1177.93,1147.62
TATACONSUM,2024-03-20,1110.25,1176.12,1147.86
TATACONSUM,2024-03-21,1120.03,1174.86,1148.26
TATACONSUM,2024-03-22,1108.97,1173.0,1148.33
TATACONSUM,2024-03-26,1098.89,1169.82,1147.41
TATACONSUM,2024-03-27,1077.66,1165.25,1146.23
TATACONSUM,2024-03-28,1082.74,1161.7,1145.29
TATACONSUM,2024-04-01,1073.56,1156.61,1144.27
TATACONSUM,2024-04-02,1117.26,1153.16,1143.96
TATACONSUM,2024-04-03,1105.76,1148.82,1143.13
TATACONSUM,2024-04-04,1104.22,1144.61,1142.49
TATACONSUM,2024-04-05,1101.85,1140.41,1141.9
TATACONSUM,2024-04-08,1123.39,1136.33,1141.47
TATACONSUM,2024-04-09,1111.78,1129.61,1141.25
TATACONSUM,2024-04-10,1131.24,1125.89,1141.34
TATACONSUM,2024-04-12,1135.34,1122.64,1141.86
TATACONSUM,2024-04-15,1116.77,1120.26,1142.11
TATACONSUM,2024-04-16,1121.71,1117.16,1142.23
TATACONSUM,2024-04-18,1120.62,1113.33,1141.67
TATACONSUM,2024-04-19,1124.13,1110.92,1141.42
TATACONSUM,2024-04-22,1156.57,1112.14,1141.57
TATACONSUM,2024-04-23,1158.94,1114.57,1141.71
TATACONSUM,2024-04-24,1096.52,1113.4,1141.16
TATACONSUM,2024-04-25,1092.67,1112.58,1140.71
TATACONSUM,2024-04-26,1089.11,1112.09,1140.32
TATACONSUM,2024-04-29,1085.01,1112.46,1139.54
TATACONSUM,2024-04-30,1094.74,1113.06,1139.01
TATACONSUM,2024-05-02,1077.75,1113.27,1138.21
TATACONSUM,2024-05-03,1080.87,1111.45,1137.16
TATACONSUM,2024-05-06,1084.67,1110.4,1136.04
TATACONSUM,2024-05-07,1085.9,1109.48,1134.95
TATACONSUM,2024-05-08,1101.36,1109.45,1134.05
TATACONSUM,2024-05-09,1071.73,1106.87,1132.58
TATACONSUM,2024-05-10,1077.56,1105.16,1131.21
TATACONSUM,2024-05-13,1083.48,1102.77,1129.62
TATACONSUM,2024-05-14,1072.12,1099.61,1127.69
TATACONSUM,2024-05-15,1055.78,1096.56,1125.73
TATACONSUM,2024-05-16,1086.25,1094.79,1123.94
TATACONSUM,2024-05-17,1081.75,1092.85,1121.85
TATACONSUM,2024-05-18,1081.75,1090.73,1119.64
TATACONSUM,2024-05-21,1080.52,1086.92,1117.48
TATACONSUM,2024-05-22,1106.6,1084.31,1115.9
TATACONSUM,2024-05-23,1104.22,1084.69,1113.88
TATACONSUM,2024-05-24,1084.77,1084.3,1110.65
TATACONSUM,2024-05-27,1074.54,1083.57,1108.03
TATACONSUM,2024-05-28,1082.1,1083.42,1105.67
TATACONSUM,2024-05-29,1058.15,1081.59,1103.54
TATACONSUM,2024-05-30,1054.1,1080.41,1100.95
TATACONSUM,2024-05-31,1047.23,1078.73,1097.95
TATACONSUM,2024-06-03,1056.02,1077.3,1095.62
TATACONSUM,2024-06-04,1073.65,1076.68,1094.45
TATACONSUM,2024-06-05,1128.37,1078.03,1094.81
TATACONSUM,2024-06-06,1125.91,1080.74,1094.93
TATACONSUM,2024-06-07,1121.71,1082.95,1095.19
TATACONSUM,2024-06-10,1119.14,1084.73,1095.59
TATACONSUM,2024-06-11,1121.66,1087.21,1096.47
TATACONSUM,2024-06-12,1110.84,1089.96,1097.03
TATACONSUM,2024-06-13,1100.92,1090.7,1097.58
TATACONSUM,2024-06-14,1098.79,1091.55,1097.21
TATACONSUM,2024-06-18,1113.07,1093.12,1097.36
TATACONSUM,2024-06-19,1092.03,1093.69,1097.11
TATACONSUM,2024-06-20,1089.71,1092.85,1096.87
TATACONSUM,2024-06-21,1071.58,1091.21,1095.84
TATACONSUM,2024-06-24,1088.42,1091.4,1095.37
TATACONSUM,2024-06-25,1081.16,1091.73,1094.37
TATACONSUM,2024-06-26,1073.56,1091.3,1093.13
TATACONSUM,2024-06-27,1072.27,1092.01,1092.24
TATACONSUM,2024-06-28,1083.98,1093.5,1091.49
TATACONSUM,2024-07-01,1081.11,1095.2,1090.7
TATACONSUM,2024-07-02,1091.43,1096.97,1090.04
TATACONSUM,2024-07-03,1132.28,1099.9,1089.56
TATACONSUM,2024-07-04,1121.26,1099.54,1088.8
TATACONSUM,2024-07-05,1123.44,1099.42,1089.34
TATACONSUM,2024-07-08,1136.67,1100.17,1090.22
TATACONSUM,2024-07-09,1128.18,1100.62,1091.0
TATACONSUM,2024-07-10,1136.67,1101.37,1092.04
TATACONSUM,2024-07-11,1117.51,1101.7,1092.49
TATACONSUM,2024-07-12,1138.1,1103.56,1093.7
TATACONSUM,2024-07-15,1134.7,1105.36,1094.77
TATACONSUM,2024-07-16,1161.81,1107.79,1096.32
TATACONSUM,2024-07-18,1178.75,1112.13,1098.17
TATACONSUM,2024-07-19,1173.41,1116.31,1099.62
TATACONSUM,2024-07-22,1190.01,1122.24,1101.98
TATACONSUM,2024-07-23,1241.47,1129.89,1105.26
TATACONSUM,2024-07-24,1216.13,1136.64,1107.91
TATACONSUM,2024-07-25,1208.58,1143.39,1110.64
TATACONSUM,2024-07-26,1213.65,1150.46,1113.8
TATACONSUM,2024-07-29,1201.4,1156.33,1116.1
TATACONSUM,2024-07-30,1194.9,1162.02,1118.36
TATACONSUM,2024-07-31,1188.95,1166.89,1120.51
TATACONSUM,2024-08-01,1208.35,1170.7,1123.07
TATACONSUM,2024-08-02,1193.65,1174.32,1124.81
TATACONSUM,2024-08-05,1199.4,1178.11,1126.71
TATACONSUM,2024-08-06,1185.6,1180.56,1128.73
TATACONSUM,2024-08-07,1199.6,1184.13,1131.23
TATACONSUM,2024-08-08,1178.3,1186.21,1133.15
TATACONSUM,2024-08-09,1186.15,1189.65,1135.71
TATACONSUM,2024-08-12,1170.8,1191.28,1138.05
TATACONSUM,2024-08-13,1178.8,1193.49,1140.68
TATACONSUM,2024-08-14,1167.55,1193.77,1142.91
TATACONSUM,2024-08-16,1187.75,1194.22,1145.19
TATACONSUM,2024-08-19,1177.4,1194.42,1146.17
TATACONSUM,2024-08-20,1171.2,1193.48,1147.08
TATACONSUM,2024-08-21,1177.55,1190.29,1148.19
TATACONSUM,2024-08-22,1205.8,1189.77,1149.93
TATACONSUM,2024-08-23,1196.8,1189.18,1151.43
TATACONSUM,2024-08-26,1220.05,1189.5,1153.61
TATACONSUM,2024-08-27,1209.6,1189.91,1155.79
TATACONSUM,2024-08-28,1201.15,1190.22,1157.83
TATACONSUM,2024-08-29,1198.45,1190.7,1159.54
TATACONSUM,2024-08-30,1200.15,1190.29,1161.7
TATACONSUM,2024-09-02,1199.7,1190.59,1163.9
TATACONSUM,2024-09-03,1199.0,1190.57,1166.45
TATACONSUM,2024-09-04,1194.95,1191.04,1168.58
TATACONSUM,2024-09-05,1188.65,1190.49,1170.73
TATACONSUM,2024-09-06,1173.85,1190.27,1172.74
TATACONSUM,2024-09-09,1192.05,1190.56,1175.13
TATACONSUM,2024-09-10,1204.15,1192.23,1177.54
TATACONSUM,2024-09-11,1204.4,1193.51,1180.0
TATACONSUM,2024-09-12,1222.75,1196.27,1182.63
TATACONSUM,2024-09-13,1210.3,1197.4,1184.19
TATACONSUM,2024-09-16,1218.5,1199.45,1186.13
TATACONSUM,2024-09-17,1220.25,1201.91,1188.07
TATACONSUM,2024-09-18,1200.85,1203.07,1189.35
TATACONSUM,2024-09-19,1215.25,1203.54,1191.1
TATACONSUM,2024-09-20,1216.85,1204.54,1192.7
TATACONSUM,2024-09-23,1211.55,1204.12,1194.58
TATACONSUM,2024-09-24,1211.65,1204.22,1196.05
TATACONSUM,2024-09-25,1189.6,1203.64,1197.15
TATACONSUM,2024-09-26,1213.45,1204.4,1198.18
TATACONSUM,2024-09-27,1201.55,1204.46,1198.64
TATACONSUM,2024-09-30,1196.95,1204.33,1199.11
TATACONSUM,2024-10-01,1196.25,1204.19,1199.23
TATACONSUM,2024-10-03,1152.75,1202.08,1197.46
TATACONSUM,2024-10-04,1130.4,1199.17,1195.74
TATACONSUM,2024-10-07,1111.4,1196.04,1193.8
TATACONSUM,2024-10-08,1119.05,1192.4,1191.91
TATACONSUM,2024-10-09,1117.8,1188.08,1190.24
TATACONSUM,2024-10-10,1114.15,1183.56,1188.62
TATACONSUM,2024-10-11,1113.1,1178.08,1187.1
TATACONSUM,2024-10-14,1113.55,1173.24,1185.21
TATACONSUM,2024-10-15,1115.25,1168.08,1183.64
TATACONSUM,2024-10-16,1113.95,1162.77,1181.93
TATACONSUM,2024-10-17,1090.15,1157.23,1180.02
TATACONSUM,2024-10-18,1093.25,1151.13,1177.9
TATACONSUM,2024-10-21,1017.05,1141.14,1174.67
TATACONSUM,2024-10-22,998.25,1130.48,1170.91
TATACONSUM,2024-10-23,1014.55,1120.62,1167.79
TATACONSUM,2024-10-24,996.45,1110.96,1164.14
TATACONSUM,2024-10-25,973.05,1098.94,1160.25
TATACONSUM,2024-10-28,975.9,1087.66,1156.01
TATACONSUM,2024-10-29,992.05,1077.42,1152.31
TATACONSUM,2024-10-30,1022.7,1068.74,1149.34
TATACONSUM,2024-10-31,1002.55,1061.23,1145.84
TATACONSUM,2024-11-01,1004.1,1054.92,1141.8
TATACONSUM,2024-11-04,994.6,1049.08,1137.76
TATACONSUM,2024-11-05,1000.75,1043.16,1133.37
TATACONSUM,2024-11-06,1007.05,1037.62,1129.32
TATACONSUM,2024-11-07,984.85,1031.16,1125.0
TATACONSUM,2024-11-08,992.95,1025.15,1120.89
TATACONSUM,2024-11-11,975.95,1018.27,1116.4
TATACONSUM,2024-11-12,967.55,1010.88,1111.76
TATACONSUM,2024-11-13,952.75,1002.82,1106.83
TATACONSUM,2024-11-14,925.0,994.57,1101.44
TATACONSUM,2024-11-18,930.75,986.44,1096.28
TATACONSUM,2024-11-19,917.15,981.45,1091.14
TATACONSUM,2024-11-21,911.7,977.12,1085.54
TATACONSUM,2024-11-22,945.2,973.65,1080.36
TATAMOTORS,2023-10-03,620.45,,
TATAMOTORS,2023-10-04,613.6,,
TATAMOTORS,2023-10-05,619.6,,
TATAMOTORS,2023-10-06,622.45,,
TATAMOTORS,2023-10-09,617.35,,
TATAMOTORS,2023-10-10,630.55,,
TATAMOTORS,2023-10-11,634.0,,
TATAMOTORS,2023-10-12,636.95,,
TATAMOTORS,2023-10-13,667.1,,
TATAMOTORS,2023-10-16,666.2,,
TATAMOTORS,2023-10-17,655.7,,
TATAMOTORS,2023-10-18,668.5,,
TATAMOTORS,2023-10-19,668.8,,
TATAMOTORS,2023-10-20,663.2,,
TATAMOTORS,2023-10-23,647.35,,
TATAMOTORS,2023-10-25,637.85,,
TATAMOTORS,2023-10-26,626.55,,
TATAMOTORS,2023-10-27,641.05,,
TATAMOTORS,2023-10-30,628.5,,
TATAMOTORS,2023-10-31,628.65,639.72,
TATAMOTORS,2023-11-01,627.7,640.08,
TATAMOTORS,2023-11-02,636.45,641.23,
TATAMOTORS,2023-11-03,647.5,642.62,
TATAMOTORS,2023-11-06,646.05,643.8,
TATAMOTORS,2023-11-07,645.0,645.18,
TATAMOTORS,2023-11-08,642.55,645.78,
TATAMOTORS,2023-11-09,649.35,646.55,
TATAMOTORS,2023-11-10,651.05,647.25,
TATAMOTORS,2023-11-12,653.55,646.58,
TATAMOTORS,2023-11-13,653.25,645.93,
TATAMOTORS,2023-11-15,671.55,646.72,
TATAMOTORS,2023-11-16,680.4,647.32,
TATAMOTORS,2023-11-17,681.55,647.96,
TATAMOTORS,2023-11-20,674.3,648.51,
TATAMOTORS,2023-11-21,681.7,650.23,
TATAMOTORS,2023-11-22,681.2,652.4,
TATAMOTORS,2023-11-23,679.95,655.06,
TATAMOTORS,2023-11-24,673.7,656.7,
TATAMOTORS,2023-11-28,697.5,660.15,
TATAMOTORS,2023-11-29,712.35,664.33,
TATAMOTORS,2023-11-30,706.4,668.27,
TATAMOTORS,2023-12-01,705.45,671.72,
TATAMOTORS,2023-12-04,705.6,674.62,
TATAMOTORS,2023-12-05,708.95,677.77,
TATAMOTORS,2023-12-06,722.45,681.64,
TATAMOTORS,2023-12-07,721.95,685.61,
TATAMOTORS,2023-12-08,714.55,688.87,
TATAMOTORS,2023-12-11,720.8,692.36,
TATAMOTORS,2023-12-12,715.4,695.45,
TATAMOTORS,2023-12-13,720.3,698.8,664.46
TATAMOTORS,2023-12-14,719.75,701.21,666.44
TATAMOTORS,2023-12-15,732.4,703.81,668.82
TATAMOTORS,2023-12-18,730.8,706.28,671.04
TATAMOTORS,2023-12-19,728.95,709.01,673.17
TATAMOTORS,2023-12-20,705.25,710.18,674.93
TATAMOTORS,2023-12-21,708.85,711.57,676.5
TATAMOTORS,2023-12-22,724.7,713.8,678.31
TATAMOTORS,2023-12-26,719.55,716.1,679.96
TATAMOTORS,2023-12-27,740.9,718.27,681.44
TATAMOTORS,2023-12-28,753.9,720.34,683.19
TATAMOTORS,2023-12-29,779.95,724.02,685.68
TATAMOTORS,2024-01-01,790.6,728.28,688.12
TATAMOTORS,2024-01-02,784.4,732.22,690.43
TATAMOTORS,2024-01-03,781.45,735.84,692.8
TATAMOTORS,2024-01-04,795.75,739.51,695.77
TATAMOTORS,2024-01-05,790.95,742.96,698.83
TATAMOTORS,2024-01-08,789.1,746.69,702.08
TATAMOTORS,2024-01-09,799.8,750.64,705.25
TATAMOTORS,2024-01-10,808.45,755.29,708.85
TATAMOTORS,2024-01-11,815.65,760.06,712.59
TATAMOTORS,2024-01-12,816.45,764.89,716.37
TATAMOTORS,2024-01-15,812.45,768.9,719.89
TATAMOTORS,2024-01-16,818.85,773.3,723.32
TATAMOTORS,2024-01-17,805.55,777.13,726.5
TATAMOTORS,2024-01-18,819.05,782.82,729.99
TATAMOTORS,2024-01-19,823.55,788.55,733.61
TATAMOTORS,2024-01-20,818.9,793.26,737.0
TATAMOTORS,2024-01-23,800.45,797.31,739.98
TATAMOTORS,2024-01-24,810.9,800.81,743.13
TATAMOTORS,2024-01-25,811.85,803.7,746.3
TATAMOTORS,2024-01-29,841.0,806.76,749.69
TATAMOTORS,2024-01-30,858.85,810.17,753.26
TATAMOTORS,2024-01-31,884.2,815.16,757.32
TATAMOTORS,2024-02-01,878.5,820.01,761.4
TATAMOTORS,2024-02-02,878.75,824.16,765.34
TATAMOTORS,2024-02-05,926.8,830.96,770.25
TATAMOTORS,2024-02-06,939.55,838.48,775.44
TATAMOTORS,2024-02-07,933.8,845.18,780.65
TATAMOTORS,2024-02-08,924.3,850.97,785.18
TATAMOTORS,2024-02-09,915.0,855.94,789.24
TATAMOTORS,2024-02-12,911.6,860.7,793.34
TATAMOTORS,2024-02-13,906.9,865.42,797.37
TATAMOTORS,2024-02-14,918.3,870.39,801.62
TATAMOTORS,2024-02-15,920.55,876.14,805.85
TATAMOTORS,2024-02-16,938.6,882.12,810.18
TATAMOTORS,2024-02-19,932.6,887.57,814.39
TATAMOTORS,2024-02-20,926.35,892.94,818.63
TATAMOTORS,2024-02-21,921.05,898.97,822.63
TATAMOTORS,2024-02-22,932.3,905.04,826.97
TATAMOTORS,2024-02-23,937.4,911.32,831.31
TATAMOTORS,2024-02-26,936.95,916.12,835.66
TATAMOTORS,2024-02-27,962.7,921.31,840.26
TATAMOTORS,2024-02-28,958.05,925.0,844.81
TATAMOTORS,2024-02-29,950.2,928.59,849.23
TATAMOTORS,2024-03-01,977.4,933.52,854.67
TATAMOTORS,2024-03-02,988.35,936.6,860.26
TATAMOTORS,2024-03-04,987.2,938.98,865.51
TATAMOTORS,2024-03-05,1021.9,943.38,871.56
TATAMOTORS,2024-03-06,1017.65,948.05,877.1
TATAMOTORS,2024-03-07,1039.3,954.27,882.8
TATAMOTORS,2024-03-11,1028.0,960.09,887.76
TATAMOTORS,2024-03-12,1016.5,965.57,892.28
TATAMOTORS,2024-03-13,973.2,968.31,896.06
TATAMOTORS,2024-03-14,967.75,970.67,899.78
TATAMOTORS,2024-03-15,945.85,971.04,902.79
TATAMOTORS,2024-03-18,972.45,973.03,906.42
TATAMOTORS,2024-03-19,957.75,974.6,909.79
TATAMOTORS,2024-03-20,940.45,975.57,912.6
TATAMOTORS,2024-03-21,964.9,977.2,915.73
TATAMOTORS,2024-03-22,979.8,979.32,919.02
TATAMOTORS,2024-03-26,986.2,981.78,922.41
TATAMOTORS,2024-03-27,978.65,982.58,925.73
TATAMOTORS,2024-03-28,992.8,984.32,929.21
TATAMOTORS,2024-04-01,992.25,986.42,932.95
TATAMOTORS,2024-04-02,1004.65,987.78,936.66
TATAMOTORS,2024-04-03,1009.15,988.82,940.37
TATAMOTORS,2024-04-04,1011.6,990.04,944.22
TATAMOTORS,2024-04-05,1007.1,989.3,948.36
TATAMOTORS,2024-04-08,1013.2,989.08,952.4
TATAMOTORS,2024-04-09,1008.5,987.54,956.34
TATAMOTORS,2024-04-10,1013.5,986.81,959.79
TATAMOTORS,2024-04-12,1018.5,986.91,962.98
TATAMOTORS,2024-04-15,998.8,988.19,965.27
TATAMOTORS,2024-04-16,992.8,989.44,967.56
TATAMOTORS,2024-04-18,971.35,990.72,969.41
TATAMOTORS,2024-04-19,963.2,990.26,970.14
TATAMOTORS,2024-04-22,973.55,991.05,970.82
TATAMOTORS,2024-04-23,986.75,993.36,971.88
TATAMOTORS,2024-04-24,991.65,994.7,973.22
TATAMOTORS,2024-04-25,1001.25,995.77,974.95
TATAMOTORS,2024-04-26,999.5,996.44,976.71
TATAMOTORS,2024-04-29,1000.6,997.53,978.58
TATAMOTORS,2024-04-30,1007.9,998.29,980.37
TATAMOTORS,2024-05-02,1027.8,1000.07,982.52
TATAMOTORS,2024-05-03,1013.4,1000.51,984.01
TATAMOTORS,2024-05-06,1016.2,1000.86,985.69
TATAMOTORS,2024-05-07,988.55,999.71,986.93
TATAMOTORS,2024-05-08,1012.1,999.96,988.75
TATAMOTORS,2024-05-09,1030.3,1000.81,990.71
TATAMOTORS,2024-05-10,1046.65,1002.72,992.9
TATAMOTORS,2024-05-13,959.75,1000.03,993.35
TATAMOTORS,2024-05-14,964.65,997.34,993.39
TATAMOTORS,2024-05-15,947.3,994.76,993.18
TATAMOTORS,2024-05-16,936.4,991.94,992.9
TATAMOTORS,2024-05-17,945.7,990.66,992.27
TATAMOTORS,2024-05-18,953.95,990.2,991.58
TATAMOTORS,2024-05-21,951.3,989.08,990.86
TATAMOTORS,2024-05-22,947.5,987.12,989.37
TATAMOTORS,2024-05-23,962.35,985.66,988.27
TATAMOTORS,2024-05-24,960.55,983.62,986.69
TATAMOTORS,2024-05-27,958.5,981.57,985.3
TATAMOTORS,2024-05-28,947.55,978.92,983.92
TATAMOTORS,2024-05-29,943.6,975.7,983.33
TATAMOTORS,2024-05-30,923.95,970.51,982.45
TATAMOTORS,2024-05-31,923.0,965.99,982.0
TATAMOTORS,2024-06-03,950.45,962.7,981.56
TATAMOTORS,2024-06-04,903.9,958.47,980.48
TATAMOTORS,2024-06-05,929.95,954.36,980.27
TATAMOTORS,2024-06-06,938.25,949.76,979.74
TATAMOTORS,2024-06-07,970.5,945.96,979.55
TATAMOTORS,2024-06-10,975.15,946.72,979.33
TATAMOTORS,2024-06-11,987.1,947.85,979.5
TATAMOTORS,2024-06-12,988.7,949.92,979.42
TATAMOTORS,2024-06-13,985.85,952.39,979.29
TATAMOTORS,2024-06-14,993.4,954.78,979.06
TATAMOTORS,2024-06-18,985.9,956.37,978.6
TATAMOTORS,2024-06-19,977.35,957.68,977.91
TATAMOTORS,2024-06-20,978.25,959.21,977.34
TATAMOTORS,2024-06-21,961.8,959.18,976.31
TATAMOTORS,2024-06-24,958.05,959.06,975.3
TATAMOTORS,2024-06-25,955.0,958.88,974.13
TATAMOTORS,2024-06-26,951.85,959.1,972.8
TATAMOTORS,2024-06-27,972.1,960.52,972.26
TATAMOTORS,2024-06-28,989.75,963.82,972.2
TATAMOTORS,2024-07-01,1002.05,967.77,972.82
TATAMOTORS,2024-07-02,981.3,969.31,973.18
TATAMOTORS,2024-07-03,975.65,972.9,973.22
TATAMOTORS,2024-07-04,998.2,976.31,973.45
TATAMOTORS,2024-07-05,993.65,979.08,973.49
TATAMOTORS,2024-07-08,1002.6,980.68,973.52
TATAMOTORS,2024-07-09,1014.95,982.68,973.82
TATAMOTORS,2024-07-10,1005.5,983.6,973.92
TATAMOTORS,2024-07-11,1020.8,985.2,974.18
TATAMOTORS,2024-07-12,1016.75,986.74,973.96
TATAMOTORS,2024-07-15,1024.45,988.3,974.18
TATAMOTORS,2024-07-16,1021.15,990.06,974.28
TATAMOTORS,2024-07-18,1024.55,992.42,975.0
TATAMOTORS,2024-07-19,990.0,993.01,974.56
TATAMOTORS,2024-07-22,1003.15,995.08,974.02
TATAMOTORS,2024-07-23,1001.8,997.26,973.12
TATAMOTORS,2024-07-24,1027.7,1000.9,974.48
TATAMOTORS,2024-07-25,1090.95,1007.85,977.0
TATAMOTORS,2024-07-26,1118.3,1015.16,980.42
TATAMOTORS,2024-07-29,1124.0,1021.88,984.18
TATAMOTORS,2024-07-30,1161.85,1029.86,988.5
TATAMOTORS,2024-07-31,1156.65,1038.63,992.55
TATAMOTORS,2024-08-01,1144.4,1047.07,996.41
TATAMOTORS,2024-08-02,1096.65,1051.99,999.4
TATAMOTORS,2024-08-05,1016.45,1053.13,1000.48
TATAMOTORS,2024-08-06,1013.75,1053.69,1001.54
TATAMOTORS,2024-08-07,1025.3,1054.21,1002.88
TATAMOTORS,2024-08-08,1041.75,1056.02,1004.76
TATAMOTORS,2024-08-09,1068.1,1058.38,1007.25
TATAMOTORS,2024-08-12,1076.15,1061.36,1010.3
TATAMOTORS,2024-08-13,1053.45,1062.8,1012.91
TATAMOTORS,2024-08-14,1062.35,1064.86,1015.14
TATAMOTORS,2024-08-16,1098.35,1068.55,1019.03
TATAMOTORS,2024-08-19,1087.7,1073.44,1022.19
TATAMOTORS,2024-08-20,1086.9,1077.63,1025.16
TATAMOTORS,2024-08-21,1085.2,1081.8,1027.46
TATAMOTORS,2024-08-22,1068.45,1083.83,1029.32
TATAMOTORS,2024-08-23,1085.15,1083.54,1031.28
TATAMOTORS,2024-08-26,1092.4,1082.25,1033.36
TATAMOTORS,2024-08-27,1077.25,1079.91,1035.18
TATAMOTORS,2024-08-28,1074.55,1075.55,1036.81
TATAMOTORS,2024-08-29,1121.65,1073.8,1039.52
TATAMOTORS,2024-08-30,1111.35,1072.14,1042.2
TATAMOTORS,2024-09-02,1092.65,1071.94,1044.49
TATAMOTORS,2024-09-03,1085.1,1075.38,1046.96
TATAMOTORS,2024-09-04,1080.45,1078.71,1049.4
TATAMOTORS,2024-09-05,1069.15,1080.9,1051.69
TATAMOTORS,2024-09-06,1049.35,1081.29,1053.64
TATAMOTORS,2024-09-09,1038.7,1079.82,1054.97
TATAMOTORS,2024-09-10,1035.8,1077.8,1055.89
TATAMOTORS,2024-09-11,976.3,1073.94,1055.38
TATAMOTORS,2024-09-12,986.15,1070.13,1055.47
TATAMOTORS,2024-09-13,992.1,1064.82,1055.8
TATAMOTORS,2024-09-16,988.4,1059.85,1055.6
TATAMOTORS,2024-09-17,974.95,1054.25,1055.23
TATAMOTORS,2024-09-18,962.05,1048.1,1054.42
TATAMOTORS,2024-09-19,967.0,1043.03,1053.46
TATAMOTORS,2024-09-20,970.85,1037.31,1052.77
TATAMOTORS,2024-09-23,971.8,1031.28,1051.79
TATAMOTORS,2024-09-24,977.3,1026.28,1051.0
TATAMOTORS,2024-09-25,963.6,1020.74,1049.78
TATAMOTORS,2024-09-26,993.15,1014.31,1049.22
TATAMOTORS,2024-09-27,993.0,1008.39,1048.59
TATAMOTORS,2024-09-30,974.65,1002.49,1048.28
TATAMOTORS,2024-10-01,965.2,996.5,1047.53
TATAMOTORS,2024-10-03,925.7,988.76,1046.0
TATAMOTORS,2024-10-04,930.75,981.84,1044.06
TATAMOTORS,2024-10-07,927.85,975.76,1040.8
TATAMOTORS,2024-10-08,919.8,969.82,1036.83
TATAMOTORS,2024-10-09,939.15,964.99,1033.14
TATAMOTORS,2024-10-10,928.5,962.6,1028.47
TATAMOTORS,2024-10-11,930.7,959.82,1023.95
TATAMOTORS,2024-10-14,928.25,956.63,1019.63
TATAMOTORS,2024-10-15,917.3,953.08,1016.04
TATAMOTORS,2024-10-16,907.45,949.7,1013.86
TATAMOTORS,2024-10-17,891.6,946.18,1011.42
TATAMOTORS,2024-10-18,910.15,943.34,1009.11
TATAMOTORS,2024-10-21,903.3,939.96,1006.34
TATAMOTORS,2024-10-22,879.5,935.34,1002.57
TATAMOTORS,2024-10-23,877.65,930.36,998.6
TATAMOTORS,2024-10-24,880.0,926.18,995.13
TATAMOTORS,2024-10-25,864.3,919.74,991.17
TATAMOTORS,2024-10-28,878.45,914.01,986.77
TATAMOTORS,2024-10-29,842.75,907.42,981.88
TATAMOTORS,2024-10-30,840.2,901.17,976.94
TATAMOTORS,2024-10-31,834.05,896.58,971.92
TATAMOTORS,2024-11-01,843.45,892.22,967.42
TATAMOTORS,2024-11-04,824.1,887.03,962.2
TATAMOTORS,2024-11-05,835.65,882.82,957.06
TATAMOTORS,2024-11-06,839.7,877.85,952.31
TATAMOTORS,2024-11-07,819.75,872.42,947.22
TATAMOTORS,2024-11-08,805.45,866.15,940.89
TATAMOTORS,2024-11-11,804.7,859.98,934.76
TATAMOTORS,2024-11-12,784.85,853.35,928.6
TATAMOTORS,2024-11-13,786.25,847.29,922.62
TATAMOTORS,2024-11-14,774.3,841.43,916.5
TATAMOTORS,2024-11-18,771.9,834.52,910.56
TATAMOTORS,2024-11-19,783.2,828.51,905.23
TATAMOTORS,2024-11-21,773.85,823.23,899.94
TATAMOTORS,2024-11-22,791.0,818.9,895.04
TATASTEEL,2023-10-03,128.0,,
TATASTEEL,2023-10-04,125.3,,
TATASTEEL,2023-10-05,125.25,,
TATASTEEL,2023-10-06,125.9,,
TATASTEEL,2023-10-09,123.85,,
TATASTEEL,2023-10-10,125.3,,
TATASTEEL,2023-10-11,124.95,,
TATASTEEL,2023-10-12,125.9,,
TATASTEEL,2023-10-13,125.05,,
TATASTEEL,2023-10-16,127.0,,
TATASTEEL,2023-10-17,127.4,,
TATASTEEL,2023-10-18,127.1,,
TATASTEEL,2023-10-19,126.0,,
TATASTEEL,2023-10-20,123.1,,
TATASTEEL,2023-10-23,120.0,,
TATASTEEL,2023-10-25,121.35,,
TATASTEEL,2023-10-26,119.9,,
TATASTEEL,2023-10-27,119.9,,
TATASTEEL,2023-10-30,119.15,,
TATASTEEL,2023-10-31,118.75,123.96,
TATASTEEL,2023-11-01,116.6,123.39,
TATASTEEL,2023-11-02,118.1,123.03,
TATASTEEL,2023-11-03,117.3,122.63,
TATASTEEL,2023-11-06,119.4,122.31,
TATASTEEL,2023-11-07,119.65,122.09,
TATASTEEL,2023-11-08,119.05,121.78,
TATASTEEL,2023-11-09,119.65,121.52,
TATASTEEL,2023-11-10,120.05,121.22,
TATASTEEL,2023-11-12,120.85,121.02,
TATASTEEL,2023-11-13,121.0,120.72,
TATASTEEL,2023-11-15,124.05,120.55,
TATASTEEL,2023-11-16,124.7,120.43,
TATASTEEL,2023-11-17,125.2,120.39,
TATASTEEL,2023-11-20,124.35,120.45,
TATASTEEL,2023-11-21,126.25,120.76,
TATASTEEL,2023-11-22,126.1,121.0,
TATASTEEL,2023-11-23,126.7,121.34,
TATASTEEL,2023-11-24,125.95,121.64,
TATASTEEL,2023-11-28,126.85,122.03,
TATASTEEL,2023-11-29,127.75,122.48,
TATASTEEL,2023-11-30,127.9,123.04,
TATASTEEL,2023-12-01,130.0,123.64,
TATASTEEL,2023-12-04,131.0,124.32,
TATASTEEL,2023-12-05,131.6,124.93,
TATASTEEL,2023-12-06,131.85,125.54,
TATASTEEL,2023-12-07,130.0,126.09,
TATASTEEL,2023-12-08,129.2,126.57,
TATASTEEL,2023-12-11,130.05,127.07,
TATASTEEL,2023-12-12,130.1,127.53,
TATASTEEL,2023-12-13,131.4,128.05,124.64
TATASTEEL,2023-12-14,132.0,128.45,124.72
TATASTEEL,2023-12-15,136.45,129.04,124.94
TATASTEEL,2023-12-18,136.6,129.6,125.17
TATASTEEL,2023-12-19,135.4,130.16,125.36
TATASTEEL,2023-12-20,129.75,130.33,125.47
TATASTEEL,2023-12-21,131.0,130.58,125.59
TATASTEEL,2023-12-22,133.55,130.92,125.76
TATASTEEL,2023-12-26,135.2,131.38,125.95
TATASTEEL,2023-12-27,137.2,131.9,126.19
TATASTEEL,2023-12-28,138.15,132.42,126.41
TATASTEEL,2023-12-29,139.6,133.0,126.66
TATASTEEL,2024-01-01,139.85,133.5,126.91
TATASTEEL,2024-01-02,139.6,133.93,127.18
TATASTEEL,2024-01-03,135.35,134.12,127.43
TATASTEEL,2024-01-04,134.25,134.23,127.71
TATASTEEL,2024-01-05,133.65,134.42,127.96
TATASTEEL,2024-01-08,132.0,134.56,128.2
TATASTEEL,2024-01-09,133.65,134.74,128.48
TATASTEEL,2024-01-10,134.1,134.94,128.78
TATASTEEL,2024-01-11,134.9,135.11,129.1
TATASTEEL,2024-01-12,135.3,135.28,129.47
TATASTEEL,2024-01-15,134.9,135.2,129.81
TATASTEEL,2024-01-16,137.25,135.23,130.21
TATASTEEL,2024-01-17,131.65,135.05,130.45
TATASTEEL,2024-01-18,131.0,135.11,130.68
TATASTEEL,2024-01-19,134.25,135.27,130.98
TATASTEEL,2024-01-20,133.95,135.29,131.27
TATASTEEL,2024-01-23,130.1,135.04,131.47
TATASTEEL,2024-01-24,135.15,134.93,131.76
TATASTEEL,2024-01-25,133.75,134.71,132.01
TATASTEEL,2024-01-29,135.0,134.48,132.23
TATASTEEL,2024-01-30,134.7,134.22,132.43
TATASTEEL,2024-01-31,135.95,134.04,132.65
TATASTEEL,2024-02-01,134.8,134.02,132.85
TATASTEEL,2024-02-02,138.7,134.24,133.1
TATASTEEL,2024-02-05,141.55,134.63,133.41
TATASTEEL,2024-02-06,144.65,135.26,133.77
TATASTEEL,2024-02-07,144.4,135.8,134.14
TATASTEEL,2024-02-08,143.65,136.28,134.48
TATASTEEL,2024-02-09,141.3,136.6,134.75
TATASTEEL,2024-02-12,137.4,136.7,134.94
TATASTEEL,2024-02-13,137.85,136.85,135.09
TATASTEEL,2024-02-14,141.2,137.05,135.3
TATASTEEL,2024-02-15,141.2,137.53,135.49
TATASTEEL,2024-02-16,142.3,138.09,135.7
TATASTEEL,2024-02-19,141.95,138.48,135.94
TATASTEEL,2024-02-20,141.05,138.83,136.18
TATASTEEL,2024-02-21,143.9,139.52,136.45
TATASTEEL,2024-02-22,145.9,140.06,136.77
TATASTEEL,2024-02-23,145.45,140.65,137.05
TATASTEEL,2024-02-26,142.65,141.03,137.26
TATASTEEL,2024-02-27,144.2,141.5,137.42
TATASTEEL,2024-02-28,140.75,141.74,137.5
TATASTEEL,2024-02-29,140.85,142.05,137.61
TATASTEEL,2024-03-01,149.95,142.61,138.01
TATASTEEL,2024-03-02,155.25,143.29,138.5
TATASTEEL,2024-03-04,153.1,143.72,138.89
TATASTEEL,2024-03-05,151.85,144.09,139.22
TATASTEEL,2024-03-06,151.6,144.48,139.51
TATASTEEL,2024-03-07,157.25,145.28,139.89
TATASTEEL,2024-03-11,153.45,146.08,140.17
TATASTEEL,2024-03-12,152.5,146.82,140.42
TATASTEEL,2024-03-13,143.65,146.94,140.5
TATASTEEL,2024-03-14,142.45,147.0,140.65
TATASTEEL,2024-03-15,141.7,146.97,140.79
TATASTEEL,2024-03-18,149.7,147.36,141.12
TATASTEEL,2024-03-19,148.75,147.74,141.45
TATASTEEL,2024-03-20,145.65,147.83,141.69
TATASTEEL,2024-03-21,150.1,148.04,142.01
TATASTEEL,2024-03-22,151.8,148.36,142.35
TATASTEEL,2024-03-26,152.4,148.85,142.69
TATASTEEL,2024-03-27,152.7,149.27,143.05
TATASTEEL,2024-03-28,155.85,150.03,143.42
TATASTEEL,2024-04-01,163.15,151.14,144.05
TATASTEEL,2024-04-02,164.65,151.88,144.72
TATASTEEL,2024-04-03,163.65,152.3,145.31
TATASTEEL,2024-04-04,163.4,152.81,145.9
TATASTEEL,2024-04-05,163.35,153.39,146.56
TATASTEEL,2024-04-08,165.2,154.07,147.16
TATASTEEL,2024-04-09,166.0,154.5,147.81
TATASTEEL,2024-04-10,165.05,155.08,148.41
TATASTEEL,2024-04-12,163.5,155.64,148.99
TATASTEEL,2024-04-15,160.85,156.5,149.48
TATASTEEL,2024-04-16,160.05,157.38,149.99
TATASTEEL,2024-04-18,160.05,158.29,150.42
TATASTEEL,2024-04-19,162.1,158.91,150.83
TATASTEEL,2024-04-22,161.85,159.57,151.17
TATASTEEL,2024-04-23,161.15,160.34,151.51
TATASTEEL,2024-04-24,165.55,161.11,151.94
TATASTEEL,2024-04-25,167.7,161.91,152.47
TATASTEEL,2024-04-26,165.8,162.58,153.04
TATASTEEL,2024-04-29,167.4,163.32,153.63
TATASTEEL,2024-04-30,165.0,163.77,154.11
TATASTEEL,2024-05-02,167.35,163.98,154.63
TATASTEEL,2024-05-03,166.5,164.08,155.11
TATASTEEL,2024-05-06,167.6,164.27,155.63
TATASTEEL,2024-05-07,164.25,164.32,156.09
TATASTEEL,2024-05-08,166.05,164.45,156.53
TATASTEEL,2024-05-09,161.9,164.29,156.85
TATASTEEL,2024-05-10,162.25,164.1,157.19
TATASTEEL,2024-05-13,163.85,164.04,157.61
TATASTEEL,2024-05-14,164.95,164.11,158.03
TATASTEEL,2024-05-15,165.6,164.35,158.53
TATASTEEL,2024-05-16,165.9,164.64,159.03
TATASTEEL,2024-05-17,167.35,165.01,159.38
TATASTEEL,2024-05-18,167.9,165.3,159.63
TATASTEEL,2024-05-21,174.35,165.92,160.05
TATASTEEL,2024-05-22,173.3,166.53,160.48
TATASTEEL,2024-05-23,175.5,167.02,160.96
TATASTEEL,2024-05-24,174.85,167.38,161.31
TATASTEEL,2024-05-27,175.5,167.87,161.75
TATASTEEL,2024-05-28,174.9,168.24,162.2
TATASTEEL,2024-05-29,174.25,168.7,162.81
TATASTEEL,2024-05-30,164.15,168.54,163.25
TATASTEEL,2024-05-31,167.2,168.58,163.76
TATASTEEL,2024-06-03,174.25,168.91,164.25
TATASTEEL,2024-06-04,158.95,168.65,164.45
TATASTEEL,2024-06-05,169.2,168.8,164.92
TATASTEEL,2024-06-06,172.05,169.31,165.36
TATASTEEL,2024-06-07,178.9,170.14,165.9
TATASTEEL,2024-06-10,180.29,170.97,166.46
TATASTEEL,2024-06-11,181.33,171.79,167.03
TATASTEEL,2024-06-12,182.23,172.62,167.56
TATASTEEL,2024-06-13,182.56,173.45,167.95
TATASTEEL,2024-06-14,183.15,174.24,168.32
TATASTEEL,2024-06-18,181.12,174.9,168.67
TATASTEEL,2024-06-19,180.02,175.18,169.0
TATASTEEL,2024-06-20,182.28,175.63,169.38
TATASTEEL,2024-06-21,179.94,175.86,169.68
TATASTEEL,2024-06-24,177.96,176.01,169.91
TATASTEEL,2024-06-25,175.68,176.02,170.13
TATASTEEL,2024-06-26,172.56,175.9,170.31
TATASTEEL,2024-06-27,174.16,175.9,170.57
TATASTEEL,2024-06-28,174.01,176.39,170.85
TATASTEEL,2024-07-01,174.07,176.74,171.13
TATASTEEL,2024-07-02,174.54,176.75,171.38
TATASTEEL,2024-07-03,176.37,177.62,171.67
TATASTEEL,2024-07-04,176.29,177.98,171.98
TATASTEEL,2024-07-05,174.71,178.11,172.16
TATASTEEL,2024-07-08,172.28,177.78,172.25
TATASTEEL,2024-07-09,171.8,177.35,172.37
TATASTEEL,2024-07-10,167.98,176.69,172.38
TATASTEEL,2024-07-11,168.92,176.02,172.46
TATASTEEL,2024-07-12,168.69,175.33,172.49
TATASTEEL,2024-07-15,166.76,174.51,172.49
TATASTEEL,2024-07-16,167.07,173.8,172.48
TATASTEEL,2024-07-18,166.36,173.12,172.52
TATASTEEL,2024-07-19,157.77,171.9,172.36
TATASTEEL,2024-07-22,160.32,170.92,172.33
TATASTEEL,2024-07-23,160.02,170.02,172.28
TATASTEEL,2024-07-24,160.31,169.25,172.21
TATASTEEL,2024-07-25,157.39,168.49,172.06
TATASTEEL,2024-07-26,162.55,167.91,172.0
TATASTEEL,2024-07-29,162.87,167.35,171.94
TATASTEEL,2024-07-30,164.07,166.85,171.87
TATASTEEL,2024-07-31,165.33,166.39,171.82
TATASTEEL,2024-08-01,163.06,165.73,171.6
TATASTEEL,2024-08-02,158.22,164.82,171.29
TATASTEEL,2024-08-05,149.82,163.58,170.78
TATASTEEL,2024-08-06,150.32,162.48,170.29
TATASTEEL,2024-08-07,153.86,161.58,169.86
TATASTEEL,2024-08-08,150.28,160.7,169.37
TATASTEEL,2024-08-09,151.81,159.84,168.92
TATASTEEL,2024-08-12,152.06,159.01,168.67
TATASTEEL,2024-08-13,148.88,158.12,168.31
TATASTEEL,2024-08-14,146.17,157.07,167.75
TATASTEEL,2024-08-16,149.52,156.23,167.56
TATASTEEL,2024-08-19,153.96,156.04,167.25
TATASTEEL,2024-08-20,153.93,155.72,166.89
TATASTEEL,2024-08-21,151.92,155.32,166.35
TATASTEEL,2024-08-22,154.14,155.01,165.83
TATASTEEL,2024-08-23,154.2,154.85,165.29
TATASTEEL,2024-08-26,155.7,154.51,164.76
TATASTEEL,2024-08-27,154.7,154.1,164.2
TATASTEEL,2024-08-28,153.7,153.58,163.61
TATASTEEL,2024-08-29,152.97,152.96,163.05
TATASTEEL,2024-08-30,152.76,152.45,162.5
TATASTEEL,2024-09-02,152.88,152.18,161.91
TATASTEEL,2024-09-03,152.15,152.3,161.36
TATASTEEL,2024-09-04,151.18,152.34,160.82
TATASTEEL,2024-09-05,151.72,152.23,160.34
TATASTEEL,2024-09-06,151.22,152.28,159.92
TATASTEEL,2024-09-09,149.47,152.16,159.42
TATASTEEL,2024-09-10,149.42,152.03,158.93
TATASTEEL,2024-09-11,148.17,151.99,158.41
TATASTEEL,2024-09-12,151.74,152.27,157.96
TATASTEEL,2024-09-13,153.49,152.47,157.5
TATASTEEL,2024-09-16,154.21,152.48,157.06
TATASTEEL,2024-09-17,152.82,152.43,156.62
TATASTEEL,2024-09-18,150.6,152.36,156.19
TATASTEEL,2024-09-19,149.54,152.13,155.74
TATASTEEL,2024-09-20,152.02,152.02,155.42
TATASTEEL,2024-09-23,153.99,151.94,155.12
TATASTEEL,2024-09-24,160.53,152.23,154.96
TATASTEEL,2024-09-25,161.66,152.63,154.86
TATASTEEL,2024-09-26,165.61,153.26,154.83
TATASTEEL,2024-09-27,166.55,153.95,154.83
TATASTEEL,2024-09-30,168.55,154.73,155.05
TATASTEEL,2024-10-01,167.03,155.48,155.18
TATASTEEL,2024-10-03,166.98,156.27,155.32
TATASTEEL,2024-10-04,166.75,157.02,155.45
TATASTEEL,2024-10-07,164.36,157.67,155.59
TATASTEEL,2024-10-08,159.52,158.18,155.53
TATASTEEL,2024-10-09,159.06,158.66,155.45
TATASTEEL,2024-10-10,159.72,159.24,155.36
TATASTEEL,2024-10-11,160.66,159.68,155.27
TATASTEEL,2024-10-14,158.32,159.92,155.18
TATASTEEL,2024-10-15,155.63,160.0,155.12
TATASTEEL,2024-10-16,155.24,160.12,155.23
TATASTEEL,2024-10-17,152.4,160.21,155.28
TATASTEEL,2024-10-18,155.39,160.5,155.31
TATASTEEL,2024-10-21,155.03,160.65,155.4
TATASTEEL,2024-10-22,150.39,160.47,155.37
TATASTEEL,2024-10-23,148.78,159.88,155.31
TATASTEEL,2024-10-24,148.98,159.25,155.31
TATASTEEL,2024-10-25,145.86,158.26,155.3
TATASTEEL,2024-10-28,149.38,157.4,155.3
TATASTEEL,2024-10-29,150.06,156.48,155.22
TATASTEEL,2024-10-30,148.97,155.57,155.12
TATASTEEL,2024-10-31,148.56,154.65,155.06
TATASTEEL,2024-11-01,149.75,153.8,154.97
TATASTEEL,2024-11-04,146.95,152.93,154.82
TATASTEEL,2024-11-05,152.29,152.57,154.75
TATASTEEL,2024-11-06,153.62,152.3,154.73
TATASTEEL,2024-11-07,150.95,151.86,154.68
TATASTEEL,2024-11-08,147.57,151.21,154.57
TATASTEEL,2024-11-11,145.01,150.54,154.41
TATASTEEL,2024-11-12,144.17,149.97,154.24
TATASTEEL,2024-11-13,139.17,149.16,153.98
TATASTEEL,2024-11-14,137.98,148.44,153.72
TATASTEEL,2024-11-18,141.21,147.73,153.51
TATASTEEL,2024-11-19,139.46,146.96,153.27
TATASTEEL,2024-11-21,140.22,146.45,153.09
TATASTEEL,2024-11-22,142.78,146.15,152.95
TCS,2023-10-03,3513.85,,
TCS,2023-10-04,3537.75,,
TCS,2023-10-05,3589.35,,
TCS,2023-10-06,3621.4,,
TCS,2023-10-09,3638.35,,
TCS,2023-10-10,3628.9,,
TCS,2023-10-11,3609.9,,
TCS,2023-10-12,3542.55,,
TCS,2023-10-13,3570.85,,
TCS,2023-10-16,3524.05,,
TCS,2023-10-17,3507.05,,
TCS,2023-10-18,3487.25,,
TCS,2023-10-19,3455.65,,
TCS,2023-10-20,3494.55,,
TCS,2023-10-23,3410.15,,
TCS,2023-10-25,3390.1,,
TCS,2023-10-26,3336.75,,
TCS,2023-10-27,3350.95,,
TCS,2023-10-30,3378.55,,
TCS,2023-10-31,3368.75,3497.84,
TCS,2023-11-01,3330.65,3488.68,
TCS,2023-11-02,3360.1,3479.79,
TCS,2023-11-03,3350.9,3467.87,
TCS,2023-11-06,3380.25,3455.81,
TCS,2023-11-07,3370.45,3442.42,
TCS,2023-11-08,3381.55,3430.05,
TCS,2023-11-09,3347.45,3416.93,
TCS,2023-11-10,3333.45,3406.47,
TCS,2023-11-12,3357.3,3395.79,
TCS,2023-11-13,3331.55,3386.17,
TCS,2023-11-15,3404.3,3381.03,
TCS,2023-11-16,3497.85,3381.56,
TCS,2023-11-17,3502.45,3383.9,
TCS,2023-11-20,3519.6,3385.16,
TCS,2023-11-21,3510.2,3390.16,
TCS,2023-11-22,3530.15,3397.16,
TCS,2023-11-23,3508.25,3405.73,
TCS,2023-11-24,3457.1,3411.04,
TCS,2023-11-28,3470.15,3415.62,
TCS,2023-11-29,3513.75,3422.87,
TCS,2023-11-30,3487.6,3430.72,
TCS,2023-12-01,3511.65,3438.3,
TCS,2023-12-04,3512.45,3446.38,
TCS,2023-12-05,3531.6,3453.94,
TCS,2023-12-06,3604.1,3465.62,
TCS,2023-12-07,3614.9,3477.29,
TCS,2023-12-08,3626.7,3491.26,
TCS,2023-12-11,3642.9,3506.73,
TCS,2023-12-12,3672.1,3522.47,
TCS,2023-12-13,3593.55,3535.57,3484.23
TCS,2023-12-14,3667.25,3548.72,3487.3
TCS,2023-12-15,3861.0,3566.87,3493.77
TCS,2023-12-18,3859.2,3584.71,3499.16
TCS,2023-12-19,3816.2,3599.54,3503.06
TCS,2023-12-20,3780.05,3613.03,3505.89
TCS,2023-12-21,3787.5,3625.9,3509.07
TCS,2023-12-22,3824.0,3641.69,3513.35
TCS,2023-12-26,3795.55,3658.61,3518.41
TCS,2023-12-27,3811.2,3675.66,3523.22
TCS,2023-12-28,3799.9,3689.97,3528.73
TCS,2023-12-29,3793.4,3705.26,3534.46
TCS,2024-01-01,3811.1,3720.23,3540.94
TCS,2024-01-02,3783.2,3733.77,3547.49
TCS,2024-01-03,3691.75,3741.78,3551.43
TCS,2024-01-04,3666.8,3744.91,3556.56
TCS,2024-01-05,3737.9,3751.06,3563.52
TCS,2024-01-08,3678.3,3753.64,3570.35
TCS,2024-01-09,3689.9,3755.99,3577.13
TCS,2024-01-10,3713.05,3758.04,3583.82
TCS,2024-01-11,3735.55,3765.14,3591.16
TCS,2024-01-12,3882.8,3775.92,3602.2
TCS,2024-01-15,3903.8,3778.06,3613.07
TCS,2024-01-16,3861.3,3778.16,3623.28
TCS,2024-01-17,3884.6,3781.58,3633.37
TCS,2024-01-18,3902.6,3787.71,3644.01
TCS,2024-01-19,3943.05,3795.49,3655.24
TCS,2024-01-20,3860.65,3797.32,3665.5
TCS,2024-01-23,3858.25,3800.45,3676.0
TCS,2024-01-24,3841.8,3801.98,3685.69
TCS,2024-01-25,3810.3,3802.5,3695.27
TCS,2024-01-29,3801.0,3802.88,3703.2
TCS,2024-01-30,3800.55,3802.36,3709.25
TCS,2024-01-31,3815.95,3804.0,3715.52
TCS,2024-02-01,3854.15,3812.11,3722.22
TCS,2024-02-02,3966.3,3827.09,3731.34
TCS,2024-02-05,3973.3,3838.86,3740.2
TCS,2024-02-06,4136.0,3861.74,3752.76
TCS,2024-02-07,4083.4,3881.42,3765.28
TCS,2024-02-08,4134.1,3902.47,3778.56
TCS,2024-02-09,4133.7,3922.38,3790.96
TCS,2024-02-12,4120.7,3934.28,3803.62
TCS,2024-02-13,4149.5,3946.56,3816.38
TCS,2024-02-14,4100.1,3958.5,3828.13
TCS,2024-02-15,4103.2,3969.43,3839.56
TCS,2024-02-16,4128.3,3980.72,3850.05
TCS,2024-02-19,4103.8,3988.75,3859.82
TCS,2024-02-20,4030.65,3997.25,3867.9
TCS,2024-02-21,3991.5,4003.92,3874.88
TCS,2024-02-22,4087.1,4016.18,3883.18
TCS,2024-02-23,4052.1,4028.27,3892.35
TCS,2024-02-26,4001.05,4038.27,3899.02
TCS,2024-02-27,4104.4,4053.46,3903.89
TCS,2024-02-28,4118.95,4068.62,3909.09
TCS,2024-02-29,4095.1,4080.66,3914.66
TCS,2024-03-01,4094.35,4087.06,3920.95
TCS,2024-03-02,4107.1,4093.76,3927.34
TCS,2024-03-04,4080.7,4090.99,3932.48
TCS,2024-03-05,4012.1,4087.43,3936.81
TCS,2024-03-06,4064.3,4083.94,3941.87
TCS,2024-03-07,4108.6,4082.68,3948.04
TCS,2024-03-11,4122.35,4082.76,3954.62
TCS,2024-03-12,4192.25,4084.9,3962.25
TCS,2024-03-13,4149.0,4087.34,3969.56
TCS,2024-03-14,4207.6,4092.56,3979.88
TCS,2024-03-15,4219.25,4097.11,3990.93
TCS,2024-03-18,4152.5,4099.55,3999.22
TCS,2024-03-19,3977.3,4096.88,4005.2
TCS,2024-03-20,3970.9,4095.85,4010.82
TCS,2024-03-21,3972.95,4090.14,4016.02
TCS,2024-03-22,3910.9,4083.08,4019.52
TCS,2024-03-26,3877.5,4076.9,4019.42
TCS,2024-03-27,3840.9,4063.73,4018.16
TCS,2024-03-28,3876.3,4051.6,4018.46
TCS,2024-04-01,3916.75,4042.68,4019.1
TCS,2024-04-02,3883.8,4032.15,4018.73
TCS,2024-04-03,3947.3,4024.16,4018.81
TCS,2024-04-04,4003.3,4020.29,4021.67
TCS,2024-04-05,3979.25,4018.65,4024.09
TCS,2024-04-08,3972.55,4014.06,4026.7
TCS,2024-04-09,3946.55,4005.96,4029.42
TCS,2024-04-10,3984.65,3999.08,4033.1
TCS,2024-04-12,4001.4,3989.53,4037.12
TCS,2024-04-15,3941.2,3979.14,4039.62
TCS,2024-04-16,3872.8,3962.4,4039.99
TCS,2024-04-18,3862.0,3944.54,4037.91
TCS,2024-04-19,3826.2,3928.22,4034.96
TCS,2024-04-22,3864.6,3922.59,4029.54
TCS,2024-04-23,3874.7,3917.78,4025.36
TCS,2024-04-24,3831.05,3910.68,4019.3
TCS,2024-04-25,3852.2,3907.75,4013.67
TCS,2024-04-26,3821.35,3904.94,4007.69
TCS,2024-04-29,3870.2,3906.41,4002.1
TCS,2024-04-30,3820.65,3903.62,3996.51
TCS,2024-05-02,3863.3,3900.95,3991.71
TCS,2024-05-03,3843.4,3898.93,3986.01
TCS,2024-05-06,3921.05,3897.62,3982.36
TCS,2024-05-07,3978.95,3896.4,3981.32
TCS,2024-05-08,3976.95,3896.29,3981.03
TCS,2024-05-09,3960.2,3895.67,3978.5
TCS,2024-05-10,3893.9,3893.04,3975.33
TCS,2024-05-13,3947.8,3891.2,3974.27
TCS,2024-05-14,3901.2,3886.18,3970.2
TCS,2024-05-15,3880.4,3883.15,3965.43
TCS,2024-05-16,3900.95,3884.55,3961.55
TCS,2024-05-17,3834.1,3883.16,3956.34
TCS,2024-05-18,3851.45,3884.42,3951.23
TCS,2024-05-21,3820.2,3882.2,3946.02
TCS,2024-05-22,3832.0,3880.06,3942.42
TCS,2024-05-23,3893.45,3883.18,3939.0
TCS,2024-05-24,3849.5,3883.05,3933.82
TCS,2024-05-27,3847.05,3884.34,3928.31
TCS,2024-05-28,3839.9,3882.82,3921.27
TCS,2024-05-29,3803.65,3881.97,3914.36
TCS,2024-05-30,3736.1,3875.61,3904.93
TCS,2024-05-31,3670.95,3866.99,3893.96
TCS,2024-06-03,3702.85,3856.08,3884.97
TCS,2024-06-04,3715.0,3842.88,3879.72
TCS,2024-06-05,3746.45,3831.35,3875.24
TCS,2024-06-06,3830.4,3824.86,3872.38
TCS,2024-06-07,3893.95,3824.87,3872.05
TCS,2024-06-10,3858.7,3820.41,3871.67
TCS,2024-06-11,3852.1,3817.96,3871.89
TCS,2024-06-12,3831.65,3815.52,3871.0
TCS,2024-06-13,3878.15,3814.38,3870.23
TCS,2024-06-14,3832.05,3814.28,3869.19
TCS,2024-06-18,3815.1,3812.46,3866.55
TCS,2024-06-19,3801.7,3811.54,3862.52
TCS,2024-06-20,3787.25,3809.3,3858.68
TCS,2024-06-21,3810.75,3805.16,3855.44
TCS,2024-06-24,3816.8,3803.53,3852.85
TCS,2024-06-25,3838.45,3803.1,3849.92
TCS,2024-06-26,3855.85,3803.9,3847.01
TCS,2024-06-27,3934.15,3810.42,3846.87
TCS,2024-06-28,3904.15,3818.82,3847.5
TCS,2024-07-01,3978.2,3834.19,3849.82
TCS,2024-07-02,4017.4,3849.91,3853.65
TCS,2024-07-03,3965.25,3862.42,3855.66
TCS,2024-07-04,4020.95,3876.15,3858.58
TCS,2024-07-05,4011.8,3885.22,3862.2
TCS,2024-07-08,3993.2,3890.18,3865.02
TCS,2024-07-09,3985.5,3896.52,3868.3
TCS,2024-07-10,3909.15,3899.38,3869.08
TCS,2024-07-11,3923.7,3903.98,3871.14
TCS,2024-07-12,4183.95,3919.27,3877.56
TCS,2024-07-15,4169.2,3936.12,3884.07
TCS,2024-07-16,4178.45,3954.29,3889.22
TCS,2024-07-18,4315.55,3979.98,3895.95
TCS,2024-07-19,4302.4,4005.74,3902.46
TCS,2024-07-22,4287.35,4029.57,3909.0
TCS,2024-07-23,4302.35,4053.85,3917.17
TCS,2024-07-24,4306.25,4077.24,3924.34
TCS,2024-07-25,4322.5,4100.57,3932.77
TCS,2024-07-26,4387.85,4123.26,3942.92
TCS,2024-07-29,4381.1,4147.11,3952.52
TCS,2024-07-30,4365.35,4166.46,3963.14
TCS,2024-07-31,4385.35,4184.86,3973.82
TCS,2024-08-01,4397.1,4206.45,3985.36
TCS,2024-08-02,4283.05,4219.56,3994.38
TCS,2024-08-05,4155.05,4226.72,3999.61
TCS,2024-08-06,4171.2,4235.62,4006.05
TCS,2024-08-07,4200.45,4246.37,4013.12
TCS,2024-08-08,4172.55,4259.54,4019.77
TCS,2024-08-09,4228.75,4274.79,4028.27
TCS,2024-08-12,4195.65,4275.38,4037.46
TCS,2024-08-13,4196.95,4276.76,4047.98
TCS,2024-08-14,4295.25,4282.6,4059.83
TCS,2024-08-16,4416.05,4287.63,4073.85
TCS,2024-08-19,4490.0,4297.01,4088.72
TCS,2024-08-20,4523.3,4308.8,4102.58
TCS,2024-08-21,4551.5,4321.26,4115.73
TCS,2024-08-22,4502.0,4331.05,4128.6
TCS,2024-08-23,4463.9,4338.12,4140.83
TCS,2024-08-26,4502.45,4343.85,4154.25
TCS,2024-08-27,4497.15,4349.65,4166.63
TCS,2024-08-28,4506.05,4356.69,4180.11
TCS,2024-08-29,4511.8,4363.01,4194.04
TCS,2024-08-30,4553.75,4370.84,4209.08
TCS,2024-09-02,4521.05,4382.74,4223.76
TCS,2024-09-03,4512.35,4400.61,4237.79
TCS,2024-09-04,4479.25,4416.01,4251.04
TCS,2024-09-05,4475.95,4429.78,4263.79
TCS,2024-09-06,4456.75,4444.0,4275.81
TCS,2024-09-09,4449.55,4455.04,4286.12
TCS,2024-09-10,4507.85,4470.65,4298.19
TCS,2024-09-11,4479.35,4484.77,4308.21
TCS,2024-09-12,4517.7,4495.89,4318.22
TCS,2024-09-13,4522.6,4501.22,4329.37
TCS,2024-09-16,4513.25,4502.38,4339.21
TCS,2024-09-17,4505.65,4501.5,4349.09
TCS,2024-09-18,4346.15,4491.23,4356.15
TCS,2024-09-19,4296.15,4480.93,4362.36
TCS,2024-09-20,4284.9,4471.99,4369.88
TCS,2024-09-23,4268.5,4460.29,4376.77
TCS,2024-09-24,4271.3,4449.0,4378.52
TCS,2024-09-25,4274.75,4437.43,4380.63
TCS,2024-09-26,4292.5,4426.46,4382.91
TCS,2024-09-27,4308.7,4414.21,4382.77
TCS,2024-09-30,4268.5,4401.59,4382.1
TCS,2024-10-01,4287.9,4390.36,4382.11
TCS,2024-10-03,4232.75,4378.04,4380.72
TCS,2024-10-04,4252.25,4366.85,4379.64
TCS,2024-10-07,4272.85,4357.66,4378.64
TCS,2024-10-08,4253.25,4347.84,4375.95
TCS,2024-10-09,4252.95,4335.1,4373.39
TCS,2024-10-10,4227.4,4322.5,4370.63
TCS,2024-10-11,4149.2,4304.08,4365.9
TCS,2024-10-14,4136.65,4284.78,4360.7
TCS,2024-10-15,4116.8,4264.96,4357.37
TCS,2024-10-16,4094.95,4244.42,4356.17
TCS,2024-10-17,4109.0,4232.56,4354.92
TCS,2024-10-18,4123.05,4223.91,4353.38
TCS,2024-10-21,4079.85,4213.66,4351.52
TCS,2024-10-22,4015.5,4201.0,4347.26
TCS,2024-10-23,4066.25,4190.75,4344.67
TCS,2024-10-24,4047.9,4179.41,4341.69
TCS,2024-10-25,4057.55,4167.66,4336.94
TCS,2024-10-28,4090.85,4156.77,4330.43
TCS,2024-10-29,4075.25,4147.11,4322.14
TCS,2024-10-30,4084.65,4136.94,4313.36
TCS,2024-10-31,3968.45,4123.73,4301.7
TCS,2024-11-01,3984.2,4110.33,4291.35
TCS,2024-11-04,3964.15,4094.89,4281.35
TCS,2024-11-05,3971.35,4080.8,4270.73
TCS,2024-11-06,4139.65,4075.13,4263.58
TCS,2024-11-07,4150.9,4071.31,4256.48
TCS,2024-11-08,4147.0,4071.2,4249.18
TCS,2024-11-11,4198.7,4074.3,4242.08
TCS,2024-11-12,4197.4,4078.33,4235.61
TCS,2024-11-13,4150.35,4081.1,4228.37
TCS,2024-11-14,4145.9,4082.94,4221.7
TCS,2024-11-18,4019.5,4077.77,4212.57
TCS,2024-11-19,4039.55,4075.75,4204.23
TCS,2024-11-21,4072.85,4078.62,4196.69
TCS,2024-11-22,4244.6,4087.54,4191.43
TECHM,2023-10-03,1216.2,,
TECHM,2023-10-04,1205.0,,
TECHM,2023-10-05,1205.6,,
TECHM,2023-10-06,1216.9,,
TECHM,2023-10-09,1212.65,,
TECHM,2023-10-10,1227.75,,
TECHM,2023-10-11,1231.6,,
TECHM,2023-10-12,1198.75,,
TECHM,2023-10-13,1194.1,,
TECHM,2023-10-16,1184.6,,
TECHM,2023-10-17,1197.6,,
TECHM,2023-10-18,1187.1,,
TECHM,2023-10-19,1172.15,,
TECHM,2023-10-20,1170.7,,
TECHM,2023-10-23,1155.95,,
TECHM,2023-10-25,1142.15,,
TECHM,2023-10-26,1115.45,,
TECHM,2023-10-27,1120.55,,
TECHM,2023-10-30,1126.9,,
TECHM,2023-10-31,1133.15,1180.74,
TECHM,2023-11-01,1125.1,1176.19,
TECHM,2023-11-02,1115.5,1171.71,
TECHM,2023-11-03,1133.1,1168.09,
TECHM,2023-11-06,1142.15,1164.35,
TECHM,2023-11-07,1149.0,1161.17,
TECHM,2023-11-08,1139.15,1156.74,
TECHM,2023-11-09,1123.95,1151.36,
TECHM,2023-11-10,1138.15,1148.32,
TECHM,2023-11-12,1142.15,1145.73,
TECHM,2023-11-13,1131.35,1143.06,
TECHM,2023-11-15,1173.75,1141.87,
TECHM,2023-11-16,1207.2,1142.88,
TECHM,2023-11-17,1202.75,1144.41,
TECHM,2023-11-20,1211.8,1146.46,
TECHM,2023-11-21,1204.5,1148.89,
TECHM,2023-11-22,1215.4,1152.55,
TECHM,2023-11-23,1210.9,1157.32,
TECHM,2023-11-24,1197.85,1161.19,
TECHM,2023-11-28,1202.4,1164.96,
TECHM,2023-11-29,1221.7,1169.39,
TECHM,2023-11-30,1220.95,1174.18,
TECHM,2023-12-01,1220.55,1179.44,
TECHM,2023-12-04,1223.9,1183.98,
TECHM,2023-12-05,1220.6,1187.9,
TECHM,2023-12-06,1225.2,1191.71,
TECHM,2023-12-07,1223.25,1195.92,
TECHM,2023-12-08,1225.3,1200.98,
TECHM,2023-12-11,1233.3,1205.74,
TECHM,2023-12-12,1226.15,1209.94,
TECHM,2023-12-13,1216.1,1214.18,1184.76
TECHM,2023-12-14,1264.7,1218.72,1185.73
TECHM,2023-12-15,1306.1,1223.67,1187.75
TECHM,2023-12-18,1291.75,1228.12,1189.47
TECHM,2023-12-19,1281.45,1231.6,1190.77
TECHM,2023-12-20,1248.6,1233.81,1191.48
TECHM,2023-12-21,1250.1,1235.54,1191.93
TECHM,2023-12-22,1275.15,1238.75,1192.8
TECHM,2023-12-26,1282.0,1242.96,1194.47
TECHM,2023-12-27,1280.15,1246.85,1196.19
TECHM,2023-12-28,1285.95,1250.06,1198.22
TECHM,2023-12-29,1272.65,1252.65,1199.72
TECHM,2024-01-01,1297.15,1256.48,1201.92
TECHM,2024-01-02,1278.1,1259.19,1204.04
TECHM,2024-01-03,1244.2,1260.37,1205.51
TECHM,2024-01-04,1247.5,1261.48,1207.34
TECHM,2024-01-05,1248.3,1262.74,1209.46
TECHM,2024-01-08,1228.95,1262.92,1211.73
TECHM,2024-01-09,1235.65,1263.04,1214.03
TECHM,2024-01-10,1240.9,1263.77,1216.31
TECHM,2024-01-11,1249.4,1265.44,1218.64
TECHM,2024-01-12,1308.05,1267.6,1222.3
TECHM,2024-01-15,1337.65,1269.18,1226.74
TECHM,2024-01-16,1320.4,1270.62,1230.49
TECHM,2024-01-17,1326.75,1272.88,1234.18
TECHM,2024-01-18,1355.15,1278.21,1238.3
TECHM,2024-01-19,1389.9,1285.2,1243.32
TECHM,2024-01-20,1385.6,1290.72,1248.55
TECHM,2024-01-23,1366.65,1294.95,1253.12
TECHM,2024-01-24,1407.95,1301.34,1258.44
TECHM,2024-01-25,1322.05,1303.15,1262.25
TECHM,2024-01-29,1314.35,1305.23,1265.06
TECHM,2024-01-30,1317.85,1306.27,1267.27
TECHM,2024-01-31,1333.65,1309.04,1269.89
TECHM,2024-02-01,1312.5,1312.46,1271.91
TECHM,2024-02-02,1338.1,1316.99,1274.58
TECHM,2024-02-05,1332.75,1321.21,1276.92
TECHM,2024-02-06,1351.05,1327.32,1279.73
TECHM,2024-02-07,1318.0,1331.44,1282.13
TECHM,2024-02-08,1309.25,1334.85,1284.27
TECHM,2024-02-09,1311.05,1337.94,1286.06
TECHM,2024-02-12,1318.8,1338.47,1288.01
TECHM,2024-02-13,1328.45,1338.01,1290.17
TECHM,2024-02-14,1292.9,1336.64,1291.55
TECHM,2024-02-15,1300.35,1335.32,1293.15
TECHM,2024-02-16,1302.55,1332.69,1294.69
TECHM,2024-02-19,1310.0,1328.69,1296.43
TECHM,2024-02-20,1320.55,1325.44,1298.33
TECHM,2024-02-21,1296.6,1321.94,1299.6
TECHM,2024-02-22,1328.1,1317.94,1301.64
TECHM,2024-02-23,1322.25,1317.96,1303.76
TECHM,2024-02-26,1298.25,1317.15,1304.43
TECHM,2024-02-27,1296.05,1316.06,1304.23
TECHM,2024-02-28,1285.85,1313.67,1304.11
TECHM,2024-02-29,1273.85,1311.74,1303.96
TECHM,2024-03-01,1271.8,1308.42,1304.42
TECHM,2024-03-02,1272.5,1305.41,1304.87
TECHM,2024-03-04,1280.05,1301.86,1304.97
TECHM,2024-03-05,1272.5,1299.58,1304.78
TECHM,2024-03-06,1271.0,1297.67,1304.6
TECHM,2024-03-07,1288.15,1296.53,1304.64
TECHM,2024-03-11,1289.0,1295.04,1304.97
TECHM,2024-03-12,1292.3,1293.23,1304.87
TECHM,2024-03-13,1277.2,1292.44,1304.85
TECHM,2024-03-14,1293.35,1292.1,1305.84
TECHM,2024-03-15,1282.2,1291.08,1306.53
TECHM,2024-03-18,1272.65,1289.21,1307.02
TECHM,2024-03-19,1252.25,1285.8,1307.48
TECHM,2024-03-20,1264.3,1284.18,1308.06
TECHM,2024-03-21,1282.75,1281.91,1308.89
TECHM,2024-03-22,1262.65,1278.93,1309.16
TECHM,2024-03-26,1254.35,1276.74,1308.08
TECHM,2024-03-27,1253.8,1274.62,1306.41
TECHM,2024-03-28,1248.1,1272.74,1304.96
TECHM,2024-04-01,1244.55,1271.27,1303.32
TECHM,2024-04-02,1236.8,1269.52,1300.95
TECHM,2024-04-03,1255.15,1268.66,1298.26
TECHM,2024-04-04,1279.25,1268.62,1296.13
TECHM,2024-04-05,1263.4,1268.16,1294.06
TECHM,2024-04-08,1265.15,1267.87,1291.21
TECHM,2024-04-09,1251.4,1266.03,1289.79
TECHM,2024-04-10,1266.3,1264.9,1288.83
TECHM,2024-04-12,1242.1,1262.38,1287.32
TECHM,2024-04-15,1218.75,1259.46,1285.02
TECHM,2024-04-16,1195.8,1254.58,1282.69
TECHM,2024-04-18,1179.65,1249.46,1279.52
TECHM,2024-04-19,1193.65,1245.51,1276.73
TECHM,2024-04-22,1208.05,1243.3,1273.88
TECHM,2024-04-23,1200.25,1240.1,1271.52
TECHM,2024-04-24,1185.7,1235.24,1269.05
TECHM,2024-04-25,1190.3,1231.62,1266.63
TECHM,2024-04-26,1278.75,1232.84,1265.83
TECHM,2024-04-29,1288.3,1234.57,1265.03
TECHM,2024-04-30,1263.5,1235.34,1264.44
TECHM,2024-05-02,1266.9,1236.46,1263.77
TECHM,2024-05-03,1250.45,1237.14,1262.73
TECHM,2024-05-06,1262.25,1237.49,1261.78
TECHM,2024-05-07,1292.45,1238.16,1261.21
TECHM,2024-05-08,1287.0,1239.34,1261.02
TECHM,2024-05-09,1269.1,1239.53,1259.84
TECHM,2024-05-10,1264.4,1240.18,1258.68
TECHM,2024-05-13,1262.05,1239.97,1257.96
TECHM,2024-05-14,1275.5,1241.64,1257.55
TECHM,2024-05-15,1274.5,1244.43,1257.32
TECHM,2024-05-16,1307.95,1250.04,1258.01
TECHM,2024-05-17,1305.4,1256.32,1258.68
TECHM,2024-05-18,1305.65,1261.92,1259.34
TECHM,2024-05-21,1323.9,1267.71,1260.22
TECHM,2024-05-22,1330.4,1274.22,1261.38
TECHM,2024-05-23,1337.5,1281.81,1262.7
TECHM,2024-05-24,1321.75,1288.38,1263.38
TECHM,2024-05-27,1329.7,1290.93,1264.19
TECHM,2024-05-28,1315.1,1292.27,1264.65
TECHM,2024-05-29,1286.45,1293.42,1264.83
TECHM,2024-05-30,1240.85,1292.12,1263.78
TECHM,2024-05-31,1228.45,1291.02,1262.71
TECHM,2024-06-03,1245.35,1290.17,1262.16
TECHM,2024-06-04,1239.3,1287.51,1261.9
TECHM,2024-06-05,1266.9,1286.51,1261.95
TECHM,2024-06-06,1317.45,1288.93,1262.65
TECHM,2024-06-07,1377.6,1294.59,1264.95
TECHM,2024-06-10,1340.35,1298.5,1266.67
TECHM,2024-06-11,1349.45,1302.2,1268.58
TECHM,2024-06-12,1370.6,1307.01,1271.03
TECHM,2024-06-13,1388.95,1311.06,1273.92
TECHM,2024-06-14,1371.45,1314.36,1276.61
TECHM,2024-06-18,1371.35,1317.64,1278.94
TECHM,2024-06-19,1381.15,1320.5,1280.97
TECHM,2024-06-20,1393.1,1323.64,1283.57
TECHM,2024-06-21,1399.8,1326.76,1286.26
TECHM,2024-06-24,1401.7,1330.75,1289.27
TECHM,2024-06-25,1427.75,1335.66,1292.49
TECHM,2024-06-26,1413.05,1340.55,1295.91
TECHM,2024-06-27,1432.25,1347.84,1300.18
TECHM,2024-06-28,1430.35,1357.32,1304.88
TECHM,2024-07-01,1472.1,1369.5,1310.72
TECHM,2024-07-02,1472.15,1380.84,1316.29
TECHM,2024-07-03,1479.8,1392.87,1321.73
TECHM,2024-07-04,1459.15,1402.48,1326.91
TECHM,2024-07-05,1461.35,1409.67,1332.42
TECHM,2024-07-08,1467.6,1414.17,1337.97
TECHM,2024-07-09,1465.75,1420.44,1341.71
TECHM,2024-07-10,1463.35,1426.14,1345.21
TECHM,2024-07-11,1460.6,1430.64,1349.15
TECHM,2024-07-12,1505.05,1436.44,1353.91
TECHM,2024-07-15,1499.05,1442.82,1358.88
TECHM,2024-07-16,1516.2,1450.06,1363.96
TECHM,2024-07-18,1539.35,1457.98,1368.9
TECHM,2024-07-19,1491.4,1462.89,1372.99
TECHM,2024-07-22,1495.55,1467.68,1377.52
TECHM,2024-07-23,1493.4,1472.26,1382.1
TECHM,2024-07-24,1533.3,1477.54,1387.52
TECHM,2024-07-25,1530.0,1483.39,1392.61
TECHM,2024-07-26,1541.15,1488.83,1397.95
TECHM,2024-07-29,1525.35,1493.58,1402.29
TECHM,2024-07-30,1538.05,1496.88,1406.95
TECHM,2024-07-31,1554.4,1500.99,1411.92
TECHM,2024-08-01,1544.45,1504.22,1416.33
TECHM,2024-08-02,1507.7,1506.65,1419.88
TECHM,2024-08-05,1456.35,1506.4,1422.26
TECHM,2024-08-06,1483.4,1507.19,1425.49
TECHM,2024-08-07,1473.65,1507.59,1428.37
TECHM,2024-08-08,1466.45,1507.74,1431.4
TECHM,2024-08-09,1506.7,1510.05,1435.8
TECHM,2024-08-12,1512.5,1510.42,1441.23
TECHM,2024-08-13,1503.4,1510.64,1446.73
TECHM,2024-08-14,1524.4,1511.05,1452.31
TECHM,2024-08-16,1585.3,1513.34,1459.23
TECHM,2024-08-19,1594.65,1518.51,1465.79
TECHM,2024-08-20,1628.6,1525.16,1472.01
TECHM,2024-08-21,1604.65,1530.72,1476.55
TECHM,2024-08-22,1611.25,1534.62,1481.97
TECHM,2024-08-23,1598.4,1538.04,1486.95
TECHM,2024-08-26,1640.15,1542.99,1492.34
TECHM,2024-08-27,1624.6,1547.95,1497.05
TECHM,2024-08-28,1627.35,1552.42,1502.17
TECHM,2024-08-29,1647.35,1557.06,1507.69
TECHM,2024-08-30,1636.5,1561.67,1512.8
TECHM,2024-09-02,1646.65,1568.62,1517.87
TECHM,2024-09-03,1644.1,1578.0,1522.76
TECHM,2024-09-04,1645.3,1586.1,1527.63
TECHM,2024-09-05,1639.5,1594.39,1531.86
TECHM,2024-09-06,1623.25,1602.23,1536.07
TECHM,2024-09-09,1579.2,1605.86,1539.0
TECHM,2024-09-10,1607.4,1610.6,1542.55
TECHM,2024-09-11,1602.6,1615.56,1545.16
TECHM,2024-09-12,1643.25,1621.5,1548.58
TECHM,2024-09-13,1656.05,1625.04,1552.1
TECHM,2024-09-16,1649.0,1627.76,1555.9
TECHM,2024-09-17,1651.55,1628.9,1559.7
TECHM,2024-09-18,1605.4,1628.94,1562.46
TECHM,2024-09-19,1595.35,1628.15,1565.05
TECHM,2024-09-20,1622.05,1629.33,1568.23
TECHM,2024-09-23,1607.15,1627.68,1571.16
TECHM,2024-09-24,1637.1,1628.3,1573.8
TECHM,2024-09-25,1602.75,1627.08,1575.87
TECHM,2024-09-26,1606.95,1625.05,1577.69
TECHM,2024-09-27,1609.25,1623.69,1579.08
TECHM,2024-09-30,1577.2,1620.22,1580.8
TECHM,2024-10-01,1625.4,1619.28,1583.4
TECHM,2024-10-03,1604.05,1617.22,1585.61
TECHM,2024-10-04,1616.45,1616.07,1587.27
TECHM,2024-10-07,1618.55,1615.84,1589.04
TECHM,2024-10-08,1629.1,1618.33,1590.8
TECHM,2024-10-09,1658.8,1620.9,1593.47
TECHM,2024-10-10,1619.7,1621.76,1595.11
TECHM,2024-10-11,1647.05,1621.95,1596.96
TECHM,2024-10-14,1692.5,1623.77,1599.92
TECHM,2024-10-15,1675.35,1625.08,1603.27
TECHM,2024-10-16,1660.3,1625.52,1607.35
TECHM,2024-10-17,1699.0,1630.2,1611.66
TECHM,2024-10-18,1687.9,1634.83,1615.95
TECHM,2024-10-21,1701.2,1638.79,1620.64
TECHM,2024-10-22,1696.55,1643.26,1624.44
TECHM,2024-10-23,1735.95,1648.2,1628.91
TECHM,2024-10-24,1735.75,1654.85,1633.56
TECHM,2024-10-25,1716.45,1660.32,1637.4
TECHM,2024-10-28,1702.55,1664.99,1639.74
TECHM,2024-10-29,1698.5,1671.05,1641.82
TECHM,2024-10-30,1684.95,1674.03,1642.95
TECHM,2024-10-31,1608.65,1674.26,1643.03
TECHM,2024-11-01,1603.65,1673.62,1642.88
TECHM,2024-11-04,1638.4,1674.62,1643.68
TECHM,2024-11-05,1632.65,1674.79,1643.52
TECHM,2024-11-06,1693.55,1676.53,1644.9
TECHM,2024-11-07,1651.0,1678.1,1645.38
TECHM,2024-11-08,1681.35,1679.81,1646.06
TECHM,2024-11-11,1704.15,1680.39,1647.41
TECHM,2024-11-12,1687.0,1680.98,1648.22
TECHM,2024-11-13,1675.6,1681.74,1648.85
TECHM,2024-11-14,1687.5,1681.17,1649.69
TECHM,2024-11-18,1660.8,1679.81,1650.12
TECHM,2024-11-19,1699.65,1679.73,1651.64
TECHM,2024-11-21,1702.25,1680.02,1654.11
TECHM,2024-11-22,1747.45,1680.59,1656.91
TITAN,2023-10-03,3196.25,,
TITAN,2023-10-04,3166.65,,
TITAN,2023-10-05,3216.5,,
TITAN,2023-10-06,3309.75,,
TITAN,2023-10-09,3267.5,,
TITAN,2023-10-10,3269.2,,
TITAN,2023-10-11,3280.5,,
TITAN,2023-10-12,3285.0,,
TITAN,2023-10-13,3283.75,,
TITAN,2023-10-16,3301.4,,
TITAN,2023-10-17,3308.45,,
TITAN,2023-10-18,3282.75,,
TITAN,2023-10-19,3284.65,,
TITAN,2023-10-20,3266.2,,
TITAN,2023-10-23,3219.75,,
TITAN,2023-10-25,3187.85,,
TITAN,2023-10-26,3100.8,,
TITAN,2023-10-27,3120.7,,
TITAN,2023-10-30,3116.45,,
TITAN,2023-10-31,3189.65,3232.69,
TITAN,2023-11-01,3173.4,3231.54,
TITAN,2023-11-02,3201.5,3233.29,
TITAN,2023-11-03,3274.5,3236.19,
TITAN,2023-11-06,3267.05,3234.05,
TITAN,2023-11-07,3270.2,3234.19,
TITAN,2023-11-08,3311.85,3236.32,
TITAN,2023-11-09,3283.75,3236.48,
TITAN,2023-11-10,3256.35,3235.05,
TITAN,2023-11-12,3280.6,3234.89,
TITAN,2023-11-13,3264.75,3233.06,
TITAN,2023-11-15,3295.95,3232.44,
TITAN,2023-11-16,3335.95,3235.1,
TITAN,2023-11-17,3338.85,3237.8,
TITAN,2023-11-20,3345.85,3241.79,
TITAN,2023-11-21,3394.45,3250.52,
TITAN,2023-11-22,3429.85,3262.62,
TITAN,2023-11-23,3408.4,3278.0,
TITAN,2023-11-24,3396.95,3291.82,
TITAN,2023-11-28,3442.4,3308.11,
TITAN,2023-11-29,3429.3,3320.1,
TITAN,2023-11-30,3490.6,3335.95,
TITAN,2023-12-01,3489.5,3350.35,
TITAN,2023-12-04,3488.4,3361.05,
TITAN,2023-12-05,3545.3,3374.96,
TITAN,2023-12-06,3546.9,3388.8,
TITAN,2023-12-07,3585.4,3402.48,
TITAN,2023-12-08,3634.65,3420.02,
TITAN,2023-12-11,3630.5,3438.73,
TITAN,2023-12-12,3571.4,3453.27,
TITAN,2023-12-13,3602.35,3470.15,3332.81
TITAN,2023-12-14,3591.4,3484.92,3340.72
TITAN,2023-12-15,3600.55,3498.15,3349.39
TITAN,2023-12-18,3619.6,3512.19,3357.46
TITAN,2023-12-19,3610.45,3525.42,3363.47
TITAN,2023-12-20,3554.1,3533.4,3369.2
TITAN,2023-12-21,3580.0,3540.91,3375.42
TITAN,2023-12-22,3627.35,3551.86,3382.36
TITAN,2023-12-26,3656.7,3564.84,3389.79
TITAN,2023-12-27,3689.25,3577.19,3397.9
TITAN,2023-12-28,3715.1,3591.48,3406.17
TITAN,2023-12-29,3675.45,3600.72,3413.51
TITAN,2024-01-01,3677.15,3610.1,3421.4
TITAN,2024-01-02,3698.25,3620.59,3429.67
TITAN,2024-01-03,3693.05,3627.98,3438.21
TITAN,2024-01-04,3719.7,3636.62,3448.21
TITAN,2024-01-05,3712.55,3642.98,3458.7
TITAN,2024-01-08,3706.05,3646.55,3470.81
TITAN,2024-01-09,3694.0,3649.72,3482.27
TITAN,2024-01-10,3714.45,3656.88,3494.23
TITAN,2024-01-11,3698.6,3661.69,3504.41
TITAN,2024-01-12,3726.0,3668.42,3515.46
TITAN,2024-01-15,3758.85,3676.33,3526.61
TITAN,2024-01-16,3820.3,3686.37,3537.53
TITAN,2024-01-17,3830.05,3697.35,3548.79
TITAN,2024-01-18,3734.7,3706.38,3558.08
TITAN,2024-01-19,3810.6,3717.91,3568.05
TITAN,2024-01-20,3784.7,3725.78,3578.07
TITAN,2024-01-23,3739.65,3729.92,3587.74
TITAN,2024-01-24,3767.85,3733.85,3597.48
TITAN,2024-01-25,3770.2,3736.61,3607.59
TITAN,2024-01-29,3866.65,3746.17,3619.01
TITAN,2024-01-30,3735.75,3749.1,3627.0
TITAN,2024-01-31,3697.55,3749.06,3634.18
TITAN,2024-02-01,3627.45,3745.78,3639.81
TITAN,2024-02-02,3612.4,3740.42,3644.17
TITAN,2024-02-05,3552.05,3732.39,3646.61
TITAN,2024-02-06,3559.15,3725.05,3649.63
TITAN,2024-02-07,3576.5,3719.17,3653.22
TITAN,2024-02-08,3549.1,3710.9,3655.35
TITAN,2024-02-09,3591.6,3705.56,3658.6
TITAN,2024-02-12,3585.25,3698.52,3660.49
TITAN,2024-02-13,3559.95,3688.57,3661.9
TITAN,2024-02-14,3585.55,3676.84,3663.84
TITAN,2024-02-15,3622.05,3666.44,3665.38
TITAN,2024-02-16,3655.4,3662.47,3667.55
TITAN,2024-02-19,3695.05,3656.69,3669.74
TITAN,2024-02-20,3686.7,3651.79,3670.78
TITAN,2024-02-21,3656.35,3647.63,3671.3
TITAN,2024-02-22,3652.05,3641.84,3672.91
TITAN,2024-02-23,3691.95,3637.92,3674.7
TITAN,2024-02-26,3622.5,3625.72,3675.32
TITAN,2024-02-27,3653.85,3621.62,3676.39
TITAN,2024-02-28,3594.7,3616.48,3675.89
TITAN,2024-02-29,3624.4,3616.33,3676.17
TITAN,2024-03-01,3765.9,3624.0,3680.41
TITAN,2024-03-02,3764.1,3634.61,3684.09
TITAN,2024-03-04,3732.4,3643.27,3686.19
TITAN,2024-03-05,3750.75,3651.98,3688.07
TITAN,2024-03-06,3810.75,3665.06,3690.5
TITAN,2024-03-07,3786.9,3674.83,3691.94
TITAN,2024-03-11,3750.15,3683.07,3693.43
TITAN,2024-03-12,3748.8,3692.52,3694.86
TITAN,2024-03-13,3625.7,3694.52,3693.41
TITAN,2024-03-14,3640.15,3695.43,3692.36
TITAN,2024-03-15,3633.2,3694.32,3690.63
TITAN,2024-03-18,3579.7,3688.55,3687.97
TITAN,2024-03-19,3583.4,3683.38,3685.52
TITAN,2024-03-20,3590.5,3680.09,3683.45
TITAN,2024-03-21,3627.55,3678.87,3681.71
TITAN,2024-03-22,3706.7,3679.6,3681.87
TITAN,2024-03-26,3698.2,3683.39,3681.31
TITAN,2024-03-27,3759.4,3688.67,3681.32
TITAN,2024-03-28,3801.8,3699.02,3680.96
TITAN,2024-04-01,3738.4,3704.72,3679.12
TITAN,2024-04-02,3755.95,3704.22,3679.55
TITAN,2024-04-03,3712.5,3701.64,3677.58
TITAN,2024-04-04,3782.75,3704.16,3677.55
TITAN,2024-04-05,3754.45,3704.35,3677.84
TITAN,2024-04-08,3748.9,3701.26,3677.46
TITAN,2024-04-09,3679.35,3695.88,3675.65
TITAN,2024-04-10,3711.2,3693.93,3672.54
TITAN,2024-04-12,3619.3,3687.46,3670.21
TITAN,2024-04-15,3600.6,3686.2,3668.27
TITAN,2024-04-16,3645.9,3686.49,3668.64
TITAN,2024-04-18,3525.1,3681.08,3666.89
TITAN,2024-04-19,3563.05,3680.25,3667.11
TITAN,2024-04-22,3596.75,3680.92,3667.86
TITAN,2024-04-23,3633.0,3683.04,3668.99
TITAN,2024-04-24,3609.75,3682.15,3670.21
TITAN,2024-04-25,3571.1,3675.37,3669.8
TITAN,2024-04-26,3584.8,3669.7,3669.79
TITAN,2024-04-29,3604.85,3661.98,3670.69
TITAN,2024-04-30,3589.25,3651.35,3670.76
TITAN,2024-05-02,3568.45,3642.85,3669.69
TITAN,2024-05-03,3533.9,3631.75,3667.26
TITAN,2024-05-06,3280.15,3610.13,3658.96
TITAN,2024-05-07,3270.9,3584.54,3650.64
TITAN,2024-05-08,3259.85,3559.81,3642.71
TITAN,2024-05-09,3245.7,3534.65,3634.59
TITAN,2024-05-10,3289.85,3515.17,3626.54
TITAN,2024-05-13,3253.65,3492.29,3619.17
TITAN,2024-05-14,3288.9,3475.78,3611.87
TITAN,2024-05-15,3268.55,3459.17,3605.35
TITAN,2024-05-16,3333.9,3443.57,3599.54
TITAN,2024-05-17,3361.15,3435.38,3591.44
TITAN,2024-05-18,3362.55,3425.35,3583.41
TITAN,2024-05-21,3377.0,3414.36,3576.3
TITAN,2024-05-22,3383.85,3401.9,3568.96
TITAN,2024-05-23,3452.05,3394.02,3561.79
TITAN,2024-05-24,3412.4,3386.08,3554.3
TITAN,2024-05-27,3403.4,3377.02,3547.36
TITAN,2024-05-28,3409.4,3367.24,3540.58
TITAN,2024-05-29,3380.4,3356.8,3535.67
TITAN,2024-05-30,3271.85,3341.97,3528.3
TITAN,2024-05-31,3241.9,3327.37,3520.48
TITAN,2024-06-03,3261.2,3326.42,3514.11
TITAN,2024-06-04,3238.95,3324.82,3507.22
TITAN,2024-06-05,3317.65,3327.72,3501.76
TITAN,2024-06-06,3321.65,3331.51,3495.64
TITAN,2024-06-07,3444.05,3339.22,3490.39
TITAN,2024-06-10,3422.2,3347.65,3484.87
TITAN,2024-06-11,3410.7,3353.74,3477.9
TITAN,2024-06-12,3382.3,3359.43,3469.51
TITAN,2024-06-13,3472.2,3366.34,3464.18
TITAN,2024-06-14,3530.05,3374.79,3459.67
TITAN,2024-06-18,3589.0,3386.11,3457.2
TITAN,2024-06-19,3462.35,3390.38,3450.79
TITAN,2024-06-20,3435.95,3392.98,3444.42
TITAN,2024-06-21,3399.75,3390.37,3437.44
TITAN,2024-06-24,3412.35,3390.36,3432.1
TITAN,2024-06-25,3402.45,3390.32,3425.92
TITAN,2024-06-26,3372.75,3388.48,3420.99
TITAN,2024-06-27,3380.6,3388.5,3416.59
TITAN,2024-06-28,3404.2,3395.11,3411.76
TITAN,2024-07-01,3431.45,3404.59,3409.88
TITAN,2024-07-02,3399.65,3411.51,3406.61
TITAN,2024-07-03,3360.25,3417.58,3401.88
TITAN,2024-07-04,3336.0,3418.5,3395.94
TITAN,2024-07-05,3269.35,3415.88,3389.14
TITAN,2024-07-08,3156.2,3401.49,3380.84
TITAN,2024-07-09,3215.15,3391.14,3373.44
TITAN,2024-07-10,3225.0,3381.85,3365.85
TITAN,2024-07-11,3248.6,3375.16,3359.04
TITAN,2024-07-12,3229.85,3363.05,3352.26
TITAN,2024-07-15,3224.2,3347.76,3346.07
TITAN,2024-07-16,3234.05,3330.01,3345.15
TITAN,2024-07-18,3262.1,3320.0,3344.97
TITAN,2024-07-19,3259.0,3311.15,3344.95
TITAN,2024-07-22,3254.45,3303.88,3345.13
TITAN,2024-07-23,3466.85,3306.61,3348.67
TITAN,2024-07-24,3478.4,3310.4,3353.16
TITAN,2024-07-25,3405.8,3312.06,3355.5
TITAN,2024-07-26,3494.15,3317.73,3360.01
TITAN,2024-07-29,3411.7,3318.11,3361.57
TITAN,2024-07-30,3468.25,3319.95,3363.71
TITAN,2024-07-31,3458.95,3322.92,3365.64
TITAN,2024-08-01,3468.35,3328.32,3367.47
TITAN,2024-08-02,3462.35,3334.64,3369.04
TITAN,2024-08-05,3375.95,3339.97,3367.52
TITAN,2024-08-06,3335.1,3348.91,3365.97
TITAN,2024-08-07,3326.25,3354.47,3364.43
TITAN,2024-08-08,3296.5,3358.04,3362.17
TITAN,2024-08-09,3331.7,3362.2,3361.19
TITAN,2024-08-12,3320.85,3366.75,3362.17
TITAN,2024-08-13,3383.55,3374.72,3365.01
TITAN,2024-08-14,3402.15,3383.12,3367.83
TITAN,2024-08-16,3444.75,3392.25,3371.94
TITAN,2024-08-19,3464.85,3402.54,3374.89
TITAN,2024-08-20,3474.9,3413.57,3377.95
TITAN,2024-08-21,3560.4,3418.24,3380.28
TITAN,2024-08-22,3604.4,3424.55,3383.92
TITAN,2024-08-23,3570.0,3432.76,3387.11
TITAN,2024-08-26,3630.2,3439.56,3392.07
TITAN,2024-08-27,3551.25,3446.54,3393.65
TITAN,2024-08-28,3527.5,3449.5,3393.6
TITAN,2024-08-29,3533.2,3453.21,3392.48
TITAN,2024-08-30,3565.15,3458.05,3394.54
TITAN,2024-09-02,3587.55,3464.31,3397.57
TITAN,2024-09-03,3621.15,3476.57,3402.0
TITAN,2024-09-04,3607.7,3490.2,3405.9
TITAN,2024-09-05,3722.85,3510.03,3412.31
TITAN,2024-09-06,3695.5,3529.98,3418.77
TITAN,2024-09-09,3684.55,3547.62,3424.84
TITAN,2024-09-10,3727.4,3567.95,3431.31
TITAN,2024-09-11,3711.1,3584.33,3436.9
TITAN,2024-09-12,3764.25,3602.43,3444.19
TITAN,2024-09-13,3767.0,3618.54,3452.33
TITAN,2024-09-16,3740.65,3632.34,3460.42
TITAN,2024-09-17,3767.4,3646.96,3470.38
TITAN,2024-09-18,3725.35,3655.21,3481.77
TITAN,2024-09-19,3780.95,3664.04,3493.08
TITAN,2024-09-20,3797.2,3675.39,3504.53
TITAN,2024-09-23,3820.1,3684.89,3515.96
TITAN,2024-09-24,3784.9,3696.57,3527.06
TITAN,2024-09-25,3737.25,3707.06,3537.32
TITAN,2024-09-26,3757.55,3718.28,3547.79
TITAN,2024-09-27,3816.7,3730.86,3558.88
TITAN,2024-09-30,3823.95,3742.68,3570.18
TITAN,2024-10-01,3775.95,3750.41,3580.61
TITAN,2024-10-03,3674.95,3753.78,3584.77
TITAN,2024-10-04,3670.1,3751.14,3588.6
TITAN,2024-10-07,3589.25,3745.83,3592.27
TITAN,2024-10-08,3493.35,3736.27,3592.26
TITAN,2024-10-09,3493.45,3724.57,3593.89
TITAN,2024-10-10,3447.25,3711.38,3593.47
TITAN,2024-10-11,3474.4,3696.88,3593.78
TITAN,2024-10-14,3497.8,3683.42,3594.37
TITAN,2024-10-15,3508.5,3671.82,3595.29
TITAN,2024-10-16,3471.0,3657.0,3597.2
TITAN,2024-10-17,3403.35,3640.9,3598.56
TITAN,2024-10-18,3381.45,3620.92,3599.66
TITAN,2024-10-21,3363.25,3599.22,3601.0
TITAN,2024-10-22,3329.8,3574.71,3600.96
TITAN,2024-10-23,3288.6,3549.89,3600.32
TITAN,2024-10-24,3330.9,3529.58,3599.26
TITAN,2024-10-25,3266.55,3505.03,3596.55
TITAN,2024-10-28,3283.05,3478.34,3593.32
TITAN,2024-10-29,3283.4,3451.32,3589.69
TITAN,2024-10-30,3308.45,3427.94,3586.36
TITAN,2024-10-31,3267.05,3407.55,3580.49
TITAN,2024-11-01,3293.7,3388.73,3574.28
TITAN,2024-11-04,3222.0,3370.36,3567.32
TITAN,2024-11-05,3230.25,3357.21,3559.32
TITAN,2024-11-06,3177.05,3341.39,3551.84
TITAN,2024-11-07,3120.85,3325.07,3543.7
TITAN,2024-11-08,3186.25,3310.66,3536.76
TITAN,2024-11-11,3206.6,3296.1,3529.59
TITAN,2024-11-12,3198.45,3280.6,3521.81
TITAN,2024-11-13,3187.85,3266.44,3513.14
TITAN,2024-11-14,3183.7,3255.46,3504.66
TITAN,2024-11-18,3172.3,3245.0,3493.65
TITAN,2024-11-19,3224.7,3238.08,3484.24
TITAN,2024-11-21,3178.45,3230.51,3474.12
TITAN,2024-11-22,3308.7,3231.51,3465.74
TRENT,2023-10-03,2059.1,,
TRENT,2023-10-04,2022.3,,
TRENT,2023-10-05,2047.6,,
TRENT,2023-10-06,2072.1,,
TRENT,2023-10-09,2079.05,,
TRENT,2023-10-10,2050.8,,
TRENT,2023-10-11,2101.3,,
TRENT,2023-10-12,2077.2,,
TRENT,2023-10-13,2084.8,,
TRENT,2023-10-16,2107.65,,
TRENT,2023-10-17,2079.0,,
TRENT,2023-10-18,2048.95,,
TRENT,2023-10-19,2060.6,,
TRENT,2023-10-20,2036.15,,
TRENT,2023-10-23,1991.95,,
TRENT,2023-10-25,1993.25,,
TRENT,2023-10-26,2031.1,,
TRENT,2023-10-27,2122.1,,
TRENT,2023-10-30,2119.75,,
TRENT,2023-10-31,2154.7,2066.97,
TRENT,2023-11-01,2197.65,2073.9,
TRENT,2023-11-02,2189.85,2082.28,
TRENT,2023-11-03,2196.5,2089.72,
TRENT,2023-11-06,2233.2,2097.78,
TRENT,2023-11-07,2424.0,2115.02,
TRENT,2023-11-08,2452.85,2135.13,
TRENT,2023-11-09,2478.05,2153.96,
TRENT,2023-11-10,2489.35,2174.57,
TRENT,2023-11-12,2494.25,2195.04,
TRENT,2023-11-13,2559.05,2217.61,
TRENT,2023-11-15,2553.15,2241.32,
TRENT,2023-11-16,2544.7,2266.11,
TRENT,2023-11-17,2576.4,2291.9,
TRENT,2023-11-20,2622.75,2321.23,
TRENT,2023-11-21,2613.75,2352.32,
TRENT,2023-11-22,2627.15,2384.02,
TRENT,2023-11-23,2655.05,2415.21,
TRENT,2023-11-24,2649.7,2441.59,
TRENT,2023-11-28,2671.75,2469.19,
TRENT,2023-11-29,2676.4,2495.28,
TRENT,2023-11-30,2787.0,2524.74,
TRENT,2023-12-01,2807.7,2555.64,
TRENT,2023-12-04,2816.85,2586.66,
TRENT,2023-12-05,2874.75,2618.73,
TRENT,2023-12-06,2867.85,2640.92,
TRENT,2023-12-07,2845.2,2660.54,
TRENT,2023-12-08,2841.3,2678.7,
TRENT,2023-12-11,2881.4,2698.31,
TRENT,2023-12-12,2883.55,2717.77,
TRENT,2023-12-13,2963.45,2737.99,2396.28
TRENT,2023-12-14,2984.75,2759.57,2414.79
TRENT,2023-12-15,2989.75,2781.82,2434.14
TRENT,2023-12-18,2971.45,2801.58,2452.62
TRENT,2023-12-19,3000.8,2820.48,2471.19
TRENT,2023-12-20,2948.95,2837.24,2488.59
TRENT,2023-12-21,2955.2,2853.64,2506.68
TRENT,2023-12-22,2965.5,2869.16,2523.96
TRENT,2023-12-26,2970.0,2885.18,2541.82
TRENT,2023-12-27,3010.75,2902.13,2560.34
TRENT,2023-12-28,3026.0,2919.61,2578.71
TRENT,2023-12-29,3054.95,2933.01,2598.22
TRENT,2024-01-01,3002.1,2942.73,2617.29
TRENT,2024-01-02,2995.2,2951.64,2635.98
TRENT,2024-01-03,3058.35,2960.82,2656.42
TRENT,2024-01-04,3067.85,2970.82,2677.94
TRENT,2024-01-05,3065.55,2981.84,2699.39
TRENT,2024-01-08,3044.55,2992.0,2719.66
TRENT,2024-01-09,3115.45,3003.71,2739.52
TRENT,2024-01-10,3173.6,3018.21,2760.6
TRENT,2024-01-11,3175.8,3028.83,2781.02
TRENT,2024-01-12,3212.15,3040.2,2801.31
TRENT,2024-01-15,3193.3,3050.38,2821.38
TRENT,2024-01-16,3166.1,3060.11,2840.77
TRENT,2024-01-17,3147.85,3067.46,2859.07
TRENT,2024-01-18,3151.75,3077.6,2873.62
TRENT,2024-01-19,3210.05,3090.34,2888.77
TRENT,2024-01-20,3192.6,3101.7,2903.06
TRENT,2024-01-23,3164.15,3111.4,2916.55
TRENT,2024-01-24,3222.75,3122.0,2931.12
TRENT,2024-01-25,3231.8,3132.3,2944.58
TRENT,2024-01-29,3246.4,3141.87,2958.44
TRENT,2024-01-30,3054.95,3144.51,2968.65
TRENT,2024-01-31,3086.95,3149.1,2978.86
TRENT,2024-02-01,3102.8,3151.32,2988.46
TRENT,2024-02-02,3126.05,3154.23,2998.71
TRENT,2024-02-05,3027.15,3152.31,3006.71
TRENT,2024-02-06,3035.0,3151.83,3014.3
TRENT,2024-02-07,3607.5,3176.44,3033.46
TRENT,2024-02-08,3841.95,3209.85,3056.86
TRENT,2024-02-09,3759.55,3239.04,3078.53
TRENT,2024-02-12,3802.05,3268.54,3098.83
TRENT,2024-02-13,3851.25,3301.43,3119.7
TRENT,2024-02-14,3921.0,3339.18,3141.78
TRENT,2024-02-15,3952.65,3379.42,3163.34
TRENT,2024-02-16,4024.6,3423.06,3186.48
TRENT,2024-02-19,4047.15,3464.92,3210.52
TRENT,2024-02-20,4025.9,3506.58,3234.21
TRENT,2024-02-21,3894.75,3543.11,3254.47
TRENT,2024-02-22,3954.0,3579.67,3275.88
TRENT,2024-02-23,3885.8,3612.37,3294.33
TRENT,2024-02-26,3844.6,3642.28,3311.53
TRENT,2024-02-27,3937.5,3686.41,3330.48
TRENT,2024-02-28,3924.8,3728.3,3349.55
TRENT,2024-02-29,3881.8,3767.25,3367.17
TRENT,2024-03-01,3901.25,3806.01,3386.22
TRENT,2024-03-02,3909.6,3850.14,3405.3
TRENT,2024-03-04,3919.8,3894.38,3424.39
TRENT,2024-03-05,3852.3,3906.62,3442.04
TRENT,2024-03-06,3872.0,3908.12,3459.26
TRENT,2024-03-07,3952.2,3917.75,3477.78
TRENT,2024-03-11,4004.7,3927.88,3496.78
TRENT,2024-03-12,4008.6,3935.75,3516.91
TRENT,2024-03-13,3944.05,3936.9,3535.89
TRENT,2024-03-14,4081.1,3943.32,3556.34
TRENT,2024-03-15,4063.9,3945.29,3576.26
TRENT,2024-03-18,4071.05,3946.48,3596.37
TRENT,2024-03-19,3955.65,3942.97,3614.59
TRENT,2024-03-20,3965.05,3946.49,3631.59
TRENT,2024-03-21,4001.85,3948.88,3648.15
TRENT,2024-03-22,3948.6,3952.02,3663.61
TRENT,2024-03-26,3881.75,3953.88,3677.0
TRENT,2024-03-27,3875.2,3950.76,3690.64
TRENT,2024-03-28,3948.0,3951.92,3706.28
TRENT,2024-04-01,3886.8,3952.17,3721.05
TRENT,2024-04-02,3891.9,3951.71,3735.86
TRENT,2024-04-03,3922.85,3952.37,3750.11
TRENT,2024-04-04,4003.2,3956.54,3766.32
TRENT,2024-04-05,3932.6,3960.55,3781.69
TRENT,2024-04-08,3931.85,3963.55,3795.88
TRENT,2024-04-09,3902.35,3961.05,3809.29
TRENT,2024-04-10,4021.15,3961.88,3824.78
TRENT,2024-04-12,4053.85,3964.14,3844.76
TRENT,2024-04-15,3969.2,3965.39,3862.4
TRENT,2024-04-16,3988.2,3960.75,3880.11
TRENT,2024-04-18,4087.1,3961.91,3899.33
TRENT,2024-04-19,4158.95,3966.3,3921.97
TRENT,2024-04-22,4168.6,3976.95,3944.64
TRENT,2024-04-23,4158.3,3986.62,3955.66
TRENT,2024-04-24,4221.75,3997.61,3963.25
TRENT,2024-04-25,4323.15,4016.34,3974.53
TRENT,2024-04-26,4304.85,4037.49,3984.58
TRENT,2024-04-29,4314.1,4059.44,3993.84
TRENT,2024-04-30,4409.9,4082.53,4003.62
TRENT,2024-05-02,4646.7,4120.53,4017.5
TRENT,2024-05-03,4523.65,4152.12,4027.48
TRENT,2024-05-06,4509.05,4181.42,4036.72
TRENT,2024-05-07,4503.95,4206.46,4046.28
TRENT,2024-05-08,4498.6,4234.76,4058.36
TRENT,2024-05-09,4407.95,4258.57,4067.43
TRENT,2024-05-10,4471.4,4287.02,4079.15
TRENT,2024-05-13,4465.7,4309.25,4091.57
TRENT,2024-05-14,4540.35,4333.57,4103.62
TRENT,2024-05-15,4527.0,4361.46,4115.67
TRENT,2024-05-16,4596.65,4391.88,4129.97
TRENT,2024-05-17,4634.55,4419.26,4144.63
TRENT,2024-05-18,4643.0,4443.46,4159.3
TRENT,2024-05-21,4667.3,4468.39,4174.25
TRENT,2024-05-22,4646.95,4492.83,4190.14
TRENT,2024-05-23,4698.55,4516.67,4206.67
TRENT,2024-05-24,4715.4,4536.28,4221.94
TRENT,2024-05-27,4682.0,4555.14,4235.48
TRENT,2024-05-28,4615.9,4570.23,4247.63
TRENT,2024-05-29,4672.05,4583.34,4262.19
TRENT,2024-05-30,4651.35,4583.57,4273.6
TRENT,2024-05-31,4559.15,4585.34,4283.5
TRENT,2024-06-03,4662.2,4593.0,4295.32
TRENT,2024-06-04,4538.15,4594.71,4306.97
TRENT,2024-06-05,4903.8,4614.97,4325.75
TRENT,2024-06-06,4878.45,4638.5,4343.28
TRENT,2024-06-07,4964.6,4663.16,4363.6
TRENT,2024-06-10,4969.45,4688.34,4385.35
TRENT,2024-06-11,4906.6,4706.66,4405.98
TRENT,2024-06-12,5028.05,4731.71,4427.58
TRENT,2024-06-13,5023.85,4753.07,4450.32
TRENT,2024-06-14,5245.55,4783.62,4477.4
TRENT,2024-06-18,5357.6,4819.35,4506.09
TRENT,2024-06-19,5356.8,4853.82,4533.16
TRENT,2024-06-20,5337.15,4888.33,4561.26
TRENT,2024-06-21,5266.35,4916.72,4587.94
TRENT,2024-06-24,5395.75,4950.74,4617.81
TRENT,2024-06-25,5338.8,4983.58,4644.17
TRENT,2024-06-26,5363.8,5020.98,4670.36
TRENT,2024-06-27,5329.0,5053.82,4697.56
TRENT,2024-06-28,5479.85,5095.25,4727.39
TRENT,2024-07-01,5515.65,5143.07,4755.96
TRENT,2024-07-02,5535.9,5186.76,4783.5
TRENT,2024-07-03,5494.1,5234.55,4810.01
TRENT,2024-07-04,5597.45,5269.24,4838.8
TRENT,2024-07-05,5619.9,5306.31,4866.76
TRENT,2024-07-08,5594.25,5337.79,4892.18
TRENT,2024-07-09,5592.85,5368.96,4917.94
TRENT,2024-07-10,5568.0,5402.03,4943.02
TRENT,2024-07-11,5635.25,5432.39,4967.53
TRENT,2024-07-12,5651.25,5463.76,4987.62
TRENT,2024-07-15,5675.55,5485.26,5010.66
TRENT,2024-07-16,5647.3,5499.75,5033.42
TRENT,2024-07-18,5308.5,5497.33,5049.51
TRENT,2024-07-19,5166.35,5488.79,5062.87
TRENT,2024-07-22,5210.2,5485.98,5078.91
TRENT,2024-07-23,5263.8,5479.39,5094.76
TRENT,2024-07-24,5286.85,5476.79,5111.18
TRENT,2024-07-25,5309.95,5474.1,5126.58
TRENT,2024-07-26,5393.35,5477.32,5143.9
TRENT,2024-07-29,5517.4,5479.19,5162.32
TRENT,2024-07-30,5620.5,5484.44,5182.04
TRENT,2024-07-31,5839.0,5499.59,5205.96
TRENT,2024-08-01,5770.8,5513.42,5228.03
TRENT,2024-08-02,5538.25,5510.46,5245.85
TRENT,2024-08-05,5346.9,5496.82,5258.82
TRENT,2024-08-06,5220.7,5478.14,5268.92
TRENT,2024-08-07,5472.45,5472.12,5284.73
TRENT,2024-08-08,5644.1,5475.92,5305.3
TRENT,2024-08-09,6275.35,5507.93,5337.36
TRENT,2024-08-12,6382.35,5544.48,5371.98
TRENT,2024-08-13,6381.7,5579.79,5408.44
TRENT,2024-08-14,6438.35,5619.34,5443.96
TRENT,2024-08-16,6502.4,5679.04,5483.24
TRENT,2024-08-19,6689.9,5755.21,5518.96
TRENT,2024-08-20,6793.9,5834.4,5557.27
TRENT,2024-08-21,6783.2,5910.37,5593.65
TRENT,2024-08-22,6989.8,5995.52,5634.05
TRENT,2024-08-23,6948.75,6077.46,5674.9
TRENT,2024-08-26,6925.6,6154.07,5712.85
TRENT,2024-08-27,6869.9,6221.7,5749.77
TRENT,2024-08-28,7242.1,6302.78,5789.7
TRENT,2024-08-29,7170.65,6369.36,5825.96
TRENT,2024-08-30,7158.75,6438.76,5862.0
TRENT,2024-09-02,7148.2,6519.25,5898.22
TRENT,2024-09-03,7042.8,6604.05,5933.75
TRENT,2024-09-04,7139.9,6700.01,5968.63
TRENT,2024-09-05,7167.65,6784.77,6005.21
TRENT,2024-09-06,7103.55,6857.74,6040.0
TRENT,2024-09-09,7136.65,6900.8,6076.16
TRENT,2024-09-10,7137.95,6938.59,6109.32
TRENT,2024-09-11,7148.85,6976.94,6141.98
TRENT,2024-09-12,7210.5,7015.55,6175.48
TRENT,2024-09-13,7233.15,7052.09,6210.26
TRENT,2024-09-16,7318.8,7083.53,6244.68
TRENT,2024-09-17,7403.45,7114.01,6280.35
TRENT,2024-09-18,7336.0,7141.65,6315.19
TRENT,2024-09-19,7326.15,7158.47,6349.86
TRENT,2024-09-20,7465.15,7184.29,6387.8
TRENT,2024-09-23,7623.45,7219.18,6427.56
TRENT,2024-09-24,7621.35,7256.75,6466.96
TRENT,2024-09-25,7614.9,7275.39,6505.75
TRENT,2024-09-26,7845.4,7309.13,6549.71
TRENT,2024-09-27,7833.7,7342.88,6600.22
TRENT,2024-09-30,7574.65,7364.2,6648.38
TRENT,2024-10-01,7612.7,7392.7,6696.43
TRENT,2024-10-03,7487.9,7410.09,6740.92
TRENT,2024-10-04,7353.3,7419.38,6782.24
TRENT,2024-10-07,7449.5,7436.68,6825.04
TRENT,2024-10-08,8041.95,7481.94,6878.01
TRENT,2024-10-09,8220.85,7536.08,6932.08
TRENT,2024-10-10,8028.85,7580.09,6980.24
TRENT,2024-10-11,8234.95,7631.31,7028.16
TRENT,2024-10-14,8191.85,7679.24,7076.58
TRENT,2024-10-15,8124.25,7719.52,7128.3
TRENT,2024-10-16,7805.8,7739.63,7177.48
TRENT,2024-10-17,7719.65,7758.82,7227.46
TRENT,2024-10-18,7768.05,7780.91,7273.37
TRENT,2024-10-21,7606.55,7787.98,7312.62
TRENT,2024-10-22,7497.35,7781.68,7337.06
TRENT,2024-10-23,7511.3,7776.17,7359.64
TRENT,2024-10-24,7488.0,7769.83,7381.77
TRENT,2024-10-25,7361.45,7745.63,7400.23
TRENT,2024-10-28,7307.85,7719.34,7416.34
TRENT,2024-10-29,7410.3,7711.12,7430.74
TRENT,2024-10-30,7252.45,7693.11,7439.92
TRENT,2024-10-31,7128.35,7675.13,7446.82
TRENT,2024-11-01,7149.0,7664.91,7450.0
TRENT,2024-11-04,7063.75,7645.63,7452.3
TRENT,2024-11-05,6968.35,7591.95,7453.16
TRENT,2024-11-06,6955.45,7528.68,7454.87
TRENT,2024-11-07,6505.5,7452.51,7440.14
TRENT,2024-11-08,6298.95,7355.71,7422.7
TRENT,2024-11-11,6480.7,7270.15,7409.14
TRENT,2024-11-12,6528.55,7190.37,7396.75
TRENT,2024-11-13,6498.25,7124.99,7385.86
TRENT,2024-11-14,6463.0,7062.16,7372.32
TRENT,2024-11-18,6301.65,6988.84,7355.0
TRENT,2024-11-19,6423.85,6929.7,7341.41
TRENT,2024-11-21,6460.45,6877.86,7327.88
TRENT,2024-11-22,6652.8,6834.93,7318.18
ULTRACEMCO,2023-10-03,8304.9,,
ULTRACEMCO,2023-10-04,8120.85,,
ULTRACEMCO,2023-10-05,8177.45,,
ULTRACEMCO,2023-10-06,8195.45,,
ULTRACEMCO,2023-10-09,8110.1,,
ULTRACEMCO,2023-10-10,8158.3,,
ULTRACEMCO,2023-10-11,8343.0,,
ULTRACEMCO,2023-10-12,8351.75,,
ULTRACEMCO,2023-10-13,8369.0,,
ULTRACEMCO,2023-10-16,8292.2,,
ULTRACEMCO,2023-10-17,8301.4,,
ULTRACEMCO,2023-10-18,8278.3,,
ULTRACEMCO,2023-10-19,8518.55,,
ULTRACEMCO,2023-10-20,8461.05,,
ULTRACEMCO,2023-10-23,8325.25,,
ULTRACEMCO,2023-10-25,8256.35,,
ULTRACEMCO,2023-10-26,8205.3,,
ULTRACEMCO,2023-10-27,8210.15,,
ULTRACEMCO,2023-10-30,8401.6,,
ULTRACEMCO,2023-10-31,8422.25,8290.16,
ULTRACEMCO,2023-11-01,8381.45,8293.99,
ULTRACEMCO,2023-11-02,8459.0,8310.9,
ULTRACEMCO,2023-11-03,8522.6,8328.15,
ULTRACEMCO,2023-11-06,8640.95,8350.43,
ULTRACEMCO,2023-11-07,8685.75,8379.21,
ULTRACEMCO,2023-11-08,8698.85,8406.24,
ULTRACEMCO,2023-11-09,8627.05,8420.44,
ULTRACEMCO,2023-11-10,8710.85,8438.4,
ULTRACEMCO,2023-11-12,8711.1,8455.5,
ULTRACEMCO,2023-11-13,8677.4,8474.76,
ULTRACEMCO,2023-11-15,8766.9,8498.04,
ULTRACEMCO,2023-11-16,8775.05,8522.87,
ULTRACEMCO,2023-11-17,8790.95,8536.49,
ULTRACEMCO,2023-11-20,8661.5,8546.52,
ULTRACEMCO,2023-11-21,8708.35,8565.67,
ULTRACEMCO,2023-11-22,8759.9,8590.85,
ULTRACEMCO,2023-11-23,8605.25,8610.84,
ULTRACEMCO,2023-11-24,8556.2,8628.15,
ULTRACEMCO,2023-11-28,8726.5,8644.39,
ULTRACEMCO,2023-11-29,8732.75,8659.92,
ULTRACEMCO,2023-11-30,9003.65,8691.03,
ULTRACEMCO,2023-12-01,9033.85,8719.77,
ULTRACEMCO,2023-12-04,9317.75,8759.53,
ULTRACEMCO,2023-12-05,9329.75,8793.97,
ULTRACEMCO,2023-12-06,9213.0,8820.33,
ULTRACEMCO,2023-12-07,9354.55,8853.12,
ULTRACEMCO,2023-12-08,9413.55,8892.44,
ULTRACEMCO,2023-12-11,9670.9,8940.44,
ULTRACEMCO,2023-12-12,9863.5,8998.06,
ULTRACEMCO,2023-12-13,9739.15,9051.15,8658.82
ULTRACEMCO,2023-12-14,9963.3,9110.97,8691.99
ULTRACEMCO,2023-12-15,10029.5,9173.69,8730.17
ULTRACEMCO,2023-12-18,9970.35,9232.66,8766.02
ULTRACEMCO,2023-12-19,10017.1,9300.44,8802.46
ULTRACEMCO,2023-12-20,9887.45,9359.4,8838.0
ULTRACEMCO,2023-12-21,9954.45,9419.12,8873.93
ULTRACEMCO,2023-12-22,9969.0,9487.31,8906.45
ULTRACEMCO,2023-12-26,10018.7,9560.44,8939.78
ULTRACEMCO,2023-12-27,10436.1,9645.92,8981.13
ULTRACEMCO,2023-12-28,10426.3,9730.59,9023.81
ULTRACEMCO,2023-12-29,10503.0,9805.56,9067.84
ULTRACEMCO,2024-01-01,10464.0,9877.07,9111.56
ULTRACEMCO,2024-01-02,10204.7,9921.42,9145.28
ULTRACEMCO,2024-01-03,10111.5,9960.5,9178.29
ULTRACEMCO,2024-01-04,10014.8,10000.59,9212.08
ULTRACEMCO,2024-01-05,10016.0,10033.67,9247.27
ULTRACEMCO,2024-01-08,9934.5,10059.72,9281.86
ULTRACEMCO,2024-01-09,9899.1,10071.12,9315.63
ULTRACEMCO,2024-01-10,9776.2,10066.76,9343.13
ULTRACEMCO,2024-01-11,9920.45,10075.83,9373.09
ULTRACEMCO,2024-01-12,9808.45,10068.08,9401.63
ULTRACEMCO,2024-01-15,9954.55,10064.34,9431.54
ULTRACEMCO,2024-01-16,9969.6,10064.3,9460.48
ULTRACEMCO,2024-01-17,9854.65,10056.17,9484.75
ULTRACEMCO,2024-01-18,9892.25,10056.42,9508.88
ULTRACEMCO,2024-01-19,10093.7,10063.38,9536.78
ULTRACEMCO,2024-01-20,9997.4,10064.8,9564.19
ULTRACEMCO,2024-01-23,9831.0,10055.41,9586.59
ULTRACEMCO,2024-01-24,9990.5,10033.13,9612.18
ULTRACEMCO,2024-01-25,9969.35,10010.28,9638.02
ULTRACEMCO,2024-01-29,10274.0,9998.83,9668.16
ULTRACEMCO,2024-01-30,9963.6,9973.81,9691.93
ULTRACEMCO,2024-01-31,10167.3,9971.95,9719.46
ULTRACEMCO,2024-02-01,9922.3,9962.48,9744.67
ULTRACEMCO,2024-02-02,10098.5,9966.67,9772.48
ULTRACEMCO,2024-02-05,9916.35,9961.69,9795.61
ULTRACEMCO,2024-02-06,10048.8,9967.4,9824.48
ULTRACEMCO,2024-02-07,10226.5,9983.77,9857.88
ULTRACEMCO,2024-02-08,9997.65,9994.84,9883.31
ULTRACEMCO,2024-02-09,9945.75,9996.11,9907.57
ULTRACEMCO,2024-02-12,9963.85,10003.88,9926.77
ULTRACEMCO,2024-02-13,9852.4,9998.77,9943.14
ULTRACEMCO,2024-02-14,9787.8,9989.68,9952.54
ULTRACEMCO,2024-02-15,9814.3,9987.66,9962.23
ULTRACEMCO,2024-02-16,9916.2,9988.86,9976.3
ULTRACEMCO,2024-02-19,9902.2,9979.29,9987.25
ULTRACEMCO,2024-02-20,9978.95,9978.36,9998.56
ULTRACEMCO,2024-02-21,9968.4,9985.23,10004.51
ULTRACEMCO,2024-02-22,9961.2,9983.77,10006.46
ULTRACEMCO,2024-02-23,10000.9,9985.35,10011.7
ULTRACEMCO,2024-02-26,9930.05,9968.15,10011.03
ULTRACEMCO,2024-02-27,9951.1,9967.52,10009.46
ULTRACEMCO,2024-02-28,9804.95,9949.41,10006.16
ULTRACEMCO,2024-02-29,9892.4,9947.91,10003.66
ULTRACEMCO,2024-03-01,10135.5,9949.76,10008.62
ULTRACEMCO,2024-03-02,10106.35,9959.26,10011.66
ULTRACEMCO,2024-03-04,9978.4,9955.74,10011.85
ULTRACEMCO,2024-03-05,9838.35,9936.34,10008.24
ULTRACEMCO,2024-03-06,9641.05,9918.51,9992.34
ULTRACEMCO,2024-03-07,9673.15,9904.88,9977.28
ULTRACEMCO,2024-03-11,9697.9,9891.58,9961.18
ULTRACEMCO,2024-03-12,9615.5,9879.73,9944.21
ULTRACEMCO,2024-03-13,9593.55,9870.02,9931.98
ULTRACEMCO,2024-03-14,9696.95,9864.15,9923.69
ULTRACEMCO,2024-03-15,9632.95,9849.99,9916.06
ULTRACEMCO,2024-03-18,9611.35,9835.45,9907.96
ULTRACEMCO,2024-03-19,9453.25,9809.16,9898.34
ULTRACEMCO,2024-03-20,9484.55,9784.97,9890.05
ULTRACEMCO,2024-03-21,9600.75,9766.95,9886.54
ULTRACEMCO,2024-03-22,9681.75,9750.99,9881.76
ULTRACEMCO,2024-03-26,9600.7,9734.52,9877.61
ULTRACEMCO,2024-03-27,9623.45,9718.14,9870.99
ULTRACEMCO,2024-03-28,9749.15,9715.35,9866.58
ULTRACEMCO,2024-04-01,9954.4,9718.45,9868.57
ULTRACEMCO,2024-04-02,10038.15,9713.58,9871.49
ULTRACEMCO,2024-04-03,10001.9,9708.36,9869.66
ULTRACEMCO,2024-04-04,10005.1,9709.7,9869.81
ULTRACEMCO,2024-04-05,9823.6,9708.96,9869.66
ULTRACEMCO,2024-04-08,9863.75,9720.09,9867.13
ULTRACEMCO,2024-04-09,9769.15,9724.89,9863.12
ULTRACEMCO,2024-04-10,9817.85,9730.89,9854.0
ULTRACEMCO,2024-04-12,9652.55,9732.74,9847.78
ULTRACEMCO,2024-04-15,9506.25,9728.38,9834.56
ULTRACEMCO,2024-04-16,9463.8,9716.72,9825.39
ULTRACEMCO,2024-04-18,9382.75,9704.21,9811.07
ULTRACEMCO,2024-04-19,9363.95,9691.84,9800.02
ULTRACEMCO,2024-04-22,9565.25,9697.44,9790.35
ULTRACEMCO,2024-04-23,9533.55,9699.89,9776.49
ULTRACEMCO,2024-04-24,9658.85,9702.8,9769.72
ULTRACEMCO,2024-04-25,9683.75,9702.9,9764.48
ULTRACEMCO,2024-04-26,9700.9,9707.91,9759.22
ULTRACEMCO,2024-04-29,9964.45,9724.95,9761.46
ULTRACEMCO,2024-04-30,9971.85,9736.09,9765.14
ULTRACEMCO,2024-05-02,9983.45,9737.54,9768.52
ULTRACEMCO,2024-05-03,9816.3,9726.45,9766.53
ULTRACEMCO,2024-05-06,9776.9,9715.2,9764.02
ULTRACEMCO,2024-05-07,9682.4,9699.06,9758.09
ULTRACEMCO,2024-05-08,9519.4,9683.86,9749.11
ULTRACEMCO,2024-05-09,9446.1,9662.97,9738.81
ULTRACEMCO,2024-05-10,9491.7,9649.1,9728.62
ULTRACEMCO,2024-05-13,9551.5,9635.78,9721.05
ULTRACEMCO,2024-05-14,9660.65,9636.19,9715.24
ULTRACEMCO,2024-05-15,9614.1,9641.58,9711.43
ULTRACEMCO,2024-05-16,9709.1,9653.84,9707.76
ULTRACEMCO,2024-05-17,9890.35,9679.22,9702.86
ULTRACEMCO,2024-05-18,9865.6,9704.31,9698.04
ULTRACEMCO,2024-05-21,9789.4,9715.52,9694.26
ULTRACEMCO,2024-05-22,9894.85,9733.58,9695.39
ULTRACEMCO,2024-05-23,10170.55,9759.16,9705.98
ULTRACEMCO,2024-05-24,10231.1,9786.53,9717.14
ULTRACEMCO,2024-05-27,10225.5,9812.76,9727.69
ULTRACEMCO,2024-05-28,10178.9,9823.48,9738.96
ULTRACEMCO,2024-05-29,10023.4,9826.06,9747.56
ULTRACEMCO,2024-05-30,9868.85,9820.33,9751.0
ULTRACEMCO,2024-05-31,9915.5,9825.29,9756.65
ULTRACEMCO,2024-06-03,10470.05,9859.95,9773.82
ULTRACEMCO,2024-06-04,9918.3,9871.74,9783.12
ULTRACEMCO,2024-06-05,10038.1,9897.68,9794.19
ULTRACEMCO,2024-06-06,10054.95,9928.12,9803.28
ULTRACEMCO,2024-06-07,10463.15,9976.7,9818.91
ULTRACEMCO,2024-06-10,10826.25,10040.43,9843.42
ULTRACEMCO,2024-06-11,10933.55,10104.08,9869.62
ULTRACEMCO,2024-06-12,11044.8,10175.61,9895.53
ULTRACEMCO,2024-06-13,11173.8,10248.85,9919.92
ULTRACEMCO,2024-06-14,11242.8,10316.47,9944.01
ULTRACEMCO,2024-06-18,11119.05,10379.14,9966.36
ULTRACEMCO,2024-06-19,10995.55,10439.45,9986.16
ULTRACEMCO,2024-06-20,10903.2,10489.87,10007.76
ULTRACEMCO,2024-06-21,10662.4,10514.46,10023.73
ULTRACEMCO,2024-06-24,10786.0,10542.2,10044.07
ULTRACEMCO,2024-06-25,10846.2,10573.24,10064.63
ULTRACEMCO,2024-06-26,11143.1,10621.45,10094.44
ULTRACEMCO,2024-06-27,11716.7,10706.12,10138.65
ULTRACEMCO,2024-06-28,11667.9,10796.07,10182.74
ULTRACEMCO,2024-07-01,11904.65,10895.52,10233.17
ULTRACEMCO,2024-07-02,11853.95,10964.72,10282.97
ULTRACEMCO,2024-07-03,11872.1,11062.41,10329.11
ULTRACEMCO,2024-07-04,11760.05,11148.51,10373.64
ULTRACEMCO,2024-07-05,11690.15,11230.27,10414.27
ULTRACEMCO,2024-07-08,11582.9,11286.26,10452.25
ULTRACEMCO,2024-07-09,11679.8,11328.93,10491.83
ULTRACEMCO,2024-07-10,11634.25,11363.97,10525.22
ULTRACEMCO,2024-07-11,11554.95,11389.48,10556.88
ULTRACEMCO,2024-07-12,11602.3,11410.9,10589.26
ULTRACEMCO,2024-07-15,11833.65,11440.44,10629.61
ULTRACEMCO,2024-07-16,11658.7,11467.42,10667.24
ULTRACEMCO,2024-07-18,11647.25,11500.01,10706.54
ULTRACEMCO,2024-07-19,11258.3,11517.77,10741.32
ULTRACEMCO,2024-07-22,11515.7,11560.43,10782.71
ULTRACEMCO,2024-07-23,11545.8,11598.42,10823.79
ULTRACEMCO,2024-07-24,11453.4,11628.78,10861.83
ULTRACEMCO,2024-07-25,11441.5,11643.7,10897.45
ULTRACEMCO,2024-07-26,11673.05,11641.52,10938.63
ULTRACEMCO,2024-07-29,11873.8,11651.81,10981.92
ULTRACEMCO,2024-07-30,11806.45,11646.9,11020.24
ULTRACEMCO,2024-07-31,11887.2,11648.56,11060.68
ULTRACEMCO,2024-08-01,11984.5,11654.19,11104.58
ULTRACEMCO,2024-08-02,11764.5,11654.41,11141.97
ULTRACEMCO,2024-08-05,11417.25,11640.76,11166.9
ULTRACEMCO,2024-08-06,11325.3,11627.88,11188.79
ULTRACEMCO,2024-08-07,11543.2,11621.05,11215.14
ULTRACEMCO,2024-08-08,11258.0,11602.24,11236.72
ULTRACEMCO,2024-08-09,11300.35,11589.51,11262.26
ULTRACEMCO,2024-08-12,11302.85,11574.54,11290.94
ULTRACEMCO,2024-08-13,11271.2,11546.42,11318.06
ULTRACEMCO,2024-08-14,11002.6,11513.61,11328.71
ULTRACEMCO,2024-08-16,11295.7,11496.03,11356.26
ULTRACEMCO,2024-08-19,11315.35,11498.88,11381.8
ULTRACEMCO,2024-08-20,11349.7,11490.58,11407.7
ULTRACEMCO,2024-08-21,11200.9,11473.34,11422.45
ULTRACEMCO,2024-08-22,11309.4,11466.14,11432.12
ULTRACEMCO,2024-08-23,11341.8,11461.16,11440.28
ULTRACEMCO,2024-08-26,11337.1,11444.36,11446.13
ULTRACEMCO,2024-08-27,11300.35,11415.68,11448.66
ULTRACEMCO,2024-08-28,11234.8,11387.1,11448.5
ULTRACEMCO,2024-08-29,11222.0,11353.84,11450.56
ULTRACEMCO,2024-08-30,11301.9,11319.71,11456.68
ULTRACEMCO,2024-09-02,11424.9,11302.73,11467.12
ULTRACEMCO,2024-09-03,11460.8,11304.91,11483.08
ULTRACEMCO,2024-09-04,11580.45,11317.67,11498.97
ULTRACEMCO,2024-09-05,11542.65,11317.64,11512.9
ULTRACEMCO,2024-09-06,11432.85,11326.38,11518.7
ULTRACEMCO,2024-09-09,11494.35,11336.08,11514.25
ULTRACEMCO,2024-09-10,11541.05,11347.99,11511.71
ULTRACEMCO,2024-09-11,11487.45,11358.8,11503.37
ULTRACEMCO,2024-09-12,11710.25,11394.19,11500.5
ULTRACEMCO,2024-09-13,11717.95,11415.3,11497.41
ULTRACEMCO,2024-09-16,11642.65,11431.66,11495.06
ULTRACEMCO,2024-09-17,11645.65,11446.46,11494.18
ULTRACEMCO,2024-09-18,11630.9,11467.96,11495.14
ULTRACEMCO,2024-09-19,11627.5,11483.87,11494.09
ULTRACEMCO,2024-09-20,11798.3,11506.69,11497.37
ULTRACEMCO,2024-09-23,11962.05,11537.94,11505.51
ULTRACEMCO,2024-09-24,11761.65,11561.0,11508.7
ULTRACEMCO,2024-09-25,11816.3,11590.08,11508.35
ULTRACEMCO,2024-09-26,12065.0,11632.23,11516.48
ULTRACEMCO,2024-09-27,11952.3,11664.75,11522.58
ULTRACEMCO,2024-09-30,11802.0,11683.6,11533.45
ULTRACEMCO,2024-10-01,11837.15,11702.42,11539.88
ULTRACEMCO,2024-10-03,11724.8,11709.64,11543.46
ULTRACEMCO,2024-10-04,11450.25,11705.02,11543.4
ULTRACEMCO,2024-10-07,11230.35,11694.9,11539.18
ULTRACEMCO,2024-10-08,11389.8,11689.67,11533.51
ULTRACEMCO,2024-10-09,11350.15,11680.12,11523.04
ULTRACEMCO,2024-10-10,11430.05,11677.25,11515.51
ULTRACEMCO,2024-10-11,11421.3,11662.8,11506.19
ULTRACEMCO,2024-10-14,11300.3,11641.92,11492.51
ULTRACEMCO,2024-10-15,11416.9,11630.63,11485.56
ULTRACEMCO,2024-10-16,11322.3,11614.47,11483.66
ULTRACEMCO,2024-10-17,11017.3,11583.79,11477.5
ULTRACEMCO,2024-10-18,11069.3,11555.88,11468.02
ULTRACEMCO,2024-10-21,10869.3,11509.43,11460.24
ULTRACEMCO,2024-10-22,10825.15,11452.58,11450.74
ULTRACEMCO,2024-10-23,10753.05,11402.15,11439.74
ULTRACEMCO,2024-10-24,11043.6,11363.52,11435.19
ULTRACEMCO,2024-10-25,10995.2,11310.03,11435.04
ULTRACEMCO,2024-10-28,11092.6,11267.04,11430.98
ULTRACEMCO,2024-10-29,11112.1,11232.55,11426.92
ULTRACEMCO,2024-10-30,11205.1,11200.94,11424.03
ULTRACEMCO,2024-10-31,11065.65,11167.99,11421.32
ULTRACEMCO,2024-11-01,11145.8,11152.76,11418.05
ULTRACEMCO,2024-11-04,11001.85,11141.34,11411.25
ULTRACEMCO,2024-11-05,11176.35,11130.67,11408.04
ULTRACEMCO,2024-11-06,11274.4,11126.88,11407.52
ULTRACEMCO,2024-11-07,11050.8,11107.92,11403.84
ULTRACEMCO,2024-11-08,11043.35,11089.02,11400.26
ULTRACEMCO,2024-11-11,10970.45,11072.53,11393.63
ULTRACEMCO,2024-11-12,10892.0,11046.28,11382.98
ULTRACEMCO,2024-11-13,10782.2,11019.28,11369.4
ULTRACEMCO,2024-11-14,10728.5,11004.84,11352.36
ULTRACEMCO,2024-11-18,10630.9,10982.92,11334.13
ULTRACEMCO,2024-11-19,10769.55,10977.93,11320.86
ULTRACEMCO,2024-11-21,10954.85,10984.42,11310.07
ULTRACEMCO,2024-11-22,11375.3,11015.53,11306.76
WIPRO,2023-10-03,405.45,,
WIPRO,2023-10-04,404.9,,
WIPRO,2023-10-05,406.8,,
WIPRO,2023-10-06,407.85,,
WIPRO,2023-10-09,405.6,,
WIPRO,2023-10-10,407.75,,
WIPRO,2023-10-11,421.15,,
WIPRO,2023-10-12,417.1,,
WIPRO,2023-10-13,411.05,,
WIPRO,2023-10-16,410.2,,
WIPRO,2023-10-17,411.4,,
WIPRO,2023-10-18,407.45,,
WIPRO,2023-10-19,395.3,,
WIPRO,2023-10-20,391.85,,
WIPRO,2023-10-23,383.15,,
WIPRO,2023-10-25,381.85,,
WIPRO,2023-10-26,378.25,,
WIPRO,2023-10-27,382.35,,
WIPRO,2023-10-30,382.0,,
WIPRO,2023-10-31,381.8,399.66,
WIPRO,2023-11-01,380.95,398.44,
WIPRO,2023-11-02,383.65,397.38,
WIPRO,2023-11-03,383.55,396.21,
WIPRO,2023-11-06,384.65,395.05,
WIPRO,2023-11-07,383.3,393.94,
WIPRO,2023-11-08,382.2,392.66,
WIPRO,2023-11-09,380.85,390.64,
WIPRO,2023-11-10,379.3,388.76,
WIPRO,2023-11-12,382.45,387.32,
WIPRO,2023-11-13,381.65,385.9,
WIPRO,2023-11-15,391.65,384.91,
WIPRO,2023-11-16,397.1,384.39,
WIPRO,2023-11-17,395.4,384.4,
WIPRO,2023-11-20,400.2,384.81,
WIPRO,2023-11-21,400.65,385.69,
WIPRO,2023-11-22,400.25,386.61,
WIPRO,2023-11-23,402.5,387.82,
WIPRO,2023-11-24,396.0,388.5,
WIPRO,2023-11-28,396.85,389.25,
WIPRO,2023-11-29,406.25,390.47,
WIPRO,2023-11-30,413.05,392.08,
WIPRO,2023-12-01,407.65,393.28,
WIPRO,2023-12-04,407.45,394.47,
WIPRO,2023-12-05,404.35,395.46,
WIPRO,2023-12-06,418.75,397.23,
WIPRO,2023-12-07,418.25,399.03,
WIPRO,2023-12-08,422.6,401.12,
WIPRO,2023-12-11,420.6,403.18,
WIPRO,2023-12-12,422.2,405.17,
WIPRO,2023-12-13,419.65,407.07,399.14
WIPRO,2023-12-14,434.4,409.21,399.72
WIPRO,2023-12-15,446.55,411.68,400.56
WIPRO,2023-12-18,445.25,414.17,401.32
WIPRO,2023-12-19,438.7,416.1,401.94
WIPRO,2023-12-20,431.95,417.66,402.47
WIPRO,2023-12-21,434.0,419.35,402.99
WIPRO,2023-12-22,462.65,422.36,403.82
WIPRO,2023-12-26,470.1,426.06,404.88
WIPRO,2023-12-27,470.95,429.77,406.08
WIPRO,2023-12-28,469.45,432.93,407.27
WIPRO,2023-12-29,471.3,435.84,408.46
WIPRO,2024-01-01,477.15,439.31,409.86
WIPRO,2024-01-02,469.2,442.4,411.34
WIPRO,2024-01-03,455.9,444.98,412.62
WIPRO,2024-01-04,452.4,446.66,414.0
WIPRO,2024-01-05,456.6,448.58,415.5
WIPRO,2024-01-08,450.35,449.97,416.94
WIPRO,2024-01-09,450.75,451.48,418.31
WIPRO,2024-01-10,453.6,453.05,419.74
WIPRO,2024-01-11,448.2,454.47,421.07
WIPRO,2024-01-12,465.45,456.02,422.76
WIPRO,2024-01-15,494.6,458.43,424.98
WIPRO,2024-01-16,485.0,460.42,427.01
WIPRO,2024-01-17,482.4,462.6,428.96
WIPRO,2024-01-18,482.65,465.14,430.95
WIPRO,2024-01-19,485.05,467.69,433.0
WIPRO,2024-01-20,477.95,468.45,434.95
WIPRO,2024-01-23,469.9,468.44,436.76
WIPRO,2024-01-24,478.05,468.8,438.67
WIPRO,2024-01-25,470.0,468.82,440.44
WIPRO,2024-01-29,473.0,468.91,442.06
WIPRO,2024-01-30,472.5,468.68,443.57
WIPRO,2024-01-31,478.15,469.12,445.23
WIPRO,2024-02-01,471.35,469.9,446.65
WIPRO,2024-02-02,483.15,471.44,448.3
WIPRO,2024-02-05,482.35,472.72,449.94
WIPRO,2024-02-06,499.65,475.19,451.89
WIPRO,2024-02-07,495.2,477.41,453.87
WIPRO,2024-02-08,488.85,479.17,455.71
WIPRO,2024-02-09,490.45,481.28,457.39
WIPRO,2024-02-12,501.45,483.08,459.16
WIPRO,2024-02-13,511.6,483.93,461.24
WIPRO,2024-02-14,514.5,485.41,463.38
WIPRO,2024-02-15,518.5,487.22,465.66
WIPRO,2024-02-16,543.0,490.23,468.15
WIPRO,2024-02-19,535.95,492.78,470.5
WIPRO,2024-02-20,531.95,495.48,472.69
WIPRO,2024-02-21,521.4,498.05,474.71
WIPRO,2024-02-22,531.05,500.7,476.88
WIPRO,2024-02-23,536.15,504.01,479.21
WIPRO,2024-02-26,532.9,507.0,481.18
WIPRO,2024-02-27,531.45,509.95,482.88
WIPRO,2024-02-28,517.7,511.93,484.33
WIPRO,2024-02-29,518.6,514.29,485.93
WIPRO,2024-03-01,519.1,516.09,487.67
WIPRO,2024-03-02,522.85,518.12,489.45
WIPRO,2024-03-04,520.5,519.16,490.61
WIPRO,2024-03-05,513.3,520.06,491.47
WIPRO,2024-03-06,513.15,521.28,492.31
WIPRO,2024-03-07,515.5,522.53,493.24
WIPRO,2024-03-11,514.55,523.19,494.1
WIPRO,2024-03-12,510.85,523.15,494.77
WIPRO,2024-03-13,504.4,522.64,495.48
WIPRO,2024-03-14,517.95,522.62,496.72
WIPRO,2024-03-15,517.0,521.32,498.01
WIPRO,2024-03-18,510.2,520.03,499.08
WIPRO,2024-03-19,494.85,518.17,499.97
WIPRO,2024-03-20,493.5,516.78,500.83
WIPRO,2024-03-21,500.45,515.25,501.76
WIPRO,2024-03-22,487.1,512.79,502.54
WIPRO,2024-03-26,479.85,510.14,502.83
WIPRO,2024-03-27,472.3,507.19,502.38
WIPRO,2024-03-28,480.1,505.3,502.29
WIPRO,2024-04-01,484.95,503.62,502.34
WIPRO,2024-04-02,481.2,501.73,502.31
WIPRO,2024-04-03,483.2,499.74,502.27
WIPRO,2024-04-04,487.4,498.09,502.46
WIPRO,2024-04-05,485.05,496.68,502.76
WIPRO,2024-04-08,479.9,495.02,502.8
WIPRO,2024-04-09,475.8,493.03,502.92
WIPRO,2024-04-10,477.3,491.17,503.0
WIPRO,2024-04-12,470.75,489.16,502.97
WIPRO,2024-04-15,459.35,486.91,502.59
WIPRO,2024-04-16,448.35,483.43,502.13
WIPRO,2024-04-18,444.35,479.8,501.36
WIPRO,2024-04-19,452.75,476.92,500.76
WIPRO,2024-04-22,462.0,475.28,500.01
WIPRO,2024-04-23,462.1,473.71,499.35
WIPRO,2024-04-24,459.9,471.68,498.77
WIPRO,2024-04-25,461.0,470.38,498.18
WIPRO,2024-04-26,464.6,469.62,497.44
WIPRO,2024-04-29,462.95,469.15,496.47
WIPRO,2024-04-30,462.4,468.27,495.43
WIPRO,2024-05-02,457.4,466.89,494.21
WIPRO,2024-05-03,457.35,465.7,492.49
WIPRO,2024-05-06,458.65,464.47,490.95
WIPRO,2024-05-07,463.9,463.29,489.59
WIPRO,2024-05-08,463.2,462.2,488.42
WIPRO,2024-05-09,455.9,461.0,486.92
WIPRO,2024-05-10,451.85,459.8,485.23
WIPRO,2024-05-13,451.95,458.54,483.62
WIPRO,2024-05-14,456.35,457.81,482.11
WIPRO,2024-05-15,458.3,457.76,480.92
WIPRO,2024-05-16,464.45,458.57,479.84
WIPRO,2024-05-17,461.0,459.4,478.68
WIPRO,2024-05-18,462.55,459.89,477.47
WIPRO,2024-05-21,460.9,459.84,476.28
WIPRO,2024-05-22,461.3,459.79,475.24
WIPRO,2024-05-23,465.8,460.09,474.3
WIPRO,2024-05-24,463.65,460.22,473.26
WIPRO,2024-05-27,452.45,459.61,472.02
WIPRO,2024-05-28,456.05,459.27,470.92
WIPRO,2024-05-29,450.8,458.69,469.85
WIPRO,2024-05-30,436.95,457.67,468.23
WIPRO,2024-05-31,438.2,456.71,466.65
WIPRO,2024-06-03,444.1,455.98,465.33
WIPRO,2024-06-04,438.15,454.7,464.2
WIPRO,2024-06-05,451.5,454.11,463.36
WIPRO,2024-06-06,461.0,454.36,462.57
WIPRO,2024-06-07,484.55,456.0,462.52
WIPRO,2024-06-10,475.25,457.17,462.42
WIPRO,2024-06-11,476.05,458.15,462.5
WIPRO,2024-06-12,476.9,459.08,462.44
WIPRO,2024-06-13,482.6,459.99,462.39
WIPRO,2024-06-14,477.5,460.81,462.31
WIPRO,2024-06-18,491.85,462.28,462.49
WIPRO,2024-06-19,495.75,464.02,462.65
WIPRO,2024-06-20,490.4,465.48,462.76
WIPRO,2024-06-21,490.55,466.71,462.97
WIPRO,2024-06-24,490.55,468.06,463.27
WIPRO,2024-06-25,496.85,470.28,463.66
WIPRO,2024-06-26,495.2,472.23,464.15
WIPRO,2024-06-27,510.8,475.24,465.18
WIPRO,2024-06-28,514.85,479.13,466.51
WIPRO,2024-07-01,527.35,483.59,468.17
WIPRO,2024-07-02,538.2,488.29,469.88
WIPRO,2024-07-03,539.0,493.34,471.42
WIPRO,2024-07-04,530.7,497.3,472.79
WIPRO,2024-07-05,535.1,501.0,474.29
WIPRO,2024-07-08,541.2,503.83,475.9
WIPRO,2024-07-09,541.0,507.12,477.42
WIPRO,2024-07-10,535.55,510.1,478.88
WIPRO,2024-07-11,534.1,512.96,480.31
WIPRO,2024-07-12,560.15,516.83,482.37
WIPRO,2024-07-15,559.7,520.94,484.41
WIPRO,2024-07-16,559.7,524.34,486.43
WIPRO,2024-07-18,573.2,528.21,488.62
WIPRO,2024-07-19,557.2,531.55,490.5
WIPRO,2024-07-22,505.8,532.31,491.5
WIPRO,2024-07-23,500.55,532.81,492.47
WIPRO,2024-07-24,500.1,532.97,493.44
WIPRO,2024-07-25,506.85,533.56,494.44
WIPRO,2024-07-26,524.8,534.26,495.78
WIPRO,2024-07-29,524.4,534.73,496.97
WIPRO,2024-07-30,521.5,534.44,498.18
WIPRO,2024-07-31,522.0,533.63,499.37
WIPRO,2024-08-01,521.55,532.76,500.59
WIPRO,2024-08-02,502.15,531.33,501.4
WIPRO,2024-08-05,485.0,528.83,501.79
WIPRO,2024-08-06,489.5,526.24,502.3
WIPRO,2024-08-07,497.4,524.06,503.2
WIPRO,2024-08-08,487.3,521.65,503.83
WIPRO,2024-08-09,491.3,519.51,504.64
WIPRO,2024-08-12,489.05,515.95,505.68
WIPRO,2024-08-13,490.5,512.49,506.73
WIPRO,2024-08-14,495.15,509.26,507.75
WIPRO,2024-08-16,516.25,506.42,509.31
WIPRO,2024-08-19,519.75,504.54,510.67
WIPRO,2024-08-20,524.65,505.49,511.95
WIPRO,2024-08-21,526.35,506.78,512.78
WIPRO,2024-08-22,519.0,507.72,513.66
WIPRO,2024-08-23,512.4,508.0,514.38
WIPRO,2024-08-26,520.0,507.76,515.25
WIPRO,2024-08-27,517.15,507.4,515.94
WIPRO,2024-08-28,534.6,508.05,517.08
WIPRO,2024-08-29,538.7,508.89,518.02
WIPRO,2024-08-30,538.4,509.73,518.87
WIPRO,2024-09-02,532.45,511.24,519.71
WIPRO,2024-09-03,536.05,513.8,520.62
WIPRO,2024-09-04,519.15,515.28,521.19
WIPRO,2024-09-05,524.85,516.65,521.75
WIPRO,2024-09-06,520.6,518.32,522.26
WIPRO,2024-09-09,514.85,519.5,522.34
WIPRO,2024-09-10,525.75,521.33,522.56
WIPRO,2024-09-11,514.35,522.52,522.3
WIPRO,2024-09-12,530.05,524.27,522.14
WIPRO,2024-09-13,550.6,525.98,522.37
WIPRO,2024-09-16,551.9,527.59,522.79
WIPRO,2024-09-17,551.9,528.96,523.13
WIPRO,2024-09-18,538.15,529.54,523.07
WIPRO,2024-09-19,533.35,530.26,522.92
WIPRO,2024-09-20,539.1,531.6,522.99
WIPRO,2024-09-23,534.9,532.34,523.0
WIPRO,2024-09-24,539.55,533.46,522.59
WIPRO,2024-09-25,536.2,533.54,522.12
WIPRO,2024-09-26,541.9,533.7,521.76
WIPRO,2024-09-27,541.8,533.87,521.14
WIPRO,2024-09-30,541.45,534.32,520.82
WIPRO,2024-10-01,546.75,534.86,521.64
WIPRO,2024-10-03,530.15,535.41,522.23
WIPRO,2024-10-04,533.55,535.84,522.9
WIPRO,2024-10-07,531.45,536.38,523.39
WIPRO,2024-10-08,526.95,536.99,523.44
WIPRO,2024-10-09,531.15,537.26,523.57
WIPRO,2024-10-10,525.0,537.79,523.64
WIPRO,2024-10-11,528.3,537.71,523.77
WIPRO,2024-10-14,549.55,537.65,524.33
WIPRO,2024-10-15,532.95,536.71,524.94
WIPRO,2024-10-16,532.15,535.72,525.89
WIPRO,2024-10-17,528.75,535.25,526.67
WIPRO,2024-10-18,548.65,536.01,527.7
WIPRO,2024-10-21,548.1,536.46,528.91
WIPRO,2024-10-22,545.45,536.99,530.0
WIPRO,2024-10-23,547.2,537.37,531.16
WIPRO,2024-10-24,546.9,537.91,532.29
WIPRO,2024-10-25,543.45,537.98,533.25
WIPRO,2024-10-28,558.6,538.83,534.1
WIPRO,2024-10-29,562.2,539.86,534.95
WIPRO,2024-10-30,565.25,540.79,535.76
WIPRO,2024-10-31,551.8,541.87,536.27
WIPRO,2024-11-01,551.35,542.76,536.92
WIPRO,2024-11-04,540.8,543.23,537.48
WIPRO,2024-11-05,543.7,544.07,537.96
WIPRO,2024-11-06,563.9,545.7,538.89
WIPRO,2024-11-07,563.4,547.62,539.47
WIPRO,2024-11-08,569.0,549.66,540.08
WIPRO,2024-11-11,573.5,550.86,540.78
WIPRO,2024-11-12,570.65,552.74,541.54
WIPRO,2024-11-13,569.0,554.58,542.2
WIPRO,2024-11-14,566.7,556.48,543.15
WIPRO,2024-11-18,552.85,556.69,543.71
WIPRO,2024-11-19,562.0,557.38,544.54
WIPRO,2024-11-21,557.15,557.97,545.38
WIPRO,2024-11-22,571.65,559.19,546.3
